query,original_name,sheet,row,source_link,people_count
余香,余香（5人）硬核还原推理情感,狐小狸剧本杀目录,2,https://pan.baidu.com/s/1eQ6Py2wkPnRts59FOuTMvQ,5
欢迎来到万事屋,欢迎来到万事屋（6人）日式治愈温情,狐小狸剧本杀目录,3,https://pan.baidu.com/s/1Yjnt3wbrw81LxhqhPMbccQ,6
黑色党徒,黑色党徒（6人）硬核推理进阶,狐小狸剧本杀目录,4,https://pan.baidu.com/s/1FfPIUcXpvAknfQiM8okQxQ,6
你好,你好（6人）开放3男3女现代情感,狐小狸剧本杀目录,5,https://pan.baidu.com/s/15zeiNCKSt1ntYPpsfuZ7Rg,6
龙傲天,龙傲天（6人）现代欢乐本格,狐小狸剧本杀目录,6,https://pan.baidu.com/s/1eVyjiUvKhs1iQJLaraVnSw,6
艺伎回忆录,艺伎回忆录（8人）日式情感阵营,狐小狸剧本杀目录,7,https://pan.baidu.com/s/1ZGzynRlzVlXyz-iYdDF7dA,8
蜕变俱乐部2,蜕变俱乐部2（7人）硬核反转推理还原,狐小狸剧本杀目录,8,https://pan.baidu.com/s/1GO9UEHPgpgkiGiPaq76yJQ,7
舍离,舍离（6人）古风仙侠情感沉浸,狐小狸剧本杀目录,9,https://pan.baidu.com/s/1IGw8QgtOSBX9F72bvFmrtw,6
得分王,得分王（5人）欢乐本格,狐小狸剧本杀目录,10,https://pan.baidu.com/s/1kijPxGIDGv09GOw_Ap3-Dw,5
在人间,在人间（完整版）（6人）情感沉浸推理,狐小狸剧本杀目录,11,https://pan.baidu.com/s/1d4KzQlavu1wwUfSGQzWBxw,6
七个密室,七个密室（6人）密室烧脑推理本格,狐小狸剧本杀目录,12,https://pan.baidu.com/s/1vFSbQgmV4mZxxKuf9826cQ,6
君似明月我似雾,君似明月我似雾（6人）古风情感沉浸,狐小狸剧本杀目录,13,https://pan.baidu.com/s/14DnUO_tBgbv48JVNyIIarQ,6
今夕何夕,今夕何夕,狐小狸剧本杀目录,14,https://pan.baidu.com/s/1x7UbSHkVGjlYc2a7AGEKtQ,7
蜕变俱乐部,蜕变俱乐部（7人）欧洲烧脑机制反转,狐小狸剧本杀目录,15,https://pan.baidu.com/s/11pVPZZDdTKBOho_96CYUhw,7
再见萤火虫,再见萤火虫（7人）情感沉浸,狐小狸剧本杀目录,16,https://pan.baidu.com/s/1t1fPbSS54IqFrpK3gvX76w,7
纸妻,纸妻（6人）古风情感沉浸,狐小狸剧本杀目录,17,https://pan.baidu.com/s/1Kvb4gkV1MbfFerQt4kjB2Q,6
土狗,土狗（6人悬疑还原本）,狐小狸剧本杀目录,18,https://pan.baidu.com/s/1_rQt_aglaaY083nRcw9BMA,6
月下沙利叶,月下沙利叶【城限】,狐小狸剧本杀目录,19,https://pan.baidu.com/s/1ZMk_GBtIMlqCusspBkHQKQ,6
逐梦演艺圈,逐梦演艺圈（9-10人开放）,狐小狸剧本杀目录,20,https://pan.baidu.com/s/1Zr2ZwEgttTnIRUuohTODhA,9|10
我是谜答案,我是谜答案（APP线上剧本杀）,狐小狸剧本杀目录,21,https://pan.baidu.com/s/1BsaEYSK46GSbrh1Ox8WXBQ,N
百变大侦探,百变大侦探（APP线上剧本杀）,狐小狸剧本杀目录,22,https://pan.baidu.com/s/1G-yhf7E0f4xVZPsNfN9Q3Q,N
老骗子俱乐部2,老骗子俱乐部2【整理】,狐小狸剧本杀目录,23,https://pan.baidu.com/s/1MVkNJrPsKyKNRc3aZDjMwA,6
死刑犯的独白,死刑犯的独白,狐小狸剧本杀目录,24,https://pan.baidu.com/s/1wdlGnQVbPRf7kCrkNmzCUg,6
被风吹过的夏天,被风吹过的夏天（已整理）,狐小狸剧本杀目录,25,https://pan.baidu.com/s/1CBOaaIjmjqVUfUcBI9oTAA,6
苍岐,苍岐（6人古风情感本）,狐小狸剧本杀目录,26,https://pan.baidu.com/s/1dg15vnTxo_i_o2iDq87mPw,6
丁达尔克的神奇夜,丁达尔克的神奇夜,狐小狸剧本杀目录,27,https://pan.baidu.com/s/15PxV7X5qYA9F4pn9R5587Q,6
再见的三次方,再见的三次方（整理）,狐小狸剧本杀目录,28,https://pan.baidu.com/s/1JjJ6U5Z6XWOO2gmv0andPg,6
乱世佳人,乱世佳人,狐小狸剧本杀目录,29,https://pan.baidu.com/s/1bA2B_Tq_LBHqkY19xuUGVQ,6
所爱隔山海,所爱隔山海,狐小狸剧本杀目录,30,https://pan.baidu.com/s/1z7L-gnEVoQT890HlpRF8gA,6
可甜了,可甜了（已整理）,狐小狸剧本杀目录,31,https://pan.baidu.com/s/1DaTof13aHDm0HdLmKZ67yg,6
旗袍,旗袍（已整理）,狐小狸剧本杀目录,32,https://pan.baidu.com/s/16_SK71_pB_3An0m8vZ1dwQ,6
虚无的十字架,虚无的十字架（已整理）,狐小狸剧本杀目录,33,https://pan.baidu.com/s/1Avi24MAO-O3ZadG0HTKeaQ,6
来电2,来电2（整理）,狐小狸剧本杀目录,34,https://pan.baidu.com/s/15d_lsNuqJg023nA2-hyFOg,6
尸速公路,尸速公路,狐小狸剧本杀目录,35,https://pan.baidu.com/s/1W1BfaLkPyU2KaA0crFmZQw,6
挣扎,挣扎,狐小狸剧本杀目录,36,https://pan.baidu.com/s/1ixuOmjitkNky2rUa226oSQ,6
告别诗,告别诗,狐小狸剧本杀目录,37,https://pan.baidu.com/s/1Q2L6L7hi6iA2BKhijLrh-w,6
莫思归,莫思归（已整理）,狐小狸剧本杀目录,38,https://pan.baidu.com/s/1cm9AZKAbnS8BpBj4tj3l_Q,6
暗黑者2七宗欲,暗黑者2七宗欲（已整理）,狐小狸剧本杀目录,39,https://pan.baidu.com/s/1b6xZgU_y3URniNXOkWp42g,1|2|3|4|5|6|7|8|9|10|11|12|13|14|15|16|17|18|19|20
我的区长爸爸,我的区长爸爸（独家制作）,狐小狸剧本杀目录,40,https://pan.baidu.com/s/1PqF_TTM-x5j4BysOZfIfpw,6
汴京梦,汴京梦（已整理）,狐小狸剧本杀目录,41,https://pan.baidu.com/s/1qBqnc3TDXUF6PoLyQrVOzA,6
神的孩子在跳舞,神的孩子在跳舞（已整理）,狐小狸剧本杀目录,42,https://pan.baidu.com/s/1oefkxDpZAusWDkFU8z4XLQ,6
九不思议街,九不思议街（整理）,狐小狸剧本杀目录,43,https://pan.baidu.com/s/1gs-fgBN60BXZRjR2cY5s6g,6
把爱吐进垃圾桶,把爱吐进垃圾桶（无水印）,狐小狸剧本杀目录,44,https://pan.baidu.com/s/1xr83fDFAeIxjVXEDL1dg-g,6
野蔷薇2落椿,野蔷薇2落椿（已整理）,狐小狸剧本杀目录,45,https://pan.baidu.com/s/1pNWLxe5NWZ8X3CqQi1sd7A,6
冷宫,冷宫（整理版）,狐小狸剧本杀目录,46,https://pan.baidu.com/s/1yF1E2Y1vpjK-l_UmL3vdlw,6
十分之一,十分之一（已整理）,狐小狸剧本杀目录,47,https://pan.baidu.com/s/17h7mzwqpiJpIP5wwyG66sQ,6
痛仰,痛仰,狐小狸剧本杀目录,48,https://pan.baidu.com/s/1b1SL83Hirlgd52FxRwUJXA,6
雉双归,雉双归（已整理）,狐小狸剧本杀目录,49,https://pan.baidu.com/s/1IJmfqBRpN3aeAkw0ChlGkA,6
梵高先生,梵高先生（已整理）,狐小狸剧本杀目录,50,https://pan.baidu.com/s/1fPM7oHldPXT9BZfHPw6fpg,6
慢慢又漫漫,慢慢又漫漫（已整理）,狐小狸剧本杀目录,51,https://pan.baidu.com/s/14a-Gju6zzhCCApRiz12xHA,6
红黑馆事件,红黑馆事件（独家制作）,狐小狸剧本杀目录,52,https://pan.baidu.com/s/1uk86YxGN5Da6jBvc3gVqHg,6
今夜无人离岛,今夜无人离岛,狐小狸剧本杀目录,53,https://pan.baidu.com/s/1qgq4QrxFja6VAcp5agx0aw,6
似锦,似锦（已整理）,狐小狸剧本杀目录,54,https://pan.baidu.com/s/1Zp9YyjeXGpZJS0myE8Z6oQ,6
黑星之陨,黑星之陨,狐小狸剧本杀目录,55,https://pan.baidu.com/s/1otdWoS_f5t7VciF-qF82ww,6
东君前传,东君前传（开本整理）,狐小狸剧本杀目录,56,https://pan.baidu.com/s/1ACLl74Q1NnvL8hspbzC0dg,6
人上人,人上人（已整理）,狐小狸剧本杀目录,57,https://pan.baidu.com/s/1q9pk59lVWzQtAoI5DAOnUQ,7
俞家旅店,俞家旅店（已整理）,狐小狸剧本杀目录,58,https://pan.baidu.com/s/10mLaRmtpdDxVjAqgWRsQ5w,4
AB,AB（整理）,狐小狸剧本杀目录,59,https://pan.baidu.com/s/1GKtwQJjGpvxCc2ywT4qZ9w,2|3|4|5|6|7|8|9|10|11|12
三体最终决议,三体最终决议（已整理）,狐小狸剧本杀目录,60,https://pan.baidu.com/s/1nGaAI0ZVnO2wzTY75eOw8Q,7
你还有遗憾吗,你还有遗憾吗（已整理）,狐小狸剧本杀目录,61,https://pan.baidu.com/s/17CV6YXTsjlQYJ8dRyxGpVw,6
难生恨,难生恨（已整理）,狐小狸剧本杀目录,62,https://pan.baidu.com/s/1twAQ_DL2XNa_kpwb5fQjbg,6
乐坊旧事,乐坊旧事,狐小狸剧本杀目录,63,https://pan.baidu.com/s/1syaK47Ycqkf0nf4GaNTucg,7
群星,群星（已整理）,狐小狸剧本杀目录,64,https://pan.baidu.com/s/1fiIcIe5g-qplI9tVb2K-zA,6
神乐汤,神乐汤（已整理）,狐小狸剧本杀目录,65,https://pan.baidu.com/s/1nWEmTtbklrPIOTn9--EyHA,5
哈哈哈,哈哈哈哈哈哈哈,狐小狸剧本杀目录,66,https://pan.baidu.com/s/1CX8JrZFJ2oPQt_vFY6iO7Q,7
上坟静点,上坟静点,狐小狸剧本杀目录,67,https://pan.baidu.com/s/1U9ZcDX5AQDaWw7w1dGTolw,6
爱尔兰多的巫师,爱尔兰多的巫师,狐小狸剧本杀目录,68,https://pan.baidu.com/s/1Uc6jB5vmZB_Ayz0KAP7fRA,7
荧光杀人事件,荧光杀人事件（已整理）,狐小狸剧本杀目录,69,https://pan.baidu.com/s/1VkXflu-aLXv_p0MV8ePxjg,4|5|6|7|8|9|10|11|12
兔子的世界下起了胡萝卜雨,兔子的世界下起了胡萝卜雨,狐小狸剧本杀目录,70,https://pan.baidu.com/s/1_J61wVCB5dVN9U2Bez3UGA,6
阴明寺,阴明寺（已整理）,狐小狸剧本杀目录,71,https://pan.baidu.com/s/1YnRZLdIHpxctEVl7jIpdOA,4
奇异人生2100,奇异人生2100（已整理）,狐小狸剧本杀目录,72,https://pan.baidu.com/s/1gYPhxakCb66yi0T5ve4csQ,6
你不知道的事,你不知道的事（已整理）,狐小狸剧本杀目录,73,https://pan.baidu.com/s/1R798Wdez5va9JCnjZw3jzQ,6
你要这么想我也没办法,你要这么想我也没办法,狐小狸剧本杀目录,74,https://pan.baidu.com/s/1d4qx-xvdreqm1A77mE7GnQ,6
达摩克利斯之剑,达摩克利斯之剑（整理）,狐小狸剧本杀目录,75,https://pan.baidu.com/s/1BdGwCVio34SseYFgyOxVbA,6
将死未死的THX,将死未死的THX（整理版）,狐小狸剧本杀目录,76,https://pan.baidu.com/s/1k0OMepsmc-ZJpqCHQZWH-Q,6
大雪侦探和倒霉蛋,大雪侦探和倒霉蛋,狐小狸剧本杀目录,77,https://pan.baidu.com/s/1cYSvjErCC7cjr7s5qp6J0g,6
落子无悔,落子无悔（已整理）,狐小狸剧本杀目录,78,https://pan.baidu.com/s/1wQ-24XV2ymJSFnVABfgt-w,6
夜行惊奇卷,夜行惊奇卷（已整理）,狐小狸剧本杀目录,79,https://pan.baidu.com/s/1TXtLqqeoVD_y925RQopAbQ,6
群雄逐鹿,群雄逐鹿,狐小狸剧本杀目录,81,https://pan.baidu.com/s/12Aonu12EAV7a7v1RyMBNXA,8
听到请回答,听到请回答（已整理）,狐小狸剧本杀目录,82,https://pan.baidu.com/s/1JPfKq71B7l6jWgq5cEdlNw,6
玛丽苏推理守则,玛丽苏推理守则,狐小狸剧本杀目录,83,https://pan.baidu.com/s/1d_8yKYPHkVmGoFVqn9FdWQ,6|7
朱砂,朱砂,狐小狸剧本杀目录,84,https://pan.baidu.com/s/1N7zkX4OhpQSuX4aZ-po3aw,7
一间花铺,一间花铺,狐小狸剧本杀目录,85,https://pan.baidu.com/s/1bk5rPwLIxwluAcFBXwW-lA,6
林记凉茶铺,林记凉茶铺,狐小狸剧本杀目录,86,https://pan.baidu.com/s/1ZYsu0Buj08nb9fZSJBFQLw,6
疯子和疯子和疯子,疯子和疯子和疯子（已整理）,狐小狸剧本杀目录,87,https://pan.baidu.com/s/1FS_l-4wVul-SaoDVwna99g,6
霜华引2,霜华引2（已整理）,狐小狸剧本杀目录,88,https://pan.baidu.com/s/1NUoRAVBKjVykcvGmJeYrhQ,7
日暮归思,日暮归思（已整理）,狐小狸剧本杀目录,89,https://pan.baidu.com/s/1zuPH_3U3DBkk5rxtUJM3hA,6
山河无名,山河无名（已整理）,狐小狸剧本杀目录,90,https://pan.baidu.com/s/1HKaS_1PY4_mW2UnLoan6ug,6
239,239（已整理）,狐小狸剧本杀目录,91,https://pan.baidu.com/s/13n1wPICU7JMR-cxLfXvVzQ,6
甜蜜的家,甜蜜的家（已整理）,狐小狸剧本杀目录,92,https://pan.baidu.com/s/1WxM6mGzJWxGp9_6up-bXcw,5
橡皮,橡皮（已整理）,狐小狸剧本杀目录,93,https://pan.baidu.com/s/122WKoyf0DZ5oEU3aquYv6w,6
发条爸爸,发条爸爸（已整理）,狐小狸剧本杀目录,94,https://pan.baidu.com/s/1TjRj2HMZXRXHSK9yhsZTAA,6
一直下雨的星期天,一直下雨的星期天（已整理）,狐小狸剧本杀目录,95,https://pan.baidu.com/s/1H22Us3khajCALioaHC_6bQ,7
月亮沉入海底时,月亮沉入海底时（已整理）,狐小狸剧本杀目录,96,https://pan.baidu.com/s/1ZzOKEZ9PuxkfmIYkzDhCbQ,6
帕佐庄园,帕佐庄园（已整理）,狐小狸剧本杀目录,97,https://pan.baidu.com/s/1MMxLR17QjMjaIm_va-pONA,6
婚礼谋杀案,婚礼谋杀案（10人半开放）,狐小狸剧本杀目录,98,https://pan.baidu.com/s/141sEItG-sd7LdhFmO2OG7Q,10
怪病侵袭,怪病侵袭（6人开放式）,狐小狸剧本杀目录,99,https://pan.baidu.com/s/1ojYkOl5fUaxsQnMHeLyMeg,6
神秘研究所,神秘研究所（6人开放）,狐小狸剧本杀目录,100,https://pan.baidu.com/s/1kEhtxwvK7q9WAPuS7rONDg,6
禁止入内,禁止入内（6人半开放）,狐小狸剧本杀目录,101,https://pan.baidu.com/s/1-ewibCsDlee9b9XMPKIoSg,6
隋唐大运河原版,隋唐大运河原版（10人开放）,狐小狸剧本杀目录,102,https://pan.baidu.com/s/19XrJ_5LuprICgQrdMh-bqA,10
盛世蓝星号,盛世蓝星号（11人开放）,狐小狸剧本杀目录,103,https://pan.baidu.com/s/1KykHksE7X8J-QnE4MeL_kQ,11
大明青龙劫,大明青龙劫（5-7人开放）,狐小狸剧本杀目录,104,https://pan.baidu.com/s/1Her7d70jV2Zl-wBg46WJ_Q,5|6|7
西部惊魂英文,西部惊魂英文（（10人开放））,狐小狸剧本杀目录,105,https://pan.baidu.com/s/153KVJTAvmSGaNgDrES8ZAA,10
恐怖童谣,恐怖童谣5-6人开放,狐小狸剧本杀目录,106,https://pan.baidu.com/s/1ltE0YHTzGR4Zx2gGGMRKsQ,5|6
四大名捕3之龙门客栈,四大名捕3之龙门客栈（4人开放）,狐小狸剧本杀目录,107,https://pan.baidu.com/s/1yHmBI3mUXvp-nwKquzsGGA,4
红色幽灵,红色幽灵(8人开放）,狐小狸剧本杀目录,108,https://pan.baidu.com/s/11rxoZeuLSqNq3FApmyTCEA,8
奥伯利庄园,奥伯利庄园（7人封闭）,狐小狸剧本杀目录,109,https://pan.baidu.com/s/1y4wQsKJZTj_G0cNFNl8Z-g,7
古堡惊魂,古堡惊魂（8人半开放）,狐小狸剧本杀目录,110,https://pan.baidu.com/s/1mie38kWL2_MLg1Gpz2Mg0A,8
帝国旅馆谋杀案英文,帝国旅馆谋杀案英文（6人开放）,狐小狸剧本杀目录,111,https://pan.baidu.com/s/1hv59Fn2VE_G_NQvc1Ry3fg,6
沉没的眼睛,沉没的眼睛（6人开放）,狐小狸剧本杀目录,112,https://pan.baidu.com/s/1h6N0CKjQEIbFCUZoaSEW9Q,6
死穿白,死穿白（8人开放）,狐小狸剧本杀目录,113,https://pan.baidu.com/s/1qt_r2weAv7hGOmT_ZXh9LA,8
风声,风声（8-10人开放）,狐小狸剧本杀目录,114,https://pan.baidu.com/s/1lhJs-4kFg1IwsJxnZYibyg,8|9|10
疯人院,疯人院(10人半开放）,狐小狸剧本杀目录,115,https://pan.baidu.com/s/131zjAITpgG1-YlSp1NNJvw,10
马戏团事件,马戏团事件（6人封闭）,狐小狸剧本杀目录,116,https://pan.baidu.com/s/19B654z710WsNvaRf_DCEmQ,6
无间道,无间道(9人开放),狐小狸剧本杀目录,117,https://pan.baidu.com/s/19i9vWrKKmd9ibKR1yBF8nw,9
好莱坞案件英文,好莱坞案件英文（11人开放）,狐小狸剧本杀目录,118,https://pan.baidu.com/s/1DJzpJiZBAaAZSUcHcxLCyA,11
丹水山庄,丹水山庄（7人开放）,狐小狸剧本杀目录,119,https://pan.baidu.com/s/1d5UEcvY6xnKIXoaJ7d4vVw,7
捉妖相府鱼美人1之爱的信仰,捉妖相府鱼美人1之爱的信仰（4人开放）,狐小狸剧本杀目录,120,https://pan.baidu.com/s/1RzQi-1afIGArLpuEVrErYQ,4
塞西尔迷雾,塞西尔迷雾（6人开放）,狐小狸剧本杀目录,121,https://pan.baidu.com/s/1-MQhToBOSy5fyxcolcJlmw,6
修玛疑案,修玛疑案（7人开放）,狐小狸剧本杀目录,122,https://pan.baidu.com/s/1DvR51HfZqlmNRZ-0-9NRzQ,7
酒红色的谋杀,酒红色的谋杀（6-8人封闭）,狐小狸剧本杀目录,123,https://pan.baidu.com/s/1GTu_rF_1wue5e01wWmUn6g,6|7|8
深蓝阵雨,深蓝阵雨（8人开放）,狐小狸剧本杀目录,124,https://pan.baidu.com/s/1tkxnWt3DBpIj3H-rfNH4dA,8
傀儡的记忆,傀儡的记忆（6人半开放）,狐小狸剧本杀目录,125,https://pan.baidu.com/s/1RqTbq7Nm8F9WfJSh5Ro7tQ,6
狂欢节的悲剧,狂欢节的悲剧（8人半开放）,狐小狸剧本杀目录,126,https://pan.baidu.com/s/14gu1AH3OwrBQuxcx08CYkw,8
四大名捕1之铁鸡帮,四大名捕1之铁鸡帮（4人开放）,狐小狸剧本杀目录,127,https://pan.baidu.com/s/1x18MRxROl94aACZ6ofhXxQ,4
隋唐大运河修正版,隋唐大运河修正版（10人开放）,狐小狸剧本杀目录,128,https://pan.baidu.com/s/1LWo9GwVT3HDSfp14qTUkWA,10
香槟迷情,香槟迷情（10人封闭）,狐小狸剧本杀目录,129,https://pan.baidu.com/s/1u9PBwLF3Ktgn4EXSL2b-vQ,10
七宗罪,七宗罪（8人开放）,狐小狸剧本杀目录,130,https://pan.baidu.com/s/1mhNqNJnnb0WbV6mLuwiRgA,8
富豪之死,富豪之死（6人开放）,狐小狸剧本杀目录,131,https://pan.baidu.com/s/1zQMAkKkWt8FBnA48FpY2CA,6
幽灵特快,幽灵特快（7人开放）,狐小狸剧本杀目录,132,https://pan.baidu.com/s/1qCyjzkMtu375nu4iOdmHlA,7
四大名捕4之皇宫秘史,四大名捕4之皇宫秘史（7人开放）,狐小狸剧本杀目录,133,https://pan.baidu.com/s/1NZOnmetb6fEyeHD7dn7E3A,7
救生艇,救生艇（8人开放式）,狐小狸剧本杀目录,134,https://pan.baidu.com/s/1wY5NyWci3Odvbg8ohrLUjg,8
不可思议之谜,不可思议之谜（8人封闭）,狐小狸剧本杀目录,135,https://pan.baidu.com/s/1JZWGrE7k0Z9LOGSckcNk0Q,8
雪地惊情,雪地惊情（10~12开放）,狐小狸剧本杀目录,136,https://pan.baidu.com/s/1zNTXEUUEcbzn_v6nZBSiCQ,10|11|12
沃特顿庄园,沃特顿庄园（8人封闭）,狐小狸剧本杀目录,137,https://pan.baidu.com/s/1B18qXXZTt6DRpqUFWVRSGw,8
惊魂醉阳楼,惊魂醉阳楼（9人半开放）,狐小狸剧本杀目录,138,https://pan.baidu.com/s/1dm6dw_r80mZTQHmvAAxjZg,9
东方之星号游轮事件,东方之星号游轮事件（5人开放）,狐小狸剧本杀目录,139,https://pan.baidu.com/s/1yPF-k5ss39Fux0ToQXGWkg,5
孝衣新娘,孝衣新娘（10人开放）,狐小狸剧本杀目录,140,https://pan.baidu.com/s/1G0SiN01IhJn6dK7DZcuDCg,10
大明星的最后演出,大明星的最后演出（2人开放）,狐小狸剧本杀目录,141,https://pan.baidu.com/s/1NdinDaC-C6SCYg_EMyz1pg,2
未完结的爱,未完结的爱（7人开放）,狐小狸剧本杀目录,142,https://pan.baidu.com/s/1x86utg6ofU6wp2geOWljNw,7
临终遗言,临终遗言（8人封闭）,狐小狸剧本杀目录,143,https://pan.baidu.com/s/1cdTiKgf8cRoBRjwN2rVeuA,8
上海滩杀人.事件,036-上海滩杀人.事件（5人封闭）,狐小狸剧本杀目录,144,https://pan.baidu.com/s/16VIK9eXv1RrXpT6M71lRWg,5
致命遗嘱,致命遗嘱（6~11人开放）,狐小狸剧本杀目录,145,https://pan.baidu.com/s/1jSIz3rha7-aHC5JNKuIppQ,6|7|8|9|10|11
南瓜投毒者,南瓜投毒者（7人半开放）,狐小狸剧本杀目录,146,https://pan.baidu.com/s/1eFpEPbrsMe_aArZhespU-A,7
孤泣之魂2,孤泣之魂2（6人开放）,狐小狸剧本杀目录,147,https://pan.baidu.com/s/1J5HRMvx8CEO7VDd2Dpbh7w,6
德州扑克血色牌局,德州扑克血色牌局（7人开放）,狐小狸剧本杀目录,148,https://pan.baidu.com/s/1JCi2n0KwLNF1XYk8SoPopA,7
图纹窃案,图纹窃案(8人封闭）,狐小狸剧本杀目录,149,https://pan.baidu.com/s/11o1WPn0k9kR33tEITmnTiw,8
绝命楼兰,绝命楼兰（8人开放）,狐小狸剧本杀目录,150,https://pan.baidu.com/s/13qGulKM673iuItbLygMgzg,8
奕剑决,奕剑决（8人开放）,狐小狸剧本杀目录,151,https://pan.baidu.com/s/1kc2bJoCfddFYmdGKjaSKsg,8
死亡致意,死亡致意（6人开放）,狐小狸剧本杀目录,152,https://pan.baidu.com/s/1kZ0gia2SFH4dEzD77SYDLw,6
神秘岛,神秘岛（8人半开放）,狐小狸剧本杀目录,153,https://pan.baidu.com/s/1TXLlw_TVAxUlp5qtvrT9qg,8
酒馆剧,酒馆剧本（10人封闭）,狐小狸剧本杀目录,154,https://pan.baidu.com/s/1GnSPkslElRqN0QA3D_6wLw,10
东方之星游轮续集,东方之星游轮续集（5人开放）,狐小狸剧本杀目录,155,https://pan.baidu.com/s/1xhqqUu__G6rTOKT_OqehbQ,5
咪咕夜总会,咪咕夜总会（7人开放）,狐小狸剧本杀目录,156,https://pan.baidu.com/s/1pLO8gLXzQ-72gqSKIGmGXA,7
最后的救赎,最后的救赎（8人半开放）,狐小狸剧本杀目录,157,https://pan.baidu.com/s/1LneXe0if5hQyW2qM-qE-Ew,8
孤泣之魂,孤泣之魂（8人开放）,狐小狸剧本杀目录,158,https://pan.baidu.com/s/1fVJT9CxEzDScYBLBTet0Cw,8
加勒比海,加勒比海（8人封闭）,狐小狸剧本杀目录,159,https://pan.baidu.com/s/1pXuuLBTzyjmgysuetfz0Mw,8
生化危机,生化危机（7人开放式）,狐小狸剧本杀目录,160,https://pan.baidu.com/s/1eu6BYK2bKzTM7lZQmBAMKQ,7
津门遗云,津门遗云（7人开放）,狐小狸剧本杀目录,161,https://pan.baidu.com/s/1CPIGFCSmNN79DFKx_9dvOw,7
四大名捕番外龙血珠被盗案,四大名捕番外龙血珠被盗案（10-11人开放）,狐小狸剧本杀目录,162,https://pan.baidu.com/s/1vRagwYS5G32dXgkti4lPrw,10|11
办公室谋杀,办公室谋杀（4-5人封闭）,狐小狸剧本杀目录,163,https://pan.baidu.com/s/1yB39b8ypz7Qa8drqkRs2Pg,4|5
中贸经理之死,中贸经理之死（6人开放）,狐小狸剧本杀目录,164,https://pan.baidu.com/s/1iN0sWCb2GZeWli_7CnleyA,6
巴顿将军的信,巴顿将军的信（5人封闭）,狐小狸剧本杀目录,165,https://pan.baidu.com/s/1pd4of9keYeDjTq1mQPJXEA,5
廊桥咖啡馆,廊桥咖啡馆(8人开放),狐小狸剧本杀目录,166,https://pan.baidu.com/s/15NM-XxUC_hSDk0p4EcCWNA,8
捉妖记西游莲花精,捉妖记西游莲花精（4人开放）,狐小狸剧本杀目录,167,https://pan.baidu.com/s/1C0GPQnnc9iekoDeCJQ5Llg,4
帝落轩辕,帝落轩辕（8人开放）,狐小狸剧本杀目录,168,https://pan.baidu.com/s/1kZQekBPnqqpbayhmeOLPTw,8
幽灵复仇,幽灵复仇（7人半开放),狐小狸剧本杀目录,169,https://pan.baidu.com/s/1Aiecrai1x8JArv_ZpMhLfw,7
海余生,海余生（6人开放）,狐小狸剧本杀目录,170,https://pan.baidu.com/s/1Sg_h6NPBNN2TVo-1Kn8SOA,6
老烟枪,老烟枪（6人封闭）,狐小狸剧本杀目录,171,https://pan.baidu.com/s/1PX24-HRlbNM2OI4zs1OS3g,6
漫画家之死,漫画家之死（5-6人开放）,狐小狸剧本杀目录,172,https://pan.baidu.com/s/1w3rffBlSB_98_7m1XhHkdg,5|6
华丽的背后,华丽的背后（6人开放）,狐小狸剧本杀目录,173,https://pan.baidu.com/s/1NO5X6WgMFJfNG4heyst7wA,6
美术室杀人事件,美术室杀人事件（6人开放）,狐小狸剧本杀目录,174,https://pan.baidu.com/s/185qRHRXyoSZZ-CSWeiRSMw,6
冈比亚之死,冈比亚之死（8-11开放）,狐小狸剧本杀目录,175,https://pan.baidu.com/s/1DDsmJguYDcH9vFHC2RaUaw,8|9|10|11
四大名捕2之千门宫,四大名捕2之千门宫（4人开放）,狐小狸剧本杀目录,176,https://pan.baidu.com/s/1os1f1S7srFeq_wQUcMC7uA,4
反派盛宴,反派盛宴（12人封闭）,狐小狸剧本杀目录,177,https://pan.baidu.com/s/1934R5ofqS1r4G0_BbUeG7w,12
死穿白英文,死穿白英文（八人开放）,狐小狸剧本杀目录,178,https://pan.baidu.com/s/1j_VKOAWnhvncpURzztvEfQ,8
女演员之死,女演员之死（5-6人开放）,狐小狸剧本杀目录,179,https://pan.baidu.com/s/1SXq7t4qTAfcBhUNaSAzpog,5|6
飞弹机关宅邸杀人事件,飞弹机关宅邸杀人事件（8人封闭）,狐小狸剧本杀目录,180,https://pan.baidu.com/s/15bBPHL3rjWetgilsD2LLwQ,8
Opal的闪耀,Opal的闪耀（9人开放）,狐小狸剧本杀目录,181,https://pan.baidu.com/s/1gviy8o0cw1eFqsQCej5aRQ,9
愤怒的葡萄,愤怒的葡萄（6人封闭）,狐小狸剧本杀目录,182,https://pan.baidu.com/s/1zhG22DI2XlK5cZmHNJGJjQ,6
魔盗之殇,魔盗之殇（5人开放）,狐小狸剧本杀目录,183,https://pan.baidu.com/s/1kNDl5AvhTrnawNl4_HkeuQ,5
米兰凶杀案,米兰凶杀案(6人封闭）,狐小狸剧本杀目录,184,https://pan.baidu.com/s/1Lwvm1lgPcoCW6PkDrE488Q,6
电梯恶魔,电梯恶魔（6人封闭）,狐小狸剧本杀目录,185,https://pan.baidu.com/s/1a44SqeHfvr7PhYvXsvs4Xw,6
致命倒计时,致命倒计时（6人半开放）,狐小狸剧本杀目录,186,https://pan.baidu.com/s/1WV0Y2ybcrDgR6JufmntAog,6
传说中的故事,传说中的故事（5人开放）,狐小狸剧本杀目录,187,https://pan.baidu.com/s/17fe5Y98FJqGEGABCqq8kFQ,5
青龙山精神病院,青龙山精神病院（7人开放）,狐小狸剧本杀目录,188,https://pan.baidu.com/s/1fTra4FtlsYnpabkiydqDuQ,7
风声潜伏,风声潜伏(改良版9-10人开放）,狐小狸剧本杀目录,189,https://pan.baidu.com/s/1sc86dJnslPoSsBxiIWUQdQ,9|10
摇滚俱乐部,摇滚俱乐部（英文）,狐小狸剧本杀目录,190,https://pan.baidu.com/s/1i7pZlVvNMIDBB0yXMtGdfA,6
致命巧克力,致命巧克力（8~14开放）,狐小狸剧本杀目录,191,https://pan.baidu.com/s/196T66bdv1mqvFw972NwnJA,8|9|10|11|12|13|14
死去的女儿连续一周每晚都回家,死去的女儿连续一周每晚都回家（7人开放）,狐小狸剧本杀目录,192,https://pan.baidu.com/s/1-sjviTtuUWAVPP-pNFEZNg,7
捉妖相府鱼美人2之妖有妖道,捉妖相府鱼美人2之妖有妖道（4人开放）,狐小狸剧本杀目录,193,https://pan.baidu.com/s/1WMzNOTS2wdeRgPJXNEiZrw,4
禁锢之塔,禁锢之塔（7人半开放）,狐小狸剧本杀目录,194,https://pan.baidu.com/s/1K1GaUviNRqvhcs7WquAX8A,7
夜总杀人夜,夜总杀人夜（6人封闭）,狐小狸剧本杀目录,195,https://pan.baidu.com/s/10nmSpsOZqnq5zLXmKbpX7g,6
绝命派对,绝命派对派对（7人开放）,狐小狸剧本杀目录,196,https://pan.baidu.com/s/1hvDIZCLHlm5NIMQOdZtUdw,7
午夜列车,午夜列车（6人明星大侦探）,狐小狸剧本杀目录,197,https://pan.baidu.com/s/1e5fWHYhFZuIhBSe_xqdPVg,6
网红校花的坠落,网红校花的坠落（6人明星大侦探）,狐小狸剧本杀目录,198,https://pan.baidu.com/s/14eO5p05ZYNVzNpOM6zOmaw,6
致命巧克力修正版,致命巧克力修正版（12人开放）,狐小狸剧本杀目录,199,https://pan.baidu.com/s/1AhAIq1rvvCH25d18xY0YLA,12
渡厄,渡厄（5人封闭）,狐小狸剧本杀目录,200,https://pan.baidu.com/s/1erqUAoWFtZXU5cyiJYe7kw,5
红楼梦中人,红楼梦中人（5-6人开放）,狐小狸剧本杀目录,201,https://pan.baidu.com/s/111L1jGge3HsXFDHrN91Rdg,5|6
血色南宫,血色南宫（8人开放）,狐小狸剧本杀目录,202,https://pan.baidu.com/s/140RsU2SqQ5jvzfT5-v02Cw,8
校园不思议事件,校园不思议事件（5人封闭）,狐小狸剧本杀目录,203,https://pan.baidu.com/s/1Rb4WEIlRhYPQOpHl7Tpqbg,5
电梯惊魂,电梯惊魂（6人开放）,狐小狸剧本杀目录,204,https://pan.baidu.com/s/1GinYmQMfMARnt15Cu8CGXA,6
皂罗袍,皂罗袍（7人封闭）,狐小狸剧本杀目录,205,https://pan.baidu.com/s/1Pw7vPfWA-KQODCt0OOFh2A,7
穿越时空的爱,穿越时空的爱（6人半开放）,狐小狸剧本杀目录,206,https://pan.baidu.com/s/1E2q3iitcankTc2TajpS4NA,6
致命喷泉,致命喷泉（4人封闭）,狐小狸剧本杀目录,207,https://pan.baidu.com/s/1pTWFY73dLchqM6X-xzwpLA,4
光棍节血案,光棍节血案(6人开放),狐小狸剧本杀目录,208,https://pan.baidu.com/s/1GQNG3PTwTSN0y1LFf3G7ig,6
夜袭,夜袭（5人封闭）,狐小狸剧本杀目录,209,https://pan.baidu.com/s/1DdnT8Cbh2KbUSO52g-pwNA,5
救赎之城之皇城内乱,救赎之城之皇城内乱（7人半开放）,狐小狸剧本杀目录,210,https://pan.baidu.com/s/1vRjobMenCTGMYQ04XOjJtQ,7
良辰吉日,良辰吉日（8人开放）,狐小狸剧本杀目录,211,https://pan.baidu.com/s/1FKK6AOnjgt4IeSe03AkPpg,8
杜鹃血,杜鹃血（7人开放）,狐小狸剧本杀目录,212,https://pan.baidu.com/s/1zA9jgUTfbutun9sNhVfCGg,7
救赎之城泰坦黑金,救赎之城泰坦黑金（7-12人开放）,狐小狸剧本杀目录,213,https://pan.baidu.com/s/1azupaidfUYk7QDjo8WPCOg,7|8|9|10|11|12
山河故人,山河故人（8人开放）,狐小狸剧本杀目录,214,https://pan.baidu.com/s/1rIoMEWTAf_hdJ9UX7wrFTw,8
东海梦魇,东海梦魇（8人开放）,狐小狸剧本杀目录,215,https://pan.baidu.com/s/199eFcQ75lLkE721lTWB6EA,8
人生考场,人生考场 （4-5人开放）,狐小狸剧本杀目录,216,https://pan.baidu.com/s/1H5hhPOzd5bqGlgeiVTYU6A,4|5
军师1望明路,军师1 望明路（5-6人封闭）,狐小狸剧本杀目录,217,https://pan.baidu.com/s/131hzygxJzYhItyjtW8tqrQ,5|6
血色残阳,血色残阳（8人开放）,狐小狸剧本杀目录,218,https://pan.baidu.com/s/1l_2osx_HwMTn8wxAuJPM_Q,8
纯白的恶意,纯白的恶意（8人开放）,狐小狸剧本杀目录,219,https://pan.baidu.com/s/1q8y-jNQ91TNjltDClaPNWA,8
暗影计划,暗影计划（6人开放）,狐小狸剧本杀目录,220,https://pan.baidu.com/s/1WKJKvRXoK30nJXWBRjGLpA,6
十年,十年（5人封闭）,狐小狸剧本杀目录,221,https://pan.baidu.com/s/1WMPPqiuAYAUnK2-EHxv_BQ,5
导演之死,导演之死 （10人开放）,狐小狸剧本杀目录,222,https://pan.baidu.com/s/1uAUkRfQjreELRHnb3S-W7w,10
血海无涯,血海无涯（5人开放）,狐小狸剧本杀目录,223,https://pan.baidu.com/s/1MGk-o7yEpv2TaRnYxBqcaA,5
率土之滨,率土之滨（7人开放）,狐小狸剧本杀目录,224,https://pan.baidu.com/s/1KfJKYD49T91GZ8xT4VgtLw,7
最后的晚餐,最后的晚餐（8人开放）,狐小狸剧本杀目录,225,https://pan.baidu.com/s/1WzkdQLfvIAikXSqBEL-g-Q,8
生死道,生死道（6人封闭）,狐小狸剧本杀目录,226,https://pan.baidu.com/s/1cxS2menC1seZDKlid699qA,6
福威镖局,福威镖局（8-9人开放）,狐小狸剧本杀目录,227,https://pan.baidu.com/s/15F0ITxGD5ocOM0QZDg9DVw,8|9
滴血之瞳,滴血之瞳（6人开放）,狐小狸剧本杀目录,228,https://pan.baidu.com/s/1wL_78plmCSvVqTDmgM3oiQ,6
雨中的钟楼,雨中的钟楼（6人封闭）,狐小狸剧本杀目录,229,https://pan.baidu.com/s/1h67XHVX29_IsK9MdHCRyrw,6
参商,参商（7人开放）,狐小狸剧本杀目录,230,https://pan.baidu.com/s/1Zh8AdSQ9md8j4NQApj5IdA,7
情堕教坊司,情堕教坊司（8人开放）,狐小狸剧本杀目录,231,https://pan.baidu.com/s/1EXDV0K8eIM14EsVyjzcchw,8
山鬼,山鬼（8人开放）,狐小狸剧本杀目录,232,https://pan.baidu.com/s/1bFRa0e9i-PatTzelU50oEg,8
阳关客栈,阳关客栈(8人开放),狐小狸剧本杀目录,233,https://pan.baidu.com/s/1GLmCTwPgm4rKmQrKvzZTMQ,8
大胥秘史,大胥秘史（7-8人开放）,狐小狸剧本杀目录,234,https://pan.baidu.com/s/1DP49C9yJSktflCFCKxlIvQ,7|8
凝视深渊,凝视深渊（6人封闭）,狐小狸剧本杀目录,235,https://pan.baidu.com/s/1Nz0xgGq3KpnDyrsFnZYJlg,6
西部惊魂,西部惊魂（10人开放）,狐小狸剧本杀目录,236,https://pan.baidu.com/s/1eBbGimJwnyoAPCkNC7prYQ,10
跌落的玫瑰完美版,跌落的玫瑰完美版（7人半开放）,狐小狸剧本杀目录,237,https://pan.baidu.com/s/1r1wC0NWzFw2Z_8yXuFQjkg,7
校园不可思议事件,校园不可思议事件（5人封闭）,狐小狸剧本杀目录,238,https://pan.baidu.com/s/1aYZKY5piRVDBN4ThN3csLA,5
高中同学聚会,高中同学聚会（8人封闭）,狐小狸剧本杀目录,239,https://pan.baidu.com/s/1tCYRXFle7yzPJXqZl1NVrw,8
雨中别墅,雨中别墅（9人开放）,狐小狸剧本杀目录,240,https://pan.baidu.com/s/1kpbB4G0pSRMRkyJdP3FIrg,9
罪恶,罪恶（4人封闭）,狐小狸剧本杀目录,241,https://pan.baidu.com/s/16dXRa9ynpq0nifHmKF_JcQ,4
盛典前夜,盛典前夜(5人封闭),狐小狸剧本杀目录,242,https://pan.baidu.com/s/1r67iD7uHaCRZT6UsheGbGA,5
江夏劫,江夏劫（5人封闭）,狐小狸剧本杀目录,243,https://pan.baidu.com/s/1-NFzYV8vq6hPBIGPupVRZA,5
太空谋杀案,太空谋杀案（7人开放）,狐小狸剧本杀目录,244,https://pan.baidu.com/s/1PIgpQxqwIJw0Op7H0JcK0g,7
死亡面具,死亡面具（6人开放）,狐小狸剧本杀目录,245,https://pan.baidu.com/s/1Y7KSz82VeNw6Y2LyC-Ak1Q,6
红影,红影（5人封闭）,狐小狸剧本杀目录,246,https://pan.baidu.com/s/1ahTIKFlOG8nhr7d_nxX3XQ,5
盘山寺,盘山寺（10人开放）,狐小狸剧本杀目录,247,https://pan.baidu.com/s/1UtIlSbbftHu01u3YL6Xryw,10
死亡数字,死亡数字（6人开放）,狐小狸剧本杀目录,248,https://pan.baidu.com/s/1_f9ItvMuESpw5501hm0dUg,6
宫心计,宫心计（9人开放）,狐小狸剧本杀目录,249,https://pan.baidu.com/s/1i1M8_g_NqIlual73BQvhCw,9
人吃人,人吃人（4人封闭）,狐小狸剧本杀目录,250,https://pan.baidu.com/s/1CmSl-Ukg3fM5N-ynSpdbkA,4
狼人之血,狼人之血（7-8人开放）,狐小狸剧本杀目录,251,https://pan.baidu.com/s/1DKX6i_hsanPHHi1CnBjGvw,7|8
古堡迷踪,古堡迷踪（6人封闭）,狐小狸剧本杀目录,252,https://pan.baidu.com/s/12jtOzbF16xZl330lCH2Xig,6
万灵血,万灵血（6人封闭）,狐小狸剧本杀目录,253,https://pan.baidu.com/s/1BvbnOzMdao1oJG-4bfsQRA,6
吸血鬼系列-鲜血盛宴,吸血鬼系列-鲜血盛宴（9人开放）,狐小狸剧本杀目录,254,https://pan.baidu.com/s/1p1JxLNKUyH2TD45TRVmzCQ,9
元帝之殇,元帝之殇 （5人开放）,狐小狸剧本杀目录,255,https://pan.baidu.com/s/1uyPJiqcMfi01q_nwHjmcUw,5
博物馆奇妙夜,博物馆奇妙夜（6人明星大侦探）,狐小狸剧本杀目录,256,https://pan.baidu.com/s/1AyZYrpPIp_-wyUbfld3Geg,6
无间旅途,无间旅途（4人封闭）,狐小狸剧本杀目录,257,https://pan.baidu.com/s/1gHAi9BhyJNym6D_vWDGWvA,4
绝命阳光号,绝命阳光号（4人封闭）,狐小狸剧本杀目录,258,https://pan.baidu.com/s/1y7y2AqGgjW1QD9qWS7lJmQ,4
和平饭店,和平饭店（5人封闭）,狐小狸剧本杀目录,259,https://pan.baidu.com/s/1LSiEgC93qdHKj4D4dmWSNw,5
归来,归来（7人开放）,狐小狸剧本杀目录,260,https://pan.baidu.com/s/1JSgKiE5VHqbe1VqGRrGBEg,7
开膛手杰克,开膛手杰克（8人开放）,狐小狸剧本杀目录,261,https://pan.baidu.com/s/1YBrHgHp00oSfaH_2Dx-qvw,8
江湖客栈,江湖客栈（4人封闭）,狐小狸剧本杀目录,262,https://pan.baidu.com/s/1BJVzFm6Nl5EvVRDcBbISFg,4
宝阁惊奇,宝阁惊奇（7人开放）,狐小狸剧本杀目录,263,https://pan.baidu.com/s/1OwAXeLyaDmmN_3YHGWKx5A,7
惊魂首映,惊魂首映（5人封闭）,狐小狸剧本杀目录,264,https://pan.baidu.com/s/13tECG33QFrM6VQmx0GXa4w,5
天命,天命（5-6人封闭）,狐小狸剧本杀目录,265,https://pan.baidu.com/s/1xMquxu3AeRBzh8pH0y98KQ,5|6
意大利手枪面,意大利手枪面（8人封闭）,狐小狸剧本杀目录,266,https://pan.baidu.com/s/1s6Ci-FuUv0A0IA1k1zTt9w,8
雪玉山,雪玉山（5人封闭）,狐小狸剧本杀目录,267,https://pan.baidu.com/s/128pgsKOjtRryLBC0EEJJaw,5
腥火燎园,腥火燎园（8人开放）,狐小狸剧本杀目录,268,https://pan.baidu.com/s/1Y61hxQZg-omWRH6K9-R3pA,8
南越王陵完美版,南越王陵完美版（7人半开放）,狐小狸剧本杀目录,270,https://pan.baidu.com/s/1ISVnmcCoIMclUeGSupEMPw,7
致命圣诞夜,致命圣诞夜（5人封闭）,狐小狸剧本杀目录,271,https://pan.baidu.com/s/1nFJP2yNrhSD5TchX2vpL5Q,5
病毒,病毒（4人封闭）,狐小狸剧本杀目录,272,https://pan.baidu.com/s/1sh7Xv0g8nGo0zz25hql31Q,4
颍汝流风,颍汝流风（5人封闭）,狐小狸剧本杀目录,274,https://pan.baidu.com/s/1v-m5ISdPod-IS0wYqxQXbw,5
霍格沃兹的阴影,霍格沃兹的阴影（6人开放）,狐小狸剧本杀目录,275,https://pan.baidu.com/s/174tk5yRlR6vIZRUQDKmpZg,6
金陵风云,金陵风云（9-10人开放）,狐小狸剧本杀目录,276,https://pan.baidu.com/s/1kggftmITDKfP5vQZ6GkKdQ,9|10
董事长之死,董事长之死（7人开放）,狐小狸剧本杀目录,277,https://pan.baidu.com/s/1YkIc88sy12VNQqFwt8aOXg,7
兽心,兽心（6-7人开放）,狐小狸剧本杀目录,278,https://pan.baidu.com/s/1c7FrE1Yo3J2rUVaXNWuXuQ,6|7
龙城拍卖会,龙城拍卖会（6人开放）,狐小狸剧本杀目录,279,https://pan.baidu.com/s/1kMyz5kdgkE0QfFHBiFkE5Q,6
暗巷,暗巷（7人开放）,狐小狸剧本杀目录,281,https://pan.baidu.com/s/1tLhhbhTBlkM_iuFE5oEsSQ,7
请回答1998,请回答1998（6人明星大侦探）,狐小狸剧本杀目录,282,https://pan.baidu.com/s/1E4OsAg6ZuugYOnLNtB1oSg,6
鸿运非运,鸿运非运（6人开放）,狐小狸剧本杀目录,284,https://pan.baidu.com/s/1XKlcZgLxZfnetLKpxp_axQ,6
冲不上的云霄,冲不上的云霄（6人明星大侦探）,狐小狸剧本杀目录,285,https://pan.baidu.com/s/1rzDt3U2CsC_b9LragWCW1Q,6
月光下的诅咒,月光下的诅咒（8人封闭）,狐小狸剧本杀目录,286,https://pan.baidu.com/s/1GydnkV2_U65JlgtXwo0ydQ,8
诛心太平间,诛心太平间（5人封闭）,狐小狸剧本杀目录,287,https://pan.baidu.com/s/1KFYOmxb55uOl7MDmKj1pbQ,5
西门变,西门变（5人封闭）,狐小狸剧本杀目录,288,https://pan.baidu.com/s/1EtTwAgsjchVXCNWECcn9ig,5
暴风雪山庄,暴风雪山庄（8-9人开放）,狐小狸剧本杀目录,289,https://pan.baidu.com/s/1_vo6lEBFeKeNvDb4M8AoMw,8|9
人间,人间（6人封闭）,狐小狸剧本杀目录,291,https://pan.baidu.com/s/1FtuYczhcKzkV_TP_KXpOMQ,6
老槐树,老槐树（6人开放）,狐小狸剧本杀目录,293,https://pan.baidu.com/s/1G4c4MJaZMmPBqCnhrIrOwA,6
乐声,乐声（5人封闭）,狐小狸剧本杀目录,294,https://pan.baidu.com/s/1owKdizIKP6FPEwH8yfrnUQ,5
朱颜雪泪,朱颜雪泪（8人开放）,狐小狸剧本杀目录,295,https://pan.baidu.com/s/1dtnI_SmSwKUvltlK47IXTg,8
未知客人,未知客人（7人开放）,狐小狸剧本杀目录,296,https://pan.baidu.com/s/1kCn5IOVh4HQT2z1l187hhg,7
羽生夜谈,羽生夜谈（完整版6人半开放）,狐小狸剧本杀目录,297,https://pan.baidu.com/s/1C7yUeb8vR7ETcClDr4WQMw,6
瀛海笙歌,瀛海笙歌（7人开放）,狐小狸剧本杀目录,298,https://pan.baidu.com/s/1qpIITSY779yiSaxkeMmCQA,7
盲人监狱,盲人监狱（5人开放）,狐小狸剧本杀目录,299,https://pan.baidu.com/s/1rfVpidugtA4GQh2EPo1VeA,5
山姥传,山姥传（6人开放）,狐小狸剧本杀目录,300,https://pan.baidu.com/s/1ejDxBvVGgjz7MmPSo9Az9g,6
藏山雪,藏山雪（7人开放）,狐小狸剧本杀目录,301,https://pan.baidu.com/s/14QUPQyFB7_e3cItOTZicMg,7
三国新演义,三国新演义（7人开放）,狐小狸剧本杀目录,302,https://pan.baidu.com/s/1bOjZXuscQ2uTHyeJRv8NGw,7
欲海弥撒,欲海弥撒（8人开放）,狐小狸剧本杀目录,303,https://pan.baidu.com/s/10G44cUdrelneNenliqZ0GQ,6
sevenjsb院,sevenjsb院（6人半开放）,狐小狸剧本杀目录,304,https://pan.baidu.com/s/1_Lgb-_Bm_bPEQwNPpKUPGw,6
幽凝,幽凝（6人开放）,狐小狸剧本杀目录,305,https://pan.baidu.com/s/1I7ti52AskXixHCy0L2jp2w,6
王府百年,王府百年（7-9人开放）,狐小狸剧本杀目录,306,https://pan.baidu.com/s/14p-_RsEu8xfUxrA4b01RJw,7|8|9
幕后玩家,幕后玩家（6人开放）,狐小狸剧本杀目录,307,https://pan.baidu.com/s/1_KQ5GaxmDeexJe71WrKRVg,6
泡芙庄园,泡芙庄园（7人开放）,狐小狸剧本杀目录,308,https://pan.baidu.com/s/1ccdYkfbgujFRcE1CUf7yTA,7
反光,反光（6人开放）,狐小狸剧本杀目录,309,https://pan.baidu.com/s/1E5oXiE_DjFnMhrByWX81fQ,6
长藤凶宅,长藤凶宅（6-7人半开放）,狐小狸剧本杀目录,310,https://pan.baidu.com/s/1Xh-Rszv1QGAEuLP-CNzg-w,6|7
凤求凰,凤求凰（完整高清7人半开放）,狐小狸剧本杀目录,311,https://pan.baidu.com/s/1J77vQQsALY_YaMKXPgg3Jw,7
业火馆事件,业火馆事件（6人开放）,狐小狸剧本杀目录,312,https://pan.baidu.com/s/1KaL56mjcrYJqOZK2NB7u4A,6
记忆碎片,记忆碎片 （高清版7人开放）,狐小狸剧本杀目录,313,https://pan.baidu.com/s/1qzsn-eAPhoDsii8xl0nKyw,7
十字路口,十字路口（7人开放）,狐小狸剧本杀目录,314,https://pan.baidu.com/s/1-LuK3d5qrX1jpWhcxnggOg,7
坠入深渊,坠入深渊（7人半开放）,狐小狸剧本杀目录,315,https://pan.baidu.com/s/18m-Cujm_RG0bzzLjzJsnGQ,7
丹心海棠,丹心海棠（6人半开放）,狐小狸剧本杀目录,316,https://pan.baidu.com/s/1iXqOFk89g3TgxAbSE5yYtQ,6
沉怨雪,沉怨雪（7人半开放）,狐小狸剧本杀目录,317,https://pan.baidu.com/s/1QJqzBe0Lno4MNHrt021G8Q,7
推理馆奇妙夜,推理馆奇妙夜（6人开放）,狐小狸剧本杀目录,318,https://pan.baidu.com/s/1Gd9AWZpxexz4jMsu2ngAKA,6
恶魔拷问屋,恶魔拷问屋,狐小狸剧本杀目录,319,https://pan.baidu.com/s/19sqGOtQuk7S3gPTlCvj0cA,8
母系氏族,母系氏族（8人开放）,狐小狸剧本杀目录,320,https://pan.baidu.com/s/11yNmsY_J9RPZl4mWcF7FpA,8
派克戴维斯号,派克戴维斯号（7人封闭）,狐小狸剧本杀目录,321,https://pan.baidu.com/s/1I1uD1vk4gstt3aWP0ELUdA,7
梨花旅店,梨花旅店（6人封闭）,狐小狸剧本杀目录,322,https://pan.baidu.com/s/1ZbqraaggwhQHEZv4-PaYSw,6
魔狐魅影,魔狐魅影（6人开放）,狐小狸剧本杀目录,323,https://pan.baidu.com/s/1dKGU4DiDLkr-YtXij8b3dw,6
步步莲华,步步莲华（7-8人半开放）,狐小狸剧本杀目录,324,https://pan.baidu.com/s/1_XUHb88IL15Q6mpphpadVQ,7|8
孽岛疑云完整版,孽岛疑云完整版（5人半开放）,狐小狸剧本杀目录,325,https://pan.baidu.com/s/1ARhpEaKt3g1d8H0ozZO_XQ,5
暗影计划2,暗影计划2（6人开放）,狐小狸剧本杀目录,326,https://pan.baidu.com/s/1O3JfLqh8FbvsKPpRIRr1rQ,6
吉野家杀人事件,吉野家杀人事件（6人封闭）,狐小狸剧本杀目录,327,https://pan.baidu.com/s/1ocGHJmyfyDvJCyn7XnVIDQ,6
白guan,白guan（6人半开放）,狐小狸剧本杀目录,328,https://pan.baidu.com/s/11J1De-w6MrQ0U8dAAFJaWQ,6
凤舞九天,凤舞九天（8人半开放）,狐小狸剧本杀目录,329,https://pan.baidu.com/s/1wX1TD-8R43ZSaZ5_yF74bA,8
春雪琵琶行,春雪琵琶行（8人开放）,狐小狸剧本杀目录,330,https://pan.baidu.com/s/1roJt75b2O29GCDqMOrYrJg,8
儿童劫,儿童劫（6人半开放）,狐小狸剧本杀目录,331,https://pan.baidu.com/s/1eIbYLNsrjWPfBj7gswSVNw,6
紫藤夫人,紫藤夫人（修订版6人半开放）,狐小狸剧本杀目录,332,https://pan.baidu.com/s/1VaY7ue1Z_b_UdtxsxIdopw,6
堂下何人,堂下何人（8人开放）,狐小狸剧本杀目录,333,https://pan.baidu.com/s/1tgzc8lzIGSFLhE2yXcs_zA,8
殊途,殊途,狐小狸剧本杀目录,334,https://pan.baidu.com/s/1dfnLkpqy49QiBja8JCTXmQ,6
沧海遗珠,沧海遗珠（8人半开放）,狐小狸剧本杀目录,335,https://pan.baidu.com/s/14x5XVEWfG1_d_C9634dZsQ,8
盖弥书院,盖弥书院（7人开放）,狐小狸剧本杀目录,336,https://pan.baidu.com/s/1EPEilJthI49x-UodYenBxw,8
恶果,恶果（高清6人开放）,狐小狸剧本杀目录,337,https://pan.baidu.com/s/1jzsH1mPgfYr-7ZxeBsfArA,7
姑娘,姑娘（6人开放）,狐小狸剧本杀目录,338,https://pan.baidu.com/s/1GpHUa38TkRJrGFt-t5i53w,6
凌汛,凌汛（7人开放）,狐小狸剧本杀目录,339,https://pan.baidu.com/s/1bOtyGZba9VyPjp8mgnjTCQ,7
天香楼,天香楼（7人半开放）,狐小狸剧本杀目录,340,https://pan.baidu.com/s/1hJ4hR_9GH1Mg24Oq8Z4EEg,7
喋血黄昏,喋血黄昏（7人开放）,狐小狸剧本杀目录,341,https://pan.baidu.com/s/1eyBTC_YABSivPtZhCDZ8zQ,7
心理咨询师,心理咨询师（5人开放）,狐小狸剧本杀目录,342,https://pan.baidu.com/s/1F7DBgPTvMSWRhLZB561-cg,5
桃园古宅,桃园古宅（完整版7人半开放）,狐小狸剧本杀目录,343,https://pan.baidu.com/s/1LHy1SsmKdb6XQgTMZfx43g,7
泥潭,泥潭（完整版7人开放）,狐小狸剧本杀目录,344,https://pan.baidu.com/s/1EvP7UUElXrBUp0UFyK3Gqg,7
头7,头7（6人半开放）,狐小狸剧本杀目录,345,https://pan.baidu.com/s/1dHJQnBIJ1NHteKMTlPTeKA,6
桃花扇,桃花扇（6人开放）,狐小狸剧本杀目录,346,https://pan.baidu.com/s/190lzxp8vbsmIEK-4sakzsQ,6
令花移,令花移（6人封闭）,狐小狸剧本杀目录,347,https://pan.baidu.com/s/1zfG-BWKnwHr8ggvuqej6lg,6
礼佛,礼佛（6人开放）,狐小狸剧本杀目录,348,https://pan.baidu.com/s/1vdhbkejq0L1OHpuuq4xjiQ,6
星座怪谈,星座怪谈（7人开放）,狐小狸剧本杀目录,349,https://pan.baidu.com/s/1GiNvy_3DzwfN6f2_cLrD_A,7
训狗人,训狗人（8人开放）,狐小狸剧本杀目录,350,https://pan.baidu.com/s/1Yr9ZAb7fCEBNIzE68UwQmw,8
沙缁迷藏,沙缁迷藏（7人开放）,狐小狸剧本杀目录,351,https://pan.baidu.com/s/1kWxnW7Kq1pP5v_CI79gVQQ,7
雪与腥,雪与腥（9人半开放）,狐小狸剧本杀目录,352,https://pan.baidu.com/s/1wEIHuv1eeXO57k2hoMkIug,9
打狗棒,打狗棒（6人开放）,狐小狸剧本杀目录,353,https://pan.baidu.com/s/1-OOSKFOvv7EGIQRXgH03zQ,6
暮云春树,暮云春树（8人半开放）,狐小狸剧本杀目录,354,https://pan.baidu.com/s/1rjz0vhInkUD8OUnYB-wGKw,8
馒头山论剑,馒头山论剑（7人开放）,狐小狸剧本杀目录,355,https://pan.baidu.com/s/15DsZyjxwV2H-2bzvWWK_ww,7
老楼,老楼（6人开放）,狐小狸剧本杀目录,356,https://pan.baidu.com/s/1xjnqCjrwNDgyPZGksPvc2w,6
家宴,家宴（6人半开放）,狐小狸剧本杀目录,357,https://pan.baidu.com/s/1FMWen19eB9C22EjLASPQ0A,6
雪目,雪目（6人开放）,狐小狸剧本杀目录,358,https://pan.baidu.com/s/1qfeU8bpcthxuIIx8RwM-MA,6
大唐画师案,大唐画师案（6人开放）,狐小狸剧本杀目录,359,https://pan.baidu.com/s/1bEX5M1HUjYkz6OG5veMVpQ,6
恒河部落,恒河部落（7人半开放）,狐小狸剧本杀目录,360,https://pan.baidu.com/s/1j5n4XWEBGyvApjY2blvOnA,7
赤红之瞳,赤红之瞳（7人开放）,狐小狸剧本杀目录,361,https://pan.baidu.com/s/1kFZKRXiJIZuln9LqkPDs3A,7
0217,0217（6-7人开放）,狐小狸剧本杀目录,362,https://pan.baidu.com/s/1L093dCINcuAOcIz-VsD0jA,6|7
魂断太武阁,魂断太武阁（7人半开放）,狐小狸剧本杀目录,363,https://pan.baidu.com/s/1iuogB-3IHddiH8dTL2Sihg,7
假面舞会,假面舞会（6人封闭）,狐小狸剧本杀目录,364,https://pan.baidu.com/s/1kurpOAdEaC9emZCiCG_W6w,6
狸猫换太子,狸猫换太子（6人开放）,狐小狸剧本杀目录,365,https://pan.baidu.com/s/1tT5wVinb3JLK1IlBPFUFQg,6
恶意,恶意（5人开放）,狐小狸剧本杀目录,366,https://pan.baidu.com/s/1CUrM6Ms1kGo9IaiKKHPSQw,5
幽林群岛,幽林群岛（6人封闭）,狐小狸剧本杀目录,367,https://pan.baidu.com/s/1QUVC1sB8-BfG9SUL8uICEw,6
三界之下,三界之下（6人开放）,狐小狸剧本杀目录,368,https://pan.baidu.com/s/18ju9E-hzUSqB6-ASXPDkrQ,6
皇宫鬼戏,皇宫鬼戏（7人开放）,狐小狸剧本杀目录,369,https://pan.baidu.com/s/1oCXO0EuH6LQV1OMV9vFG7A,7
红楼越梦,红楼越梦（6-7人开放）,狐小狸剧本杀目录,370,https://pan.baidu.com/s/1_wC9CkoA4U9i2gOtqdQxYA,6|7
林湾宅,林湾宅（修订版6人半开放）,狐小狸剧本杀目录,371,https://pan.baidu.com/s/1vDO5q-wlIEI8Xpu0QO1rFw,6
青衣怪谈,青衣怪谈2 7人开放,狐小狸剧本杀目录,372,https://pan.baidu.com/s/1yH0u27dEG9mLBbBOHVdvxg,7
咒乐园,咒乐园（6人半开放）,狐小狸剧本杀目录,373,https://pan.baidu.com/s/13kbYAjHno6ZJteYYNtfh4w,6
局,局（5人开放）,狐小狸剧本杀目录,374,https://pan.baidu.com/s/1SngXenQ9xbNobvfB-_TdLw,5
瑾园孤花,瑾园孤花（6人半开放）,狐小狸剧本杀目录,376,https://pan.baidu.com/s/1oZWKy-VpgnL9kJWxaUCmcQ,6
血戮歌谣,血戮歌谣（10人开放）,狐小狸剧本杀目录,377,https://pan.baidu.com/s/1irv4p8FPxrJ-WlUKtghZaQ,10
安娜的橱窗,安娜的橱窗（7人开放）,狐小狸剧本杀目录,378,https://pan.baidu.com/s/130YYZAQ4S20daehbzM5FGg,7
蛊魂铃,蛊魂铃（6人开放）,狐小狸剧本杀目录,379,https://pan.baidu.com/s/1EdoElOc28nRmACVydTeIUg,6
珠帘异梦,珠帘异梦（6人半开放）,狐小狸剧本杀目录,380,https://pan.baidu.com/s/1gBqYsczTNJxzaqvvbk1qiA,6
黑夜之下,黑夜之下（6人开放）,狐小狸剧本杀目录,381,https://pan.baidu.com/s/17XLUBnP8uq4B-byndz82Yw,6
桃源归梦完美版,桃源归梦完美版（8人半开放）,狐小狸剧本杀目录,382,https://pan.baidu.com/s/1hjt4C25MHa6dWwZsAphWDA,8
曲终大唐安,曲终大唐安（8人开放）,狐小狸剧本杀目录,383,https://pan.baidu.com/s/1Ii0hDwLiGO9c47KuPwHccw,8
梦山,梦山（6人封闭）,狐小狸剧本杀目录,384,https://pan.baidu.com/s/1IoVG7nmUhUisr0khT-BlJQ,6
曙光之末,曙光之末（5人开放）,狐小狸剧本杀目录,385,https://pan.baidu.com/s/1am17JvtcfcrM2Rhv-6xI9g,5
貔貅镇,貔貅镇（6人开放）,狐小狸剧本杀目录,386,https://pan.baidu.com/s/1meLFSrC-AfujRzBDLhYhgw,6
消失的尸体,消失的尸体（5人开放）,狐小狸剧本杀目录,387,https://pan.baidu.com/s/1GZaDXVh30feBidLJzrc2rQ,5
水袖情,水袖情（6人半开放）,狐小狸剧本杀目录,388,https://pan.baidu.com/s/1yGsD9R2GukL-8RvN8rLjcw,6
困兽,困兽（5-7人开放）,狐小狸剧本杀目录,389,https://pan.baidu.com/s/172f7WHPugJimX6qZI4N3dg,5|6|7
新屋,新屋（6人开放）,狐小狸剧本杀目录,390,https://pan.baidu.com/s/1TPCvB7qcQASwUhKNRqqABw,6
烬,烬（6人开放）,狐小狸剧本杀目录,391,https://pan.baidu.com/s/1K64OfmM-c798puVUaklVUQ,6
费马的审判,费马的审判,狐小狸剧本杀目录,392,https://pan.baidu.com/s/1lvZe78VfvsAR34wTZBXZaA,6
麋鹿,麋鹿（6人开放）,狐小狸剧本杀目录,393,https://pan.baidu.com/s/1Mif4vabSFlxamsnI1pdMNw,6
金陵宫阙,金陵宫阙（7人开放）,狐小狸剧本杀目录,394,https://pan.baidu.com/s/1rM2tmu40PTEykLsgzFm56w,7
seven精神病院2,seven精神病院2（5人开放）,狐小狸剧本杀目录,395,https://pan.baidu.com/s/1QltvyeCCL5e0gx7SwFQv1g,5
盛宴,盛宴（7人半开放）,狐小狸剧本杀目录,396,https://pan.baidu.com/s/1Ygrqa4RLoR8hc15DrxzlVg,7
袖珍骑士之死,袖珍骑士之死（6人半开放）,狐小狸剧本杀目录,397,https://pan.baidu.com/s/1X5VLS1MxPWyxpAn0dx7atA,6
赌技奇谈-修正版,赌技奇谈-修正版（6人开放）,狐小狸剧本杀目录,398,https://pan.baidu.com/s/1EOtXLe1xu8iZbsEnzu2trg,6
无咎,无咎（6人开放）,狐小狸剧本杀目录,399,https://pan.baidu.com/s/13J9VfdpeCreF4caa8CizfA,6
渊,渊（7人半开放）,狐小狸剧本杀目录,400,https://pan.baidu.com/s/1CBiGeCw87WQ93zmogEOIwg,7
高家大院,高家大院（8人本）,狐小狸剧本杀目录,401,https://pan.baidu.com/s/1GtXafF5UpLnbMX5psRqGYA,8
捞尸人,捞尸人（6人开放）,狐小狸剧本杀目录,402,https://pan.baidu.com/s/1zENqQcp3JBOT7jalovndoQ,6
我的同学才不可能是妖怪,我的同学才不可能是妖怪（ 7人开放）,狐小狸剧本杀目录,403,https://pan.baidu.com/s/13SivGIJleZ2FqObhPTbKCw,7
春天高校,春天高校（7人开放）,狐小狸剧本杀目录,404,https://pan.baidu.com/s/1CVp2_5EVgigdrWSxWl7uaw,7
猎狼,猎狼（6人开放）,狐小狸剧本杀目录,405,https://pan.baidu.com/s/1i1t-WXdOAwEEojjgfMGM6Q,6
心妖录之柳鬼,心妖录之柳鬼（5人开放）,狐小狸剧本杀目录,406,https://pan.baidu.com/s/1rigbgieYaTcDUo9haiSXMA,5
疯狂美食节,疯狂美食节 （8人开放）,狐小狸剧本杀目录,407,https://pan.baidu.com/s/19b2ER8ATEhbqLww2cCxyoA,8
迷途的羔羊,迷途的羔羊（6人半开放）,狐小狸剧本杀目录,408,https://pan.baidu.com/s/1Zv5feaS4f_1VNgt3xhbStg,6
沉塘,沉塘 (8人开放),狐小狸剧本杀目录,409,https://pan.baidu.com/s/1HPE7bZhAnw1I69y0muVd4w,8
救救孩子,救救孩子（6人半开放）,狐小狸剧本杀目录,410,https://pan.baidu.com/s/1pAtXL-exLY7ZWBEvxVg0Wg,6
天启,天启（7人半开放）,狐小狸剧本杀目录,411,https://pan.baidu.com/s/1CKCHXNL9xBDBptI_ciez9Q,7
凉凉,凉凉（6人开放）,狐小狸剧本杀目录,412,https://pan.baidu.com/s/1HWxl7k4FmT6TFmXDPxg8yA,6
诡楼异事,诡楼异事（6人封闭）,狐小狸剧本杀目录,413,https://pan.baidu.com/s/1_UQ_njRNcRpCvE2SekAipw,6
来自乡下的你,来自乡下的你（6人开放）,狐小狸剧本杀目录,414,https://pan.baidu.com/s/1LgmRLt9f3WwacSn-RhhJVQ,6
洛希极限,洛希极限（4人开放）,狐小狸剧本杀目录,415,https://pan.baidu.com/s/1g7VFJuZVwdKxhoUdqQTHPQ,4
消失的客人,消失的客人（5人开放）,狐小狸剧本杀目录,416,https://pan.baidu.com/s/1h15XTT7bHMlnd_Oix8qjWw,5
上海滩风云,上海滩风云（5人开放）,狐小狸剧本杀目录,417,https://pan.baidu.com/s/1MRKRZprPMxjelwhdtIvEDA,5
雪夜怪谈,雪夜怪谈（6人半开放）,狐小狸剧本杀目录,418,https://pan.baidu.com/s/1vctqMiDLvoDbSmzYfooIPQ,6
嗜血黄昏,嗜血黄昏 7人开放,狐小狸剧本杀目录,419,https://pan.baidu.com/s/1uwnHrGsmBKcF6TmWHtxoeQ,7
人魈传说,人魈传说（5人开放）,狐小狸剧本杀目录,420,https://pan.baidu.com/s/1f3FNTkhpBtnDdoKx-DboVQ,5
不止一日,不止一日（6人开放）,狐小狸剧本杀目录,421,https://pan.baidu.com/s/1tZhGf8sdiUTFarZlsIcCrg,6
浮世绘,浮世绘（8人开放）,狐小狸剧本杀目录,422,https://pan.baidu.com/s/1BOrZZcGRoqe9nZpyKNj4lw,8
温柔梦乡,温柔梦乡（7人开放）,狐小狸剧本杀目录,423,https://pan.baidu.com/s/1WvKWSmnJVNqBVPAQcHY53g,7
未知旅程,未知旅程（6人开放）,狐小狸剧本杀目录,424,https://pan.baidu.com/s/1mXH8eN6ODkf-zku3Frl8oA,6
暗至微光,暗至微光（8人半开放）,狐小狸剧本杀目录,425,https://pan.baidu.com/s/137pwCr0_EWJ92ih1ikSBKw,8
无妄,无妄（6人开放）,狐小狸剧本杀目录,426,https://pan.baidu.com/s/1AAie8NIH4J08tuKW0upK4g,6
冥婚,冥婚（6人封闭）,狐小狸剧本杀目录,427,https://pan.baidu.com/s/1XZlDMQfaZ-8-wkGyRKLd3A,6
IDO,IDO(5人开放),狐小狸剧本杀目录,428,https://pan.baidu.com/s/1lVMjL6aPTazJfYnsxygM-Q,5
嗜睡蔷薇,嗜睡蔷薇（6人半开放）,狐小狸剧本杀目录,429,https://pan.baidu.com/s/1iDJGc8zpmgM1qDK_jKrt8w,6
恶童,恶童 （6人开放）,狐小狸剧本杀目录,430,https://pan.baidu.com/s/1mUntcy0Xa2Be1xyftNRwLg,6
讲台上的乌鸦,讲台上的乌鸦（6人开放）,狐小狸剧本杀目录,431,https://pan.baidu.com/s/1fxBkaD91PRmwyhSH93C1WA,6
无常整理版,无常整理版（4人开放）,狐小狸剧本杀目录,432,https://pan.baidu.com/s/1oIxdpYiaSTkqx-U9LbCuJg,4
寒江愁,寒江愁 （6人开放）,狐小狸剧本杀目录,433,https://pan.baidu.com/s/1NYVb2H1StIMy2sIQ3AtZqg,6
润娘,润娘（6人开放）,狐小狸剧本杀目录,434,https://pan.baidu.com/s/1pg89tMB9Zm9dgU_iGYpKsw,6
岳麓山下,岳麓山下（6人开放）,狐小狸剧本杀目录,435,https://pan.baidu.com/s/1Ddx7C0zymTXKWC-iR7R8PA,6
幕后玩家2,幕后玩家2（6人半开放）,狐小狸剧本杀目录,436,https://pan.baidu.com/s/1Qq2GC6UeNDqVGDcYprTcOQ,6
惊魂游乐园,惊魂游乐园（5~6人开放）,狐小狸剧本杀目录,437,https://pan.baidu.com/s/1CDBa3AZTAJuqw3SkfPz3dA,5|6
隐罪,隐罪(8人开放),狐小狸剧本杀目录,438,https://pan.baidu.com/s/13teZ2W1cY81NY-z5omaD3w,8
秦淮八艳,秦淮八艳（8人半开放）,狐小狸剧本杀目录,439,https://pan.baidu.com/s/1pV9ffxeRqg_HxT3K0Iy6FQ,8
远方少年,远方少年（5人开放）,狐小狸剧本杀目录,440,https://pan.baidu.com/s/14ckMKIXj-E0GGwepNwxMUQ,5
黄河口学校,黄河口学校（7人本）,狐小狸剧本杀目录,441,https://pan.baidu.com/s/1sgBJ_N_5cC13HquyGMKlHg,7
双生,双生（6人开放）,狐小狸剧本杀目录,442,https://pan.baidu.com/s/1mf2VktLSdou50_ORbPp9lw,6
空A1774完整修订版,空A1774完整修订版（6人半开放）,狐小狸剧本杀目录,443,https://pan.baidu.com/s/1P0Y31YrL-Gw74WrTHXM6-A,6
东陵心怨,东陵心怨（7人开放）,狐小狸剧本杀目录,444,https://pan.baidu.com/s/15iU77EBcZOSqHM72JQGd2w,7
死祭完整,死祭完整（6人开放）,狐小狸剧本杀目录,445,https://pan.baidu.com/s/1NGpTcS5CyDVPcuIImtvUeQ,6
次元三角,次元三角（6人开放）,狐小狸剧本杀目录,446,https://pan.baidu.com/s/1c0U663gBsWhOi7K2hOB4Pg,6
城南旧影,城南旧影（6人半开放）,狐小狸剧本杀目录,447,https://pan.baidu.com/s/1f311LjrACQzHNfjh71oPlA,6
奠,奠（7人封闭）,狐小狸剧本杀目录,448,https://pan.baidu.com/s/11byRQlBI8PDKdFxhws102Q,7
聆听阁里叹伶仃,聆听阁里叹伶仃（6人开放式）,狐小狸剧本杀目录,449,https://pan.baidu.com/s/1J_jdThs85clB9DtRlGZJ8g,6
年轮,年轮（5人开放）,狐小狸剧本杀目录,450,https://pan.baidu.com/s/1sEo6Ote3cR30_OsgnL284Q,5
鬼语茗香,鬼语茗香(6人开放）,狐小狸剧本杀目录,451,https://pan.baidu.com/s/1CBxux9wkaBQVIhKLLENGRg,6
血缘,血缘 （6人开放）,狐小狸剧本杀目录,452,https://pan.baidu.com/s/1lOCCnbHTK0gP83y87yD55g,6
格林的花园,格林的花园（8人开放）,狐小狸剧本杀目录,453,https://pan.baidu.com/s/1niC9_qWby4C3uKn3cr9poQ,8
白塔至黑,白塔至黑（9人半开放）,狐小狸剧本杀目录,454,https://pan.baidu.com/s/1jsBVa0gbZti0p25_8OGTVA,9
苏荷,苏荷（5人开放）,狐小狸剧本杀目录,455,https://pan.baidu.com/s/1PCP5aUU7v2UdapDwghMc8g,5
吾皇在上,吾皇在上（9人开放）,狐小狸剧本杀目录,456,https://pan.baidu.com/s/1T66ch0osYwi1MBZJ4NgldQ,9
云破月来花弄影,云破月来花弄影（7人开放）,狐小狸剧本杀目录,457,https://pan.baidu.com/s/1P6YEMXHUTyzu18ftIVSoPA,7
万箭穿心,万箭穿心（7人半开放）,狐小狸剧本杀目录,458,https://pan.baidu.com/s/1vv2tqQFSlyvgbA6cIq-FOQ,7
腐生,腐生（6人开放）,狐小狸剧本杀目录,459,https://pan.baidu.com/s/1Ps7stG0Wcbye0Wm4dVpMcQ,6
狩猎之夜,狩猎之夜（8人半开放）,狐小狸剧本杀目录,460,https://pan.baidu.com/s/1EoW3V0gc62rcg47SKfyqww,8
鬼冢,鬼冢（7人开放）,狐小狸剧本杀目录,461,https://pan.baidu.com/s/1xk2U0gSEVOoDeumy7MrG3A,7
恶贯满营,恶贯满营（6人半开放）,狐小狸剧本杀目录,462,https://pan.baidu.com/s/1fpLql-m_UKfpXha1Lu89Sg,6
碧玉坠整理,碧玉坠整理（4-5人开放）,狐小狸剧本杀目录,463,https://pan.baidu.com/s/1An8cwERKo3MhFowfclEGdw,4|5
梅花青冢,梅花青冢（6人开放）,狐小狸剧本杀目录,464,https://pan.baidu.com/s/1_eWH1pvekjkGdfywR2_ewQ,6
豪门之裂镜重圆,豪门之裂镜重圆 （6人开放）,狐小狸剧本杀目录,465,https://pan.baidu.com/s/1SWcu0444M0ljGdka2DyE6g,6
蒙轻纱的处女,蒙轻纱的处女（6人半开放）,狐小狸剧本杀目录,466,https://pan.baidu.com/s/1-Ha_1fksIy6UVFOd-KasWQ,6
吉普赛女郎,吉普赛女郎 （4人开放）,狐小狸剧本杀目录,467,https://pan.baidu.com/s/18JLZmOs79p6b6BJKfFraig,4
良人归,良人归（7人开放）,狐小狸剧本杀目录,468,https://pan.baidu.com/s/1N4Eq-S5fiqjvEofmuNq8jQ,7
人事,人事（5人开放）,狐小狸剧本杀目录,469,https://pan.baidu.com/s/1l6BJ85YU8H-3U3gVDAMX1Q,5
安娜,安娜（7人半开放）,狐小狸剧本杀目录,470,https://pan.baidu.com/s/1F1I9oG5Tu2-Ge8LJW6FylA,7
蛊魂铃2临安城下,蛊魂铃2临安城下（原音频6人开放）,狐小狸剧本杀目录,471,https://pan.baidu.com/s/12daKgOQcznuA9ZW8cZDlhg,6
十洲志,十洲志（7人开放）,狐小狸剧本杀目录,472,https://pan.baidu.com/s/1WI8z43ej8JKe9IOlERUuZA,7
一一一整理版,一一一整理版（7人开放）,狐小狸剧本杀目录,473,https://pan.baidu.com/s/1c-bSPKmtMByZ3gS4KFMDKQ,7
玉中仙,玉中仙（6人开放）,狐小狸剧本杀目录,474,https://pan.baidu.com/s/1Rd3s2dOc1tOgCKWerTlWqA,6
知更鸟,知更鸟（7人半开放）,狐小狸剧本杀目录,475,https://pan.baidu.com/s/1OOvBxq3xMV5QBw4XINJYLA,7
蜀界仙梦,蜀界仙梦（7-8人开放）,狐小狸剧本杀目录,476,https://pan.baidu.com/s/1Jj875wCBTZdMJD55aLqVBA,7|8
再见卡门,再见卡门（4人开放）,狐小狸剧本杀目录,477,https://pan.baidu.com/s/1SaEnc5K8FVFdaSVU2PUx-w,4
绝命赌局,绝命赌局（7人开放）,狐小狸剧本杀目录,478,https://pan.baidu.com/s/1VdB3y8d0XO--W8K2iXK67g,7
肉身坐佛像,肉身坐佛像（8人开放）,狐小狸剧本杀目录,479,https://pan.baidu.com/s/17G7jmAPdihvP5FBh8lX5LQ,8
秘密,秘密 5人开放,狐小狸剧本杀目录,480,https://pan.baidu.com/s/1Bp-8GNiNVDVxt7ML2RcgIg,5
静止的玛利亚(6人开放-现代,静止的玛利亚（6人开放-现代-3男3女,狐小狸剧本杀目录,481,https://pan.baidu.com/s/1qnKpy6Lsr5c6HRVdhtGmgA,6
扇中仙(7人开放-古代,扇中仙（7人开放-古代-3男4女,狐小狸剧本杀目录,482,https://pan.baidu.com/s/14k2M4IgOYf_TPs2_KvINqA,7
南去北落叶(7人开放-现代,南去北落叶（7人开放-现代-6男1女,狐小狸剧本杀目录,483,https://pan.baidu.com/s/1aTQ3V_1OPn5iMLaLyYL_OA,6
安生(6人开放-情感-2男4女,安生（6人开放-情感-2男4女-,狐小狸剧本杀目录,484,https://pan.baidu.com/s/18soFoe1ZeAXBl8oDuRFEQA,6
百年好合(8人开放-近现代,百年好合（8人开放-近现代-5男3女,狐小狸剧本杀目录,485,https://pan.baidu.com/s/1NfGlz7aPAtz-sko5co6ESA,8
夜半无人时(6人开放-恐怖,夜半无人时（6人开放-恐怖-4男2女,狐小狸剧本杀目录,486,https://pan.baidu.com/s/1qIM3hY6nV8DuKuM9OWFHoA,6
棋局黑白(7人开放-警匪,棋局黑白（7人开放-警匪-5男2女,狐小狸剧本杀目录,487,https://pan.baidu.com/s/1zMSZ8vpH1N8FJy3iYYxyxg,7
家用电器杀人事件(6人开放-变格推理,家用电器杀人事件（6人开放-变格推理-5男1女,狐小狸剧本杀目录,488,https://pan.baidu.com/s/1adVCjoXOz10jD0CsqgKBCQ,6
唐伯虎(7人开放-欢乐,唐伯虎（7人开放-欢乐-4男3女,狐小狸剧本杀目录,489,https://pan.baidu.com/s/1vDULPgiqMEMzR1vLqT_qfQ,7
王府疑云(7人半开放-古装,王府疑云（7人半开放-古装-4男3女,狐小狸剧本杀目录,490,https://pan.baidu.com/s/17_azchEZ6McpP3FNBvasJQ,7
普陀裕(7人开放-灵异-4男3女,普陀裕（7人开放-灵异-4男3女-,狐小狸剧本杀目录,491,https://pan.baidu.com/s/10JD5ivSQgEvakrm8UleV4A,7
崩塌,崩塌,狐小狸剧本杀目录,492,https://pan.baidu.com/s/18uY8XieM_AiMBXIgIeVxdQ,6
蛹(7人开放-欧美-3男2女2随机,蛹（7人开放-欧美-3男2女2随机,狐小狸剧本杀目录,493,https://pan.baidu.com/s/1Td4wtHzvDVFTiNIgrl6pSQ,7
过阴(6人开放-香港,过阴（6人开放-香港-3男3女,狐小狸剧本杀目录,494,https://pan.baidu.com/s/17PYmwuwcFWHAOvYU3pmIbQ,6
浮图孽世(6人开放-变格架空-3男3女,浮图孽世（6人开放-变格架空-3男3女-,狐小狸剧本杀目录,495,https://pan.baidu.com/s/1D2A__LbeYautTkVBPMR8gA,6
野樱花事件--无人生还(7人开放-现代,野樱花事件--无人生还（7人开放-现代-5男2女,狐小狸剧本杀目录,496,https://pan.baidu.com/s/1V-WFzAUaqMSrde5M9irvBQ,7
天使的战争(5人开放-欧美,天使的战争（5人开放-欧美-4男1女,狐小狸剧本杀目录,497,https://pan.baidu.com/s/1sSWT3bwCgUo_tfzB8aqpDw,5
壁垒(7人开放-欧美,壁垒 （7人开放-欧美-4男3女,狐小狸剧本杀目录,498,https://pan.baidu.com/s/1R63x-Gz8uWE5YtDG9zcajQ,7
问米(6人开放-现代,问米（6人开放-现代-4男2女,狐小狸剧本杀目录,499,https://pan.baidu.com/s/1AT9UzLJ7HwHrNdwB8z2Jpw,6
着魔(6人开放-玄幻-4男2女,着魔（6人开放-玄幻-4男2女-,狐小狸剧本杀目录,500,https://pan.baidu.com/s/1vmHGADb2kMhU2ebbkiAEqw,6
风中有朵雨做的云(5人开放-变格-3男2女,风中有朵雨做的云（5人开放-变格-3男2女-,狐小狸剧本杀目录,501,https://pan.baidu.com/s/1RvwrjGXOsE7v6COR21gbew,5
末路超市(6人开放-末日,末路超市（6人开放-末日-3男3女,狐小狸剧本杀目录,502,https://pan.baidu.com/s/1IKwJg2VD8CiZ7wC8Q7Rtvg,6
死亡小组(6人开放-现代战争-6男,死亡小组（6人开放-现代战争-6男,狐小狸剧本杀目录,503,https://pan.baidu.com/s/1RsvyLUdXO3DFZlK0--cxTw,6
葬爱(8人开放-搞笑-4男4女,葬爱（8人开放-搞笑-4男4女-,狐小狸剧本杀目录,504,https://pan.baidu.com/s/1VkNlBDhlpCHNzGAlwXqqeA,8
咒怨(7人开放-近现代,咒怨（7人开放-近现代-3男4女,狐小狸剧本杀目录,505,https://pan.baidu.com/s/1S4Z6xmh8A7HcihHgkOcu2g,7
青玉案(7人开放-架空历史-5男2女,青玉案（7人开放-架空历史-5男2女-,狐小狸剧本杀目录,506,https://pan.baidu.com/s/165SnwzkrrnooV-6lIaof9w,7
溺亡(5人开放-现代,溺亡（5人开放-现代-3男2女,狐小狸剧本杀目录,507,https://pan.baidu.com/s/1iMK7pmbxbqL5abn9v43x-A,5
择(5人开放-架空,择（5人开放-架空-4男1女,狐小狸剧本杀目录,508,https://pan.baidu.com/s/1DFrfHAnviKxrNlrNYAypTQ,5
一出好戏(4人开放-悬疑烧脑,一出好戏（4人开放-悬疑烧脑-2男2女,狐小狸剧本杀目录,509,https://pan.baidu.com/s/1-x5pqzOx6PWqB-fbq1fVsw,4
宫殇(8人半开放-古代,宫殇 （8人半开放-古代-5男3女,狐小狸剧本杀目录,510,https://pan.baidu.com/s/1uNVNuNKVBcNFp85wTWummg,8
洪衙埕巷(7人开放-古代-5男2女,洪衙埕巷（7人开放-古代-5男2女-,狐小狸剧本杀目录,511,https://pan.baidu.com/s/1Q6X6zPZM12tiHakgDap6_A,7
奉养(6人开放-灵异-3男3女,奉养（6人开放-灵异-3男3女-,狐小狸剧本杀目录,512,https://pan.baidu.com/s/1L3LR4PuDBpQqJAebFH0xBA,6
鸢飞戾天,鸢飞戾天,狐小狸剧本杀目录,513,https://pan.baidu.com/s/1tOyoT2vejI_OxbaejXcERw,6
拼命(5人开放-警匪,拼命（5人开放-警匪-3男2女,狐小狸剧本杀目录,514,https://pan.baidu.com/s/15GfJHVsgbJrm7RmEGMtQvA,5
法老的血刑(6人开放-古埃及,法老的血刑（6人开放-古埃及-5男1女,狐小狸剧本杀目录,515,https://pan.baidu.com/s/1CWypXRxrZz_lERKbgfHwPg,6
顺和古村(10人开放-现代,顺和古村（10人开放-现代-7男3女,狐小狸剧本杀目录,516,https://pan.baidu.com/s/17cokJlsxQelDocAVQX4VOg,10
失格21克(5人开放-近现代,失格21克（5人开放-近现代-3男2女,狐小狸剧本杀目录,517,https://pan.baidu.com/s/17fFAdpPUQNUpY4KOkRJoMw,5
无相山(7人开放-灵异,无相山（7人开放-灵异-5男2女,狐小狸剧本杀目录,518,https://pan.baidu.com/s/1msoQCy9pRuU9A00FfYaLlw,7
醉三关(7人开放-近现代-5男2女,醉三关（7人开放-近现代-5男2女-,狐小狸剧本杀目录,519,https://pan.baidu.com/s/1-U3zJ3bFlbIf-azhZaHogg,7
爱者之贻(6人开放-古代,爱者之贻（6人开放-古代-4男2女,狐小狸剧本杀目录,520,https://pan.baidu.com/s/14vSx_1iNezZ0Eg5Q7i0bcw,6
朝夕村(6人开放-近现代,朝夕村（6人开放-近现代-3男3女,狐小狸剧本杀目录,521,https://pan.baidu.com/s/1jcSFao56wfOVwvYFfRE1Vw,6
隔世经年(8人开放-现代,隔世经年（8人开放-现代-6男2女,狐小狸剧本杀目录,522,https://pan.baidu.com/s/19J9sqbPd-Sgey6SrC7owmQ,8
JAY(5人开放-现代,JAY（5人开放-现代-3男2女,狐小狸剧本杀目录,523,https://pan.baidu.com/s/1JCIayhrd98tF6Kv_qzEasw,5
灵媒(6人开放-灵异,灵媒（6人开放-灵异-4男2女,狐小狸剧本杀目录,524,https://pan.baidu.com/s/1HDKUml-QK5PQkA7EO3CRwg,6
荒村(7人开放-灵异-4男3女,荒村（7人开放-灵异-4男3女-,狐小狸剧本杀目录,525,https://pan.baidu.com/s/1Gv4n2LzOx0a0Be8GVWludg,7
异魂(7人开放-变格灵异,异魂（7人开放-变格灵异-5男2女,狐小狸剧本杀目录,526,https://pan.baidu.com/s/1_aATKKzHl7jo5TS6PFRssg,7
不止有鬼(6人开放-灵异,不止有鬼（6人开放-灵异-2男4女,狐小狸剧本杀目录,527,https://pan.baidu.com/s/1fSf2qc35MNxIuNrvK6xk_g,6
一楼的尽头(5人开放-悬疑烧脑-无性别要求,一楼的尽头（5人开放-悬疑烧脑-无性别要求,狐小狸剧本杀目录,528,https://pan.baidu.com/s/1QbyXrPPH2zMqeMLcurOujw,5
全都飞起来(5人开放-欢乐,全都飞起来（5人开放-欢乐-2男3女,狐小狸剧本杀目录,529,https://pan.baidu.com/s/1SJYXS0uST76-Gomuz2dWCA,5
蚊不知(6人开放-昆虫,蚊不知（6人开放-昆虫-4男2女,狐小狸剧本杀目录,530,https://pan.baidu.com/s/1-WXc8axSgprNhviRAQVPzg,6
绑架(5人开放-现代,绑架（5人开放-现代-3男2女,狐小狸剧本杀目录,531,https://pan.baidu.com/s/1aUXUeTsvh4tccVTQ1F3bjg,5
南毛北马(8人开放-古代,南毛北马（8人开放-古代-4男4女,狐小狸剧本杀目录,532,https://pan.baidu.com/s/1iaW8mgkd4BLu1frcITDkAA,8
蒹葭(7人开放-现代,蒹葭（7人开放-现代-4男3女,狐小狸剧本杀目录,533,https://pan.baidu.com/s/1-tvWNDNzJAjxJxjN4KB6Lw,7
贺兰决(6人开放-古代-2男4女,贺兰决（6人开放-古代-2男4女-,狐小狸剧本杀目录,534,https://pan.baidu.com/s/1kE6pwhSbTcuu9BBbYgzZRQ,6
白教堂的亡灵(6人开放-欧美,白教堂的亡灵（6人开放-欧美-4男2女,狐小狸剧本杀目录,535,https://pan.baidu.com/s/1fKeFWAPMp61r7j0c49gGAg,6
找到你了(6人开放-架空,找到你了（6人开放-架空-3男3女,狐小狸剧本杀目录,536,https://pan.baidu.com/s/1Olux1fbruvOX0VcRIyuxkA,6
穿越疯人院(6人开放-现代,穿越疯人院（6人开放-现代-4男2女,狐小狸剧本杀目录,537,https://pan.baidu.com/s/1swFlZjU8N3U9ZSzpyrcsJg,6
密闭(5人开放-近现代,密闭（5人开放-近现代-3男2女,狐小狸剧本杀目录,538,https://pan.baidu.com/s/1YEsVfVLSF5hd8SS6lnfO3g,6
面剧(5人封闭-现代-3男2女,面剧（5人封闭-现代-3男2女-,狐小狸剧本杀目录,539,https://pan.baidu.com/s/1zCQAomy9mMyNAUXaq8lRPw,5
我的朋友(6人开放-变格,我的朋友（6人开放-变格-2男4女,狐小狸剧本杀目录,540,https://pan.baidu.com/s/1A5F6f0NSZmCIsMVY1bDvIw,6
明月几时有(6人开放-古代,明月几时有（6人开放-古代-4男2女,狐小狸剧本杀目录,541,https://pan.baidu.com/s/184u_CVfo-POYtA_41We5Lg,6
尘埃(6人开放-埃及,尘埃（6人开放-埃及-3男3女,狐小狸剧本杀目录,542,https://pan.baidu.com/s/1ZWVeFQ1lasXbiCxYhimdAw,6
莲花观(6人开放-架空-4男2女,莲花观（6人开放-架空-4男2女-,狐小狸剧本杀目录,543,https://pan.baidu.com/s/1r600CmLkjru9G_O6PcbW3A,6
相墓剧本(6人开放-盗墓,相墓剧本（6人开放-盗墓-4男2女,狐小狸剧本杀目录,544,https://pan.baidu.com/s/1TT97JZ9uKdBZlZLgF18CNA,6
所罗门的律法,所罗门的律法,狐小狸剧本杀目录,545,https://pan.baidu.com/s/1sanux_jjCmxexuwWqtenkw,5
新恶童(6人开放-现代,新恶童（6人开放-现代-4男2女,狐小狸剧本杀目录,546,https://pan.baidu.com/s/14neF_yf3s3vvzervRyb86A,6
白日孤灯(8人开放-现代-4男3女1随机,白日孤灯（8人开放-现代-4男3女1随机,狐小狸剧本杀目录,547,https://pan.baidu.com/s/1juRQ7bg28tJyWRUf7UT4aA,7
死岛(7人开放-哲学,死岛（7人开放-哲学-4男3女,狐小狸剧本杀目录,548,https://pan.baidu.com/s/1F625COG0SCRehBnccKE69Q,7
中东有声音(5人开放-中东,中东有声音（5人开放-中东-4男1女,狐小狸剧本杀目录,549,https://pan.baidu.com/s/1V5lDjpMrVmljlIDQF6cKzA,5
仙乂(5人开放-修真,仙乂（5人开放-修真-4男1女,狐小狸剧本杀目录,550,https://pan.baidu.com/s/1N5up3zPBZAPv6Ip4ZevYBA,5
乌托邦(6人开放-架空-4男1女1随机,乌托邦（6人开放-架空-4男1女1随机,狐小狸剧本杀目录,551,https://pan.baidu.com/s/1x6-mpJGyIDODzgVfRYBorg,6
捉迷藏(6人开放-变格灵异,捉迷藏（6人开放-变格灵异-4男2女,狐小狸剧本杀目录,552,https://pan.baidu.com/s/15JvmL57tVKFvp_OoMzOFxQ,6
凰朝(7人开放-古风阵营-5男2女,凰朝（7人开放-古风阵营-5男2女-,狐小狸剧本杀目录,553,https://pan.baidu.com/s/17SIWu8SKwGtzKhAyLdKD2w,7
养尸整理版(6人开放-恐怖,养尸 整理版（6人开放-恐怖-4男2女,狐小狸剧本杀目录,554,https://pan.baidu.com/s/1R_EZvTU2e9ujUt9QbtxICA,6
喵的名字(8人开放-架空,喵的名字（8人开放-架空-2男6女,狐小狸剧本杀目录,555,https://pan.baidu.com/s/1etS8aYppnvE1rU9AXvStKg,8
玲珑筛子(6人开放-架空,玲珑筛子（6人开放-架空-2男4女,狐小狸剧本杀目录,556,https://pan.baidu.com/s/1F7WrxQjW9Rv_7NJ8X2w57Q,6
醒来(5人开放-灵异,醒来（5人开放-灵异-3男2女,狐小狸剧本杀目录,557,https://pan.baidu.com/s/1hLiTFJpOS5pU6WjHHxj2Sw,5
狐嫁女(6~7人开放-仙侠,狐嫁女（6~7人开放-仙侠-4男3女,狐小狸剧本杀目录,558,https://pan.baidu.com/s/1p8vkj135C-6VbADsc7DPTQ,6|7
鄂西山灵(6人开放-近现代-3男3女,鄂西山灵（6人开放-近现代-3男3女-,狐小狸剧本杀目录,559,https://pan.baidu.com/s/17dhkvAmVyAeoyKhlnTym8Q,6
七里山塘(7人开放-古代,七里山塘（7人开放-古代-5男2女,狐小狸剧本杀目录,560,https://pan.baidu.com/s/1insVX8pHW6LOZD7hKtnWnA,7
黑红梅方(6人开放-欧美,黑红梅方（6人开放-欧美-3男3女,狐小狸剧本杀目录,561,https://pan.baidu.com/s/1Aa0QPmWwpcPlXKIU6bv_ZA,6
靳柯再刺秦王(9人开放-历史欢乐,靳柯再刺秦王（9人开放-历史欢乐-7男2女,狐小狸剧本杀目录,562,https://pan.baidu.com/s/1uVMlI2eF1Kyo-Z8npNcTvQ,9
雪迹7(7人开放-现代,雪迹7（7人开放-现代-5男2女,狐小狸剧本杀目录,563,https://pan.baidu.com/s/1d055-NSVFhfzrte11qYziw,7
鬼曼童(7人开放-灵异微恐,鬼曼童（7人开放-灵异微恐-5男2女,狐小狸剧本杀目录,564,https://pan.baidu.com/s/1HZuTcXGTS7TF1RsWlyYTEQ,7
枪(6人半开放-警匪,枪（6人半开放-警匪-5男1女,狐小狸剧本杀目录,565,https://pan.baidu.com/s/1xA5aDJPRdi_HhzgsvXprBg,6
畸形屋(6人开放-现代,畸形屋（6人开放-现代-3男3女,狐小狸剧本杀目录,566,https://pan.baidu.com/s/1EbCtor2NjSPFG0-IXbdU8Q,6
坠世之心(7人开放-现代,坠世之心（7人开放-现代-4男3女,狐小狸剧本杀目录,567,https://pan.baidu.com/s/1qPFbOFlEoxdrJSH12IcNsw,7
花子音视频完整版(5人开放-恐怖,花子音视频完整版（5人开放-恐怖-3男2女,狐小狸剧本杀目录,568,https://pan.baidu.com/s/1haK1tm6qmCYXP4qpyQ3G6Q,5
极乐密室(5人开放-近代,极乐密室（5人开放-近代-3男2女,狐小狸剧本杀目录,569,https://pan.baidu.com/s/1lt1XCJc9epYZIEUrQ5j3vg,5
肆零贰(5人开放-现代,肆零贰（5人开放-现代-3男2女,狐小狸剧本杀目录,570,https://pan.baidu.com/s/1DKNYn3JR-SaLoPZQ7nK_Kg,5
萌萌二次元(6人开放-小动物,萌萌二次元（6人开放-小动物-3男3女,狐小狸剧本杀目录,571,https://pan.baidu.com/s/1HxbW0SamR-PEKf_xU9mxZA,6
同学会(6人开放-现代,同学会（6人开放-现代-4男2女,狐小狸剧本杀目录,572,https://pan.baidu.com/s/1lc0Nssg-We2B8LdTDLiNaw,6
seven精神病院3(6人开放-近现代,seven精神病院3 （6人开放-近现代-4男2女,狐小狸剧本杀目录,573,https://pan.baidu.com/s/1p9s4BDWtTwVuYp5VecqgWQ,6
雪夜无声(8人开放-变格悬疑,雪夜无声 （8人开放-变格悬疑-5男3女,狐小狸剧本杀目录,574,https://pan.baidu.com/s/1lInxF2Tx2wY-7cjPqLVwlQ,8
蘼世天歌,蘼世天歌（5人开放）,狐小狸剧本杀目录,575,https://pan.baidu.com/s/1LU71FEwqbBcmlzal7YRUFA,5
阿卡姆,阿卡姆（7人开放）,狐小狸剧本杀目录,576,https://pan.baidu.com/s/1xVTF6Tc7cMqnueX6YexIeQ,7
三千鸦杀,三千鸦杀（7人开放）,狐小狸剧本杀目录,577,https://pan.baidu.com/s/1LD2z8wzH-rXJ5qa2j0uWew,7
ctm的爱情,ctm的爱情,狐小狸剧本杀目录,578,https://pan.baidu.com/s/1HUYFmal0_NXGYH1j2zGqHw,5
尸乐园,尸乐园（6人开放）,狐小狸剧本杀目录,579,https://pan.baidu.com/s/1dNT7WQmVEVSkaNBmDlQpqw,6
青楼,青楼（7人开放）,狐小狸剧本杀目录,581,https://pan.baidu.com/s/10eecBo4vEHgC2l5WqOZcUw,7
神启,神启（6人开放）,狐小狸剧本杀目录,582,https://pan.baidu.com/s/1LoS3Oh_5B7Da4UwCRZ1Bjg,6
我见,我见（6人开放）,狐小狸剧本杀目录,583,https://pan.baidu.com/s/1ZGIJKg1L2BY-de46SBfqPQ,6
欺诈者,欺诈者（6人开放）,狐小狸剧本杀目录,584,https://pan.baidu.com/s/1rAmZpj0ZcWie6Pai1l23Dw,6
今夕又何年,今夕又何年（6人开放）,狐小狸剧本杀目录,585,https://pan.baidu.com/s/1yPnq0HXpiBgDIfXyjicBrQ,6
奥利安娜游乐园,奥利安娜游乐园（8人开放）,狐小狸剧本杀目录,586,https://pan.baidu.com/s/1ZsiqGE_Vr5T_AbQlrmtAFg,8
安娜2:降临,安娜2：降临,狐小狸剧本杀目录,587,https://pan.baidu.com/s/1nuOFoCcjcDN08Z-W4t5KTg,7
焚莱森林2,焚莱森林2（7人开放）,狐小狸剧本杀目录,588,https://pan.baidu.com/s/10YU2O9jvm7Ifwnz5uXAiYw,7
原生之罪,原生之罪（7人开放）,狐小狸剧本杀目录,589,https://pan.baidu.com/s/1RYdoSJiBPdyJVam6b2EezQ,7
漫漫长夜终极版,漫漫长夜终极版（8人开放）,狐小狸剧本杀目录,590,https://pan.baidu.com/s/1bOFRByEh__5p_qmozPfiJg,8
来自澡堂的你,来自澡堂的你（7人开放）,狐小狸剧本杀目录,591,https://pan.baidu.com/s/1YwUwbSQAx58AuEjfC31sOQ,7
雪封南川,雪封南川（8人开放）,狐小狸剧本杀目录,592,https://pan.baidu.com/s/1-Q9DKeYGXCK16H_-lIc3ag,8
沉默的莫比乌斯号,沉默的莫比乌斯号（6人开放）,狐小狸剧本杀目录,593,https://pan.baidu.com/s/1zQMxk-HCTHT0Mk6v7ICUEA,6
朝别梨怨,朝别梨怨,狐小狸剧本杀目录,594,https://pan.baidu.com/s/1zAIYCFr_UTl09nImNi4rbg,7
遗作诡堡,遗作诡堡（5人开放）,狐小狸剧本杀目录,595,https://pan.baidu.com/s/1cykaCizRyn6av25J1oCUsA,5
钟点站,钟点站（6人开放）,狐小狸剧本杀目录,596,https://pan.baidu.com/s/1Qy1doA1xN_NB2xF0VLc5YA,6
现世,现世（8人开放）,狐小狸剧本杀目录,597,https://pan.baidu.com/s/10aKWvnlvrY5XjHUQdIf-NA,8
莎翁公馆,莎翁公馆（6人开放）,狐小狸剧本杀目录,598,https://pan.baidu.com/s/1e4rriGTCQircE7W7H3vtAA,6
生命线,生命线（6人开放）,狐小狸剧本杀目录,599,https://pan.baidu.com/s/1G7R4AUT7M1iCVWUTj3GS_Q,6
七情古墓,七情古墓（6人开放）,狐小狸剧本杀目录,600,https://pan.baidu.com/s/10k5XZSIHAlBohOc_8597yA,6
沉睡的证言,沉睡的证言（6人开放）,狐小狸剧本杀目录,601,https://pan.baidu.com/s/1HaS45qDony3BR4VMfUO2YQ,6
通灵师,通灵师（5人开放）,狐小狸剧本杀目录,602,https://pan.baidu.com/s/1gowgB8QqKiXLV8kpJtRxTg,5
雨疏风骤海棠依旧,雨疏风骤海棠依旧（5人开放）,狐小狸剧本杀目录,603,https://pan.baidu.com/s/1iFhSgnUvht_STAPDcq7dgw,5
寓盖弥彰,寓盖弥彰（6人开放）,狐小狸剧本杀目录,604,https://pan.baidu.com/s/1L23j7ILblOYg7ETwuhpT8A,6
掌眼,掌眼（6人开放）,狐小狸剧本杀目录,605,https://pan.baidu.com/s/1iE9iwEcT3IkMA6xnlngKQQ,6
草鬼婆,草鬼婆（8人开放）,狐小狸剧本杀目录,606,https://pan.baidu.com/s/1caT5peUfOEIEbOLZBE8fmg,8
空灵,空灵（6人开放）,狐小狸剧本杀目录,607,https://pan.baidu.com/s/1LVYLXqFW23Q2r790x0xW6A,6
血俑,血俑（6人开放）,狐小狸剧本杀目录,608,https://pan.baidu.com/s/1i9seM8w_wISnxNBM5rDsAA,6
狐后,狐后（6人开放）,狐小狸剧本杀目录,609,https://pan.baidu.com/s/1X_UK0xHVQy1R3HQJp175SQ,6
清水八幡,清水八幡（6人开放）,狐小狸剧本杀目录,610,https://pan.baidu.com/s/1VraI4s95L_PBtRHBexRD3g,6
即墨,即墨（8-10人开放）,狐小狸剧本杀目录,611,https://pan.baidu.com/s/1D91G8dSZbKf2pt3dwZieBg,8|9|10
归宿,归宿（5人开放）,狐小狸剧本杀目录,612,https://pan.baidu.com/s/1Q6tRkkn0BwJ7aqS_QFrrGA,5
脑髓炼狱,脑髓炼狱（7人开放）,狐小狸剧本杀目录,613,https://pan.baidu.com/s/1Uh56vsNOonyC80tuUOPOcA,7
精灵大劫案,精灵大劫案（7人开放）,狐小狸剧本杀目录,614,https://pan.baidu.com/s/1ttstOOZePQuTFAuyTcrRdA,7
王国巨象扫描,王国巨象扫描（8人开放）,狐小狸剧本杀目录,616,https://pan.baidu.com/s/1btWjPLgUTqdsL9ojRXl1oA,8
应许之地,应许之地（6人开放）,狐小狸剧本杀目录,618,https://pan.baidu.com/s/1GDE-n_KkpiuA7uDOT3doZQ,6
佐渡岛,佐渡岛（7人开放）,狐小狸剧本杀目录,619,https://pan.baidu.com/s/1zY-chxWudeiRXLdmnHlKrg,7
江河湖海,江河湖海（5人开放）,狐小狸剧本杀目录,620,https://pan.baidu.com/s/1gR2xYiuD0HtED9poV5-vZw,5
夜枭,夜枭,狐小狸剧本杀目录,621,https://pan.baidu.com/s/1Qnj3T7eYdr8B2JsjUv-ysQ,7
谁动了我的奶酪,谁动了我的奶酪（6人开放）,狐小狸剧本杀目录,622,https://pan.baidu.com/s/1hBwbD_kn3Yz1WU2iar-inQ,6
云复往夕,云复往夕（6人开放）,狐小狸剧本杀目录,623,https://pan.baidu.com/s/10_6LzBJxc5lO2iwOObmJeg,6
抓玛提克,抓玛提克（7人开放）,狐小狸剧本杀目录,624,https://pan.baidu.com/s/1o9M1b9TsDgnR3DfYW3-KvA,7
蝴蝶效应,蝴蝶效应（6人开放）,狐小狸剧本杀目录,625,https://pan.baidu.com/s/1Co3Np9rvyB7Mi1PeQOLKyg,6
欢迎来到菲尔斯街区,欢迎来到菲尔斯街区（6人开放）,狐小狸剧本杀目录,626,https://pan.baidu.com/s/1mji4a-kDhc4Av7rsZUJVbQ,6
柯南之死,柯南之死,狐小狸剧本杀目录,627,https://pan.baidu.com/s/1ae7y5Xkd7kBqFxnw64Mo9g,7
波旬,波旬（6人开放）,狐小狸剧本杀目录,628,https://pan.baidu.com/s/1CG1ysZQMSpsGBE9uReGXCQ,6
三寸弥音,三寸弥音（7人开放）,狐小狸剧本杀目录,629,https://pan.baidu.com/s/1lvkEZuVMXwbyJ2rlBcOV4g,7
套马,套马（7人开放）,狐小狸剧本杀目录,630,https://pan.baidu.com/s/1EbxfIcouxbErl1tLYcjOEg,7
永别了我的独角兽,永别了我的独角兽（6人开放）,狐小狸剧本杀目录,631,https://pan.baidu.com/s/1W_njxWcW1fkD6J_EoE-kXg,6
朝凤村,朝凤村（6人开放）,狐小狸剧本杀目录,632,https://pan.baidu.com/s/1mAy3cZOLUsvSW3A4QmMZoA,6
狼啸,狼啸（9人开放）,狐小狸剧本杀目录,634,https://pan.baidu.com/s/1eGvgViUBshqLwVchS_usRQ,9
逆光,逆光（7人开放）,狐小狸剧本杀目录,635,https://pan.baidu.com/s/10gLL6sI7wRJgYUmUx4_nPA,7
以你为名,以你为名（6人开放）,狐小狸剧本杀目录,636,https://pan.baidu.com/s/1MYBOlBcYaDniwDI7VUJbHQ,6
大明风华,大明风华（6人开放）,狐小狸剧本杀目录,637,https://pan.baidu.com/s/1UxoMATfP0yBGOSed5Lfugg,6
阴鬼人,阴鬼人（5人开放）,狐小狸剧本杀目录,638,https://pan.baidu.com/s/1f0z_Ukn7iDk1IBCRa8MdQw,5
寻人启事,寻人启事（5人开放）,狐小狸剧本杀目录,639,https://pan.baidu.com/s/1kYAUjgEsBrSbmk0vA_miLg,5
无故人,无故人,狐小狸剧本杀目录,640,https://pan.baidu.com/s/1C9AT0Ocu-z-uPoDGJL_Khw,6
五庄神树,五庄神树（6人开放）,狐小狸剧本杀目录,641,https://pan.baidu.com/s/1XBjiH1i1AsgG4ZNvTX5nRg,6
古镜奇谈2月染长安,古镜奇谈2月染长安（7人开放）,狐小狸剧本杀目录,642,https://pan.baidu.com/s/1GToODxnMgnkFk1rHh1TZeA,7
八神女,八神女（8人开放）,狐小狸剧本杀目录,643,https://pan.baidu.com/s/1wGZvvWpuimeD1P5OQx9NLA,8
离魂津梦,离魂津梦（6人开放）,狐小狸剧本杀目录,644,https://pan.baidu.com/s/1HcgKSyVg5f-tpyvPorQQMA,6
假面,假面（6人开放）,狐小狸剧本杀目录,645,https://pan.baidu.com/s/1Wj7nyoevCfC4IPb6S3PeWw,6
通远县,通远县（5人开放）,狐小狸剧本杀目录,646,https://pan.baidu.com/s/1AeY-fEAETAELBLn0NYDTyw,5
豆大点事物语,豆大点事物语（4人开放）,狐小狸剧本杀目录,647,https://pan.baidu.com/s/1BHewPSmDETIMNmM79DUU0Q,4
隔墙有眼,隔墙有眼（4人）,狐小狸剧本杀目录,648,https://pan.baidu.com/s/1i06LbDyAWA1WlXRevdjL4w,4
章东镇迷案,章东镇迷案（6人开放）,狐小狸剧本杀目录,649,https://pan.baidu.com/s/143VXFFCgxRbOVxTvezfBBw,6
童话镇的挽歌,童话镇的挽歌（8人开放）,狐小狸剧本杀目录,650,https://pan.baidu.com/s/1aZayvS0NDHWqDOXCZ2eX2w,8
太平剃头馆,太平剃头馆（5人开放）,狐小狸剧本杀目录,651,https://pan.baidu.com/s/1n8Wa5wYr8RjFnX610zg66w,5
古木吟2.0,古木吟2.0（6人开放）,狐小狸剧本杀目录,652,https://pan.baidu.com/s/1NQ1IlYVbwf4Z0vsfOAPnVQ,6
镇宁村,镇宁村（6人开放）,狐小狸剧本杀目录,653,https://pan.baidu.com/s/1aUC9ep77R06NEWc40aZDdw,6
往生镇1,往生镇1（6人开放）,狐小狸剧本杀目录,654,https://pan.baidu.com/s/11uc5IymEmXy4-t7FfFiNUQ,6
后天魔,后天魔（5人开放）,狐小狸剧本杀目录,655,https://pan.baidu.com/s/1LLe9-nVgm51Iz-uzVF-i3Q,5
蜕变2,蜕变2（7人开放）,狐小狸剧本杀目录,656,https://pan.baidu.com/s/1J4_5JstAJWR-dIu0pLXjoQ,7
来日方长,来日方长（6人开放）,狐小狸剧本杀目录,657,https://pan.baidu.com/s/1EH5V4nKRE76w_4kbrGoPjQ,6
天罚,天罚（6人开放）,狐小狸剧本杀目录,658,https://pan.baidu.com/s/1fXnojt2ii644YTww-ModlA,6
云卷千岚,云卷千岚（7人开放）,狐小狸剧本杀目录,659,https://pan.baidu.com/s/1IJgK8PfxI5u7-LBosrtr8w,7
骸,骸（5人开放）,狐小狸剧本杀目录,660,https://pan.baidu.com/s/1IaOZGpoPdN5avM5jD08Lfg,5
汉殇,汉殇（8人开放）,狐小狸剧本杀目录,661,https://pan.baidu.com/s/1CsKUlZ_dotPbP9KrB9DljQ,8
我要当班长,我要当班长（6人开放）,狐小狸剧本杀目录,663,https://pan.baidu.com/s/1pbEGqdKbt9L3fLv1APZICg,6
永安,永安（6人开放）,狐小狸剧本杀目录,664,https://pan.baidu.com/s/1I6Wp8ptvTY96YQmELJns4Q,6
追凶手记,追凶手记（6人开放）,狐小狸剧本杀目录,665,https://pan.baidu.com/s/1TSJ2t5YEce1ycxX0aZOZIw,6
百里黄泉,百里黄泉（6人开放）,狐小狸剧本杀目录,666,https://pan.baidu.com/s/1d_D7ljdpzr4MqdOWHwlqmA,6
沉默,沉默（6人开放）,狐小狸剧本杀目录,667,https://pan.baidu.com/s/1TinTG0KHWYxG_HyF5OzSww,6
生吞,生吞（6人开放）,狐小狸剧本杀目录,668,https://pan.baidu.com/s/1RR_u6Rylm_eE6MMxhhhSOw,6
雾夜将尽,雾夜将尽（6人开放）,狐小狸剧本杀目录,669,https://pan.baidu.com/s/1F0w-Q1xX1v38W1eQNB0oGA,6
囚徒起源,囚徒起源（7人开放）,狐小狸剧本杀目录,670,https://pan.baidu.com/s/1O8LygHlTqzXwJbM-P7UZag,7
猫脸老太,猫脸老太（6人开放）,狐小狸剧本杀目录,671,https://pan.baidu.com/s/1NfrsVk7MZbGddGh5djcChg,6
女厕,女厕（6人开放）,狐小狸剧本杀目录,673,https://pan.baidu.com/s/1EvX58xxaH-aaCmNUj9XzUQ,6
云水谣,云水谣（7人开放）,狐小狸剧本杀目录,674,https://pan.baidu.com/s/1isi9eSpjVkWbCRc5SQFqRw,7
阡陌之绊,阡陌之绊（8人开放）,狐小狸剧本杀目录,675,https://pan.baidu.com/s/1hCvfko2T3ijlztvWSHxP4g,8
破壁之刃,破壁之刃（7人开放）,狐小狸剧本杀目录,676,https://pan.baidu.com/s/1T_IBr8WAlAgAwk8vdCkWMQ,7
青语,青语（5人开放）,狐小狸剧本杀目录,677,https://pan.baidu.com/s/1P02D5D8Ru-pIhXkP4zgkxw,5
蓝色大丽花,蓝色大丽花（5人开放）,狐小狸剧本杀目录,680,https://pan.baidu.com/s/1xB-J0eXYthiqQNOQ38Q8bQ,5
尸联航班,尸联航班（6人开放）,狐小狸剧本杀目录,681,https://pan.baidu.com/s/14itpdTPzlkR4Uw5YEKG5EQ,6
鬼娘密室,鬼娘密室（6人开放）,狐小狸剧本杀目录,682,https://pan.baidu.com/s/1j_lxcI28331OHa0WxZ3Xwg,6
漩涡,漩涡（6人开放）,狐小狸剧本杀目录,683,https://pan.baidu.com/s/15kcWR9gVwcbFhctazkSgIw,6
精神病院4,精神病院4（5人开放）,狐小狸剧本杀目录,684,https://pan.baidu.com/s/17Cyn3CiGemKFqrTBBwR3hA,5
我要当大哥,我要当大哥（5-10人开放）,狐小狸剧本杀目录,685,https://pan.baidu.com/s/1tKZkXUg0nq8_RSMPBPe19Q,5|6|7|8|9|10
格林格林,格林格林（9人开放）,狐小狸剧本杀目录,686,https://pan.baidu.com/s/1qdKkIcGdPqUkqrENcUDXHg,9
大离宫赋,大离宫赋（6人开放）,狐小狸剧本杀目录,687,https://pan.baidu.com/s/14SQ1UMSwH9pOGu0QkSm4Lg,6
鉴表师,鉴表师（6人开放）,狐小狸剧本杀目录,688,https://pan.baidu.com/s/1SCjrDYNTnrZ2Og-qoj5tIA,6
酆都锣鼓,酆都锣鼓（5人开放）,狐小狸剧本杀目录,689,https://pan.baidu.com/s/1Ynbx74YJwdrtwWhg3Fy0kg,5
铃儿响叮当,铃儿响叮当（7人开放）,狐小狸剧本杀目录,690,https://pan.baidu.com/s/1kvz0UlkPt8xoHZum-TSA7w,7
永生之谜,永生之谜（6人开放）,狐小狸剧本杀目录,691,https://pan.baidu.com/s/1kWDG4hF8_f6V_PK8-VVFQA,6
《》书名号,《》书名号（7人开放）,狐小狸剧本杀目录,692,https://pan.baidu.com/s/15RHgolPwrN0kH_HiS-43mA,7
刁民,刁民（6人开放）,狐小狸剧本杀目录,693,https://pan.baidu.com/s/1OOQWiRPdbg-tilOCYOO1MQ,6
启灵会,启灵会（7人开放）,狐小狸剧本杀目录,694,https://pan.baidu.com/s/137l0Nh0sHLk1j8nmWByAYA,7
两面佛,两面佛（6人开放）,狐小狸剧本杀目录,695,https://pan.baidu.com/s/1S3LUUViFWQv4OGWP29SVGw,6
昆池岩,昆池岩（6人开放）,狐小狸剧本杀目录,696,https://pan.baidu.com/s/17n0aDtXSBBoLSIYEJLwnnQ,6
弗洛伊德,弗洛伊德（6人开放）,狐小狸剧本杀目录,698,https://pan.baidu.com/s/1wOoiQ1M507K-Al80Dt60mQ,6
山河永寂,山河永寂（6人开放）,狐小狸剧本杀目录,699,https://pan.baidu.com/s/1Rw7TnZnH2btivDFpfMFD9w,6
再相逢,再相逢（6人开放）,狐小狸剧本杀目录,700,https://pan.baidu.com/s/13-Gr8IMakSHpgmP9lPH1Wg,6
紧急事件,紧急事件（6人开放）,狐小狸剧本杀目录,701,https://pan.baidu.com/s/1EAG35HepSM8ooUzpsQN1Kg,6
不归路,不归路（6人开放）,狐小狸剧本杀目录,702,https://pan.baidu.com/s/1q4y0edroHdWcwWdl2FVgPg,6
艋舺,艋舺（8人开放）,狐小狸剧本杀目录,703,https://pan.baidu.com/s/1dwewpL0j4-HIjduRUj060g,8
龙宴,龙宴（8人开放）,狐小狸剧本杀目录,704,https://pan.baidu.com/s/1OBI_p0ecNPoHGG4L0p4VFg,8
虚花悟,虚花悟（6人开放）（6人开放）,狐小狸剧本杀目录,706,https://pan.baidu.com/s/1M-CGNYBj_kKAej_9cCoCEA,6
望川旅馆,望川旅馆（5人开放）,狐小狸剧本杀目录,707,https://pan.baidu.com/s/1lfbgJwNSVvCiw_7F0x2icg,5
宅心人后,宅心人后（8人开放）,狐小狸剧本杀目录,708,https://pan.baidu.com/s/1pWZaj3g-wswnZo5HcPSZuQ,8
绝崖雕rar,绝崖雕rar（6人开放）,狐小狸剧本杀目录,709,https://pan.baidu.com/s/18qI1oZxqNJiLqqnPmpMzfw,6
以父之名,以父之名（6人开放）,狐小狸剧本杀目录,710,https://pan.baidu.com/s/1qfeLKGoI0tMwoHDlxqGigg,6
睁开双眼1.0,睁开双眼1.0（5人开放）,狐小狸剧本杀目录,711,https://pan.baidu.com/s/1nEO032hVI5sLx6gWFU2g_A,5
锦瑟,锦瑟（5人开放）,狐小狸剧本杀目录,712,https://pan.baidu.com/s/11HVJrwa2XUAzadmtEFwb9w,5
生化校园完整版,生化校园完整版（6人开放）,狐小狸剧本杀目录,713,https://pan.baidu.com/s/1pFXJoQQQjwTjZMhAd4J-ow,6
阿依达,阿依达（5人开放）,狐小狸剧本杀目录,714,https://pan.baidu.com/s/1jAASMT6QHaUuvC_5P5gBYw,5
海的牙齿神的骨头,海的牙齿神的骨头（6人开放）,狐小狸剧本杀目录,715,https://pan.baidu.com/s/1mnSyKOeiLE6mextamBW1Mg,6
斯莱姆的囚徒,斯莱姆的囚徒（6人开放）,狐小狸剧本杀目录,716,https://pan.baidu.com/s/1uSCGBfY0xcR4rdPm71Wv0A,6
苦面柱,苦面柱（6人开放）,狐小狸剧本杀目录,717,https://pan.baidu.com/s/12INqRd-hvOC9zrjSCgtUWw,6
隔世信,隔世信（6人开放）,狐小狸剧本杀目录,718,https://pan.baidu.com/s/1qsk4_1-kdrrYlocKfXDwzA,6
第7号嫌疑人,第7号嫌疑人（6人开放）,狐小狸剧本杀目录,719,https://pan.baidu.com/s/13PZHbkorMwhzWH89rFA_qA,6
大钟,大钟（6人开放）,狐小狸剧本杀目录,720,https://pan.baidu.com/s/1-lrcSh4dSM9Rpxg7Abcnqw,6
你有没有见过他,你有没有见过他（7人开放）,狐小狸剧本杀目录,721,https://pan.baidu.com/s/1TRn-4y_6mDnWsx52-jjQuw,7
今夕何夕整理版,今夕何夕整理版,狐小狸剧本杀目录,722,https://pan.baidu.com/s/1OTVseceJPTo6UFBH6S0PMA,7
落魄街,落魄街（5人开放）,狐小狸剧本杀目录,723,https://pan.baidu.com/s/1uJEhLctlJ8yiHQqmIL2kCA,5
圣骨,圣骨（6人开放）,狐小狸剧本杀目录,724,https://pan.baidu.com/s/1NFfr05PwcgMn0-zBOxWm0w,6
失真的旋律,失真的旋律（6人开放）,狐小狸剧本杀目录,725,https://pan.baidu.com/s/17zcSQQNReKyeQjiKaqmR5w,6
谁是潘金莲,谁是潘金莲（8人开放）,狐小狸剧本杀目录,726,https://pan.baidu.com/s/1rTfq1h5rXhiwcFkpMTI_7w,8
无双,无双（6人开放）,狐小狸剧本杀目录,727,https://pan.baidu.com/s/1i0Of3jtbQPsqg-ky__5vuQ,6
雾月人鱼潭,雾月人鱼潭（7人开放）,狐小狸剧本杀目录,728,https://pan.baidu.com/s/154FDpj6hkjz1EgGPG-0siQ,7
第四碗肉,第四碗肉（7人开放）,狐小狸剧本杀目录,729,https://pan.baidu.com/s/1izkH-mEiYQXubJjdj2LJLQ,7
家园,家园（8人开放）,狐小狸剧本杀目录,730,https://pan.baidu.com/s/1MLMRSmnc2MKX6KVeMMGhmw,8
盗道倒,盗道倒（6人开放）,狐小狸剧本杀目录,731,https://pan.baidu.com/s/1GFxagd1oQ72odVHZQDMvaA,6
天龙会,天龙会,狐小狸剧本杀目录,732,https://pan.baidu.com/s/1OYZsjLy6OZwXais-9aROPg,5
刑事侦缉档案-献祭者,刑事侦缉档案-献祭者（3-12人开放）,狐小狸剧本杀目录,733,https://pan.baidu.com/s/1cYZFscyUtG7UpBARWsrTYg,3|4|5|6|7|8|9|10|11|12
艳落神都,艳落神都（7人开放）,狐小狸剧本杀目录,734,https://pan.baidu.com/s/1oynVKe57QOMYbBxOp1ezeA,7
拾伍,拾伍（6人开放）,狐小狸剧本杀目录,735,https://pan.baidu.com/s/1RfvTZPQ_39zPXEhsPlgZJw,6
云螭乱,云螭乱（7人开放）,狐小狸剧本杀目录,736,https://pan.baidu.com/s/1NYcygwiWMYk_9IiZ27kCmg,7
蜕变俱乐部2海的女儿,蜕变俱乐部2 海的女儿（7人开放）,狐小狸剧本杀目录,737,https://pan.baidu.com/s/1IihvRkTHalxw0cjCt0uc6A,7
幽城复生,幽城复生（5人开放）,狐小狸剧本杀目录,738,https://pan.baidu.com/s/1vV8GjedFxif8LghP7HabrQ,5
漆昼之翁,漆昼之翁（7人开放）,狐小狸剧本杀目录,739,https://pan.baidu.com/s/1V86uHBFNsQkHPZsYpU6kJg,7
弗洛伊德之锚,弗洛伊德之锚,狐小狸剧本杀目录,740,https://pan.baidu.com/s/1uGJQBz95xwYl3vXFmXPrcQ,6
禁止套娃,禁止套娃（6人开放）,狐小狸剧本杀目录,741,https://pan.baidu.com/s/1Y6hTR51l4dHf9OXWOzjRZg,6
如是我闻整理版,如是我闻整理版（5人开放）,狐小狸剧本杀目录,742,https://pan.baidu.com/s/1It3P3OtDdCnURiQd7W036g,5
斗兽场,斗兽场（7人开放）,狐小狸剧本杀目录,743,https://pan.baidu.com/s/1qVxJdDnEs2MuYKPqouYwtw,7
人间不值得整理,人间不值得整理（6人开放）,狐小狸剧本杀目录,744,https://pan.baidu.com/s/1RIGOakYjVAxQvgWayjlGsA,6
湖心岛2:围局,湖心岛2：围局,狐小狸剧本杀目录,745,https://pan.baidu.com/s/1ziAQkI_eOn8AKeEErzU6ig,5
大车店,大车店（8人开放）,狐小狸剧本杀目录,746,https://pan.baidu.com/s/1EqbVIQRYfzmGddeneHRdQw,8
即墨寒兮,即墨寒兮（8-10人开放）,狐小狸剧本杀目录,747,https://pan.baidu.com/s/13b9mlJBl1r_ZXp3SaykgAQ,8|9|10
恐怖游轮整理,恐怖游轮整理（8人开放）,狐小狸剧本杀目录,748,https://pan.baidu.com/s/1ir2SXh_IhuIWxwvIavmJyg,8
背影,背影（5人开放）,狐小狸剧本杀目录,749,https://pan.baidu.com/s/1F0vM4jxfJk85V_bC99MkWA,5
湖心岛1,湖心岛1（6人开放）,狐小狸剧本杀目录,750,https://pan.baidu.com/s/1ZzKpiZgu1LGB5RbVM4DZiw,6
清平调整理版,清平调整理版（6人开放）,狐小狸剧本杀目录,751,https://pan.baidu.com/s/15eXtfijvL4clM0MS9Pvtgw,6
魔女的幸福之夜整理版,魔女的幸福之夜整理版（6人开放）,狐小狸剧本杀目录,752,https://pan.baidu.com/s/1p82hoGhOxj2MhCzOFjustA,6
洋葱,洋葱（7人开放）,狐小狸剧本杀目录,753,https://pan.baidu.com/s/1todkM8HxLF0JVy654JiCBw,7
珠光宝气,珠光宝气（7人开放）,狐小狸剧本杀目录,754,https://pan.baidu.com/s/18Fm_bXHRVfBumZDeahCaRg,7
此去昆仑,此去昆仑（8人开放）,狐小狸剧本杀目录,755,https://pan.baidu.com/s/15FTZlW-Dbn_8rulZ11XFAg,8
渡忘川,渡忘川（7人开放）,狐小狸剧本杀目录,756,https://pan.baidu.com/s/1gp0C4OSwHK4zC_skqyg1Hg,7
锦鸳记,锦鸳记（6人开放）,狐小狸剧本杀目录,758,https://pan.baidu.com/s/18eccUauapAnN52wOcmrJdA,6
忍者,忍者（6人开放）,狐小狸剧本杀目录,759,https://pan.baidu.com/s/11Tqz0uedrC_sLPgVxwQDuA,6
1%,1%（7人开放）,狐小狸剧本杀目录,760,https://pan.baidu.com/s/1-3-CB8vXUyL0TXZfxNKHQw,7
鬼判,鬼判（5人开放）,狐小狸剧本杀目录,761,https://pan.baidu.com/s/1GyIH2LKnFZkh7dLe1KII7w,5
古镜奇谈1浮生沉梦,古镜奇谈1浮生沉梦（7人开放）,狐小狸剧本杀目录,762,https://pan.baidu.com/s/1TRFJ_ddlwmHWWJpA-adOlw,7
看花回,看花回（6人开放）,狐小狸剧本杀目录,763,https://pan.baidu.com/s/1XfWUBkLh5BYzfq41Q42nMw,6
遗作,遗作【5】,狐小狸剧本杀目录,764,https://pan.baidu.com/s/1QqJQXMmI_uKhKhlicvg0DQ,5
喜剧之王,喜剧之王,狐小狸剧本杀目录,765,https://pan.baidu.com/s/14YXQTvAgoLb2VkMBBoKxoA,9
余愿,余愿（5人开放）,狐小狸剧本杀目录,766,https://pan.baidu.com/s/1PPFqzRa0ZXrLUaEvaRIlAA,5
青楼之鸦啼莺弄,青楼之鸦啼莺弄（8人开放）,狐小狸剧本杀目录,767,https://pan.baidu.com/s/134LYEeuNWAwnOUObU9Htyw,8
似灵寺,似灵寺,狐小狸剧本杀目录,768,https://pan.baidu.com/s/1z8U7pI8tP79tsdDLj6x72w,6
7号化工厂,7号化工厂,狐小狸剧本杀目录,769,https://pan.baidu.com/s/1FoCv0GcS4iy1yNVoT-BUyw,6
赎心湖,赎心湖,狐小狸剧本杀目录,770,https://pan.baidu.com/s/1TGotB2AZVqw7wu3gH1d2_w,6
皇帝的荣耀,皇帝的荣耀,狐小狸剧本杀目录,771,https://pan.baidu.com/s/1Mrt1WTol7YRlvvfy1dlpKQ,6
白鲸,白鲸（6人）,狐小狸剧本杀目录,772,https://pan.baidu.com/s/158BFFis4jlcIL2gDNqAmkg,6
在劫难逃,在劫难逃,狐小狸剧本杀目录,773,https://pan.baidu.com/s/1iQ3XhOf7MBzGDFv7uOWJCg,6
第八个面具,第八个面具（6人）,狐小狸剧本杀目录,774,https://pan.baidu.com/s/15a8Y58TwnoNgAFy5d4MBSQ,6
琴瑟合冥,琴瑟合冥,狐小狸剧本杀目录,775,https://pan.baidu.com/s/12QrxJ9Qyrc9GYptMIqpX1Q,8
7号教学楼,7号教学楼（9人开放）,狐小狸剧本杀目录,776,https://pan.baidu.com/s/1vI7iDrlLi6LDIXZ_SseF3g,9
鬼遮眼,鬼遮眼（8人开放）,狐小狸剧本杀目录,777,https://pan.baidu.com/s/1WbgZ3WJjR07DuJeldZNukA,8
沧海,沧海（5人开放）,狐小狸剧本杀目录,778,https://pan.baidu.com/s/18_CirBF2zSI4me6s-YOzMQ,5
前男友的100种死法,前男友的100种死法（5人开放）,狐小狸剧本杀目录,779,https://pan.baidu.com/s/1mNKfvVynC_aHxIh5f45EaA,5
浮生六梦,浮生六梦（6人开放）,狐小狸剧本杀目录,780,https://pan.baidu.com/s/1lyvgsngPRutZQDn6_foSOw,6
肿胀的脚,肿胀的脚（肿胀的jio）,狐小狸剧本杀目录,781,https://pan.baidu.com/s/1HRGZIfeX6WlFWzbqZR5zOQ,7
mojito,mojito（酒本前任系列）,狐小狸剧本杀目录,782,https://pan.baidu.com/s/1OOWKJAL553gux-t4wobSwg,8
春昼短,春昼短,狐小狸剧本杀目录,783,https://pan.baidu.com/s/1V7as6CExHo2jzQWWU47rZA,6
爪洼神国,爪洼神国【5】,狐小狸剧本杀目录,784,https://pan.baidu.com/s/1sGjRXs4a1gcryS9wZPqSEg,5
剪烛夜行,剪烛夜行（6人）,狐小狸剧本杀目录,785,https://pan.baidu.com/s/1IKbc7qjs7PKh2JMKZnj31A,6
怨尤,怨尤（7人开放）,狐小狸剧本杀目录,786,https://pan.baidu.com/s/16fcJKHynqTT1Fq8ZksvP7Q,7
林屋,林屋（6人）,狐小狸剧本杀目录,787,https://pan.baidu.com/s/105Bk-jAyScOF4Fts7fKyOg,6
灵台路13号,灵台路13号【6】,狐小狸剧本杀目录,788,https://pan.baidu.com/s/1J_p3k95WxDK7vrAXniVoKw,6
白塔,白塔,狐小狸剧本杀目录,789,https://pan.baidu.com/s/1S2ry_jkVzhcsHL02ouuEWQ,
剑舞流炎,剑舞流炎,狐小狸剧本杀目录,790,https://pan.baidu.com/s/1bhUjyv4iCm7AeakOBq9sMQ,
杀戮之裔,杀戮之裔,狐小狸剧本杀目录,791,https://pan.baidu.com/s/1Z47je6Qhhk9FPDpq4xZGFQ,
铁锅炖大ne,铁锅炖大ne（铁锅炖大鹅）,狐小狸剧本杀目录,792,https://pan.baidu.com/s/19WIveowMWfdaKUvx0fxvsg,
盛世烟花,盛世烟花（6人开放）,狐小狸剧本杀目录,793,https://pan.baidu.com/s/1apuvvpH4HuttDHSETdilPQ,6
我于万物之中,我于万物之中,狐小狸剧本杀目录,794,https://pan.baidu.com/s/1zRKy4dwbm-xOVscbjD6NdQ,
红衣男孩,红衣男孩,狐小狸剧本杀目录,795,https://pan.baidu.com/s/132Kbtp6asfvKuE2XYlkExA,
你没听过的鬼故事,你没听过的鬼故事（5人开放）,狐小狸剧本杀目录,796,https://pan.baidu.com/s/15YUjxtOhaLOeRpiK8eIEcQ,5
比武招亲,比武招亲【6】,狐小狸剧本杀目录,797,https://pan.baidu.com/s/1G-TFKFxr3PCYLuc2v-n1MA,6
危楼,危楼（6人开放）,狐小狸剧本杀目录,798,https://pan.baidu.com/s/1EAy57ZcaJ6D8JAM_8nspDQ,6
疯狂美食节3,疯狂美食节3,狐小狸剧本杀目录,799,https://pan.baidu.com/s/1EAWhk0akeazzGiDN1eofEw,
出轨,出轨（10人开放）,狐小狸剧本杀目录,800,https://pan.baidu.com/s/1yV_Fw5AR-WbdAXN6i64fng,10
晚点,晚点,狐小狸剧本杀目录,801,https://pan.baidu.com/s/1TBY18Vw9U-AdPFa7u1w4dQ,
霸道总裁爱上我,霸道总裁爱上我（6人开放）,狐小狸剧本杀目录,802,https://pan.baidu.com/s/1OUqgw-IfUxtwdshuQKC3RA,6
宝格丽之夜,宝格丽之夜,狐小狸剧本杀目录,803,https://pan.baidu.com/s/1Pxp4YOiveoWAk8ImktLLUQ,
禁锢之地,禁锢之地,狐小狸剧本杀目录,804,https://pan.baidu.com/s/1MEXL8EBAC-fqpRUnl2Qq-g,
失格人间,失格人间,狐小狸剧本杀目录,805,https://pan.baidu.com/s/19r6N5GpYrmd1yTdvgFKsoQ,
返魂香,返魂香【7~8】,狐小狸剧本杀目录,806,https://pan.baidu.com/s/1Bf7fOoVCS039DLiXlfzkcg,7|8
逆河,逆河（5人）,狐小狸剧本杀目录,807,https://pan.baidu.com/s/1buVzNVZnAXrUCNZu5V1M6w,5
阴缘,阴缘（6人开放式）,狐小狸剧本杀目录,808,https://pan.baidu.com/s/1Q8TIql6Q6ss2m2fPOeB15g,6
刺秦《7-8》,刺秦《7-8》,狐小狸剧本杀目录,809,https://pan.baidu.com/s/16WdSVVCWONlg-wlZxl5a0A,7|8
弥撒交响曲,弥撒交响曲（7人开放）,狐小狸剧本杀目录,810,https://pan.baidu.com/s/18Uz8PUqvWDW6EAxa9ivT9w,7
人间不值得,人间不值得（恐怖版）,狐小狸剧本杀目录,811,https://pan.baidu.com/s/1vFF9DZQ_eJ-y9DJizM_Xqw,
请回乡1988,请回乡1988（售),狐小狸剧本杀目录,812,https://pan.baidu.com/s/1nvbkMAKqnvQOL4sL0tg9rw,
楼兰骨,楼兰骨,狐小狸剧本杀目录,813,https://pan.baidu.com/s/1CKSWB2o-PoQgOnMYIv94Rg,
鹿乌,鹿乌（6人开放式）,狐小狸剧本杀目录,814,https://pan.baidu.com/s/1zEOS3huI9VOqO1FR6FiWBA,6
希夏邦马,希夏邦马,狐小狸剧本杀目录,815,https://pan.baidu.com/s/1-5Hr023iYFZGCGZpQhX_AA,
长生叹,长生叹,狐小狸剧本杀目录,816,https://pan.baidu.com/s/1IWsZXGcu682IbWGGvTgtTw,
剧名你定,剧名你定,狐小狸剧本杀目录,817,https://pan.baidu.com/s/19H0r7QMQFKjPrhbsysKhSQ,
精神小伙《7-8》,精神小伙《7-8》,狐小狸剧本杀目录,818,https://pan.baidu.com/s/1OrZg--0NJz_FrO5qvkateg,7|8
死无对证,死无对证,狐小狸剧本杀目录,819,https://pan.baidu.com/s/1y2a3q7H-nkbZd4LQwRG5fQ,
好想爱这个世界,好想爱这个世界（5人开放）,狐小狸剧本杀目录,820,https://pan.baidu.com/s/1XQ9QONhMqsIaT2rqCyVwhw,5
赛尔城下7人高清自用,赛尔城下7人高清自用,狐小狸剧本杀目录,821,https://pan.baidu.com/s/1FezNxn_AydKz5yhbiNbMBA,7
宫中二三言,宫中二三言,狐小狸剧本杀目录,822,https://pan.baidu.com/s/1kKInb6SG7bDHT0DKetvF8w,
月下沙利叶复盘没有剧,月下沙利叶复盘没有剧本,狐小狸剧本杀目录,823,https://pan.baidu.com/s/1GzbP9836fUa08A-SQUG8-A,
光线与雨滴,光线与雨滴,狐小狸剧本杀目录,824,https://pan.baidu.com/s/1WQNJLBksRAcgmczuS37Yxg,
烟雨华庭,烟雨华庭（7人开放）,狐小狸剧本杀目录,825,https://pan.baidu.com/s/1_HEkKvYmbj2PY3CZDdQsAQ,7
笑饮楼记,笑饮楼记【6】,狐小狸剧本杀目录,826,https://pan.baidu.com/s/1_4Tv2QfW_EAeIV9AqcxeNA,6
恐山大祭-测,恐山大祭-测本（6人开放式）,狐小狸剧本杀目录,827,https://pan.baidu.com/s/1b5PE1h2Q1b2qrsUkt2GtcA,6
云上昆仑,云上昆仑（6人开放）,狐小狸剧本杀目录,828,https://pan.baidu.com/s/1EGG4BwKtXkMNWfiIAx4oaw,6
寺火明夜志,寺火明夜志,狐小狸剧本杀目录,829,https://pan.baidu.com/s/140V1U8AZBCSZoddWeq5BFA,
吃来的爱,吃来的爱【售】,狐小狸剧本杀目录,830,https://pan.baidu.com/s/1iyRuQzF46qj3v8fuY59kkw,
师傅大师兄被妖怪抓走了《6》,师傅大师兄被妖怪抓走了《6》,狐小狸剧本杀目录,831,https://pan.baidu.com/s/1VRQdb2Z4a-_-LsISAI__Ug,6
黑暗议会,黑暗议会,狐小狸剧本杀目录,832,https://pan.baidu.com/s/1tiBYSzvLmawWVvLGbyaKLQ,
十间,十间【7】,狐小狸剧本杀目录,833,https://pan.baidu.com/s/1Oe1s96zdO-kx5dkR3x497A,7
白夜,白夜,狐小狸剧本杀目录,834,https://pan.baidu.com/s/1mkKpdxGDPL_bc-RCMDyymA,
瑶池梦,瑶池梦,狐小狸剧本杀目录,835,https://pan.baidu.com/s/1cjZUp244WL5JCHfOjrNJBg,
捉鬼,捉鬼（6人开放式）,狐小狸剧本杀目录,836,https://pan.baidu.com/s/1RCd2eLzdFkeuzJEnN4CFEA,6
安杜拉斯,安杜拉斯,狐小狸剧本杀目录,837,https://pan.baidu.com/s/1SCmeg8AkAC2LUREYLqfBSA,
璀璨星河,璀璨星河,狐小狸剧本杀目录,839,https://pan.baidu.com/s/1kD36jZo4EBUdhsAYi751WA,
扶桑嫂,扶桑嫂,狐小狸剧本杀目录,840,https://pan.baidu.com/s/1GA_Rs0NgYoOkEsxKWyM3yw,
"早安,打工人",早安，打工人,狐小狸剧本杀目录,841,https://pan.baidu.com/s/1hfaH25Yizg2bdaHvTtdBhw,
我在看着你,我在看着你,狐小狸剧本杀目录,842,https://pan.baidu.com/s/1rnpI3dHRUdauyOxi1yCtsg,
七成熟,七成熟（6人）,狐小狸剧本杀目录,843,https://pan.baidu.com/s/1ZEye8B5ACFsWuI2vj4gXKA,6
刺天,刺天,狐小狸剧本杀目录,844,https://pan.baidu.com/s/1oUP4Ki82TiWqEUvzCCPB9A,
陆家公馆,陆家公馆,狐小狸剧本杀目录,845,https://pan.baidu.com/s/1CvPk0cjQNzXyNoKQ3t9JHw,
盗门八将,盗门八将,狐小狸剧本杀目录,846,https://pan.baidu.com/s/1ubn-lIl8YE0n9aWsDgSCTw,
食神,食神,狐小狸剧本杀目录,847,https://pan.baidu.com/s/1j0SP2Nc-CmsCmQNYUNQ66A,
新鲜丧尸已送达请签收,新鲜丧尸已送达请签收,狐小狸剧本杀目录,848,https://pan.baidu.com/s/1-SVa5sSRfcbI1tQMmP2BKQ,
晓人间.再见,晓人间.再见,狐小狸剧本杀目录,849,https://pan.baidu.com/s/1rf9DEhBBdM5gSjglhQ_uUQ,
持斧奥夫,持斧奥夫,狐小狸剧本杀目录,850,https://pan.baidu.com/s/1mAr4050HFLBimwNSZVtMQA,
奥尔幼儿园,奥尔幼儿园,狐小狸剧本杀目录,851,https://pan.baidu.com/s/1ccm4P89pElFk9gV5jtjPmQ,
上海滩...事件,上海滩...事件（5人封闭）,狐小狸剧本杀目录,852,https://pan.baidu.com/s/1sC3sz1lVgwQ8Q2NRCzxBiA,5
豪门21野狐悠谈,豪门21野狐悠谈6人本,狐小狸剧本杀目录,853,https://pan.baidu.com/s/1FrUVG7wDtx3oB8vBN8NKog,6
上青天,上青天（7人）,狐小狸剧本杀目录,854,https://pan.baidu.com/s/13RcUm4bUeORUoBtR5WT2Gw,7
孤独推理家,孤独推理家,狐小狸剧本杀目录,855,https://pan.baidu.com/s/1c7pW8kJQwX-J_e86yHjtoA,
归墟,归墟（6人）,狐小狸剧本杀目录,856,https://pan.baidu.com/s/1N9EMPbuUCld3O_KOFRrdUw,6
被遗忘的时光,被遗忘的时光,狐小狸剧本杀目录,857,https://pan.baidu.com/s/162MkTTELrPy1sPmOp-OwXg,
魂归,魂归,狐小狸剧本杀目录,858,https://pan.baidu.com/s/1AiDYOQLFCgbIgWoFqUUJuA,
渊虞唐,渊虞唐,狐小狸剧本杀目录,859,https://pan.baidu.com/s/1u3oOREp2bf0hD4qjZho3lw,
一点半,一点半,狐小狸剧本杀目录,860,https://pan.baidu.com/s/1wEk4fSk5_vae9H6LFGs2UA,6
忘川葬,忘川葬,狐小狸剧本杀目录,861,https://pan.baidu.com/s/1IEmaLWLyV_quMLpD9Gkxhg,
都挺好,都挺好,狐小狸剧本杀目录,862,https://pan.baidu.com/s/1Z7i0ZV2rCAXEXry9RLv_zw,
七日怪谈,七日怪谈,狐小狸剧本杀目录,863,https://pan.baidu.com/s/1QTxFEg5s9tQTK9YHvDnUnQ,
人类灭绝计划,人类灭绝计划,狐小狸剧本杀目录,865,https://pan.baidu.com/s/1xCiIWyRiPmfClzqX9Uv8Cw,
金陵有座东君书院,金陵有座东君书院,狐小狸剧本杀目录,866,https://pan.baidu.com/s/1GH_6KHaI67-C6wmHaaDliA,
家宴2继承者们,家宴2 继承者们,狐小狸剧本杀目录,867,https://pan.baidu.com/s/1j99KBUHw7OLzj_QzvpZoBQ,
云使,云使,狐小狸剧本杀目录,868,https://pan.baidu.com/s/1nHjbH6kuaCDQQewnB_VU9g,6
十里荒村,十里荒村,狐小狸剧本杀目录,869,https://pan.baidu.com/s/11hVZa5Hv9lBBuk9dYJDOBQ,
剥离,剥离,狐小狸剧本杀目录,870,https://pan.baidu.com/s/1x96H-ODI6n-_VY-PV23lwQ,
最后的低语,最后的低语,狐小狸剧本杀目录,871,https://pan.baidu.com/s/1LY9GqndEfzg9j9BVbh6hsw,
御镖行,御镖行【水印】,狐小狸剧本杀目录,872,https://pan.baidu.com/s/1kClI7H_h5XO4dVYCadn1pQ,
请不要忘记我,请不要忘记我,狐小狸剧本杀目录,873,https://pan.baidu.com/s/1yLYithcweKLQJIdMxZq8aQ,
就像水消失在水中,就像水消失在水中,狐小狸剧本杀目录,874,https://pan.baidu.com/s/1KE810stwO8B3wC4_F_pUrA,
声声慢,声声慢,狐小狸剧本杀目录,875,https://pan.baidu.com/s/1YAVAXW5CsBiZocEN9T0DgQ,
森林王国之选美大赛,森林王国之选美大赛,狐小狸剧本杀目录,876,https://pan.baidu.com/s/13Z9K5XRePl0bddzOqAPkUA,
舍离2-断念,舍离2-断念,狐小狸剧本杀目录,877,https://pan.baidu.com/s/1Y4w1xhyTnQ7SFqL-Z0ruiA,
与妻书,与妻书,狐小狸剧本杀目录,878,https://pan.baidu.com/s/1arvmywqdLS2s2i30JwiUoQ,
遗产,遗产,狐小狸剧本杀目录,879,https://pan.baidu.com/s/1xHenNFo1LdOB0gJ2-E1NhQ,
归途,归途,狐小狸剧本杀目录,880,https://pan.baidu.com/s/1UBGdGgUYISCcSJEe1Z5l0A,
无限剑决,无限剑决,狐小狸剧本杀目录,881,https://pan.baidu.com/s/1C9MIF1vOzBgRNCoGwZNJgw,
怪物之家,怪物之家,狐小狸剧本杀目录,882,https://pan.baidu.com/s/1tyl2KxTkG6w9_ZmeX5QiKw,
死亡邀请函,死亡邀请函,狐小狸剧本杀目录,883,https://pan.baidu.com/s/12Lha8Ff8S85HSSrvfxehQQ,
七月半,七月半,狐小狸剧本杀目录,884,https://pan.baidu.com/s/1fbPGLA5GnDy7PcouNfCnDA,7
星火,星火,狐小狸剧本杀目录,885,https://pan.baidu.com/s/15EGYxwQjHw4s071ZMo6idQ,
雾起云浮,雾起云浮,狐小狸剧本杀目录,886,https://pan.baidu.com/s/1TZmliPm1j2Z6HVaRBbzWCQ,
恶名昭著,恶名昭著,狐小狸剧本杀目录,887,https://pan.baidu.com/s/1HUW0kC35tDrcwcT2QyzWWw,
追龙,追龙,狐小狸剧本杀目录,888,https://pan.baidu.com/s/1MCHyhbJeVqBBEXxtBf_Llw,
反对无效,反对无效,狐小狸剧本杀目录,889,https://pan.baidu.com/s/1qQDhC7zfVyhByMZg7xKXBg,
布偶村,布偶村,狐小狸剧本杀目录,890,https://pan.baidu.com/s/1IdaudfawfDPLXtYjPmPgzw,
赤狐书生之佛狸祠下,赤狐书生之佛狸祠下,狐小狸剧本杀目录,891,https://pan.baidu.com/s/1hpKy9yzcch-pwXjeUIZy9g,
寅时一刻,寅时一刻,狐小狸剧本杀目录,892,https://pan.baidu.com/s/1GgO6oTXQ_U3zHQa2dToRVw,
虚拟游戏,虚拟游戏,狐小狸剧本杀目录,893,https://pan.baidu.com/s/1AoZJJ6-XjPnc5YqSeCFIZg,
谁杀了大光头,谁杀了大光头,狐小狸剧本杀目录,894,https://pan.baidu.com/s/1jvrK4osqGG8RjLm-VlvVPw,
年少不知软饭香,年少不知软饭香,狐小狸剧本杀目录,895,https://pan.baidu.com/s/1a9yfy7aksZfygeJiH4oimg,
莲,莲,狐小狸剧本杀目录,896,https://pan.baidu.com/s/1Ne290z-FtRn5XFpvLAU_vA,
将宴,将宴,狐小狸剧本杀目录,897,https://pan.baidu.com/s/1SROumQfxggtG8MGLo0eXHw,
全程无鬼,全程无鬼,狐小狸剧本杀目录,898,https://pan.baidu.com/s/1S0DMKCs2kCw1I466BqAKHA,
温莎大厦,温莎大厦,狐小狸剧本杀目录,899,https://pan.baidu.com/s/1u9tRSbVA-Nv05Htf6OvYYg,
狐狸旅馆,狐狸旅馆（齐）,狐小狸剧本杀目录,900,https://pan.baidu.com/s/1KC4sDUn3SdcBxi3ZG9yxXQ,
悬崖边上的根号3,悬崖边上的根号3,狐小狸剧本杀目录,901,https://pan.baidu.com/s/1pKWv7YQBV5b0hpT3lQHYVQ,
野蔷薇,野蔷薇,狐小狸剧本杀目录,902,https://pan.baidu.com/s/1q2aDLC5JA93EZJm9Mibz7A,
野火,野火,狐小狸剧本杀目录,903,https://pan.baidu.com/s/1AkHdmdvoCP2jObKexG25ZA,
春运,春运,狐小狸剧本杀目录,904,https://pan.baidu.com/s/13NVkCVn9ptELwjv5mIzOuQ,
分手勿语,分手勿语,狐小狸剧本杀目录,905,https://pan.baidu.com/s/1crJorRnM921Csy-Wch3IFQ,
龙宴2旱城,龙宴2旱城,狐小狸剧本杀目录,906,https://pan.baidu.com/s/19SCz3KXSx2wr04KA7uOSqw,
演员,演员【城限】,狐小狸剧本杀目录,907,https://pan.baidu.com/s/1YhqbY2xnCVONpnpG-RDtlg,
诡计博物馆,诡计博物馆,狐小狸剧本杀目录,908,https://pan.baidu.com/s/1VS0zddEgTIeHn-zU-D4kFg,
世界以痛吻我我要抱之以歌,世界以痛吻我我要抱之以歌,狐小狸剧本杀目录,909,https://pan.baidu.com/s/1GXTF_rPgMuHNWeZRBKSr-g,
热搜,热搜,狐小狸剧本杀目录,910,https://pan.baidu.com/s/1LhI8Ew8W4TbkzvYbGpSHBw,
喜丧,喜丧,狐小狸剧本杀目录,912,https://pan.baidu.com/s/1dUcxz0MqSbuvd1RYvKuHHQ,
我不是人你是真的狗,我不是人你是真的狗,狐小狸剧本杀目录,913,https://pan.baidu.com/s/1GZRI1N0H6weBlJ6lt_abZQ,
尘哀,尘哀,狐小狸剧本杀目录,914,https://pan.baidu.com/s/1v7A3LFi5O-LxkuWWbC3xlA,
一枝红杏,一枝红杏（彩色）,狐小狸剧本杀目录,915,https://pan.baidu.com/s/1cO1U67ukv14XoBTls-IpCA,
女厕2冥镜,女厕2  冥镜,狐小狸剧本杀目录,916,https://pan.baidu.com/s/139IbVnYso2yykg3Kv3l6KQ,
童心未泯,童心未泯,狐小狸剧本杀目录,917,https://pan.baidu.com/s/1BqR63i6a0fN7ocsgBnqAOA,
渣女成长史,渣女成长史,狐小狸剧本杀目录,918,https://pan.baidu.com/s/1jpakYaTeiiycg4qMm69SiQ,
阿尔忒斯之眸,阿尔忒斯之眸,狐小狸剧本杀目录,919,https://pan.baidu.com/s/1l0WZNLEDaJRWqcc2b2Ohxw,
我要当顶流,我要当顶流,狐小狸剧本杀目录,920,https://pan.baidu.com/s/17rots19aH2mOMrQwemwq0g,
特拉多亚,特拉多亚,狐小狸剧本杀目录,921,https://pan.baidu.com/s/1hS-qZL7lnRY8aqtWl1Y8Yg,
黎丘丈人,黎丘丈人,狐小狸剧本杀目录,922,https://pan.baidu.com/s/163gDTGm4EV-8j6xvlci6ig,
乱世巨星,乱世巨星,狐小狸剧本杀目录,923,https://pan.baidu.com/s/1reR40CgyMCjNYLfeGaT39Q,
完美人生,完美人生,狐小狸剧本杀目录,924,https://pan.baidu.com/s/1GhCdtYEXujdVlL3S2ZTcbw,
谍影2南京风沙,谍影2南京风沙【水印】,狐小狸剧本杀目录,925,https://pan.baidu.com/s/11_raG1ovyW5ihawzT-bWqw,
老房子,老房子,狐小狸剧本杀目录,926,https://pan.baidu.com/s/17TVhgtH1Cm78KlX6NengsQ,
魔女屋,魔女屋,狐小狸剧本杀目录,927,https://pan.baidu.com/s/1OX2qlWoYuKOfNkEvdPptaw,
雕塑里的曼陀罗花,雕塑里的曼陀罗花,狐小狸剧本杀目录,928,https://pan.baidu.com/s/12I8LgaRIx8pFemDUmJFc6Q,
雪之谷,雪之谷,狐小狸剧本杀目录,930,https://pan.baidu.com/s/1pIedfkRgoLdoO10ncWApeg,
山猪精的幸福生活被打扰之后,山猪精的幸福生活被打扰之后,狐小狸剧本杀目录,931,https://pan.baidu.com/s/1lRihNVCkp6wKIm6CPQUSCw,
金玉良缘,金玉良缘【水印】,狐小狸剧本杀目录,932,https://pan.baidu.com/s/1G7_Lq1tkT9dDC3gs7rlX1g,
八荒,八荒,狐小狸剧本杀目录,933,https://pan.baidu.com/s/1XMRFjCFuW5GvIEIc1fc6QA,
赘婿,赘婿,狐小狸剧本杀目录,934,https://pan.baidu.com/s/1Rw3gm0UU4F58U73tljEz-A,
漫长的告白,漫长的告白,狐小狸剧本杀目录,935,https://pan.baidu.com/s/1w0cKWe5BZQh2nJchE_Fvow,
涂川,涂川,狐小狸剧本杀目录,936,https://pan.baidu.com/s/1OmzMmI8EyklIF2ILjTIU_g,
成化十四年,成化十四年,狐小狸剧本杀目录,937,https://pan.baidu.com/s/1O6AABkiVX9C0ax44zWs2iQ,
合租房的秘密,合租房的秘密,狐小狸剧本杀目录,938,https://pan.baidu.com/s/12iQkhC9rOc94SclFkVkbxQ,
刺探,刺探,狐小狸剧本杀目录,939,https://pan.baidu.com/s/1XY4cxZxWuy2IQoOzuYNKrQ,
珠光宝气2,珠光宝气2,狐小狸剧本杀目录,940,https://pan.baidu.com/s/1WTf2AaQ8y9bmy1sVc3UpMw,
漓川怪谈簿,漓川怪谈簿,狐小狸剧本杀目录,941,https://pan.baidu.com/s/1i8CCOEZOBUjO2tq-PbmGtw,
幸好,幸好（整理版）,狐小狸剧本杀目录,942,https://pan.baidu.com/s/1Djzes4QZpaEn7akvNZiP8g,
圈里圈外,圈里圈外,狐小狸剧本杀目录,943,https://pan.baidu.com/s/1Kc9UEif-gyvx-x27ubVbvA,
沙雕王国,沙雕王国,狐小狸剧本杀目录,944,https://pan.baidu.com/s/1SY0VNuBjzzq9TO5KBheDWg,
朝暮与卿,朝暮与卿,狐小狸剧本杀目录,945,https://pan.baidu.com/s/1iNIcPyCnW1M7w9mFaxzRzw,
绣花鞋,绣花鞋,狐小狸剧本杀目录,946,https://pan.baidu.com/s/1FHrlx_4ILZTmmOhKDMXYkg,
卜卦,卜卦,狐小狸剧本杀目录,947,https://pan.baidu.com/s/1m5DT0E7EWX_qKTWNQoxVvw,
许愿,许愿,狐小狸剧本杀目录,948,https://pan.baidu.com/s/17HVpviR38vJO4XPqRlFJkg,
致命协议,致命协议,狐小狸剧本杀目录,949,https://pan.baidu.com/s/1SpUiinqx9XffcqgHDON-dw,
朝天阙,朝天阙,狐小狸剧本杀目录,950,https://pan.baidu.com/s/1SPsQDctg5xtGqm0GMei6LA,
纸帆,纸帆,狐小狸剧本杀目录,951,https://pan.baidu.com/s/1ipjufMRqN1q2xizbuQndNQ,
晓人间落月,晓人间  落月,狐小狸剧本杀目录,953,https://pan.baidu.com/s/1nBGdMu26x-Gh2_rpI_zEgQ,
oh!我亲爱的老同学,oh！我亲爱的老同学,狐小狸剧本杀目录,954,https://pan.baidu.com/s/1gjJ8CCmkCSsyJ1JtHeQKkg,
豪门23-期须乃至,豪门23-期须乃至（无水印）,狐小狸剧本杀目录,956,https://pan.baidu.com/s/1RMLcwv3JwRZRcMxVk_jxJQ,
豪门24-泉之馆,豪门24-泉之馆,狐小狸剧本杀目录,957,https://pan.baidu.com/s/132nqGyqOljyLrSNeTQDyaw,
黑子迷局2:无光诡局,黑子迷局2：无光诡局（无水印）,狐小狸剧本杀目录,958,https://pan.baidu.com/s/1jP_obpYzokKajGSCLg5Xug,
富婆,富婆（无水印）,狐小狸剧本杀目录,959,https://pan.baidu.com/s/1X9Q7xtrxlelMuOzDz4SpPA,
船舶与灯塔,船舶与灯塔（无水印）,狐小狸剧本杀目录,960,https://pan.baidu.com/s/1PJCikqUCUsRuKlCLuvkW3Q,
有钱能使鬼推磨,有钱能使鬼推磨,狐小狸剧本杀目录,961,https://pan.baidu.com/s/17nqN3rIXO425nEIpLISaWw,
梦幻金银岛,梦幻金银岛,狐小狸剧本杀目录,962,https://pan.baidu.com/s/1_eU_jf1VNXwff8L9wSR4qw,
死者在幻夜中醒来,死者在幻夜中醒来,狐小狸剧本杀目录,963,https://pan.baidu.com/s/1rKTJOmKMxP7fiFdGkjLlag,
绝命赌局2命运摆渡,绝命赌局2命运摆渡(无水印),狐小狸剧本杀目录,964,https://pan.baidu.com/s/1IVAa2D0bGh4FKkPE9WPasQ,
神明酒局,神明酒局,狐小狸剧本杀目录,965,https://pan.baidu.com/s/1SKejbe8R387Njq0S6iSL0w,
风中有朵雨做的云2-好春光,风中有朵雨做的云2-好春光,狐小狸剧本杀目录,966,https://pan.baidu.com/s/1XfKuQQuxJZMb9GjkAnCl1w,
陪葬,陪葬（水印版）,狐小狸剧本杀目录,967,https://pan.baidu.com/s/16ZzNAKiSCh54XQ3aK8hI0w,
打劫了之比惨大会,打劫了之比惨大会,狐小狸剧本杀目录,968,https://pan.baidu.com/s/18U3Y9CAhw8zZTkLJXCCfvA,
如月街7号,如月街7号,狐小狸剧本杀目录,969,https://pan.baidu.com/s/1auc7a6wZiyObD6tAkjYnow,
结婚大作战,结婚大作战,狐小狸剧本杀目录,970,https://pan.baidu.com/s/1Vom1nIBH8rBsEfMcfUlRMA,
罪城之下,罪城之下,狐小狸剧本杀目录,971,https://pan.baidu.com/s/1H0uEnwYbcxZiEPomvczKTg,
破晓,破晓,狐小狸剧本杀目录,972,https://pan.baidu.com/s/1aSru8cqjjHTSH5gViSscAg,
遗产2弱肉强食,遗产2弱肉强食,狐小狸剧本杀目录,973,https://pan.baidu.com/s/1zLMCXm5gr95i_GbMCg23KA,
地府办事处,地府办事处,狐小狸剧本杀目录,974,https://pan.baidu.com/s/1tWKKzQIwp-3FCv6kus_BYw,
桔梗物语,桔梗物语,狐小狸剧本杀目录,975,https://pan.baidu.com/s/18Q3fhxWzAs9pRD76eOTRJA,
兵临城下2,兵临城下2 （水印版）,狐小狸剧本杀目录,976,https://pan.baidu.com/s/11dsD1et6MWmnRBEesUfDhw,
越狱,越狱（无水印）,狐小狸剧本杀目录,977,https://pan.baidu.com/s/1QzypRd4XfGpQrKX-D-lBIg,
银子那点事,银子那点事,狐小狸剧本杀目录,978,https://pan.baidu.com/s/1hemQ2wD6MOhyJ_7MgrnMtA,
黑羊公馆,黑羊公馆,狐小狸剧本杀目录,979,https://pan.baidu.com/s/1US3EJVs8mA8p8hU9hi2alw,
雨落赤城山,雨落赤城山,狐小狸剧本杀目录,980,https://pan.baidu.com/s/12oSxM9opdC4ASOUmpSpifw,
瓶中恶灵,瓶中恶灵,狐小狸剧本杀目录,981,https://pan.baidu.com/s/1T9lrWn8U_pAB3K-e8wsqOQ,
来电,来电,狐小狸剧本杀目录,982,https://pan.baidu.com/s/15d_lsNuqJg023nA2-hyFOg,
闺蜜,闺蜜（无水印）,狐小狸剧本杀目录,983,https://pan.baidu.com/s/197BYjS51_XwBRQIAlM8rhw,
遗容,遗容,狐小狸剧本杀目录,984,https://pan.baidu.com/s/1Dr1xPHJx3BR1GvEnE43z3g,
逢山遇鬼,逢山遇鬼,狐小狸剧本杀目录,985,https://pan.baidu.com/s/1qcclS60qCTGQlTmqdu7F_w,
外交官,外交官（水印版）,狐小狸剧本杀目录,986,https://pan.baidu.com/s/1mGrytfaRINNa90HEsSs82g,
月下孟婆汤,月下孟婆汤,狐小狸剧本杀目录,987,https://pan.baidu.com/s/1WZCXE4WfxXzBglCfTLfL7g,
蚊子血,蚊子血,狐小狸剧本杀目录,988,https://pan.baidu.com/s/1Q26IsbFDxMj2WJAGTKSstA,
明天也是小春日和,明天也是小春日和,狐小狸剧本杀目录,989,https://pan.baidu.com/s/1JxHi2TJTotWGYa6dLzpkGQ,
在逃公主,在逃公主,狐小狸剧本杀目录,990,https://pan.baidu.com/s/1_IwE7caWVe0iQnMV5kVx4w,
童话,童话,狐小狸剧本杀目录,991,https://pan.baidu.com/s/1zv4tnX7fu5kJhjEO1x1-VQ,
心慌慌,心慌慌,狐小狸剧本杀目录,992,https://pan.baidu.com/s/1zszFRcqCOx4jNrlCxmEwjg,
好名昭著,好名昭著,狐小狸剧本杀目录,993,https://pan.baidu.com/s/1MNKQ5Z9gzHH40yizjAT_VA,
家长会,家长会,狐小狸剧本杀目录,994,https://pan.baidu.com/s/1em_GPX6U51zneD-J1zc1dA,
盲点,盲点,狐小狸剧本杀目录,995,https://pan.baidu.com/s/1dx5tWiNqk41XVcJnXpbc6Q,
独木不成林,独木不成林,狐小狸剧本杀目录,996,https://pan.baidu.com/s/1pFzDOjaWyE6G493PyFq9ow,
上元不禁夜,上元不禁夜（无水印）,狐小狸剧本杀目录,997,https://pan.baidu.com/s/1MrdydpUM9Y7RF2y3kd1VJw,
相爱是最小的共产主义,相爱是最小的共产主义,狐小狸剧本杀目录,998,https://pan.baidu.com/s/1VHSO56jJxfoISnGfefR4KA,
极夜,极夜,狐小狸剧本杀目录,999,https://pan.baidu.com/s/1sA5-oCa4HUcFCvQU27bINQ,
黑色麻花辫,黑色麻花辫,狐小狸剧本杀目录,1000,https://pan.baidu.com/s/1WuGeiletffjcSw2Akd8RSw,
一夜暴富,一夜暴富,狐小狸剧本杀目录,1001,https://pan.baidu.com/s/1QfxbfK5fUs98V3rtl0dfwQ,
通缉令掘齿者,通缉令掘齿者,狐小狸剧本杀目录,1002,https://pan.baidu.com/s/17VaXbvJpsUGMKmt9jgvaCQ,
海国图志,海国图志,狐小狸剧本杀目录,1003,https://pan.baidu.com/s/1Ua3Mrv78Yd7TrOkEJwG1UQ,
白衣倾城,白衣倾城,狐小狸剧本杀目录,1004,https://pan.baidu.com/s/1bSgkRiA57diti8Vf89ddnA,
求签,求签（水印版）,狐小狸剧本杀目录,1005,https://pan.baidu.com/s/1YnPJJyoElaiN7A9DQFZmLQ,
人偶之匣,人偶之匣,狐小狸剧本杀目录,1006,https://pan.baidu.com/s/1cqN_uOHrw4rFyVgYYObXlQ,
鬼计,鬼计,狐小狸剧本杀目录,1007,https://pan.baidu.com/s/1q5TyGeoXtmapTuy_ovJmPg,
天国,天国,狐小狸剧本杀目录,1008,https://pan.baidu.com/s/1ispKUx5XY84-48AtuPrdHw,
一言为定,一言为定,狐小狸剧本杀目录,1009,https://pan.baidu.com/s/1zB1ryxIXi5fKXhviUraBdQ,
青城山下,青城山下,狐小狸剧本杀目录,1010,https://pan.baidu.com/s/12BMx548N9Wo_wiHdkdUTrw,
那皇军不是白来了么,那皇军不是白来了么（无水印）,狐小狸剧本杀目录,1011,https://pan.baidu.com/s/1zry0Xlc_Rk3uHoOJroQaMg,
青灯引,青灯引,狐小狸剧本杀目录,1012,https://pan.baidu.com/s/17GjYmXXSGVbMTeA_nmZ-1A,
途惊北海道,途惊北海道（水印版）,狐小狸剧本杀目录,1013,https://pan.baidu.com/s/13RBEOufZBNdwDTdphTRcTw,
"死神,癫狂与逻辑学家",死神，癫狂与逻辑学家,狐小狸剧本杀目录,1014,https://pan.baidu.com/s/1GSK4U9PslT0JfPwE49vOUQ,
咆哮吧!恶龙,咆哮吧！恶龙 （水印版）,狐小狸剧本杀目录,1015,https://pan.baidu.com/s/1QCzFKb8m3di-iMGc5O2_UA,
星愿,星愿,狐小狸剧本杀目录,1016,https://pan.baidu.com/s/1mn2WuT8wB4APX0C7q3u_qA,
山之神,山之神,狐小狸剧本杀目录,1017,https://pan.baidu.com/s/1BFq-B9OBWggUrsj4kRrT5Q,
一口鸡腿子,一口鸡腿子,狐小狸剧本杀目录,1018,https://pan.baidu.com/s/1RjgkQCC4pPaSiwwQcVfjZA,
不负,不负  (水印版）,狐小狸剧本杀目录,1019,https://pan.baidu.com/s/1ljA_fX-PPkxyMhlrqYezgg,
地狱的19层,地狱的19层,狐小狸剧本杀目录,1020,https://pan.baidu.com/s/1gau2GQJmDybXJgvf0BIJ0w,
当撒旦在犯罪,当撒旦在犯罪,狐小狸剧本杀目录,1021,https://pan.baidu.com/s/1aLC2TmLs8_APEt9fWRNh7A,
点妖簿,点妖簿,狐小狸剧本杀目录,1022,https://pan.baidu.com/s/1Fc3vMY8y5Zhf7S5S1Gu16Q,
骑在星河背上,骑在星河背上,狐小狸剧本杀目录,1023,https://pan.baidu.com/s/1LNoPh1DFcxZi3WhF8CJsww,
上帝不在的那一天,上帝不在的那一天,狐小狸剧本杀目录,1024,https://pan.baidu.com/s/1QekNo5rgOF2IzVFRMygDYA,
复泉楼,复泉楼,狐小狸剧本杀目录,1025,https://pan.baidu.com/s/1tIliK_T58euQJTk37eWekQ,
阿姐鼓,阿姐鼓,狐小狸剧本杀目录,1026,https://pan.baidu.com/s/1UkEeMD5arUeyeq_ICJYrhw,7
粟米苍生,粟米苍生,狐小狸剧本杀目录,1027,https://pan.baidu.com/s/1-3edVAluBaxCY77DZsRWbg,
千秋赋,千秋赋,狐小狸剧本杀目录,1028,https://pan.baidu.com/s/1S6L2zS1AptkEsJqGcrTI4g,
你的礼物,你的礼物,狐小狸剧本杀目录,1029,https://pan.baidu.com/s/1lsrkHKZMfpaa2_uQZemfjQ,
春昼短2,春昼短2,狐小狸剧本杀目录,1030,https://pan.baidu.com/s/1jwq5EmO0rH7kry2-7Sd1jw,
世界的尽头,世界的尽头,狐小狸剧本杀目录,1031,https://pan.baidu.com/s/1EYmr_7r0tEptY7yn6noBCQ,
酒转乾坤,酒转乾坤,狐小狸剧本杀目录,1032,https://pan.baidu.com/s/118AZ2bp2IxA8V2Zj6BJodw,
极昼之下,极昼之下,狐小狸剧本杀目录,1033,https://pan.baidu.com/s/15G5t91FImW8ue29SySUQ_Q,7
末班车,末班车,狐小狸剧本杀目录,1034,https://pan.baidu.com/s/1jJBQK_i8fCVzAA8yzCbSVA,
曦和失焰,曦和失焰,狐小狸剧本杀目录,1035,https://pan.baidu.com/s/1FHYyN6IzhbI4d4wf2hH_8Q,7
岳飞,岳飞,狐小狸剧本杀目录,1036,https://pan.baidu.com/s/1cDfcsAzG3scPOkieP-WLQQ,
鲸鱼马戏团,鲸鱼马戏团,狐小狸剧本杀目录,1037,https://pan.baidu.com/s/1ovXZJIlcgKkpnX-zwWDplw,
大山,大山,狐小狸剧本杀目录,1038,https://pan.baidu.com/s/1RVmHqFtHO5phfGc45YKxZQ,
阎王不高兴,阎王不高兴,狐小狸剧本杀目录,1039,https://pan.baidu.com/s/1PxC2RXN2Y4V4_8KJS7SfYg,
我从云中来,我从云中来,狐小狸剧本杀目录,1040,https://pan.baidu.com/s/19PqamB5Asq-7jwuhDPX4Zw,
上仙请就位,上仙请就位,狐小狸剧本杀目录,1041,https://pan.baidu.com/s/1G91yMNAw_BxjdniU6IU-Cw,
兴·夜宴之乱,兴·夜宴之乱,狐小狸剧本杀目录,1042,https://pan.baidu.com/s/1jZ2rJuW6bpZMw17PWzAsHQ,
光阴,光阴,狐小狸剧本杀目录,1043,https://pan.baidu.com/s/1mXUByRulB3aQolm9etNl1Q,
庆余年,庆余年,狐小狸剧本杀目录,1044,https://pan.baidu.com/s/10Y70p2FjfCbdejeUxEjPyQ,
想要成为rapstar吗,想要成为rap star吗,狐小狸剧本杀目录,1045,https://pan.baidu.com/s/1GJITrZ2wsq3oylbEK8qKiQ,
嫁衣,嫁衣,狐小狸剧本杀目录,1046,https://pan.baidu.com/s/1fM0o-T5OalVYTv-BemmYUg,
尼克拉岛派对,尼克拉岛派对,狐小狸剧本杀目录,1047,https://pan.baidu.com/s/11xAEynZfKM1l0TlWIaXyuw,
奶茶冰淇淋,奶茶冰淇淋,狐小狸剧本杀目录,1048,https://pan.baidu.com/s/1UZZVkuiiQXOqpfbwRQHx5w,
新倩女幽魂,新倩女幽魂,狐小狸剧本杀目录,1049,https://pan.baidu.com/s/1OofZvg55WJv7w2t7u4tx2A,
高级动物,高级动物,狐小狸剧本杀目录,1050,https://pan.baidu.com/s/13SqPh_F3yikFdbnnzKldJw,
大郎该吃药了,大郎该吃药了,狐小狸剧本杀目录,1051,https://pan.baidu.com/s/1tsQCiAN9nhUmkfRm30mEpA,
匹夫,匹夫,狐小狸剧本杀目录,1052,https://pan.baidu.com/s/1lGj5NKmMiezbauU5GQAfPA,
布达佩斯大饭店,布达佩斯大饭店,狐小狸剧本杀目录,1053,https://pan.baidu.com/s/1TLEbPTqYQ53VmUEyDp7wNg,
疑是星河落九天,疑是星河落九天,狐小狸剧本杀目录,1054,https://pan.baidu.com/s/1fU_Lc5ZEX3tAxKRf9pgs2g,
神奇的罗斯塔特先生,神奇的罗斯塔特先生,狐小狸剧本杀目录,1055,https://pan.baidu.com/s/1VBeQNk8nPdGy5cGRL2G9-w,
似灵寺2,似灵寺2,狐小狸剧本杀目录,1056,https://pan.baidu.com/s/1Fehf1w2TvK_YrcDFERSt8g,
云上有个供销社,云上有个供销社,狐小狸剧本杀目录,1057,https://pan.baidu.com/s/1Bo9aqt5hZEwphqXE3FRLZg,
我在明朝当海盗,我在明朝当海盗,狐小狸剧本杀目录,1058,https://pan.baidu.com/s/1ohs4b708aRM_OngP_vetpw,
洛阳东风几时来,洛阳东风几时来,狐小狸剧本杀目录,1059,https://pan.baidu.com/s/1-4T32DaVv9EJDGhQ1RAcAw,
恶魔诞生于午夜,恶魔诞生于午夜,狐小狸剧本杀目录,1060,https://pan.baidu.com/s/1k0dHqSMuL2d2b3ZF21-eWg,
美丽新世界,美丽新世界,狐小狸剧本杀目录,1061,https://pan.baidu.com/s/1bl_k9WVKXl7mWHlrmKFNVA,
某某,某某,狐小狸剧本杀目录,1062,https://pan.baidu.com/s/1vooLP0-7rTm9dul93qPCzQ,
暖阳,暖阳,狐小狸剧本杀目录,1066,https://pan.baidu.com/s/1pMm122r57GfPKslkTwl1FA,
月落岛之影,月落岛之影,狐小狸剧本杀目录,1082,https://pan.baidu.com/s/13S_cbylrNbQ7PvKUiBHEeQ,
挟剑惊风,挟剑惊风,狐小狸剧本杀目录,1085,https://pan.baidu.com/s/1A8XKCktuIeyLMawUfwyZAw,
暗剑,暗剑,狐小狸剧本杀目录,1087,https://pan.baidu.com/s/1-URYeHxIpNMXB-bN7sN98g,
大雪满弓刀,大雪满弓刀,狐小狸剧本杀目录,1088,https://pan.baidu.com/s/1RBLoB1cCMqtKv5UmP8k48A,
叫魂,叫魂,狐小狸剧本杀目录,1089,https://pan.baidu.com/s/14RVoaXXvI7MEta63B6dyUA,
问君此去几时还,问君此去几时还,狐小狸剧本杀目录,1090,https://pan.baidu.com/s/1swC2DV1XXmKg9H53ds_s6Q,
答案,答案,狐小狸剧本杀目录,1092,https://pan.baidu.com/s/1DUtanAOvFp029MaiVjWzeQ,
酒剑山河,酒剑山河,狐小狸剧本杀目录,1094,https://pan.baidu.com/s/13h241s0Uz3uBeH3bWcdmxw,
时光博物馆,时光博物馆,狐小狸剧本杀目录,1097,https://pan.baidu.com/s/1-TGyoCVhO__oYca1UQnkmg,
七月十三日,七月十三日,狐小狸剧本杀目录,1100,https://pan.baidu.com/s/1iv8zNAOPCopYfj8bvdmh8Q,6
余温,余温,狐小狸剧本杀目录,1103,https://pan.baidu.com/s/1SEigKbsqJVyMfHT83WTnMQ,
催婚,催婚,狐小狸剧本杀目录,1105,https://pan.baidu.com/s/13AlcyqnHm2ZKqLQo0PfXSw,
悬崖边上的根号三,悬崖边上的根号三,狐小狸剧本杀目录,1115,https://pan.baidu.com/s/1r2nEOkPdyTbWiXj5ngQxEw,
老狗必须死,老狗必须死,狐小狸剧本杀目录,1116,https://pan.baidu.com/s/1M53pjcm041qi5Lp0LxcvYQ,
初雪,初雪（4人开放温情2男2女）,狐小狸剧本杀目录,1118,https://pan.baidu.com/s/1h6apNfCqF0OzuGywXXSdlA,4
蜇蜂之死,蜇蜂之死,狐小狸剧本杀目录,1119,https://pan.baidu.com/s/1iRLWoxZLp5f4QQ6gMTYcnA,
当你熟睡时,当你熟睡时,狐小狸剧本杀目录,1120,https://pan.baidu.com/s/1b5qCo3Yii-0AGOLoXJSKzQ,
你咋是个这,你咋是个这（7人）,狐小狸剧本杀目录,1121,https://pan.baidu.com/s/1hPZ6dBUu1gkqNbCVlV_8eA,7
小团圆(5人半开放防疫事迹,小团圆（5人半开放防疫事迹2男3女,狐小狸剧本杀目录,1122,https://pan.baidu.com/s/1ta3JFyghAsAkpZqhHOMh8Q,5
夜总会杀人夜,夜总会杀人夜（6人封闭）,狐小狸剧本杀目录,1123,https://pan.baidu.com/s/1tLerm95iCAmN0WRuBieM0Q,6
十三先生,十三先生,狐小狸剧本杀目录,1124,https://pan.baidu.com/s/1CFwoWncxqYm_ZWVjAPC5Nw,
市井狂人,市井狂人,狐小狸剧本杀目录,1126,https://pan.baidu.com/s/1_CO9IhhkPib0xatO9rTKaA,
那时的我们,那时的我们,狐小狸剧本杀目录,1127,https://pan.baidu.com/s/1FjsFcgUYQ0JuFFSiFZdQwQ,
如何杀死500万人,如何杀死500万人,狐小狸剧本杀目录,1128,https://pan.baidu.com/s/1YPELxY__rWzwiCvTOPwy4g,
九霄,九霄,狐小狸剧本杀目录,1129,https://pan.baidu.com/s/18u6IenIsBZ-u4kf_-2fYqw,
虞渊唐,虞渊唐,狐小狸剧本杀目录,1130,https://pan.baidu.com/s/1kBZNwIm36YaX_jM1b1ZR4Q,
刁民2,刁民2,狐小狸剧本杀目录,1132,https://pan.baidu.com/s/1MjYYrpgzrxIZomcC0p3k_w,
桃夭,桃夭,狐小狸剧本杀目录,1133,https://pan.baidu.com/s/1ceBsKeGn5_WV_kn2SpoiZQ,
篆妖书,篆妖书,狐小狸剧本杀目录,1135,https://pan.baidu.com/s/1sahQx7KXTakhQoRoyyQLXw,
粉灯,粉灯,狐小狸剧本杀目录,1137,https://pan.baidu.com/s/1hVn326tp6Lzq6hOrP6TOQw,
约,约本,狐小狸剧本杀目录,1138,https://pan.baidu.com/s/1CQXSPR8dN-7ndk7am8Wfqg,
焰之扉,焰之扉,狐小狸剧本杀目录,1139,https://pan.baidu.com/s/14xNQ94jueDta1pqewi1J7w,
日日是好日,日日是好日,狐小狸剧本杀目录,1140,https://pan.baidu.com/s/1aRJACZmp6IxXGysjhopH6w,6
青玉赌坊2怡红怨,青玉赌坊2怡红怨,狐小狸剧本杀目录,1143,https://pan.baidu.com/s/1zXlHWM1TizVTCD31GVBYng,
闹鬼的地下室,闹鬼的地下室,狐小狸剧本杀目录,1145,https://pan.baidu.com/s/1J_QRFDNEvz0DsAB6TB0jIg,
校规2返校,校规2返校,狐小狸剧本杀目录,1147,https://pan.baidu.com/s/1eNL1oUGQKWD5yuPy2ry4Yg,
我祝你孤独也祝你幸福,我祝你孤独也祝你幸福,狐小狸剧本杀目录,1149,https://pan.baidu.com/s/1QmjM3x2Iyu_N75jnLM7rJg,
贺兰宴,贺兰宴,狐小狸剧本杀目录,1150,https://pan.baidu.com/s/1H6xKjAu9Bx947MzgGzBoiA,
别来无恙,别来无恙,狐小狸剧本杀目录,1151,https://pan.baidu.com/s/15Kx84r98x4olu4wru6AnUw,
惠子2百鬼,惠子2百鬼,狐小狸剧本杀目录,1152,https://pan.baidu.com/s/1FiCwhHogFjzZibYkaCeQrg,
人间星火,人间星火,狐小狸剧本杀目录,1154,https://pan.baidu.com/s/17OBPtJIi757ebm2NvHm63A,
竹书纪年,竹书纪年,狐小狸剧本杀目录,1155,https://pan.baidu.com/s/1N3AVyNOkccj9TZ752S_gBg,
千千晚星,千千晚星,狐小狸剧本杀目录,1156,https://pan.baidu.com/s/1tdTtDCIl1kBNz_FuNT5RXA,
赴国忧,赴国忧,狐小狸剧本杀目录,1157,https://pan.baidu.com/s/1OkECuOubQB1eLk7kwYykdQ,
风,风,狐小狸剧本杀目录,1158,https://pan.baidu.com/s/1goMUzrPfCsUPzieqSKU6Tg,
绿皮火车,绿皮火车,狐小狸剧本杀目录,1159,https://pan.baidu.com/s/1aWwK4eT7LWkOaJSefIiU0w,
备忘录;死后即阅,备忘录;死后即阅,狐小狸剧本杀目录,1160,https://pan.baidu.com/s/1m4uY_urEfqKwnWYEr1SsHA,
富士山下,富士山下,狐小狸剧本杀目录,1161,https://pan.baidu.com/s/1WlikriYE_M3yUgh3Xwi1lg,
虫儿飞,虫儿飞,狐小狸剧本杀目录,1162,https://pan.baidu.com/s/1kh9fqnseKY4zbJPLeLjpTA,
你妈逼你结婚了吗,你妈逼你结婚了吗,狐小狸剧本杀目录,1163,https://pan.baidu.com/s/1EDitDHNnYbvEu6bgIvRrjQ,
拂衣行,拂衣行,狐小狸剧本杀目录,1164,https://pan.baidu.com/s/1RexC83WafB2xIS-4meDfyQ,
玫瑰玫瑰,玫瑰玫瑰,狐小狸剧本杀目录,1165,https://pan.baidu.com/s/1kWuT3KGzEmSY6iP9d3FX7A,
昨日歌,昨日歌,狐小狸剧本杀目录,1166,https://pan.baidu.com/s/1bxRfbDj2hI77gtPr-urJhw,
倒吊蟾,倒吊蟾,狐小狸剧本杀目录,1167,https://pan.baidu.com/s/18rcLBmRLymLQFiQUhenclQ,
不可思议的万分之一分,不可思议的万分之一分,狐小狸剧本杀目录,1168,https://pan.baidu.com/s/1zCGcfqdr6D5Yj0aqIpWhhA,
元德十三年,元德十三年,狐小狸剧本杀目录,1169,https://pan.baidu.com/s/1YOYhb4pJ6B5r6oNP1DmiCA,
清迈的雨天永不停歇,清迈的雨天永不停歇,狐小狸剧本杀目录,1170,https://pan.baidu.com/s/17L_mjZcnqCE6rNQuEn5OkQ,
十二面相,十二面相,狐小狸剧本杀目录,1171,https://pan.baidu.com/s/1j9hP5A4R-fVYdF-mXTIWiA,
凤启长安,凤启长安,狐小狸剧本杀目录,1172,https://pan.baidu.com/s/19ROfTMrDn8Fz7GmXvoxYcg,
传灯录,传灯录,狐小狸剧本杀目录,1173,https://pan.baidu.com/s/1LDpdNJWRnbJim-vHihWvsg,
斗破苍穹,斗破苍穹,狐小狸剧本杀目录,1174,https://pan.baidu.com/s/1Lzpmw7tifco7UCN4JQcQ7A,
恶名昭著3杀手没有假期,恶名昭著3杀手没有假期,狐小狸剧本杀目录,1176,https://pan.baidu.com/s/1O2EW3EuzRLNt2zVIXcNh5A,
半生,半生,狐小狸剧本杀目录,1177,https://pan.baidu.com/s/18LwXL_PE4A8uhp5Sv8wgow,
丧钟为谁而鸣,丧钟为谁而鸣,狐小狸剧本杀目录,1178,https://pan.baidu.com/s/1KcuRME0jyN4BHho5reUs6w,
牌花,牌花,狐小狸剧本杀目录,1179,https://pan.baidu.com/s/19DVzSsfkTKO3NCXdFbIEdw,
嘉禾望岗,嘉禾望岗,狐小狸剧本杀目录,1180,https://pan.baidu.com/s/1nu27bbXe7VfRC-XTPF3bUw,
你知道蓝溪山吗,你知道蓝溪山吗,狐小狸剧本杀目录,1181,https://pan.baidu.com/s/1ZDuJeK1ms5lWuo9gzLPJqw,
良人何不归,良人何不归,狐小狸剧本杀目录,1182,https://pan.baidu.com/s/1-XXAa2MibWLM1yLX7L54bg,
莫格街的晚宴,莫格街的晚宴,狐小狸剧本杀目录,1184,https://pan.baidu.com/s/15YR4WPzcjkEAWk3dG5Sb4w,
我与春风皆过客,我与春风皆过客,狐小狸剧本杀目录,1185,https://pan.baidu.com/s/1jKwO2YBWYFGx8se0uPWT1Q,
白衣归,白衣归,狐小狸剧本杀目录,1186,https://pan.baidu.com/s/1Ui-BEgxtYStTIiBk-n2ewQ,
余生,余生,狐小狸剧本杀目录,1188,https://pan.baidu.com/s/1cRWSqFFhCggDSv4NiblEqQ,
普兰国,普兰国,狐小狸剧本杀目录,1189,https://pan.baidu.com/s/1dAGMHxC4vHZ3kcsnjhl0JA,
毛茸茸公寓,毛茸茸公寓,狐小狸剧本杀目录,1190,https://pan.baidu.com/s/1mH3WwxsfqBgeXY7D23EqbA,
余光,余光,狐小狸剧本杀目录,1191,https://pan.baidu.com/s/1BwFDdd7OwG58MLqLqDciPg,
十一月一日天气晴,十一月一日天气晴,狐小狸剧本杀目录,1194,https://pan.baidu.com/s/1rb6G6SkC2HcC9owOTddLWA,
离恨天,离恨天,狐小狸剧本杀目录,1195,https://pan.baidu.com/s/1iJeyB0VJhDzlu_5nErcrEw,
双城,双城,狐小狸剧本杀目录,1196,https://pan.baidu.com/s/1LJRNnPdSzdEmDJ0iLodNdw,
致新世界,致新世界,狐小狸剧本杀目录,1197,https://pan.baidu.com/s/1jNWLgOx5weou0XC7RSm5BQ,
豪门-孤舟萤,豪门-孤舟萤,狐小狸剧本杀目录,1198,https://pan.baidu.com/s/14GvQCcYC2LwAjt_ex-UjhA,
本格已死,本格已死,狐小狸剧本杀目录,1199,https://pan.baidu.com/s/14RuiwEW0c2Pe3YA2TcxKbg,
如果白昼落尽,如果白昼落尽,狐小狸剧本杀目录,1200,https://pan.baidu.com/s/1ZPpWcwxGwk1U3n9MKsnZZg,6
回家2远方,回家2远方,狐小狸剧本杀目录,1201,https://pan.baidu.com/s/1K8vRLm9erdr6VH6wtyse6A,
敕令,敕令,狐小狸剧本杀目录,1202,https://pan.baidu.com/s/1j6JBcJRqemxEElPTtvrF_g,
花与爱莉丝,花与爱莉丝,狐小狸剧本杀目录,1203,https://pan.baidu.com/s/1aeuwXLygRfRh4SFVsLjRTQ,
暗蝉,暗蝉,狐小狸剧本杀目录,1204,https://pan.baidu.com/s/1kFtku9U8DzDjkIaQeyazjA,
JT花屋,JT花屋,狐小狸剧本杀目录,1205,https://pan.baidu.com/s/1VZagG-qSDf2rg2TPgqXq_w,
不过一池星光,不过一池星光,狐小狸剧本杀目录,1206,https://pan.baidu.com/s/19_XCvYo--vXrwTs1kfQLTw,
地狱收音机,地狱收音机,狐小狸剧本杀目录,1207,https://pan.baidu.com/s/1CS9Dkf9jOuXUcCkj3FijRw,
小吊梨汤2从前的月亮是个橘子,小吊梨汤2从前的月亮是个橘子,狐小狸剧本杀目录,1208,https://pan.baidu.com/s/1CT7fG3fx1StguqbZklKvIQ,
无言,无言,狐小狸剧本杀目录,1209,https://pan.baidu.com/s/13FIg7rcXBaN6dYX6G9eG9w,
商女,商女,狐小狸剧本杀目录,1210,https://pan.baidu.com/s/1pKwuQOH2JjIsertRFT53iw,
谋杀月亮,谋杀月亮,狐小狸剧本杀目录,1212,https://pan.baidu.com/s/10JgNtY36_WOpopUMe9obow,
w,w,狐小狸剧本杀目录,1213,https://pan.baidu.com/s/1UUa_rEjUK5wpmPF2rVt4wg,
下次一定,下次一定,狐小狸剧本杀目录,1214,https://pan.baidu.com/s/1UE3Hs6PaSgpIgxpgUfUl3g,
永不褪色山楂林,永不褪色山楂林,狐小狸剧本杀目录,1215,https://pan.baidu.com/s/17HsOAF2qQV8_0QfSxUpbow,7
杜鹃,杜鹃,狐小狸剧本杀目录,1216,https://pan.baidu.com/s/10yptv8JJvzWgZci27GvRbw,
地君,地君,狐小狸剧本杀目录,1217,https://pan.baidu.com/s/1MsG4gFwd6yHnnR-e3di8aA,
晴天神社2卖快乐的人,晴天神社2卖快乐的人,狐小狸剧本杀目录,1218,https://pan.baidu.com/s/1qsX_5pOVV9bbMqfMRvB_Og,
乌骨,乌骨,狐小狸剧本杀目录,1219,https://pan.baidu.com/s/1hkOeXfBkRyTAhxXNF_6OXA,
六个盒子β帕佐庄园,六个盒子β帕佐庄园,狐小狸剧本杀目录,1221,https://pan.baidu.com/s/1nAQniLpRWyo2c8KTvvX24A,
西首尔死囚异闻录,西首尔死囚异闻录,狐小狸剧本杀目录,1222,https://pan.baidu.com/s/1QagWbuj14SwR0nNtfzE_pA,
克塔尼德的安全守则,克塔尼德的安全守则,狐小狸剧本杀目录,1223,https://pan.baidu.com/s/1wWakJmdAmDUtjCq8ExU7hg,
帕拉丁,帕拉丁,狐小狸剧本杀目录,1225,https://pan.baidu.com/s/14y3aGGPIdACRejax30iHBQ,
不夜城,不夜城,狐小狸剧本杀目录,1226,https://pan.baidu.com/s/1j7A6fGmtP-_7YzHlRPxI2g,
家长会2爱丽丝的最后一次漫游,家长会2爱丽丝的最后一次漫游,狐小狸剧本杀目录,1227,https://pan.baidu.com/s/1tlcKb19loyDZMwmQye-Evw,
无衣,无衣,狐小狸剧本杀目录,1228,https://pan.baidu.com/s/1omLeXty5Z02VMlWWsH64SQ,
日落大道,日落大道,狐小狸剧本杀目录,1229,https://pan.baidu.com/s/1jfWNF6S05nj-C9hPfVYTYw,
殡仪馆,殡仪馆,狐小狸剧本杀目录,1230,https://pan.baidu.com/s/1EIqLQFDbCgp4LrsnUE8mbQ,
桔梗花消失的秋天,桔梗花消失的秋天,狐小狸剧本杀目录,1231,https://pan.baidu.com/s/17j6FBh3tc42BvLBjt6vPTg,
诸神黄昏,诸神黄昏,狐小狸剧本杀目录,1232,https://pan.baidu.com/s/1acB7cKfyoDjde3m860s-TA,
荒岛奇旅,荒岛奇旅,狐小狸剧本杀目录,1233,https://pan.baidu.com/s/12K_QWRDgmBc_4egyCOKDfg,
八苦捌苦,八苦捌苦,狐小狸剧本杀目录,1234,https://pan.baidu.com/s/1L8tdDt2lQtegtDi8EKTHDA,
年年岁岁,年年岁岁,狐小狸剧本杀目录,1235,https://pan.baidu.com/s/1fux8pLpJ3-N-otI2A_BZlw,
兔子世界下起胡萝卜雨,兔子世界下起胡萝卜雨,狐小狸剧本杀目录,1236,https://pan.baidu.com/s/12k3IVEkJBxlGnn8URuWuJA,
蜀山传之人间篇,蜀山传之人间篇,狐小狸剧本杀目录,1237,https://pan.baidu.com/s/1s7sn2Qf5tdeWepWZ_Yuaig,
一方烟火,一方烟火,狐小狸剧本杀目录,1238,https://pan.baidu.com/s/1AFLckSIKw62WiBEXbm5JVw,
树洞,树洞,狐小狸剧本杀目录,1239,https://pan.baidu.com/s/1pp8VYzO3QPB8apv3DyvYnw,
流云飞雪,流云飞雪,狐小狸剧本杀目录,1240,https://pan.baidu.com/s/118UlqeKqFGg483hk0xZsxg,
星空落下那一天,星空落下那一天,狐小狸剧本杀目录,1241,https://pan.baidu.com/s/1adzt7EE2Ov4Fe_ybDmpSIg,
吟梦集,吟梦集,狐小狸剧本杀目录,1242,https://pan.baidu.com/s/1RN0j_ASATGJNMg8s1CL4qQ,
王府诡谈,王府诡谈,狐小狸剧本杀目录,1243,https://pan.baidu.com/s/12hUCQnKmDLiSPiH3UHKjrA,
中华龙组,中华龙组,狐小狸剧本杀目录,1244,https://pan.baidu.com/s/1HqR06pW36j47jMr7Gf2p8w,
少年与恶的距离,少年与恶的距离,狐小狸剧本杀目录,1245,https://pan.baidu.com/s/1-5Bco7_HpdH0qlk0M1Chiw,
干掉天眼玩家,干掉天眼玩家,狐小狸剧本杀目录,1246,https://pan.baidu.com/s/1Ty4u5xMs_XKInhTiyh4Seg,
福音,福音,狐小狸剧本杀目录,1247,https://pan.baidu.com/s/1PtWVG9L5hykvTQ8kc1qu5Q,
椰枣,椰枣,狐小狸剧本杀目录,1248,https://pan.baidu.com/s/1bFNC1SI6UaIPXoXEOmdJwg,
裁员,裁员（水印版）,狐小狸剧本杀目录,1249,https://pan.baidu.com/s/180P3VMNw0zAOr9gNBUpQmw,
彼岸,彼岸,狐小狸剧本杀目录,1250,https://pan.baidu.com/s/11LoKcTlO-grVBhDSLz9jjA,
玉龙吟,玉龙吟,狐小狸剧本杀目录,1251,https://pan.baidu.com/s/1BHn0oLrOLFa6IzbHzD6A5g,
世界上最美的溺水者,世界上最美的溺水者,狐小狸剧本杀目录,1252,https://pan.baidu.com/s/1IlioqNd63Wn8xY8ofbbslA,
千佛梦,千佛梦,狐小狸剧本杀目录,1253,https://pan.baidu.com/s/1ouEI2SRk5oHL3_VtTwYTVQ,
梅花洲,梅花洲,狐小狸剧本杀目录,1254,https://pan.baidu.com/s/1--q-NukN7p3ZRt-7bcAeug,
后来待续,后来待续,狐小狸剧本杀目录,1255,https://pan.baidu.com/s/1EPbUx7uncqjmMYcHqZqhKQ,
无上,无上,狐小狸剧本杀目录,1256,https://pan.baidu.com/s/1i3TfVthwgO4PuTuJQ2ESGw,
我一个人挺好,我一个人挺好,狐小狸剧本杀目录,1257,https://pan.baidu.com/s/1AN9ar72nsybQr19ZmTfoPA,
miss致我们的旧时光,miss致我们的旧时光,狐小狸剧本杀目录,1258,https://pan.baidu.com/s/1FVIxfOCOVD2rorts33cQ1g,
恶名昭著2,恶名昭著2,狐小狸剧本杀目录,1259,https://pan.baidu.com/s/1hl_mKvjb2k7wgwuBC9t5Og,
再见叶美娟,再见叶美娟,狐小狸剧本杀目录,1260,https://pan.baidu.com/s/1gPa-0j7G5TQ6v-SOH35ZqA,
好帅的吨吨吨冒险,好帅的吨吨吨冒险,狐小狸剧本杀目录,1261,https://pan.baidu.com/s/1psOlgW1Mmn4rCosFQf0JIg,
山百合怒放的冬夜,山百合怒放的冬夜,狐小狸剧本杀目录,1262,https://pan.baidu.com/s/1fu61gOsn8pTKpUgL9Tm6oQ,
北京爱情图鉴,北京爱情图鉴,狐小狸剧本杀目录,1264,https://pan.baidu.com/s/1trWHij8vMHFoLP4GNbvmgQ,
信,信,狐小狸剧本杀目录,1265,https://pan.baidu.com/s/1-ItCsLmZHrd4Tl7-MnnIIg,
如是,如是,狐小狸剧本杀目录,1266,https://pan.baidu.com/s/1zunKc-sX2Txxo8s-Uq5Aaw,
让蝉声渐响,让蝉声渐响,狐小狸剧本杀目录,1267,https://pan.baidu.com/s/1xYWzKn560ZEHJkLJGYNAbg,
老手,老手（水印版）,狐小狸剧本杀目录,1268,https://pan.baidu.com/s/1Vy5TgtVYEvdREr10WWMaQw,
凤泣华翎,凤泣华翎,狐小狸剧本杀目录,1269,https://pan.baidu.com/s/1zZF-8hHHdstTtJSYZDHRwA,
燕书,燕书,狐小狸剧本杀目录,1270,https://pan.baidu.com/s/1EAXT50v11qr83tRy4ShKpw,
骗过死神的影子,骗过死神的影子,狐小狸剧本杀目录,1271,https://pan.baidu.com/s/1vM7-dMjxnZQphTYTgJc47A,
扫黄,扫黄,狐小狸剧本杀目录,1272,https://pan.baidu.com/s/1m2NWIVls_iD0YpE7HN2Qsg,
安娜前传荼蘼花开,安娜前传 荼蘼花开,狐小狸剧本杀目录,1273,https://pan.baidu.com/s/1g62RaPwA7Un-jcZ_BFc_ew,
伴生,伴生,狐小狸剧本杀目录,1274,https://pan.baidu.com/s/1ZD84U1Ldx8v4OzA9pvNLBg,
修复师,修复师,狐小狸剧本杀目录,1275,https://pan.baidu.com/s/1cVjmjE2qBwy1gVf7Oq74bQ,
朝花夕拾,朝花夕拾,狐小狸剧本杀目录,1276,https://pan.baidu.com/s/1N5gkFjEL9ibLmYCt5xgqqw,
路灯屠夫,路灯屠夫,狐小狸剧本杀目录,1277,https://pan.baidu.com/s/1NHSq9Xv6fJgTAfAGQ7sh-A,
天才在左我在右,天才在左我在右,狐小狸剧本杀目录,1278,https://pan.baidu.com/s/1GI-pUoN7K-N0EfOuQP350A,
向阳花,向阳花,狐小狸剧本杀目录,1279,https://pan.baidu.com/s/10i5ADmc7Pyd0x6dqRjJi1w,
望海祠豪门26,望海祠豪门26,狐小狸剧本杀目录,1280,https://pan.baidu.com/s/1T4LFI3wW0I2QhhVVGWKPuQ,
桔梗,桔梗,狐小狸剧本杀目录,1281,https://pan.baidu.com/s/12o1MYBCGoZNIfrxUloSU4Q,
晴天梦到北京城,晴天梦到北京城,狐小狸剧本杀目录,1282,https://pan.baidu.com/s/1VRUd0J5p96EwFpUa0y3Ppg,
自杀派对,自杀派对,狐小狸剧本杀目录,1283,https://pan.baidu.com/s/1O15HCTSeNJnO-9aY8BGGLQ,
送你一朵小花花,送你一朵小花花,狐小狸剧本杀目录,1284,https://pan.baidu.com/s/1x1t_OtNfgADIy_fuuodI1g,
话事人,话事人,狐小狸剧本杀目录,1285,https://pan.baidu.com/s/1juZIyox10ICmGLIKcXIBrA,
戏精的诞生,戏精的诞生,狐小狸剧本杀目录,1286,https://pan.baidu.com/s/199UdsHw0vlBa5dWoP4EvQw,
沙漠里的向日葵,沙漠里的向日葵,狐小狸剧本杀目录,1287,https://pan.baidu.com/s/1nRlwyL0ydghhgrJsp64EyA,
梦马之城,梦马之城,狐小狸剧本杀目录,1288,https://pan.baidu.com/s/19AwImTeRwnN8XQGl-lOQ3A,
诡书启示录,诡书启示录,狐小狸剧本杀目录,1289,https://pan.baidu.com/s/17OBNQDRAs0ztyWVF0t-vdA,
极盗大师,极盗大师（水印版）,狐小狸剧本杀目录,1290,https://pan.baidu.com/s/1Ks8V2AIA_E8-d90oUEWCKQ,
案件重演,案件重演,狐小狸剧本杀目录,1291,https://pan.baidu.com/s/1IGoUB34WWyVJcQtBJ5T4Dg,
贺兰山庄杀人事件,贺兰山庄杀人事件,狐小狸剧本杀目录,1292,https://pan.baidu.com/s/1eqO0fENxuMTWKLkvS9ANgg,
vr伐木累,vr伐木累,狐小狸剧本杀目录,1293,https://pan.baidu.com/s/1fwTnA7tTbXbQMBNnr8aprw,6
大橘为重,大橘为重,狐小狸剧本杀目录,1294,https://pan.baidu.com/s/1lsaJk9FDSOWdc10sfKmAfg,
水镜八奇,水镜八奇,狐小狸剧本杀目录,1295,https://pan.baidu.com/s/1E9eDjGhW5wHnTxtyZSDOug,
再少年,再少年,狐小狸剧本杀目录,1296,https://pan.baidu.com/s/1oiJK0GVZjm5U7z9qiAHajg,
中餐馆,中餐馆,狐小狸剧本杀目录,1297,https://pan.baidu.com/s/1cGmZLHpSMsJkU-Spr7mqnQ,
消失的学号,消失的学号,狐小狸剧本杀目录,1298,https://pan.baidu.com/s/1zu9_kNlz7ZRaPvVmWO2_uA,
南京1937,南京1937,狐小狸剧本杀目录,1299,https://pan.baidu.com/s/1zABG_Hdcw2zKicNmQ8gFFQ,
瘆2,瘆2,狐小狸剧本杀目录,1300,https://pan.baidu.com/s/1aHDVqUsMVsL2yf2rGGzNbg,
犯罪创意馆-基,犯罪创意馆-基本演绎,狐小狸剧本杀目录,1301,https://pan.baidu.com/s/1xFAIyWovb9wwfGvwfWOGHw,
归,归,狐小狸剧本杀目录,1302,https://pan.baidu.com/s/1YTmJZq6gIDm5Ah4iBsMXGA,
无羡,无羡,狐小狸剧本杀目录,1303,https://pan.baidu.com/s/1vG-oDbyJxn-HK5jpuoFBBg,
虚构,虚构推理,狐小狸剧本杀目录,1304,https://pan.baidu.com/s/1wuW05OLAfSyl7PylexFryA,
血玲珑,血玲珑,狐小狸剧本杀目录,1305,https://pan.baidu.com/s/1QnAMHqdSBWUOxiTXKKOjQQ,
后来的我们,后来的我们,狐小狸剧本杀目录,1306,https://pan.baidu.com/s/1p1i9slaPEcFtlHCXYguI3A,
三途长夜,三途长夜,狐小狸剧本杀目录,1307,https://pan.baidu.com/s/15eJtwhJrf244qA8iBSZ7Gw,
再也不见,再也不见,狐小狸剧本杀目录,1308,https://pan.baidu.com/s/1GxMHmETZS20J__gwJLl0sQ,
瑞轩酒店,瑞轩酒店,狐小狸剧本杀目录,1309,https://pan.baidu.com/s/1F35MHOZAvqqSe9hwI3COPg,
桑北花杀,桑北花杀,狐小狸剧本杀目录,1310,https://pan.baidu.com/s/1elRSjmChBXHwbu1KiJO1-g,
晚婚,晚婚,狐小狸剧本杀目录,1311,https://pan.baidu.com/s/1jcMc51Px33P0-w3f8HYhvw,
月光下的持刀者,月光下的持刀者,狐小狸剧本杀目录,1312,https://pan.baidu.com/s/1MqxOgR0daQN1xWdZymR9Gg,
你听,你听,狐小狸剧本杀目录,1313,https://pan.baidu.com/s/1kR16SR5KSiKnPsp4bURPDg,6
两点半,两点半,狐小狸剧本杀目录,1315,https://pan.baidu.com/s/1nDLDHrGKQgzO0A45ff1EWA,
请将我深埋,请将我深埋,狐小狸剧本杀目录,1316,https://pan.baidu.com/s/1TsRfZCNrAypWr4ENWA37Vw,
大人物,大人物,狐小狸剧本杀目录,1317,https://pan.baidu.com/s/1dOjvp0PWmhZw7bbPUILnlA,
白昼,白昼,狐小狸剧本杀目录,1318,https://pan.baidu.com/s/1Ne3c8kVwzjC5HnW9lHLS0w,
还不可以死,还不可以死,狐小狸剧本杀目录,1319,https://pan.baidu.com/s/1MaVIpfIfwLD1_kzrFVYpvg,
恶龙从未杀死持剑的少年,恶龙从未杀死持剑的少年,狐小狸剧本杀目录,1320,https://pan.baidu.com/s/1D2GZHjioNE5lrCCcVvMjbQ,
记事,记事本,狐小狸剧本杀目录,1321,https://pan.baidu.com/s/1LT1LW1uthB6zsWbkTxCorQ,
信简,信简,狐小狸剧本杀目录,1322,https://pan.baidu.com/s/1ZOmt6JOXixFBJFk2DSJuSw,
少女的祈祷,少女的祈祷,狐小狸剧本杀目录,1323,https://pan.baidu.com/s/1osc25cOwt1-H7i_AoouCBQ,
天字卷,天字卷,狐小狸剧本杀目录,1324,https://pan.baidu.com/s/1nA6o1xbal3DL2Xgl4ooyTw,
间谍,间谍,狐小狸剧本杀目录,1325,https://pan.baidu.com/s/1CJqS-O6Bfb6JrQw_BbSayg,
祸起穷奇,祸起穷奇,狐小狸剧本杀目录,1326,https://pan.baidu.com/s/1cM71pNFradhM6IheUtWDcw,
老骗子俱乐部,老骗子俱乐部(水印版）,狐小狸剧本杀目录,1327,https://pan.baidu.com/s/1cRpQSh6Saao-NBDktZj4Xg,
弥留,弥留,狐小狸剧本杀目录,1328,https://pan.baidu.com/s/1SAtYlg-P8QpiS5VSQviUog,
斗天,斗天,狐小狸剧本杀目录,1329,https://pan.baidu.com/s/1Ch8f6FtsE-z7_t62jG6LQA,
阔别,阔别,狐小狸剧本杀目录,1330,https://pan.baidu.com/s/1F5b-RQHPDfBvit4JjJy61w,
桃花国,桃花国,狐小狸剧本杀目录,1331,https://pan.baidu.com/s/1jb45YKGEgRfel4cINEKJCw,
开始的地方,开始的地方,狐小狸剧本杀目录,1332,https://pan.baidu.com/s/119DgA9qTa-NgLfV8QmfvtQ,
冬夜长,冬夜长,狐小狸剧本杀目录,1333,https://pan.baidu.com/s/1r4bY-wjlmDIM-4e0v1aD7g,
泰坦绿林号,泰坦绿林号,狐小狸剧本杀目录,1334,https://pan.baidu.com/s/1x7ZRWZPYVs9eTOZaYnc70Q,
雾中行舟,雾中行舟,狐小狸剧本杀目录,1335,https://pan.baidu.com/s/1yev16ZJr0po1pNL0FkLJ4Q,
狗咬狗,狗咬狗,狐小狸剧本杀目录,1336,https://pan.baidu.com/s/1_jz_smDARD3-X8LzxeqY2Q,
放弃生活去北极,放弃生活去北极,狐小狸剧本杀目录,1337,https://pan.baidu.com/s/1PU9_ykxBtVUepIuN1hUsMg,
第八宗罪,第八宗罪,狐小狸剧本杀目录,1338,https://pan.baidu.com/s/1_Mg_o6iBJFHeGwbNyL5FxA,
兔偶公馆,兔偶公馆,狐小狸剧本杀目录,1339,https://pan.baidu.com/s/14XpsgOOZ6QaHKili2AxsQw,
烟花,烟花,狐小狸剧本杀目录,1340,https://pan.baidu.com/s/1amo0_9ZWuMPOlDp2NHbKFQ,
王座,王座,狐小狸剧本杀目录,1341,https://pan.baidu.com/s/1QqZ9hy1tliWppUVC9DAdlQ,
诸葛七星传​,诸葛七星传​,狐小狸剧本杀目录,1342,https://pan.baidu.com/s/19RpFQj8YJJxISlTz3_r1xw,
一马当先,一马当先,狐小狸剧本杀目录,1343,https://pan.baidu.com/s/171MUnKHjAKl5AIwu5tiEgg,
辞君歌,辞君歌,狐小狸剧本杀目录,1344,https://pan.baidu.com/s/1uiM4Oc1EhD_DM009J-v46g,
病娇2恋爱日记,病娇2恋爱日记,狐小狸剧本杀目录,1345,https://pan.baidu.com/s/11eQMeV25x8re8sqj01LM2A,
悬崖之下,悬崖之下,狐小狸剧本杀目录,1346,https://pan.baidu.com/s/1sALe6JEwhaC6zv74B8uYMA,
差评,差评,狐小狸剧本杀目录,1347,https://pan.baidu.com/s/1zQbioAfU5IBBK55T2W-Ayw,
蜡烛镇,蜡烛镇,狐小狸剧本杀目录,1348,https://pan.baidu.com/s/1MiITfE4EaRGLuDDaVHNiNw,
怪诞童话镇,怪诞童话镇,狐小狸剧本杀目录,1349,https://pan.baidu.com/s/1UknKGMWooOkJZ4fnbR8XNw,
马丁内斯死在惊奇馆,马丁内斯死在惊奇馆,狐小狸剧本杀目录,1350,https://pan.baidu.com/s/1EI3yzWxdpYNGhMdtAyPBPQ,
邪,邪,狐小狸剧本杀目录,1351,https://pan.baidu.com/s/1_V5scWOjxy2QlNl2U2Ovow,
今夜没有北极星,今夜没有北极星,狐小狸剧本杀目录,1352,https://pan.baidu.com/s/1JK7fzfjs9IlG4vm7pPYSjQ,
豪门27:仪式之门,豪门27：仪式之门,狐小狸剧本杀目录,1353,https://pan.baidu.com/s/17E5gqNErmAJbD_93m2DWEQ,
脱单大会脱光大会,脱单大会脱光大会,狐小狸剧本杀目录,1354,https://pan.baidu.com/s/11bOylwLutKwUapJXps2tIA,
花木兰,花木兰,狐小狸剧本杀目录,1355,https://pan.baidu.com/s/1WVcEwhYdh0Jr8_4JNaXsPA,
白衣2青山云海,白衣2青山云海,狐小狸剧本杀目录,1356,https://pan.baidu.com/s/1IITnJ92SzTxOVROBwc7w3A,
真香,真香,狐小狸剧本杀目录,1357,https://pan.baidu.com/s/1_tlTM9zjWwOCZrXvoc7OjA,
亲爱的你听我解释,亲爱的你听我解释,狐小狸剧本杀目录,1358,https://pan.baidu.com/s/1LgbXlwoKWLPk4lywtyGxmg,
作者不详,作者不详,狐小狸剧本杀目录,1359,https://pan.baidu.com/s/1mvH_N_g6i8OETvnGGDIrwQ,
小丑,小丑,狐小狸剧本杀目录,1360,https://pan.baidu.com/s/1UX_zMVzp1DVJ7d4zkyIuYg,
锦灰堆,锦灰堆,狐小狸剧本杀目录,1361,https://pan.baidu.com/s/1XmZL35ifhgveDF4WJq2G9Q,
第一次送你花,第一次送你花,狐小狸剧本杀目录,1362,https://pan.baidu.com/s/1bDCuoXaKfUGwry1tCx4d6A,
有间客栈,有间客栈,狐小狸剧本杀目录,1363,https://pan.baidu.com/s/1iYEUzyw1da2tV34-dEnJoQ,
幽灵船,幽灵船,狐小狸剧本杀目录,1364,https://pan.baidu.com/s/1tyhx2IFN2sBsLty-kBksag,
唐人街探案3,唐人街探案3,狐小狸剧本杀目录,1365,https://pan.baidu.com/s/1J-sp-h9zAxG1igIQYzO7Ug,
甜蜜蜜,甜蜜蜜,狐小狸剧本杀目录,1366,https://pan.baidu.com/s/1jq3VIBmDydxXqzWos6qIkw,
老不死,老不死,狐小狸剧本杀目录,1367,https://pan.baidu.com/s/1Voo1S5NMVqNvCzRa0bFfog,
大唠天宫,大唠天宫,狐小狸剧本杀目录,1368,https://pan.baidu.com/s/1w3dg8izJteO8bMGMBuDiUw,
七窍,七窍,狐小狸剧本杀目录,1369,https://pan.baidu.com/s/1MehkiolK7kwJ0Xs4hf86_A,
天上的星星睡着了,天上的星星睡着了,狐小狸剧本杀目录,1370,https://pan.baidu.com/s/1KeT70SajS08yKQksCvBPQA,
奔丧,奔丧,狐小狸剧本杀目录,1371,https://pan.baidu.com/s/1kmAL9flOVH3DGF2pEb2QIw,
晴天神社,晴天神社,狐小狸剧本杀目录,1372,https://pan.baidu.com/s/1NC9pznTjsw5xpJFPPk4Wvw,
归去来兮,归去来兮,狐小狸剧本杀目录,1373,https://pan.baidu.com/s/1h10BT01TS2dhMQFrHkrlpw,
星落五丈原,星落五丈原,狐小狸剧本杀目录,1374,https://pan.baidu.com/s/1r-ThlBVy1Z-uNXZvcGYqRA,
点名,点名,狐小狸剧本杀目录,1375,https://pan.baidu.com/s/1kfV7sXTFUIKs-m_mg3NJxg,
失控病毒,失控病毒,狐小狸剧本杀目录,1376,https://pan.baidu.com/s/1zm-3Oflq4wdWwbk2E6Qzig,
人在天庭朝九晚五,人在天庭朝九晚五,狐小狸剧本杀目录,1377,https://pan.baidu.com/s/16ZE1vkUsLfTX2cHIkkppag,
逍遥赋,逍遥赋,狐小狸剧本杀目录,1378,https://pan.baidu.com/s/11KvT2S4_6nC4Udck7iUw4A,
凤泣华翎2归墟,凤泣华翎2归墟,狐小狸剧本杀目录,1379,https://pan.baidu.com/s/116wHcIfdJAm7RW65m7U8_w,
别上楼,别上楼,狐小狸剧本杀目录,1380,https://pan.baidu.com/s/1VNAU7lor9J4Qqv61Qplr5g,
孽子,孽子,狐小狸剧本杀目录,1381,https://pan.baidu.com/s/1sC9A9r-buMQoHq0Rl0XM_Q,
来日纵使千千阙歌​,来日纵使千千阙歌​,狐小狸剧本杀目录,1382,https://pan.baidu.com/s/1ohAm_dPzRrO5A3O23K3oUA,
要听神明的话,要听神明的话,狐小狸剧本杀目录,1383,https://pan.baidu.com/s/1jC-mNSNCGAaU3TABEdomWg,
冰川之下,冰川之下,狐小狸剧本杀目录,1384,https://pan.baidu.com/s/1X_RiW0Kou2xCqhXWXbinCQ,
拜庙​,拜庙​,狐小狸剧本杀目录,1385,https://pan.baidu.com/s/160SuWJBtHtz5wkgAlHspow,
惊池大覃,惊池大覃,狐小狸剧本杀目录,1386,https://pan.baidu.com/s/1FpmPniJKuAb7cFszA051FQ,
月见草,月见草,狐小狸剧本杀目录,1387,https://pan.baidu.com/s/1r8kEFEfbnnisWNv5colU8w,
龙宴3,龙宴3,狐小狸剧本杀目录,1388,https://pan.baidu.com/s/1w--_DWrk8fOtiAVdHdxneA,
欺诈游戏,欺诈游戏,狐小狸剧本杀目录,1389,https://pan.baidu.com/s/1APV8zr4MUTVF4Yd12A-NJA,
二十四夜的祷告,二十四夜的祷告,狐小狸剧本杀目录,1390,https://pan.baidu.com/s/1ABPxWtotHsw9gdB7sthTKg,
你想和我在瑞士谈场恋爱么,你想和我在瑞士谈场恋爱么,狐小狸剧本杀目录,1391,https://pan.baidu.com/s/1-iklSCQQasOxcE_9fk0oJg,
深林,深林（森林）,狐小狸剧本杀目录,1392,https://pan.baidu.com/s/1N7eJ5VcdSTC5CQ6jm8lPCA,
梅芙罗尔号,梅芙罗尔号,狐小狸剧本杀目录,1393,https://pan.baidu.com/s/1SN03X-NmigO4cBYblATKWg,
五好市民,五好市民,狐小狸剧本杀目录,1394,https://pan.baidu.com/s/1_b9bQYLxLIxrkz02SVnyIw,
十年灯,十年灯,狐小狸剧本杀目录,1395,https://pan.baidu.com/s/1UScSUYv41zRhZFaTXX9e0g,
退出群聊,退出群聊,狐小狸剧本杀目录,1396,https://pan.baidu.com/s/12EoIL_UHEOMrz1w5bFWrig,
光与暗,光与暗,狐小狸剧本杀目录,1397,https://pan.baidu.com/s/1jawCQoZOA-TGM1Mag0avkg,
山田洋子,山田洋子（无水印）,狐小狸剧本杀目录,1398,https://pan.baidu.com/s/1abjkLyx35q_s4nluvCiRdA,
海龟浓汤,海龟浓汤,狐小狸剧本杀目录,1399,https://pan.baidu.com/s/1-_Vl_Z8ecFLKZp_zp5Tzgg,
羊,羊,狐小狸剧本杀目录,1400,https://pan.baidu.com/s/1b3mbsdjLCo2jXiyUyfcYwg,
你我他,你我他,狐小狸剧本杀目录,1401,https://pan.baidu.com/s/1DaVv4ofXG18K4ZovpJ6vww,
看海,看海,狐小狸剧本杀目录,1402,https://pan.baidu.com/s/1SxRpuK5rWsIRT4ZLecg68g,
初恋,初恋,狐小狸剧本杀目录,1403,https://pan.baidu.com/s/1K5M1tpz_N2gkVvy0IMdmAw,
78七八,78七八,狐小狸剧本杀目录,1404,https://pan.baidu.com/s/1p0ZJZBTfcGFcywCpG8hvzw,
人形师,人形师,狐小狸剧本杀目录,1405,https://pan.baidu.com/s/1oPNp_H_L5sLoXqRPBJjpJw,
相见欢,相见欢,狐小狸剧本杀目录,1406,https://pan.baidu.com/s/1DR0qeM0fOVKfIhWfgCXJ3A,
神鹿,神鹿,狐小狸剧本杀目录,1407,https://pan.baidu.com/s/1mVEiKhD-HwtCp2hJ93CI0w,
五个阿道夫,五个阿道夫,狐小狸剧本杀目录,1408,https://pan.baidu.com/s/12yFnImJwWLLOsYtXMfqMnQ,
六日书社,六日书社,狐小狸剧本杀目录,1409,https://pan.baidu.com/s/1o0TNWnS4IwlNmpWafAqhHQ,
风树之碑,风树之碑,狐小狸剧本杀目录,1410,https://pan.baidu.com/s/1sAhhk8lFXzTlj_hBu-xkrA,
小吊梨汤,小吊梨汤,狐小狸剧本杀目录,1411,https://pan.baidu.com/s/1uPo_bkrn9D4nPaSO2ABI3g,
雾隐,雾隐,狐小狸剧本杀目录,1412,https://pan.baidu.com/s/1y-WVt5_f9ynF3hLHdqo_eA,
汇通天下,汇通天下,狐小狸剧本杀目录,1413,https://pan.baidu.com/s/1E7tYGv_lDlCq2Qgl80o-tw,
漪月幽澜,漪月幽澜,狐小狸剧本杀目录,1414,https://pan.baidu.com/s/1RXkE3nSMd8ex5tYL-8vfWw,
我们都将死于29岁,我们都将死于29岁,狐小狸剧本杀目录,1415,https://pan.baidu.com/s/1v_B1yJiwaUaBlHdlah5eaA,
相思骨,相思骨,狐小狸剧本杀目录,1416,https://pan.baidu.com/s/1XqHgqicTM7UXtUjvMr9_pg,
能力有限公司,能力有限公司,狐小狸剧本杀目录,1417,https://pan.baidu.com/s/1oZGtdeoXA8MKBivv-GYu1A,
备忘录2第六日,备忘录2第六日,狐小狸剧本杀目录,1418,https://pan.baidu.com/s/11LIT-Mz7zH0Y7Mo1papYtQ,
像个小孩啃西瓜,像个小孩啃西瓜,狐小狸剧本杀目录,1419,https://pan.baidu.com/s/1SxdyK4eYCdbIBDfgme-8kw,
死亡序章-我的尸体,死亡序章-我的尸体,狐小狸剧本杀目录,1420,https://pan.baidu.com/s/1Ob9N0xgdUDFHiY2UbMNKjA,
平行刺杀,平行刺杀,狐小狸剧本杀目录,1421,https://pan.baidu.com/s/11GRGtXZDtm6TT9GvT22A8g,
衔尾蛇,衔尾蛇,狐小狸剧本杀目录,1422,https://pan.baidu.com/s/1-OVJC3RhKqAqmxNP8RJfyw,
仙尽,仙尽,狐小狸剧本杀目录,1423,https://pan.baidu.com/s/1KqBaXX9_riVZ8n5HhCXYcA,
NARAKA,NARAKA,狐小狸剧本杀目录,1424,https://pan.baidu.com/s/1Wcwx51jkeHAOF0n91ZJVAA,
逆光而行,逆光而行,狐小狸剧本杀目录,1425,https://pan.baidu.com/s/1WmnPLirpnVHHPeScVl4vFg,
小兔儿乖乖,小兔儿乖乖,狐小狸剧本杀目录,1426,https://pan.baidu.com/s/1IuB1uZhn2OlBAHM-tD6c-g,
诡海,诡海,狐小狸剧本杀目录,1427,https://pan.baidu.com/s/1Rg-jc653KrYaYN4m5LguMw,
非正式访谈,非正式访谈,狐小狸剧本杀目录,1428,https://pan.baidu.com/s/1n-Opg7DNtmpT2bU0k2cJEg,
九门,九门,狐小狸剧本杀目录,1429,https://pan.baidu.com/s/1A7JExzNvD8jAXRy15tBz-w,
拱墅驾校,拱墅驾校,狐小狸剧本杀目录,1430,https://pan.baidu.com/s/1w1OMoYN_Hi-x_mTUfrzmLA,
将月,将月,狐小狸剧本杀目录,1431,https://pan.baidu.com/s/10Vo-HJ9vIC8TrcwwIpRpHg,
至暗时刻,至暗时刻,狐小狸剧本杀目录,1432,https://pan.baidu.com/s/1NjRgqtAV84Hjk67hh6QnxA,
余月与你,【6】余月与你,狐小狸剧本杀目录,1433,https://pan.baidu.com/s/1Csvj85GvrJvEywiZTpctPQ,6
彩票,彩票,狐小狸剧本杀目录,1434,https://pan.baidu.com/s/10CDZflJFyEpoTYi0xFbq-w,
娘娘千千岁,【5】娘娘千千岁,狐小狸剧本杀目录,1435,https://pan.baidu.com/s/1p1rqVsW2mifNY3dV6ls81Q,5
尸落之城,【6】尸落之城,狐小狸剧本杀目录,1436,https://pan.baidu.com/s/1Z0bmeG-QAsiDLPEcOT4LOw,6
六角笼,六角笼,狐小狸剧本杀目录,1437,https://pan.baidu.com/s/1unOqU9HcEcOS217ehOiAFA,
永夜序章,永夜序章,狐小狸剧本杀目录,1438,https://pan.baidu.com/s/1tQv_4wexctQOKFYWE7-n1g,
枭鸾并栖,枭鸾并栖,狐小狸剧本杀目录,1439,https://pan.baidu.com/s/1SPCbvf90FBYx5rCK7gTSGw,
我却乌云遮目,【6】我却乌云遮目,狐小狸剧本杀目录,1441,https://pan.baidu.com/s/1qFZI84pr_CJdhlZuwTXurA,6
收获日,收获日,狐小狸剧本杀目录,1442,https://pan.baidu.com/s/1fR1si0zeJ3El_xjlBql-VQ,
沧笙踏歌,沧笙踏歌,狐小狸剧本杀目录,1443,https://pan.baidu.com/s/1ltLippsRACFAt4zCgVyd1A,
72七二,【7】72七二,狐小狸剧本杀目录,1444,https://pan.baidu.com/s/1Gb2uKOUAI90vd8m9Kl-hoA,7
死者档案,死者档案,狐小狸剧本杀目录,1445,https://pan.baidu.com/s/10NnJ7NC3akUTTxktHh5NYQ,
野生,野生,狐小狸剧本杀目录,1446,https://pan.baidu.com/s/1I2LqzFaCtujj3svrkUsDkw,
回家,回家,狐小狸剧本杀目录,1447,https://pan.baidu.com/s/1gRyjZkU0Mykx72L_zGXIhQ,
少年游,少年游,狐小狸剧本杀目录,1448,https://pan.baidu.com/s/1Zf5ADgegLMD9daYLvhGmhQ,
无羁,无羁（无水印）,狐小狸剧本杀目录,1449,https://pan.baidu.com/s/1fgSP3wCxy_EzA9Z9WJUoMg,
先秦异闻录,先秦异闻录,狐小狸剧本杀目录,1450,https://pan.baidu.com/s/1snUt4SnbYc0Nl_yuW7Ey9w,
吾栖之瞳,【6】吾栖之瞳,狐小狸剧本杀目录,1451,https://pan.baidu.com/s/1zbYPlYvJd8mbeKvXLaf7qg,6
尔虞我诈,尔虞我诈,狐小狸剧本杀目录,1452,https://pan.baidu.com/s/1b5A46rtJ0DW2VbRhDRDSZA,
迷雾中的圣保罗,迷雾中的圣保罗,狐小狸剧本杀目录,1454,https://pan.baidu.com/s/1hDLMKN0szOWzDQcrlq0xFQ,
噩梦娃娃屋,噩梦娃娃屋,狐小狸剧本杀目录,1455,https://pan.baidu.com/s/18wmlLkr_C47g0nYYKHFDBA,
当海风吹过我的坟墓,【7】当海风吹过我的坟墓,狐小狸剧本杀目录,1456,https://pan.baidu.com/s/1E6xz2sOnyFRZKFHP0In0ag,7
卧底模拟训练,卧底模拟训练（6无水印）,狐小狸剧本杀目录,1457,https://pan.baidu.com/s/1-vB9QOeMgw8GdeJ7ZL18xw,6
万有引力,万有引力,狐小狸剧本杀目录,1458,https://pan.baidu.com/s/1s-NktUzDiqO_BEcsFytVUA,
一米光年,一米光年,狐小狸剧本杀目录,1459,https://pan.baidu.com/s/1Ex6ZY4KAJyjabcmiqRbvow,
异想天开的三刀两毒杀人事件,异想天开的三刀两毒杀人事件,狐小狸剧本杀目录,1460,https://pan.baidu.com/s/16akDDcZIcR4jNuNbKZhM0Q,
沙影,【6】沙影,狐小狸剧本杀目录,1461,https://pan.baidu.com/s/1rt37n1zW6-2ceDcwQzNbsg,6
欢迎来到我的世界,欢迎来到我的世界,狐小狸剧本杀目录,1462,https://pan.baidu.com/s/1wmId4wJgjnC8wJD13K6GQg,
城南花已开,【6】城南花已开,狐小狸剧本杀目录,1463,https://pan.baidu.com/s/1ajISHihh8DOTd6uFRh95QQ,6
三谢世涂,三谢世涂,狐小狸剧本杀目录,1464,https://pan.baidu.com/s/1G1F91VGD8UADDMDEF5VjQQ,
昼尽夜阳时,昼尽夜阳时,狐小狸剧本杀目录,1465,https://pan.baidu.com/s/1UIJaZJkHyCCl8TfW9_tCyQ,
愿爱无忧,愿爱无忧,狐小狸剧本杀目录,1466,https://pan.baidu.com/s/1HVijuswXGp4v5BuK0WOHdA,
悟空,悟空,狐小狸剧本杀目录,1467,https://pan.baidu.com/s/1SFTnIEqhpVVf5r57lVKnQQ,
"彼岸2:雪花绽放的那天,风车转动",彼岸2：雪花绽放的那天，风车转动,狐小狸剧本杀目录,1468,https://pan.baidu.com/s/1ugG3T5GXcFKq45PBhXtODg,
梨花织梦,梨花织梦,狐小狸剧本杀目录,1469,https://pan.baidu.com/s/1lfyJvxPziqdwTYdypDgtmg,
谍影·瞒天过海,谍影·瞒天过海,狐小狸剧本杀目录,1470,https://pan.baidu.com/s/1vTM3-PdSTrnuJbqThh16ZQ,
麻衣神探,麻衣神探,狐小狸剧本杀目录,1471,https://pan.baidu.com/s/14A8dZBTpHwaqGpkV9Wo7bw,
亡灵序章,亡灵序章,狐小狸剧本杀目录,1473,https://pan.baidu.com/s/18Y9iXRzj-xsonVrjUkOFeg,
糖,糖,狐小狸剧本杀目录,1477,https://pan.baidu.com/s/1LZW1iCFZ5Aqaz1wEVnwjog,
红昭愿,红昭愿,狐小狸剧本杀目录,1478,https://pan.baidu.com/s/1Ze88cl-aoTmTnabd5hCBlQ,
大话西游,大话西游,狐小狸剧本杀目录,1481,https://pan.baidu.com/s/1cCueWwk3V7kf2nf3ebkkMg,
情书第九页,情书第九页,狐小狸剧本杀目录,1482,https://pan.baidu.com/s/11rbpXuZTFc7mOL03iEW3LA,
人间记,人间记,狐小狸剧本杀目录,1483,https://pan.baidu.com/s/1yS5P8oiJaK6yRkNEvu96xQ,
二十四桥明月夜,二十四桥明月夜,狐小狸剧本杀目录,1484,https://pan.baidu.com/s/1rwwRpDynoLgZ017ll7y_6A,
印斯茅斯,印斯茅斯,狐小狸剧本杀目录,1485,https://pan.baidu.com/s/1HJY1X06X2M_AMQMRfWbw4Q,
踏雪寻梅,踏雪寻梅,狐小狸剧本杀目录,1486,https://pan.baidu.com/s/1G_qAtgYMNX7dxSBB72JF_g,
持斧奥夫外传:玩剧本吗,持斧奥夫外传：玩剧本吗,狐小狸剧本杀目录,1487,https://pan.baidu.com/s/1eiq7YIhk2zXHpy7mqlysmA,
马力恋梦露,马力恋梦露,狐小狸剧本杀目录,1488,https://pan.baidu.com/s/1Zg4TLXArnMtTJcCJZXHQ1w,
梦巴比妥,梦巴比妥,狐小狸剧本杀目录,1489,https://pan.baidu.com/s/1IhLCo3z2Qe0iIIkrUZdVmw,
豪门28枉痴心,豪门28 枉痴心,狐小狸剧本杀目录,1490,https://pan.baidu.com/s/19n__9ZqPdSXDoCIdNM2GIQ,
我于海底之城窥视神明,我于海底之城窥视神明,狐小狸剧本杀目录,1491,https://pan.baidu.com/s/1cuAYWVbtkkIlcToeNvQSZQ,
逢山遇鬼2:知命,逢山遇鬼2：知命,狐小狸剧本杀目录,1492,https://pan.baidu.com/s/14AH7F3pQFqJWEBIGD7NeAg,
三十一年,三十一年,狐小狸剧本杀目录,1493,https://pan.baidu.com/s/1_VNsC_Bs54RYMPMo0AST_g,
你好2:她说,你好2：她说,狐小狸剧本杀目录,1495,https://pan.baidu.com/s/1PIjMhheCmAqlYPlzxfHtDA,
壬辰倭乱,壬辰倭乱,狐小狸剧本杀目录,1496,https://pan.baidu.com/s/1tCHX3ifJnJCMOTBmE0jkMg,
大梦朱颜改,大梦朱颜改,狐小狸剧本杀目录,1497,https://pan.baidu.com/s/1H9peIr9ydJMNBpssiccSqw,
鸡鸣暮鼓,鸡鸣暮鼓,狐小狸剧本杀目录,1499,https://pan.baidu.com/s/1X7bICPaBOvYj7xK6tpbYMg,
一探纠镜,一探纠镜,狐小狸剧本杀目录,1500,https://pan.baidu.com/s/1bYV0LSroKI1K3ck_yvnvRA,
红夷海乱,红夷海乱,狐小狸剧本杀目录,1501,https://pan.baidu.com/s/1j_G9dL8pSlMZIDfRWV_F5Q,
金陵有座东君书院前传,金陵有座东君书院前传,狐小狸剧本杀目录,1502,https://pan.baidu.com/s/1wkp4a67ZV28Bw07Ic_TDrQ,
傻子,傻子,狐小狸剧本杀目录,1504,https://pan.baidu.com/s/1T9ddg1DduQJ_6qztrPyCPA,
当世界无声无息,当世界无声无息,狐小狸剧本杀目录,1507,https://pan.baidu.com/s/1c6kYThY-vHFoKs4eNa-ojA,
丁达尔效应,丁达尔效应,狐小狸剧本杀目录,1508,https://pan.baidu.com/s/1Q6bqT4Ffd8zPBW9PtctAzw,
尾行,尾行,狐小狸剧本杀目录,1509,https://pan.baidu.com/s/10iBP1E1SOGC6ObyAej3OJQ,
镖师,镖师,狐小狸剧本杀目录,1510,https://pan.baidu.com/s/1OCVpO2tBYRNJJItlwZsQSQ,7
别说你还好,别说你还好,狐小狸剧本杀目录,1511,https://pan.baidu.com/s/1LwOoJtgnJJBZUTfL4WuxSg,
聆听者2密语人,聆听者2密语人,狐小狸剧本杀目录,1513,https://pan.baidu.com/s/1j7e1I5wzE89OgOucKMwEfw,
江湖,江湖,狐小狸剧本杀目录,1514,https://pan.baidu.com/s/16VgCw0YchaW1sh5aJgIjiw,
达知县平安街2,达知县 平安街2,狐小狸剧本杀目录,1515,https://pan.baidu.com/s/1-AgKUaHSUk-1Rl8M5wOPmA,
猎人笔记正午,猎人笔记正午,狐小狸剧本杀目录,1516,https://pan.baidu.com/s/1peyANwVh2nBx6siKdb_4lg,
大唐秘史神龙劫,大唐秘史神龙劫,狐小狸剧本杀目录,1517,https://pan.baidu.com/s/1q21QsV5cf-j2GYECWWrY8A,
消沉的神明,消沉的神明,狐小狸剧本杀目录,1518,https://pan.baidu.com/s/1k-iqkknMqaEgGJTiZtxJUQ,
北纬65°的风,北纬65°的风,狐小狸剧本杀目录,1519,https://pan.baidu.com/s/1AEwrn5muZwESBnlnEeL54w,
晚安风铃草,晚安风铃草,狐小狸剧本杀目录,1520,https://pan.baidu.com/s/18zntaYaU90nasJfefg7EKw,
DM又S了,DM又S了,狐小狸剧本杀目录,1521,https://pan.baidu.com/s/1wg0x3qwwN64cFKNGiX19_Q,
下凡神仙的悲惨生活,下凡神仙的悲惨生活,狐小狸剧本杀目录,1522,https://pan.baidu.com/s/10LA-pbnY6Aem8iCMJ-zTwA,
异想魔术馆,异想魔术馆,狐小狸剧本杀目录,1523,https://pan.baidu.com/s/1mmj2kqpaoRF1HCNLG7JDfw,
遇见寰宇,遇见寰宇,狐小狸剧本杀目录,1525,https://pan.baidu.com/s/1u3r6aphhQZzZQrZ7fcT3ow,
忒修斯少女,忒修斯少女,狐小狸剧本杀目录,1526,https://pan.baidu.com/s/18nBqIbraBzma95Gw3Rz77Q,
杀进头等舱,杀进头等舱,狐小狸剧本杀目录,1528,https://pan.baidu.com/s/1kjX--t_g4IXVKb89KYTR_w,
谭山高校怪谈,谭山高校怪谈,狐小狸剧本杀目录,1530,https://pan.baidu.com/s/17AMsOy8hMpeP0RdJ8PWEgw,
青鸟之夏,青鸟之夏,狐小狸剧本杀目录,1531,https://pan.baidu.com/s/1t8aiTaWdn-r4EE2pkkDABQ,
嗜生,嗜生,狐小狸剧本杀目录,1532,https://pan.baidu.com/s/1giI7rAJ9_7c8-AqtWoEL-Q,
彩虹岛,彩虹岛,狐小狸剧本杀目录,1533,https://pan.baidu.com/s/1BGCwTcoOsC0urIQqkpi_zQ,
加官进爵,加官进爵,狐小狸剧本杀目录,1534,https://pan.baidu.com/s/1IWFXlPdIpFsRxKbKZdKFxw,
榴莲,榴莲,狐小狸剧本杀目录,1535,https://pan.baidu.com/s/1RtHkVJ5je3Icvtr3uXLs_Q,
三十二年春,三十二年春,狐小狸剧本杀目录,1536,https://pan.baidu.com/s/1JVwi9ZNnqP36oI2dBqWFgA,
星之子,星之子,狐小狸剧本杀目录,1537,https://pan.baidu.com/s/1iLnG58geGEluIGWQUH1NTA,
泉溪村,泉溪村,狐小狸剧本杀目录,1539,https://pan.baidu.com/s/1JfmDmHrcA2UzaRJypNskfQ,
逃脱艺术家,逃脱艺术家,狐小狸剧本杀目录,1540,https://pan.baidu.com/s/1iUfDufCJ-jd9bDBCVjN13A,
涂川2三生契,涂川2三生契,狐小狸剧本杀目录,1541,https://pan.baidu.com/s/1MjT8tdJ1u2aDKF7a57ahPg,
这美好的一天,这美好的一天,狐小狸剧本杀目录,1542,https://pan.baidu.com/s/11s7mdLpKpirCS9pd2FN-6A,
刀光贱影,刀光贱影,狐小狸剧本杀目录,1544,https://pan.baidu.com/s/1PBeEXIzUOesynid8GVQuAg,
童谣在黑夜中消失,童谣在黑夜中消失,狐小狸剧本杀目录,1545,https://pan.baidu.com/s/1tzb9QnL3jxvqJfYxDFOtxQ,
漠河故事,漠河故事,狐小狸剧本杀目录,1546,https://pan.baidu.com/s/1K4lHeYngrgBeUA-C3-BNIg,
大鱼海棠,大鱼海棠,狐小狸剧本杀目录,1547,https://pan.baidu.com/s/1lDzZULtQKLqXdDxRWPQh1Q,
失去第一次爱的人,失去第一次爱的人,狐小狸剧本杀目录,1548,https://pan.baidu.com/s/1D48G5SPE_B7_Qyjp1jWGFA,
水镜八奇2权倾天下,水镜八奇2权倾天下,狐小狸剧本杀目录,1549,https://pan.baidu.com/s/1onFJeudyxkmQlrP2i-fCgQ,
奇妙万事屋,奇妙万事屋,狐小狸剧本杀目录,1551,https://pan.baidu.com/s/1EnAUs_tlxBfg0zRofC1SPg,
须臾,须臾,狐小狸剧本杀目录,1552,https://pan.baidu.com/s/1ElGRxkN0Q5FKUIuHb-yNrw,
桑北2月隐西凌,桑北2月隐西凌,狐小狸剧本杀目录,1553,https://pan.baidu.com/s/1dIZzABrAJfzWRViol2ljhg,
天山落雪,天山落雪,狐小狸剧本杀目录,1554,https://pan.baidu.com/s/1T2N4t91oGanyoTJIxOHswA,
星河旅馆,星河旅馆,狐小狸剧本杀目录,1555,https://pan.baidu.com/s/1sBFqLnAQyrfHkzz6l5nylg,
239二三九,239二三九,狐小狸剧本杀目录,1556,https://pan.baidu.com/s/1wrNghSi8goiFTCzSosZGMg,
二十不惑,二十不惑,狐小狸剧本杀目录,1557,https://pan.baidu.com/s/12tsRZnCkyVEuXdPBJ3Sy6w,
兴疯作浪,兴疯作浪,狐小狸剧本杀目录,1558,https://pan.baidu.com/s/1pxBkYE2by3lcwuTkIPoEkQ,
我和我的战争,我和我的战争,狐小狸剧本杀目录,1559,https://pan.baidu.com/s/1GmejATgzlljySXgH7doSyg,
木鬼,木鬼,狐小狸剧本杀目录,1564,https://pan.baidu.com/s/1kggMT0-CA7Z58ZaV4Cs5lQ,
云光川,云光川（整理）,狐小狸剧本杀目录,1565,https://pan.baidu.com/s/1bx4imrZSSjjgG7Mlbe_Ucw,
菖蒲与栀子花,菖蒲与栀子花,狐小狸剧本杀目录,1566,https://pan.baidu.com/s/1H9B-vHECf3Z9g3s_gXTanQ,
神注视着你,神注视着你,狐小狸剧本杀目录,1568,https://pan.baidu.com/s/1O9r7WP0r8rh7QjW1OIX1-w,
向日葵之家,向日葵之家,狐小狸剧本杀目录,1570,https://pan.baidu.com/s/1_0524umSupwI-dlMifatpQ,
起风了·祈风,起风了·祈风,狐小狸剧本杀目录,1571,https://pan.baidu.com/s/1wIgKM2XQz0Pr_6ccMH7agA,
疯子和疯子和疯子和疯子和疯子和疯子,疯子和疯子和疯子和疯子和疯子和疯子,狐小狸剧本杀目录,1583,https://pan.baidu.com/s/1iIf9jMU-PQfmrG-_6CpRgA,
世纪末最后的萤火侦探,世纪末最后的萤火侦探（无水印）,狐小狸剧本杀目录,1584,https://pan.baidu.com/s/146NwoajIDN4YkHFZAoc7aw,
爱尔兰巫师,爱尔兰巫师,狐小狸剧本杀目录,1585,https://pan.baidu.com/s/1IXm34Oi9WTzaBVkXJGgwJQ,
玫瑰少年,玫瑰少年,狐小狸剧本杀目录,1586,https://pan.baidu.com/s/1prmsklxC-erCfK6HMDVFVw,
曼哈顿,曼哈顿,狐小狸剧本杀目录,1589,https://pan.baidu.com/s/1pk8nBG1ytc_zczmlhsBxsw,
相册,相册,狐小狸剧本杀目录,1591,https://pan.baidu.com/s/1ajrwFHy0GMaRKIVI5m-46w,
浮生梦余烬,浮生梦余烬,狐小狸剧本杀目录,1594,https://pan.baidu.com/s/1EA_iK-wR7lcAr_m425IO1Q,
达摩克里斯之剑,达摩克里斯之剑,狐小狸剧本杀目录,1595,https://pan.baidu.com/s/1M3d3ZrsRo4Wi9NDt0oOkUQ,
金箍,金箍,狐小狸剧本杀目录,1598,https://pan.baidu.com/s/1P06Pw9sQ-fqiOb56umWoaw,
稚双归,稚双归,狐小狸剧本杀目录,1600,https://pan.baidu.com/s/1w7buh5Xn3Ad5tFH8xVvEfQ,
怪闻夜行惊奇卷,怪闻夜行惊奇卷,狐小狸剧本杀目录,1601,https://pan.baidu.com/s/1sIHIuEO_CeuMuc1l-DKI-A,
奇异人生,奇异人生,狐小狸剧本杀目录,1602,https://pan.baidu.com/s/1vLkqYysM2230UR9m-Kx7JQ,
盛夏白瓷梅子汤,盛夏白瓷梅子汤,狐小狸剧本杀目录,1604,https://pan.baidu.com/s/1UnDi-VBE5D8E8JdOKQAjKg,
青楼2,青楼2,狐小狸剧本杀目录,1605,https://pan.baidu.com/s/1dy4Uvs4ZbMMvianLXXYAXg,
遥不可及,遥不可及,狐小狸剧本杀目录,1607,https://pan.baidu.com/s/1xYEIsOwKzMWvyycqPfw5-A,
风华,《风华》,狐小狸剧本杀目录,1608,https://pan.baidu.com/s/1wbKSp7mqUGPjWjSL9RfIPg,
浊酒敬浮生,浊酒敬浮生,狐小狸剧本杀目录,1610,https://pan.baidu.com/s/1HlbG-poORzwYs-IGdszmow,
横行加勒比:无人之海,横行加勒比：无人之海,狐小狸剧本杀目录,1614,https://pan.baidu.com/s/1nNujX4R-EHVaBkXCsk_NiA,
半盏茶事,半盏茶事,狐小狸剧本杀目录,1616,https://pan.baidu.com/s/1iDb_SxDKNkEIHkxKSFn48w,
霜华引,霜华引,狐小狸剧本杀目录,1617,https://pan.baidu.com/s/1Kr6FEHr-rZoWPRJvjxLfSw,
半仙儿·春日怨,半仙儿·春日怨,狐小狸剧本杀目录,1618,https://pan.baidu.com/s/1ETMSwqGKxrRMocxRRni2OA,
李白,李白,狐小狸剧本杀目录,1621,https://pan.baidu.com/s/1JKRgImocTya_AXEc-X3yWQ,
九霄2,九霄2,狐小狸剧本杀目录,1623,https://pan.baidu.com/s/19HNOfL9viicXkXbVYoctpQ,
孙策,孙策,狐小狸剧本杀目录,1624,https://pan.baidu.com/s/1pQInqFoh3qw74j21AFPdHA,
七尺之下,七尺之下,狐小狸剧本杀目录,1626,https://pan.baidu.com/s/1zZnSVMOBOe-mXOjE7Si6PA,
十八日的死神碑,十八日的死神碑（无水印）,狐小狸剧本杀目录,1627,https://pan.baidu.com/s/1KgnyWoupi8kgey0wZFbH4w,
黎明晚星,黎明晚星,狐小狸剧本杀目录,1628,https://pan.baidu.com/s/192y80OsHuZ6klOCXzy9upg,
远远乡,远远乡,狐小狸剧本杀目录,1629,https://pan.baidu.com/s/1J_UBfZxFsXjuq3fbofnJzw,
他曾在春天死去,他曾在春天死去,狐小狸剧本杀目录,1631,https://pan.baidu.com/s/1TSOH0QfgrDXiQTJ7aj2cPw,
邪门,邪门（无水印）,狐小狸剧本杀目录,1632,https://pan.baidu.com/s/1wXik5hpUGeYuuWKSChcnAA,
飞鱼照京霜,飞鱼照京霜,狐小狸剧本杀目录,1633,https://pan.baidu.com/s/1a84RY7u-mGhl6ZJIwRUVUQ,
一期一会,一期一会,狐小狸剧本杀目录,1634,https://pan.baidu.com/s/1zQD8CrPC-OZUlqU6aBOdcA,
明月微凉,明月微凉,狐小狸剧本杀目录,1635,https://pan.baidu.com/s/1ak0pwx6QwSylH4ine__21g,
水调歌头,水调歌头（无水印）,狐小狸剧本杀目录,1636,https://pan.baidu.com/s/14ahaNZPmWPRPGeHdqD8aSg,
长安一片月,长安一片月（无水印）,狐小狸剧本杀目录,1637,https://pan.baidu.com/s/1mWd24fOU0MExrbkunvzI4A,
玻璃屋3漫游白兔屋,玻璃屋3漫游白兔屋（无水印）,狐小狸剧本杀目录,1638,https://pan.baidu.com/s/1CxMiV8zXWT5qDHk8_JHakg,
守夜人,守夜人,狐小狸剧本杀目录,1640,https://pan.baidu.com/s/1K9ItHiyMlhVqVh9LeYVTzA,
还钱,还钱,狐小狸剧本杀目录,1641,https://pan.baidu.com/s/1zwJ5g4D2e78XofC1ylQRNA,
新第二十二条校规2七夜,新第二十二条校规2七夜,狐小狸剧本杀目录,1642,https://pan.baidu.com/s/1FJPE-ArT-IYuYa4-mlao5Q,
余你,余你,狐小狸剧本杀目录,1643,https://pan.baidu.com/s/1vO6Ta2LedrYIBXwCb5J-ew,
百年谋杀漫谈,百年谋杀漫谈,狐小狸剧本杀目录,1644,https://pan.baidu.com/s/1B1bJwZBlp3Ps-vsgIS35UA,
福报,福报,狐小狸剧本杀目录,1645,https://pan.baidu.com/s/1SADuGZYc66F_rSlEG6vqkg,
南屏晚钟,南屏晚钟,狐小狸剧本杀目录,1646,https://pan.baidu.com/s/1afl3clESO6wSLc-Q7YnEaA,
如期,如期,狐小狸剧本杀目录,1647,https://pan.baidu.com/s/1lu-o_tRV4EP2sNCXlEzBvQ,
一步之遥,一步之遥,狐小狸剧本杀目录,1648,https://pan.baidu.com/s/1p79ZysSVTZZj36meA5cn8g,
翌日行,翌日行,狐小狸剧本杀目录,1649,https://pan.baidu.com/s/1h5YnVMXHZJ_KFePtyOHDSw,
恋爱洗牌,恋爱洗牌,狐小狸剧本杀目录,1650,https://pan.baidu.com/s/1s1IqG7k3lt0fhoiZ3QHXqQ,
无人犯罪,无人犯罪,狐小狸剧本杀目录,1651,https://pan.baidu.com/s/1CAp3UWvlip1kTRJKZeYcqA,
失聪十二秒,失聪十二秒,狐小狸剧本杀目录,1652,https://pan.baidu.com/s/1YI0PrLCrzpSx_hbiA31zNw,
枯百合,枯百合,狐小狸剧本杀目录,1653,https://pan.baidu.com/s/1jO9JndmxhQjpxzxIW3Foyg,
空中小屋,空中小屋,狐小狸剧本杀目录,1654,https://pan.baidu.com/s/1R_aMcHB1WF8D-jXIXTKzrA,
七日囚徒,七日囚徒,狐小狸剧本杀目录,1655,https://pan.baidu.com/s/1pW0NS2hQ189AI5KpjHOCiA,
似灵寺3,似灵寺3,狐小狸剧本杀目录,1656,https://pan.baidu.com/s/1rRmjV39ryDsSxfPHSb0-7g,
琴梦未央,琴梦未央,狐小狸剧本杀目录,1657,https://pan.baidu.com/s/1A-4fDTMrhKEqdgi8FRQA_g,
九龙大案,九龙大案,狐小狸剧本杀目录,1658,https://pan.baidu.com/s/1o875Bp4NYcNYjSjBX61u0Q,
夏日奇想,夏日奇想,狐小狸剧本杀目录,1659,https://pan.baidu.com/s/11vIT2U8OL2cDZSxPoRiT-Q,
晴天,晴天,狐小狸剧本杀目录,1660,https://pan.baidu.com/s/1EjRZs9DQW4OI1NoJkOXvTw,
百万爆瓜,百万爆瓜,狐小狸剧本杀目录,1661,https://pan.baidu.com/s/17bMjRzZguKdadHICYg454A,
斯特拉的法则,斯特拉的法则,狐小狸剧本杀目录,1662,https://pan.baidu.com/s/1v5GivnyzL81Fo7AybwYfmQ,
开在泥沼之下,开在泥沼之下,狐小狸剧本杀目录,1663,https://pan.baidu.com/s/1ojbzoutPPtWtowX34yIVmg,
告白,告白,狐小狸剧本杀目录,1664,https://pan.baidu.com/s/1R5ijNgk-EnEY7w0CEnt_BQ,
子时已到3,子时已到3,狐小狸剧本杀目录,1665,https://pan.baidu.com/s/12GbGqELsb9TLm-1xuP03oQ,
关于我成为杀手这件事,关于我成为杀手这件事,狐小狸剧本杀目录,1666,https://pan.baidu.com/s/1fy8AiNXFFeu8j7P3mIE0mg,
虚构推理2狩猎,虚构推理2狩猎,狐小狸剧本杀目录,1667,https://pan.baidu.com/s/12K06oVOVNIYsSVmZVpY-8A,
第十艺术,第十艺术,狐小狸剧本杀目录,1668,https://pan.baidu.com/s/1Iy08-cs6XIyMuKtfSbF9pQ,
布达佩斯大饭店2,布达佩斯大饭店2,狐小狸剧本杀目录,1669,https://pan.baidu.com/s/1Qyrw4vhTla_4VBFM06KAIA,
如果回忆记得,如果回忆记得,狐小狸剧本杀目录,1670,https://pan.baidu.com/s/1Oma78vobHL8-X4qv-hEt9g,
贤者之石,贤者之石,狐小狸剧本杀目录,1671,https://pan.baidu.com/s/1g08_oZa9JPGcPv4CVEJv5g,6
九州四海入镜来,九州四海入镜来,狐小狸剧本杀目录,1672,https://pan.baidu.com/s/1se_RLIsNMEqkr38cyWmsBg,
祁山,祁山,狐小狸剧本杀目录,1674,https://pan.baidu.com/s/1sGQbzU-G8DjkVBr1slJsAQ,
内卷,内卷,狐小狸剧本杀目录,1675,https://pan.baidu.com/s/1_gbb2VZZ84BeIDoIczHEjQ,
吾自齐天,吾自齐天,狐小狸剧本杀目录,1676,https://pan.baidu.com/s/172iKHn3FqigVWUfXhqlrfQ,
爱人错过,爱人错过,狐小狸剧本杀目录,1677,https://pan.baidu.com/s/1swMwqN0IBHMU3if5CBIc0A,
半出好戏,半出好戏,狐小狸剧本杀目录,1678,https://pan.baidu.com/s/1eZf8DGUgdovgotEDE2qIQQ,
新海底,新海底,狐小狸剧本杀目录,1679,https://pan.baidu.com/s/1CtB7WJj0P30weLICZAByjA,
坏家伙们犯罪事件始末,坏家伙们犯罪事件始末,狐小狸剧本杀目录,1680,https://pan.baidu.com/s/10bu-0f6QXq-4X9eZ2gmVcQ,
三国封神,三国封神,狐小狸剧本杀目录,1681,https://pan.baidu.com/s/1g8ZZyg324THmZDUfdAcAtg,
一座城2,一座城2,狐小狸剧本杀目录,1682,https://pan.baidu.com/s/1PbQVo0ZQu7Q6xa3Qjlo_ww,4
野寺坊彷徨之夜,野寺坊彷徨之夜,狐小狸剧本杀目录,1683,https://pan.baidu.com/s/1gzmEhde7Nw72Sy5o4yw9Zw,
未名,未名,狐小狸剧本杀目录,1684,https://pan.baidu.com/s/127PkQDpS9OJf542tpHIR8A,
官渡,官渡,狐小狸剧本杀目录,1685,https://pan.baidu.com/s/1sf0aTUR19g3FfMC1Ry_ZoA,
第十二支玫瑰,第十二支玫瑰（无水印）,狐小狸剧本杀目录,1686,https://pan.baidu.com/s/1DkbEzjIkaWCn-u03oiDT2g,
倒转颠末者推理书,倒转颠末者推理书,狐小狸剧本杀目录,1687,https://pan.baidu.com/s/1GoXFe_GTw0kbsoS7hQ57PQ,
坏小孩,坏小孩,狐小狸剧本杀目录,1688,https://pan.baidu.com/s/1OIWKdRShvZfG67rDmlENYg,
校忌,校忌,狐小狸剧本杀目录,1689,https://pan.baidu.com/s/1XmsnNznGDyle9cpJVqtXKg,
医学院诡谈,医学院诡谈,狐小狸剧本杀目录,1690,https://pan.baidu.com/s/1nu4HgWJlnEpwQT03bJv7bA,
木叶动秋声,木叶动秋声,狐小狸剧本杀目录,1691,https://pan.baidu.com/s/1ZupcHT4hXkpZuMSC5Nvz1A,
月色里的塞纳河,月色里的塞纳河,狐小狸剧本杀目录,1692,https://pan.baidu.com/s/1oYvxxtYVwp2SAhdVSRGjSQ,
大话西游-长安乱,大话西游-长安乱,狐小狸剧本杀目录,1693,https://pan.baidu.com/s/1fiQ8LCcikl5DJXHUPkedow,
天机不可泄露,天机不可泄露,狐小狸剧本杀目录,1694,https://pan.baidu.com/s/1pl48RRRcwLF34rhGZ_9kkA,
心之所向,心之所向,狐小狸剧本杀目录,1695,https://pan.baidu.com/s/1DUa-EKP9ietO_IZwm-r1Ow,
无人区玫瑰,无人区玫瑰,狐小狸剧本杀目录,1696,https://pan.baidu.com/s/1zfOERIME_glTfGzHcB9qOg,
北上南下,北上南下,狐小狸剧本杀目录,1697,https://pan.baidu.com/s/1mDxRLY3bM0gYk2CK62Obug,
硬币的第四面,硬币的第四面,狐小狸剧本杀目录,1698,https://pan.baidu.com/s/1Ju9l8piN8tVoK1wvaSelMA,
追光者,追光者,狐小狸剧本杀目录,1699,https://pan.baidu.com/s/1XIH1lwY_iYWy0nWhZn9Bfw,
离家出走,离家出走,狐小狸剧本杀目录,1700,https://pan.baidu.com/s/1zoGBFbUdX5GV9KHJ8l49mQ,
奈亚拉美术馆,奈亚拉美术馆,狐小狸剧本杀目录,1701,https://pan.baidu.com/s/1AAlInCwl45E8tV13v0PlHA,
当海风吹过我的坟墓2,当海风吹过我的坟墓2,狐小狸剧本杀目录,1702,https://pan.baidu.com/s/10kip8659bbEIMdkA6gaTKQ,
从前有座玄离山,从前有座玄离山,狐小狸剧本杀目录,1703,https://pan.baidu.com/s/16fOTbyCghAES5Gj_8KFpnA,
花园与夜莺,花园与夜莺,狐小狸剧本杀目录,1704,https://pan.baidu.com/s/19dpcCCmvgpOq1y2HdRaTeQ,
无间冬夏,无间冬夏,狐小狸剧本杀目录,1705,https://pan.baidu.com/s/1JSO-S_iXJ5VNa4uIAgu4HQ,
电话亭,电话亭,狐小狸剧本杀目录,1706,https://pan.baidu.com/s/12givAV8y7KfSiJxaM5OqFQ,
除却巫山,除却巫山,狐小狸剧本杀目录,1707,https://pan.baidu.com/s/1tU3JCC9CAVG7WQ7s894THQ,
游子三旬一期一会,游子三旬一期一会,狐小狸剧本杀目录,1708,https://pan.baidu.com/s/1zJJQ93UXAczfNBUl6KTrzg,
沈园外,沈园外,狐小狸剧本杀目录,1709,https://pan.baidu.com/s/1TVEYrSIXv5sy5H1jF2mb0A,
WWW创伤废土世界,WWW创伤废土世界,狐小狸剧本杀目录,1710,https://pan.baidu.com/s/1PUl5gDb_AkjU6aR_kWVMDQ,
入殓师,入殓师,狐小狸剧本杀目录,1711,https://pan.baidu.com/s/1UEH9bLEFu8tEU7b1Sw4JYQ,
妖歌曼舞,妖歌曼舞,狐小狸剧本杀目录,1712,https://pan.baidu.com/s/113eQYIdYxcWkNn6xnUAHRw,
一统秦楼,一统秦楼,狐小狸剧本杀目录,1713,https://pan.baidu.com/s/1yiKLjvQGMPQ82FYkULOJHw,
狗血爱情事故,狗血爱情事故,狐小狸剧本杀目录,1714,https://pan.baidu.com/s/1z3XxH6_JhOHFMd4JnO3TyQ,
当长河再度流淌,当长河再度流淌,狐小狸剧本杀目录,1715,https://pan.baidu.com/s/1TWXtTRCxp0o43hs3obxMsw,
东方美人,东方美人,狐小狸剧本杀目录,1716,https://pan.baidu.com/s/1vxxfACY8ILpt_3NQbCNFbw,
毕业快乐,毕业快乐,狐小狸剧本杀目录,1717,https://pan.baidu.com/s/1OLmcu2ZwI5Nmy397WCTO1w,
Re新世界,Re新世界,狐小狸剧本杀目录,1718,https://pan.baidu.com/s/1xjqOA7DhzqIso0AQGt9HVQ,
豪门30曼娜,豪门30曼娜,狐小狸剧本杀目录,1719,https://pan.baidu.com/s/1hc4R0FJwrRO6GwS565STtA,
豪门31冥海缒幽,豪门31冥海缒幽,狐小狸剧本杀目录,1720,https://pan.baidu.com/s/1X5qmRFiyWxNCvx6NqBZDbA,
晚秋,晚秋,狐小狸剧本杀目录,1721,https://pan.baidu.com/s/1fnfByc7zLLNtnIKmZf05bw,
案件再演,案件再演,狐小狸剧本杀目录,1722,https://pan.baidu.com/s/1ml8FyM__j1LQUq8mXmyuhw,
明天,明天,狐小狸剧本杀目录,1723,https://pan.baidu.com/s/1YqF5K1IA3jOj4CV5LylKDg,
厄鸦之轮,厄鸦之轮（无水印）,狐小狸剧本杀目录,1724,https://pan.baidu.com/s/1Hweeg3WH_NBj7HkvnaOYag,
江山辞,江山辞,狐小狸剧本杀目录,1725,https://pan.baidu.com/s/1XRf8JAZufpwYRw7fuejYlQ,
深圳今夜请将我遗忘,深圳今夜请将我遗忘,狐小狸剧本杀目录,1726,https://pan.baidu.com/s/1TE8aLWcx2d_FqWinfB9Dxw,
90后才不会变老呢,90后才不会变老呢,狐小狸剧本杀目录,1727,https://pan.baidu.com/s/1E2Sx2r0X5_8_ULnspp_ZkA,
先生,先生,狐小狸剧本杀目录,1728,https://pan.baidu.com/s/16BukQDKo1nXETK2H1z7p-g,
匆匆那年,匆匆那年,狐小狸剧本杀目录,1729,https://pan.baidu.com/s/11ZUccpCOrv9TXr2lKuH7GA,
云海,云海,狐小狸剧本杀目录,1730,https://pan.baidu.com/s/1mNO1o8UALs63P_jhx0ucOw,
昊天,昊天,狐小狸剧本杀目录,1731,https://pan.baidu.com/s/1CdS8AyeY5nVJj1RYEkpKbA,
空想之笼,空想之笼,狐小狸剧本杀目录,1732,https://pan.baidu.com/s/1_o1c6pPzNaj0uhqIfo9txg,
藏木于林,藏木于林,狐小狸剧本杀目录,1733,https://pan.baidu.com/s/1ykIocY_kyJJxzAX0AnJVxA,
假如天堂有假期,假如天堂有假期,狐小狸剧本杀目录,1734,https://pan.baidu.com/s/18mrvoaNt1rLu6bys9Sx9bA,
巴四五的手札,巴四五的手札,狐小狸剧本杀目录,1735,https://pan.baidu.com/s/1dCQBSGCXv1JW7KHuy--Ulg,
红豆,红豆,狐小狸剧本杀目录,1736,https://pan.baidu.com/s/1qibPvEJEggXz6Hw6siu7SA,6
击坠神明之夜复盘,击坠神明之夜复盘(1),狐小狸剧本杀目录,1737,https://pan.baidu.com/s/1y0xASZYYVifNeUhnT-Yy2w,
少年的你,少年的你,狐小狸剧本杀目录,1740,https://pan.baidu.com/s/1u4_dGuoQz6msj3EXn_1Hdw,
一品红棺,一品红棺,狐小狸剧本杀目录,1741,https://pan.baidu.com/s/1NZP_O366pQHjf8zoFoZiBg,
十三梦,十三梦,狐小狸剧本杀目录,1742,https://pan.baidu.com/s/1jvhT0xhmntVHa53rGTAXEw,
灵猫少年神探团,灵猫少年神探团,狐小狸剧本杀目录,1743,https://pan.baidu.com/s/1M9mIAFfAbvPB5QV2jEugpw,
无名之町下,无名之町下,狐小狸剧本杀目录,1744,https://pan.baidu.com/s/1Un_EsU4yfKOxfnd6UMEX8A,
我好喜欢你,我好喜欢你,狐小狸剧本杀目录,1745,https://pan.baidu.com/s/1V9C6gpu684GrB6xXiMzB9Q,
西游释厄传,西游释厄传,狐小狸剧本杀目录,1746,https://pan.baidu.com/s/1xAUMj6Yaoea0fzvI3di-eA,
克莱因囚笼,克莱因囚笼,狐小狸剧本杀目录,1747,https://pan.baidu.com/s/1qxfqocRLbq-OquA1o0kBFw,
三点半,三点半,狐小狸剧本杀目录,1749,https://pan.baidu.com/s/1Yp_gUeMrY28XcQWgcpSSjA,
过期少年,过期少年,狐小狸剧本杀目录,1750,https://pan.baidu.com/s/1MRyH_VlyjZVOJkrj6ezh1A,
娜娜,娜娜,狐小狸剧本杀目录,1751,https://pan.baidu.com/s/1ck_gwpdatal4hHwxy9AHWA,
小山重叠金明灭,小山重叠金明灭,狐小狸剧本杀目录,1752,https://pan.baidu.com/s/1A2DQlGzXMsZto7ntdKsqoA,
一颗开花的树,一颗开花的树,狐小狸剧本杀目录,1753,https://pan.baidu.com/s/1kqfQcAADOj1sqjd9txfiLw,
白熊,白熊,狐小狸剧本杀目录,1754,https://pan.baidu.com/s/1KuGh5lS0VC2NjrjvCbadwQ,
岁月神偷,岁月神偷,狐小狸剧本杀目录,1755,https://pan.baidu.com/s/14k7g3uOmwECkv__Z1_zOOA,
我们的故事说来话长,我们的故事说来话长,狐小狸剧本杀目录,1756,https://pan.baidu.com/s/1scITJmdAkHH2FclbELz0Cw,
燃烧,燃烧,狐小狸剧本杀目录,1757,https://pan.baidu.com/s/1xyg4X_5vZtnygtdAcHMPVA,
见习恶魔,见习恶魔,狐小狸剧本杀目录,1758,https://pan.baidu.com/s/1CpmcwF4AImUkIOjDudoWRw,
叫爸爸2你个死鬼,叫爸爸2你个死鬼,狐小狸剧本杀目录,1759,https://pan.baidu.com/s/1MasQWUyZ7iIh2tXKXDb-_w,
等,等,狐小狸剧本杀目录,1760,https://pan.baidu.com/s/1rgaRDIage67gHVSQsiImcg,
满船明月从此去,满船明月从此去,狐小狸剧本杀目录,1761,https://pan.baidu.com/s/1L3nOHaDWn5oYUw8Q5uI7MA,
叫爸爸2丧尸ruarua,叫爸爸2丧尸ruarua,狐小狸剧本杀目录,1762,https://pan.baidu.com/s/1T25QE5BaPAAquR5HbkFFjQ,
杀死一只泰迪熊,杀死一只泰迪熊,狐小狸剧本杀目录,1763,https://pan.baidu.com/s/1u6m706uyiWLpATtcH710Lw,
如囚鸟挣脱之痛,如囚鸟挣脱之痛,狐小狸剧本杀目录,1764,https://pan.baidu.com/s/1Y1fgwqOOLw8kZ35pc_zyXQ,
迢迢,迢迢,狐小狸剧本杀目录,1765,https://pan.baidu.com/s/1Yiu9vOinYpUhcfQ6GMMJNg,
zooooo进化大作战,zooooo进化大作战,狐小狸剧本杀目录,1766,https://pan.baidu.com/s/1iPBqVbztPAe17joQ6eKvNg,
re新纪元,re新纪元,狐小狸剧本杀目录,1767,https://pan.baidu.com/s/1Rutk38HMEMzyPvgnFg4D3w,
春秋,春秋,狐小狸剧本杀目录,1768,https://pan.baidu.com/s/13iYPEGIqCfeoRbKJqD2qhw,
一花一世界,一花一世界,狐小狸剧本杀目录,1769,https://pan.baidu.com/s/1S6DXOMAmv-wKGwrDimM7Ag,
沙哭,沙哭,狐小狸剧本杀目录,1770,https://pan.baidu.com/s/1o-Lfu7-3FpvLxDLnmA4_hQ,
落日之城,落日之城,狐小狸剧本杀目录,1771,https://pan.baidu.com/s/1uPzjjtGLX616HoA8kSmiDA,
九个女人一出戏,九个女人一出戏,狐小狸剧本杀目录,1772,https://pan.baidu.com/s/1ynXLXM-RL4kx-h4m2JIGzA,
十里樱花,十里樱花,狐小狸剧本杀目录,1773,https://pan.baidu.com/s/1c2PSRKrzFm2mYB7ZC2Kt5g,
幻灵侦探,幻灵侦探,狐小狸剧本杀目录,1774,https://pan.baidu.com/s/1XtHqCkn9jvg99WPPyMafHQ,
灵魂缓刑,灵魂缓刑,狐小狸剧本杀目录,1775,https://pan.baidu.com/s/13cRVubYqf-fByTxCaY96xQ,
风吹麦浪,风吹麦浪,狐小狸剧本杀目录,1776,https://pan.baidu.com/s/1tAi23o8HO1QjV9RtRAYMmg,
有人说于归,有人说于归,狐小狸剧本杀目录,1777,https://pan.baidu.com/s/1CF-wdmibubtO5_hN-e4b1A,
慢慢又漫漫2搁浅,慢慢又漫漫2搁浅,狐小狸剧本杀目录,1778,https://pan.baidu.com/s/14QsyLoTEn0HO4P542TTRcA,
庄周梦蝶2锦瑟传,庄周梦蝶2锦瑟传,狐小狸剧本杀目录,1779,https://pan.baidu.com/s/1N7e6NPcf382LHRXDVHSaZA,
比莉尔公约,比莉尔公约,狐小狸剧本杀目录,1780,https://pan.baidu.com/s/19x558FUTOEc4B4LJoRdxtg,
浮云万里青鸟迟,浮云万里青鸟迟,狐小狸剧本杀目录,1781,https://pan.baidu.com/s/1Djn5lGT8fq6WyY9lBncG1Q,
六障目诡丁,六障目诡丁,狐小狸剧本杀目录,1782,https://pan.baidu.com/s/1GaTlURUFh3NM-2dSfcMGmg,
怪闻泉隐炽焰卷,怪闻泉隐炽焰卷,狐小狸剧本杀目录,1783,https://pan.baidu.com/s/1JphEYOF43DWcENnEhq4VVw,
春花秋月何时了,春花秋月何时了,狐小狸剧本杀目录,1784,https://pan.baidu.com/s/1mtjgSbipnHZd5ThnUVFWiA,
九歌,九歌,狐小狸剧本杀目录,1785,https://pan.baidu.com/s/1lNOpkv3s7PIao1JFF3sM7g,
少女的诡局,少女的诡局,狐小狸剧本杀目录,1786,https://pan.baidu.com/s/14ZN3WKVbS-sm9TpDbHwQfw,
说谎者,说谎者,狐小狸剧本杀目录,1787,https://pan.baidu.com/s/1ZH4oiQxnDL8yHQhnLZ_CCg,
两不疑,两不疑,狐小狸剧本杀目录,1788,https://pan.baidu.com/s/1nys9gKxCU-jn20XGf3Vrjw,
将雪,将雪,狐小狸剧本杀目录,1789,https://pan.baidu.com/s/1AxH_0AsWbnQHuH7ERsr0FQ,
百鬼夜行,百鬼夜行,狐小狸剧本杀目录,1790,https://pan.baidu.com/s/1E5w9qMHKYudZWiFuKaPqGg,
二月十五夜风雨大作,二月十五夜风雨大作,狐小狸剧本杀目录,1791,https://pan.baidu.com/s/1v7r52G9oT2GnYgCkzwvZOA,
茫茫,茫茫,狐小狸剧本杀目录,1792,https://pan.baidu.com/s/17A3g_Hn8bn5NxlMt2u7hsw,
成人童话,成人童话,狐小狸剧本杀目录,1793,https://pan.baidu.com/s/1A-VvP1JbEL9uHK9nVifM4Q,
金瓯缺,金瓯缺,狐小狸剧本杀目录,1794,https://pan.baidu.com/s/1jD71L0wl-hHfXIvlis7--w,
死亡笔记,死亡笔记,狐小狸剧本杀目录,1795,https://pan.baidu.com/s/1cieYC2pOZBbBrJxmAmlyYw,
温度生来平凡,温度生来平凡,狐小狸剧本杀目录,1796,https://pan.baidu.com/s/1P6HLNZ1QarhEpzzaj6WD1w,
夜歌幻木吟,夜歌幻木吟,狐小狸剧本杀目录,1797,https://pan.baidu.com/s/1epC4FzAPgC9s2j_Eulnwtw,
顶楼极恶之宴,顶楼极恶之宴,狐小狸剧本杀目录,1798,https://pan.baidu.com/s/1JG7ymBpNQZYav11w5oEmGQ,
鲜衣怒马时少年,鲜衣怒马时少年,狐小狸剧本杀目录,1799,https://pan.baidu.com/s/10G4LbTSTxtp_6mNCcV5i3A,
归鸿游,归鸿游,狐小狸剧本杀目录,1800,https://pan.baidu.com/s/1TBYw5jj3v4hItmn480U9pw,
一三九,一三九,狐小狸剧本杀目录,1801,https://pan.baidu.com/s/1Nm1ShwMSVRQkoUlPQFVVTw,
天下决,天下决,狐小狸剧本杀目录,1802,https://pan.baidu.com/s/1_iVbIVWEnIPbetjbM7ewMg,
喜欢你,喜欢你,狐小狸剧本杀目录,1803,https://pan.baidu.com/s/1AlIo6MeWehwk3gPd3GNP8A,
弑镜奇闻录,弑镜奇闻录,狐小狸剧本杀目录,1804,https://pan.baidu.com/s/1SwMSS7PFHo2rn3ZdyProUA,
一去二三里,一去二三里,狐小狸剧本杀目录,1805,https://pan.baidu.com/s/1xEaQoBh32ohUnnrpf9d-QQ,
风林火山,风林火山,狐小狸剧本杀目录,1806,https://pan.baidu.com/s/1vx3NDxgv_FXIOvE4zQGT1Q,
帝星紫微,帝星紫微,狐小狸剧本杀目录,1807,https://pan.baidu.com/s/1lzhdi82aGzMzcq39MJWopw,
倒错的悲挽诗,倒错的悲挽诗,狐小狸剧本杀目录,1808,https://pan.baidu.com/s/12lJjP0nie4mSO9Dkmb8coQ,
逃离疯人院,逃离疯人院,狐小狸剧本杀目录,1809,https://pan.baidu.com/s/1WMnd8k6_0KprdOYo590Lpg,
死囚失控伦敦,死囚失控伦敦,狐小狸剧本杀目录,1810,https://pan.baidu.com/s/1CifGy1D65EUwgx8SaoVbxQ,
缠绕列车,缠绕列车,狐小狸剧本杀目录,1811,https://pan.baidu.com/s/1M9abj2NJQF3Z6sOv7u9PFQ,
未完待续,未完待续,狐小狸剧本杀目录,1812,https://pan.baidu.com/s/1A6pKg7jh_CaDKYHP3h9lQw,
剪耳朵的人,剪耳朵的人,狐小狸剧本杀目录,1813,https://pan.baidu.com/s/168muOc2UCquiI_fTTwoWZA,
忘了忘不了,忘了忘不了,狐小狸剧本杀目录,1814,https://pan.baidu.com/s/1MI4ywftwS9Q8hBIoW3L0yA,
追赶星星的火车,追赶星星的火车,狐小狸剧本杀目录,1816,https://pan.baidu.com/s/1_3_hQzpXPmqk41_SEYAi7A,
吾自齐天2,吾自齐天2,狐小狸剧本杀目录,1817,https://pan.baidu.com/s/1FWWThKlzEQZPRTIObnyz5Q,
黑白,黑白,狐小狸剧本杀目录,1818,https://pan.baidu.com/s/1abixxfn68RTWPq5uojUMOA,
雪松郡公立医院,雪松郡公立医院,狐小狸剧本杀目录,1819,https://pan.baidu.com/s/1gvrN8sdxBn6NnmBAr3XpaA,
误入杀手镇的0和1,误入杀手镇的0和1,狐小狸剧本杀目录,1820,https://pan.baidu.com/s/1f4TP5nOS-dvlSF_bGh_79A,
不再见,不再见,狐小狸剧本杀目录,1821,https://pan.baidu.com/s/1pg29dtW9dbpsa_KeqQb7rA,
猎罪点与线,猎罪点与线,狐小狸剧本杀目录,1822,https://pan.baidu.com/s/1zwC5llsJGvIPBcLUggip_A,
普罗米修斯的杀人事件2起源,普罗米修斯的杀人事件2起源,狐小狸剧本杀目录,1823,https://pan.baidu.com/s/13r55o9ULxY6-f3Zp3LA-UA,
麻衣神探狄公案,麻衣神探狄公案,狐小狸剧本杀目录,1824,https://pan.baidu.com/s/1OIBDgM3XiW0nAW4ZX2NqSw,
dog,dog,狐小狸剧本杀目录,1826,https://pan.baidu.com/s/1AcuZqMz7BWYzFaYL5bO8Jg,
刁民3,刁民3,狐小狸剧本杀目录,1827,https://pan.baidu.com/s/1-2rHFKv8N1zp7Ypv4f0crA,6|7|8
玫瑰女王选举日,玫瑰女王选举日,狐小狸剧本杀目录,1828,https://pan.baidu.com/s/11duEF4197HFvdukILTUrgA,
云外的丁达尔,云外的丁达尔,狐小狸剧本杀目录,1829,https://pan.baidu.com/s/17T2ul71WOiw6TrI9ktDipg,
我喜欢黑夜的时候,我喜欢黑夜的时候,狐小狸剧本杀目录,1830,https://pan.baidu.com/s/1pOE4o5HdiPO--5TH9pD0PQ,
阎罗帖2杀人者的预判,阎罗帖2杀人者的预判推理,狐小狸剧本杀目录,1831,https://pan.baidu.com/s/1cyLvQ0C5ZgFnSZJHK_N5hA,
浪漫主义,浪漫主义,狐小狸剧本杀目录,1832,https://pan.baidu.com/s/1MlwcF8vJOsOucabB3Utlbw,
推理作家的独白,推理作家的独白,狐小狸剧本杀目录,1833,https://pan.baidu.com/s/1XgdtkWYPSGw-vhbN__9z3A,
回眸,回眸,狐小狸剧本杀目录,1834,https://pan.baidu.com/s/1M9m5QJHzQAJxhfqGNaQE0A,
匹斯泰惊游白书,匹斯泰惊游白书,狐小狸剧本杀目录,1835,https://pan.baidu.com/s/1fXMMlz3LDMXcTeWvlqsAxA,
圣杯侦探和倒霉蛋,圣杯侦探和倒霉蛋,狐小狸剧本杀目录,1836,https://pan.baidu.com/s/1bJmOOiQKyG1EzfDa97NO0g,
女巫请睁眼,女巫请睁眼,狐小狸剧本杀目录,1837,https://pan.baidu.com/s/1UErChoa4jfaeg39j2drUgg,
归墟子语,归墟子语,狐小狸剧本杀目录,1838,https://pan.baidu.com/s/18MHEVi6kZXlCJ2Xh9bytVg,
霓虹灯下,霓虹灯下,狐小狸剧本杀目录,1839,https://pan.baidu.com/s/1gzHJzWpIV4LqMKKUGNFu2w,
白鹿少女在风中悲鸣,白鹿少女在风中悲鸣,狐小狸剧本杀目录,1840,https://pan.baidu.com/s/1wO1X7Dh0z_FK7-vjN6zreQ,
贤者之石2请不要吃我,贤者之石2请不要吃我,狐小狸剧本杀目录,1841,https://pan.baidu.com/s/1Yn2-ha9mKPAyvBLdczzvuQ,
神遇之夏,神遇之夏,狐小狸剧本杀目录,1842,https://pan.baidu.com/s/1t9X688EairPvUMqRXWg2cw,
蝉蜕之谜,蝉蜕之谜,狐小狸剧本杀目录,1843,https://pan.baidu.com/s/1dAhT4sjgXPQziYteg1Ep8Q,
芳龄,芳龄,狐小狸剧本杀目录,1844,https://pan.baidu.com/s/1rup5hdrEMLoxBETL5dQjBQ,
吨吨吨2淘金盛宴,吨吨吨2淘金盛宴,狐小狸剧本杀目录,1845,https://pan.baidu.com/s/1Gkp3WvMSQhUhnvKgaZbaAQ,
马克西姆的悲剧,马克西姆的悲剧,狐小狸剧本杀目录,1846,https://pan.baidu.com/s/1BBxUe2tdIuV2HE97eoi_Rw,
左左,左左,狐小狸剧本杀目录,1847,https://pan.baidu.com/s/14kJPWO2HDoBMdji7BmD9Wg,
冥河2天道,冥河2天道,狐小狸剧本杀目录,1848,https://pan.baidu.com/s/1cHKOEo40_Bvx9M3Sp09_Rw,
理想国,理想国,狐小狸剧本杀目录,1849,https://pan.baidu.com/s/1JtO1n-dtm52qEyf-SAIE0w,
小女孩绽放的夜晚,小女孩绽放的夜晚,狐小狸剧本杀目录,1850,https://pan.baidu.com/s/1c4Tqjab0Hl5NX5VkIKMY7w,
没想到吧,没想到吧,狐小狸剧本杀目录,1851,https://pan.baidu.com/s/1rQYl2qQyzcKjJ1nRfgqwoA,
鹿鸣山,鹿鸣山,狐小狸剧本杀目录,1852,https://pan.baidu.com/s/1mY7R3Zt8xb8tNnu7pxvPTw,
未终止的圆桌谜题,未终止的圆桌谜题,狐小狸剧本杀目录,1853,https://pan.baidu.com/s/1nZd02-luH1_6HsNR_edtJw,
黎明谍影,黎明谍影,狐小狸剧本杀目录,1854,https://pan.baidu.com/s/130zEP4LfzfTcRludzd_rgA,
绣春刀,绣春刀,狐小狸剧本杀目录,1855,https://pan.baidu.com/s/1kPXWc1GDf2eqB1zR2JL3EQ,
朗基努斯之枪,朗基努斯之枪,狐小狸剧本杀目录,1856,https://pan.baidu.com/s/1YAdORW9b6ohzv721ECHiDg,
丰饶吟唱团,丰饶吟唱团,狐小狸剧本杀目录,1857,https://pan.baidu.com/s/17fTCJaw0HjtqibhzD8j0fA,
拜托了股东,拜托了股东,狐小狸剧本杀目录,1858,https://pan.baidu.com/s/1NXasjHmsvE22KgenvkqkFg,
苍月,苍月,狐小狸剧本杀目录,1859,https://pan.baidu.com/s/1MYd1izem9nBTLeInkaNQFQ,
夏日轻,夏日轻推理,狐小狸剧本杀目录,1860,https://pan.baidu.com/s/1NyAuBJcmXRUxeNjfXf9HWA,
不止清晨不止雾,不止清晨不止雾,狐小狸剧本杀目录,1861,https://pan.baidu.com/s/1ed4H1nr5lQDzp0si-L1kSA,
独家古惑仔,独家古惑仔,狐小狸剧本杀目录,1862,https://pan.baidu.com/s/1PkG1QwHBl4jEl_hpjbwC8g,
彩虹城,彩虹城,狐小狸剧本杀目录,1863,https://pan.baidu.com/s/1YwNJVcHAEbAb8djiJb-V2Q,
往事thepast,往事 the past,狐小狸剧本杀目录,1864,https://pan.baidu.com/s/1L45cRc6WOxNcHWQidbVzVQ,
未来的社会性死亡事件,未来的社会性死亡事件,狐小狸剧本杀目录,1865,https://pan.baidu.com/s/11V94xbHTNk7jXGjxfyCHrQ,
孝里藏刀,孝里藏刀,狐小狸剧本杀目录,1866,https://pan.baidu.com/s/1cArVGTF4eGJeXIHnOadNOw,
金摇叶,金摇叶,狐小狸剧本杀目录,1867,https://pan.baidu.com/s/11P8Ix1KTzGnJSd5HghJvWg,
佐川的手术刀,佐川的手术刀,狐小狸剧本杀目录,1868,https://pan.baidu.com/s/1d8Lmkh3NJf08FUv27SLduQ,
克里塔斯,克里塔斯,狐小狸剧本杀目录,1869,https://pan.baidu.com/s/1aUx5uqMSPPzVX4dYQVFS_A,
百匠奇案1,百匠奇案1,狐小狸剧本杀目录,1870,https://pan.baidu.com/s/1vrz98jNPhAJzpIC7S-nF6w,
极乐,极乐都市,狐小狸剧本杀目录,1871,https://pan.baidu.com/s/188spwO3WkpUnVx9j5XxAiQ,
vr伐木累2冰封的太阳,vr伐木累2冰封的太阳,狐小狸剧本杀目录,1872,https://pan.baidu.com/s/1SGhnVjo8_Hg2I-GbCdrdkA,
好色之徒,好色之徒,狐小狸剧本杀目录,1873,https://pan.baidu.com/s/1dsvbyEYFmYXFX2dhUj2ZWw,
Hi老妖婆,Hi 老妖婆,狐小狸剧本杀目录,1874,https://pan.baidu.com/s/1d99uQhC6Dqya4UfgRI5Y1A,
暗黑者惩罚,暗黑者惩罚,狐小狸剧本杀目录,1875,https://pan.baidu.com/s/1wQQ79Kda1evTISpVowUpLA,
CX祭,CX祭,狐小狸剧本杀目录,1876,https://pan.baidu.com/s/1IKy6ejwCWZfjeexdxtSfNw,
SEVEN,SEVEN,狐小狸剧本杀目录,1877,https://pan.baidu.com/s/19gyyyC4V8VWa4YUUjN3jjw,
以爱之名,以爱之名,狐小狸剧本杀目录,1878,https://pan.baidu.com/s/1YdTAEVrF_Y8tbHzKq_x0iw,
戏子,戏子,狐小狸剧本杀目录,1879,https://pan.baidu.com/s/1Lxc1iMtwwHaKR5RQVJK__g,
青年旅店失踪事件,青年旅店失踪事件,狐小狸剧本杀目录,1880,https://pan.baidu.com/s/1ykfmnMqraY84XhMh8KW3uQ,
致曾来过的你,致曾来过的你,狐小狸剧本杀目录,1881,https://pan.baidu.com/s/15d38IGIdZZCf72YiEJo_jw,
猎罪大师,猎罪大师,狐小狸剧本杀目录,1882,https://pan.baidu.com/s/1fTqmzzbvOjc_9R3hDQd7qQ,
风声之独白,风声之独白,狐小狸剧本杀目录,1883,https://pan.baidu.com/s/1tTkCdRt8otrIYtI7PiVyHw,
YiYi,YiYi,狐小狸剧本杀目录,1884,https://pan.baidu.com/s/1Z3-a9JNzE0mgK-KS12a2Lg,
不为人知的故事,不为人知的故事,狐小狸剧本杀目录,1885,https://pan.baidu.com/s/1ktaWB_yuii-Odmz5FDTEHQ,
在故事尽头等你,在故事尽头等你,狐小狸剧本杀目录,1886,https://pan.baidu.com/s/1eM6VcbEjYD5Y4NI92ENUaQ,
大丸子戏剧团,大丸子戏剧团,狐小狸剧本杀目录,1887,https://pan.baidu.com/s/1PUd1PKS8wyzelxoRIKffqA,
扶风十二梦,扶风十二梦,狐小狸剧本杀目录,1888,https://pan.baidu.com/s/1rRfkGyPvB7NGUqkYdvQ2fQ,
怪谈事务所诡楼,怪谈事务所诡楼,狐小狸剧本杀目录,1889,https://pan.baidu.com/s/1O6YCuv2067H_G4g5o-YYRw,
恶鬼道,恶鬼道,狐小狸剧本杀目录,1890,https://pan.baidu.com/s/1EABc8nxztaoG83JZZdrwNw,
乱神志耀斑,乱神志耀斑,狐小狸剧本杀目录,1891,https://pan.baidu.com/s/15fDWqWcxwHuXIX0Gr70Bng,
一眨眼已不是少年,一眨眼已不是少年,狐小狸剧本杀目录,1892,https://pan.baidu.com/s/1z5x2YL9BWzpXP-7BrV5VIA,
月亮是指路牌,月亮是指路牌,狐小狸剧本杀目录,1893,https://pan.baidu.com/s/1SU7pO6LN37fQKXHzEv2mlA,
怪邻居,怪邻居,狐小狸剧本杀目录,1894,https://pan.baidu.com/s/1mX_5eP10i8OmxGNDligEAw,
十二楼五城,十二楼五城,狐小狸剧本杀目录,1895,https://pan.baidu.com/s/1i3et9owYuUkDSsMux4Z8AA,
猎人笔记雪夜,猎人笔记雪夜,狐小狸剧本杀目录,1896,https://pan.baidu.com/s/1yxuKEwvqYXXShiFYtjNSVg,
寸血山河,寸血山河,狐小狸剧本杀目录,1897,https://pan.baidu.com/s/1Bxca0o2yjQf2nMqqEyb6pA,
百匠奇案2,百匠奇案2,狐小狸剧本杀目录,1898,https://pan.baidu.com/s/1cxEDV55CqYffdBhlCn6G_g,
心愿杂货铺,心愿杂货铺,狐小狸剧本杀目录,1899,https://pan.baidu.com/s/1cKs4ugZv08viu-t8jc4-dQ,
鲁冰花,鲁冰花（无水印）,狐小狸剧本杀目录,1900,https://pan.baidu.com/s/1ykv7XZgfvIJEqCOaRXLlNQ,
花衣魔笛手,花衣魔笛手（无水印）,狐小狸剧本杀目录,1901,https://pan.baidu.com/s/1jBYF9A9wlNENQZtGNfaTZA,
落水狗,落水狗,狐小狸剧本杀目录,1902,https://pan.baidu.com/s/1PspNzmz4IXzQluBhP6r9-A,
定风波,定风波,狐小狸剧本杀目录,1903,https://pan.baidu.com/s/1yksfFPtWZPkFidQOQuA3hA,
B612,B612（无水印）,狐小狸剧本杀目录,1904,https://pan.baidu.com/s/1xvf1dDjyjfNH4b3tNgIV2A,
少年僧侣我的尸体,少年僧侣我的尸体（无水印）,狐小狸剧本杀目录,1905,https://pan.baidu.com/s/1l146guRy2kxh-vOQgSm6Sg,
三周目最后的神秘,三周目最后的神秘（无水印）,狐小狸剧本杀目录,1906,https://pan.baidu.com/s/1RuS6zFUM0oLPDIDBvN7IHA,
乌贼公寓,乌贼公寓（无水印）,狐小狸剧本杀目录,1907,https://pan.baidu.com/s/141ZByUstVlyGJWTT2ZyYGg,
被焰火照亮的嫌疑犯,被焰火照亮的嫌疑犯（无水印）,狐小狸剧本杀目录,1908,https://pan.baidu.com/s/1mcI0ruReNBFqf0xTSvksWA,
星空之旅银河列车,星空之旅银河列车（无水印）,狐小狸剧本杀目录,1909,https://pan.baidu.com/s/1bmhhpj06CVdG4sY2XWMorw,
虚构幻想,虚构幻想（无水印）,狐小狸剧本杀目录,1910,https://pan.baidu.com/s/1B2dzbdQKzH6IDqnscgtTZg,
茕茕,茕茕（无水印）,狐小狸剧本杀目录,1911,https://pan.baidu.com/s/151kdSHhKCEGsKEbhtEcvuQ,
哀悼的夜莺,哀悼的夜莺（无水印）,狐小狸剧本杀目录,1912,https://pan.baidu.com/s/1P25LSNaLge0F5I0dCkJf5w,
这个杀手有点东西但不多,这个杀手有点东西但不多（无水印）,狐小狸剧本杀目录,1913,https://pan.baidu.com/s/19n4XSSDebU0moXVn9UEXEg,
诅家庄豪门32,诅家庄豪门32（无水印）,狐小狸剧本杀目录,1914,https://pan.baidu.com/s/1g_RkNpY7dPdPhBJOCy2fSA,
像你一样的我雪融,像你一样的我雪融（无水印）,狐小狸剧本杀目录,1915,https://pan.baidu.com/s/130Ovjh7WwEHB2NgC4-qiKg,
恋爱规则怪谈,恋爱规则怪谈（无水印）,狐小狸剧本杀目录,1916,https://pan.baidu.com/s/1NaaUjcxHmp-MLYcBJmvkiQ,
福尔摩斯,福尔摩斯,狐小狸剧本杀目录,1917,https://pan.baidu.com/s/1p14twpyarsTTe1gpvlb-eQ,
夕颜的告白,夕颜的告白（无水印）,狐小狸剧本杀目录,1918,https://pan.baidu.com/s/1aV5dVauk0uu5r2BQVXabew,
句号,句号（无水印）,狐小狸剧本杀目录,1919,https://pan.baidu.com/s/107zY-rg3lKdtnYJv7LwFmw,
白八书电,白八书电（无水印）,狐小狸剧本杀目录,1920,https://pan.baidu.com/s/1OAGhX2Z9r4gA4cj9z355mw,
不喜,不喜（无水印）,狐小狸剧本杀目录,1921,https://pan.baidu.com/s/1DqIlm6tRtgKlM5I02OjFwg,
琢玉,琢玉（无水印）,狐小狸剧本杀目录,1922,https://pan.baidu.com/s/1opnbmPWSjF2YS5Xs-cKk8g,
灵异电视台封门村,灵异电视台封门村（无水印）,狐小狸剧本杀目录,1923,https://pan.baidu.com/s/1eL1K_uxmBu75TqYZ9o3GbQ,
白日昭只,白日昭只（无水印）,狐小狸剧本杀目录,1924,https://pan.baidu.com/s/1Qm_2J-CrHm8tRj6hQVI_ag,
娜美娅之歌,娜美娅之歌（无水印）,狐小狸剧本杀目录,1925,https://pan.baidu.com/s/1NWtcudO9z42TfXSXB8bKLw,
金陵有座东君客栈,金陵有座东君客栈（无水印）,狐小狸剧本杀目录,1926,https://pan.baidu.com/s/1umYANMsYlAXdj19jvqERXA,
凯拉十世疯人院里有个诡,凯拉十世疯人院里有个诡（无水印）,狐小狸剧本杀目录,1927,https://pan.baidu.com/s/1ld-DY2bRjALD9q0LcxnTXw,
朝夕拾3山河如愿,朝夕拾3山河如愿,狐小狸剧本杀目录,1928,https://pan.baidu.com/s/1r1OfJYtJXq7ej7XhTub-Ig,
念念,念念（无水印）,狐小狸剧本杀目录,1929,https://pan.baidu.com/s/1d6y9XT1zZX49Tbo7WFOVJw,
治愈我,治愈我（无水印）,狐小狸剧本杀目录,1930,https://pan.baidu.com/s/1OjTpKtUJOBMy6fGXdAa6cg,
人世间,人世间（无水印）,狐小狸剧本杀目录,1931,https://pan.baidu.com/s/1-0I-QLCtVtVmi82Ost7J7w,
露从今夜白,露从今夜白（无水印）,狐小狸剧本杀目录,1932,https://pan.baidu.com/s/18KHLwgOfWw9FKPSsncEpDw,
梦里依稀灯火寒,梦里依稀灯火寒（无水印）,狐小狸剧本杀目录,1933,https://pan.baidu.com/s/1Kpk5koX_5EoNH1S1JVNm8g,
芳华养老院,芳华养老院（无水印）,狐小狸剧本杀目录,1934,https://pan.baidu.com/s/1sjaIY2Mj0XIY6OjxnfYdTQ,
雾隐村,雾隐村（无水印）,狐小狸剧本杀目录,1935,https://pan.baidu.com/s/1ih98JT7WaLNq8vVOeFZcvg,
聊斋异世录,聊斋异世录（无水印）,狐小狸剧本杀目录,1936,https://pan.baidu.com/s/1XN9lxcNEHoB2cE_XyQZ5MA,
隐匿于零度之下,隐匿于零度之下（无水印）,狐小狸剧本杀目录,1937,https://pan.baidu.com/s/1GOwofprjI9TthvKtvtdnXQ,
所念皆星河,所念皆星河（无水印）,狐小狸剧本杀目录,1938,https://pan.baidu.com/s/1D1MsYxFBX3VaDPRZB-9aUw,
玫瑰歌舞厅,玫瑰歌舞厅（无水印）,狐小狸剧本杀目录,1939,https://pan.baidu.com/s/1_5dhNyqyZ34muLtVU-gdqA,
雾岛家杀人事件,雾岛家杀人事件（无水印）,狐小狸剧本杀目录,1940,https://pan.baidu.com/s/1fHLzY5o_TDXlRoRk9JIcCA,
1992,1992（无水印）,狐小狸剧本杀目录,1941,https://pan.baidu.com/s/1GJC3s6ObaY_B943kNSUaww,
黯黯,黯黯（无水印）,狐小狸剧本杀目录,1942,https://pan.baidu.com/s/1nR6_10Yu1L4jjm_tZQaTHw,
寄生虫,寄生虫（无水印）,狐小狸剧本杀目录,1943,https://pan.baidu.com/s/15BBfzHDMrRRbfe_OE560iw,
我想杀了我最好的朋友,我想杀了我最好的朋友（无水印）,狐小狸剧本杀目录,1944,https://pan.baidu.com/s/1d8nvDRLhz2MZGcVzOblXQQ,
怪闻3溯灵绘梦卷,怪闻3溯灵绘梦卷（无水印）,狐小狸剧本杀目录,1945,https://pan.baidu.com/s/1iCRESLSu-aH8sc-DZccNFw,
63六三,63六三（无水印）,狐小狸剧本杀目录,1946,https://pan.baidu.com/s/1EeoAV9XTQUYAPlJ12LZomw,
天气好的时候我会去见你,天气好的时候我会去见你（无水印）,狐小狸剧本杀目录,1947,https://pan.baidu.com/s/1UYiRSN7xvnFOp2g9NSHV-g,
妖猫出长安,妖猫出长安(无水印),狐小狸剧本杀目录,1948,https://pan.baidu.com/s/1Oi6OAFSKMcf2IqYFlcZTXQ,
销冠,销冠（无水印）,狐小狸剧本杀目录,1949,https://pan.baidu.com/s/1QEHd-Dcn2TLS_vC0hbPjgw,
意难平,意难平（无水印）,狐小狸剧本杀目录,1950,https://pan.baidu.com/s/19EE3KK801ekRUvjdzGi1jQ,
7日游戏,7日游戏（无水印）,狐小狸剧本杀目录,1951,https://pan.baidu.com/s/14_2ejL4W2taGwIcSlJmSwg,
逃离北极,逃离北极（无水印）,狐小狸剧本杀目录,1952,https://pan.baidu.com/s/1c-qnH1uCk1xQ7xs4k1_RQA,
拥抱黑夜的海葵花,拥抱黑夜的海葵花（无水印）,狐小狸剧本杀目录,1953,https://pan.baidu.com/s/1JYPmZcYhl621_q3_pGTDlA,
极目不见故土,极目不见故土（无水印）,狐小狸剧本杀目录,1954,https://pan.baidu.com/s/1QrK44acq55_igWrOoOwRyw,
青竹馆,青竹馆（无水印）,狐小狸剧本杀目录,1955,https://pan.baidu.com/s/18JDjNg1HM-5gGOGeCjC6eg,
超级灵魂画手,超级灵魂画手（无水印）,狐小狸剧本杀目录,1956,https://pan.baidu.com/s/1lVWfiooRz-7PHhzk93nDNw,
菜市场,菜市场（无水印）,狐小狸剧本杀目录,1957,https://pan.baidu.com/s/1A2EyfMXjxmeDnM1eKC5DXA,
朱雀衣,朱雀衣（无水印）,狐小狸剧本杀目录,1958,https://pan.baidu.com/s/187nTKzEMOu-5l0QqKL8rzA,
河神,河神（无水印）,狐小狸剧本杀目录,1959,https://pan.baidu.com/s/1Ip5q-fID8SfduJX3oiAmKg,
戏鬼,戏鬼（无水印）,狐小狸剧本杀目录,1960,https://pan.baidu.com/s/1LOD5pklW0uQ5Y5R_5S2-Hg,
十虎,十虎（无水印）,狐小狸剧本杀目录,1961,https://pan.baidu.com/s/1CeZDU1E2wJwQ1FlD2lKwQQ,
上城区博弈,上城区博弈（无水印）,狐小狸剧本杀目录,1962,https://pan.baidu.com/s/1qtG5M-GFUFTxDgQtp4X9MA,
望左弥敦,望左弥敦（无水印）,狐小狸剧本杀目录,1963,https://pan.baidu.com/s/1fVqnqXiQUpkttZiH9yb6bA,
齐天,齐天（无水印）,狐小狸剧本杀目录,1964,https://pan.baidu.com/s/1wJCLDHiMX5BhsmjP2QFk6A,
持斧奥夫2蒙特实验,持斧奥夫2蒙特实验（无水印）,狐小狸剧本杀目录,1965,https://pan.baidu.com/s/1CP6qStBWKxQhgHrCycUtbQ,
虚明之主2天空上的海平面,虚明之主2天空上的海平面（无水印）,狐小狸剧本杀目录,1966,https://pan.baidu.com/s/1XoZ730uBbr5y5QN0cIs_lg,
谁让我穿上了小熊睡衣,谁让我穿上了小熊睡衣（无水印）,狐小狸剧本杀目录,1967,https://pan.baidu.com/s/1VvpI_x8YApYBXORJQxjHiA,
坏蛋,坏蛋(无水印),狐小狸剧本杀目录,1968,https://pan.baidu.com/s/1fEvePC2OqZ8c7ctyi682cQ,
不适合复仇的夜晚,不适合复仇的夜晚(无水印),狐小狸剧本杀目录,1969,https://pan.baidu.com/s/1GjEya_TQocZLeRuJRf2uKA,
手写的从前,手写的从前(无水印),狐小狸剧本杀目录,1970,https://pan.baidu.com/s/1HuU2qx0mMNTBm1YQqeHGLg,
暮色四合,暮色四合（无水印）,狐小狸剧本杀目录,1971,https://pan.baidu.com/s/1ZOrxsmHmLNLULRAMRXK6Qg,6
辛末十四年,辛末十四年（无水印）,狐小狸剧本杀目录,1972,https://pan.baidu.com/s/1kuVcJqwuy8sEEobGqtaqEg,
星光电台,星光电台【无水印】,狐小狸剧本杀目录,1973,https://pan.baidu.com/s/1BgWnAFW3I0bvKIUUM-gGBA,
黑巫术山庄,黑巫术山庄（无水印）,狐小狸剧本杀目录,1974,https://pan.baidu.com/s/1hVIPYdZdxOHkUTPIJ4FpQQ,
时光作渡,时光作渡（无水印）,狐小狸剧本杀目录,1975,https://pan.baidu.com/s/1bBv-GPDAzksDXRB-JLToMw,
永利街13号,永利街13号（无水印）,狐小狸剧本杀目录,1976,https://pan.baidu.com/s/1-B9p0sR_JdUqaFfurqvelg,
人在部落朝九晚五,人在部落朝九晚五（无水印）,狐小狸剧本杀目录,1977,https://pan.baidu.com/s/1T0JcZl6xzfUBvJLpcab5sQ,
当窥视降临,当窥视降临（无水印）,狐小狸剧本杀目录,1978,https://pan.baidu.com/s/137UT7vdPjm8H2ElZ9tGQLw,
黑猫旅馆,黑猫旅馆（无水印）,狐小狸剧本杀目录,1979,https://pan.baidu.com/s/1wz5pX2bley-a48rzuviEcA,6
妖怪妖怪,妖怪妖怪（无水印）,狐小狸剧本杀目录,1980,https://pan.baidu.com/s/1RfM6E5B2HZh2pLo2_WFrBg,
克莱因湖,克莱因湖（无水印）,狐小狸剧本杀目录,1981,https://pan.baidu.com/s/1vJXLZ-psDzwBoPDL5ondEw,
日恩即意安,日恩即意安（无水印）,狐小狸剧本杀目录,1982,https://pan.baidu.com/s/14ylIbtwBK3iK-pcei-xXAg,
紫夜长歌,紫夜长歌（无水印）,狐小狸剧本杀目录,1983,https://pan.baidu.com/s/12Abuk1tsyvsgt56aCjR6bQ,
灵凰曲,灵凰曲（无水印）,狐小狸剧本杀目录,1984,https://pan.baidu.com/s/19xOrmHU4BtAyYHCNF5wxYg,
贺兰晴雪,贺兰晴雪（无水印）,狐小狸剧本杀目录,1985,https://pan.baidu.com/s/17MJoUbrX0mlVCWd866lBKw,
雪地里相爱,雪地里相爱（无水印）,狐小狸剧本杀目录,1986,https://pan.baidu.com/s/18qylzL_oDg5ouhZ-xvRYNg,
数学家,数学家（无水印）,狐小狸剧本杀目录,1987,https://pan.baidu.com/s/1_XWz4buGQl7fEueCVzy-7w,
三十三,三十三（无水印）,狐小狸剧本杀目录,1988,https://pan.baidu.com/s/14EgCIewdMyVM4DA29Xwyvg,
漫画里的小黑人,漫画里的小黑人（无水印）,狐小狸剧本杀目录,1989,https://pan.baidu.com/s/1jq2Y8gCnMprSGQQWScJfYQ,
皮格马利翁,皮格马利翁（无水印）,狐小狸剧本杀目录,1990,https://pan.baidu.com/s/1QLVv-LjVnKOB0hrlIhlEfw,
谁杀了河狸爸爸,谁杀了河狸爸爸（无水印）,狐小狸剧本杀目录,1991,https://pan.baidu.com/s/1sCU3UOMe-8CkFa0rbHxCPg,
云上倾,云上倾（无水印）,狐小狸剧本杀目录,1992,https://pan.baidu.com/s/1i4ZYKiWRnRdL9aDTyPuBmw,
月光酒馆,月光酒馆（无水印）,狐小狸剧本杀目录,1993,https://pan.baidu.com/s/19Fe4glJ80zUl1bE7sKbsvQ,
旧梦惊尘,旧梦惊尘（无水印）,狐小狸剧本杀目录,1994,https://pan.baidu.com/s/1K6H4nXUur8zFH5dJGXT6cA,
虚明之主,虚明之主（无水印）,狐小狸剧本杀目录,1995,https://pan.baidu.com/s/1ImDczuJmguQHRE_1N4yw5A,
昭昭2烈烈,昭昭2烈烈（无水印）,狐小狸剧本杀目录,1996,https://pan.baidu.com/s/1rM9tn1T_k9tcOCYgjryU-Q,
谁炸了我家茅坑,谁炸了我家茅坑（无水印）,狐小狸剧本杀目录,1997,https://pan.baidu.com/s/12sRIVr08s-FZFkCFwEtc3A,
孑身,孑身（无水印）,狐小狸剧本杀目录,1998,https://pan.baidu.com/s/1vKhrARPPvz1BIRQRUI51Ng,
谋杀安徒生,谋杀安徒生（无水印）,狐小狸剧本杀目录,1999,https://pan.baidu.com/s/1xjKKWqKRERJLojujoeD2Cw,
骑单车到月亮,骑单车到月亮（无水印）,狐小狸剧本杀目录,2000,https://pan.baidu.com/s/1AYxZdC1U7I7ToFI9Yv-ZHQ,
那年那片海,那年那片海（无水印）,狐小狸剧本杀目录,2001,https://pan.baidu.com/s/1VvQPuiix3mygfacAVl1fLg,
雾岛,雾岛（无水印）,狐小狸剧本杀目录,2002,https://pan.baidu.com/s/1NmKJqccGnBERzaCtrivwAw,
花吃了那个女孩2,花吃了那个女孩2（无水印）,狐小狸剧本杀目录,2003,https://pan.baidu.com/s/1z0bs3sxDl-l5P-k611Zh4A,
我予,我予（无水印）,狐小狸剧本杀目录,2004,https://pan.baidu.com/s/1c-qC6pRcK4RZRRSkGtK0hw,
黑日,黑日（无水印）,狐小狸剧本杀目录,2005,https://pan.baidu.com/s/1fP_JhtoIT0pVfStVqV9Big,
名侦探的试炼,名侦探的试炼（无水印）,狐小狸剧本杀目录,2006,https://pan.baidu.com/s/1vSEbbwKFo7ypxv1XS9iMiA,
百年家书,百年家书（无水印）,狐小狸剧本杀目录,2007,https://pan.baidu.com/s/1JtnPzAtX8J4OHRIgas-Mcw,
咸鱼天台,咸鱼天台（无水印）,狐小狸剧本杀目录,2008,https://pan.baidu.com/s/1NHXJcBPdlLPoocxe6jNVuA,
她在尘间遇见少年,她在尘间遇见少年（无水印）,狐小狸剧本杀目录,2009,https://pan.baidu.com/s/1dPDhl6v2U8000JPDb6cRxw,
十六,十六（无水印）,狐小狸剧本杀目录,2010,https://pan.baidu.com/s/15CSKhWJuQFtXTEYPjH_CKQ,
牌花2无罪,牌花2无罪（无水印）,狐小狸剧本杀目录,2011,https://pan.baidu.com/s/105u9htLNV7fqCALoaDYFXQ,
李清照,李清照（无水印）,狐小狸剧本杀目录,2012,https://pan.baidu.com/s/1aldpXXHU1hzqH3Jcpm1rGg,26
蓝坠入深海的启明星,蓝坠入深海的启明星（无印版）,狐小狸剧本杀目录,2013,https://pan.baidu.com/s/1ln05hOmFluhYpD8bG6Adqg,
罗拉西里的巫女,罗拉西里的巫女（无水印）,狐小狸剧本杀目录,2014,https://pan.baidu.com/s/17lkYVAfRk-INVIxKYz4hCA,
月隐于时针之隙,月隐于时针之隙（6-无水印）,狐小狸剧本杀目录,2015,https://pan.baidu.com/s/10aWYjbOx4D6xXcCRzP3pyg,6
格拉多之门,格拉多之门（6-无水印）,狐小狸剧本杀目录,2016,https://pan.baidu.com/s/1Z7r2eAbpY8JwsvaDVLxOnw,6
如果春夏秋冬,如果春夏秋冬（无水印）,狐小狸剧本杀目录,2017,https://pan.baidu.com/s/1ADdH2UcTxQe-b1Ivz_jKww,
南风,南风【有水印】,狐小狸剧本杀目录,2018,https://pan.baidu.com/s/18Kwtl62oKwWQSbszJaXtBg,
春日与风铃,春日与风铃（无水印）,狐小狸剧本杀目录,2019,https://pan.baidu.com/s/1y3IgbPYcoWBEMm55oN9P7w,
假如哲也从世界上消失,假如哲也从世界上消失（无水印）,狐小狸剧本杀目录,2020,https://pan.baidu.com/s/1YYHcO0A2sPEI6H9r2R11IQ,
食尸鬼盛宴,食尸鬼盛宴（无水印版）,狐小狸剧本杀目录,2021,https://pan.baidu.com/s/1QCf4EMTkKbECQp2CORtIgQ,
觉醒,觉醒(无水印）,狐小狸剧本杀目录,2022,https://pan.baidu.com/s/1jk0NhKfXVLZqLEEGwdR3lA,
胡不归,胡不归（无水印）,狐小狸剧本杀目录,2023,https://pan.baidu.com/s/1nbDThcVAcZ4Nerh48PUaOQ,
芸芸,芸芸（无水印）,狐小狸剧本杀目录,2025,https://pan.baidu.com/s/19oEhJUre6-TvkpYJWQfzuw,
墨羊,墨羊（无水印）,狐小狸剧本杀目录,2026,https://pan.baidu.com/s/1wChF0pSzqaAw5zYrk0JW2Q,
浮世奇案簿·长安,浮世奇案簿·长安（无水印）,狐小狸剧本杀目录,2027,https://pan.baidu.com/s/1ng5IoR3PDr9T2CDailecnQ,
大漠谣,大漠谣（无水印）,狐小狸剧本杀目录,2028,https://pan.baidu.com/s/1QDZ-ZIZBP65UdMBm8MmVEQ,
你懂我意思吧,你懂我意思吧（无水印）,狐小狸剧本杀目录,2029,https://pan.baidu.com/s/1aS5joeFYnOF7k_ZxdLxKJg,
如果我变成回忆,如果我变成回忆（无印版）,狐小狸剧本杀目录,2030,https://pan.baidu.com/s/1gkIKjdF6cMfsPtVRF4NRYw,3
颠倒生死的推理轮战,颠倒生死的推理轮战【有水印】,狐小狸剧本杀目录,2031,https://pan.baidu.com/s/1fUglx1lHrq3TX_BdBQ5g3g,
触不到的恋人,触不到的恋人（无水印）,狐小狸剧本杀目录,2032,https://pan.baidu.com/s/1oY3kF0IMVXmilP841trwrg,
甜蜜家园,甜蜜家园（无水印）,狐小狸剧本杀目录,2033,https://pan.baidu.com/s/1UONZ43230AyNxGZYTczW_A,
消失的恋人,消失的恋人（无水印）,狐小狸剧本杀目录,2034,https://pan.baidu.com/s/1nF8-qsIizUFERKN2nS-tWQ,
老嫂子俱乐部,老嫂子俱乐部（无水印）,狐小狸剧本杀目录,2035,https://pan.baidu.com/s/1IQywAvdZDdgVkz6RpCPlMg,
多巴胺,多巴胺（无水印）,狐小狸剧本杀目录,2036,https://pan.baidu.com/s/1fo6tpoHJrrjniQgjhQRPnw,
推理小说家的挑战,推理小说家的挑战（无水印）,狐小狸剧本杀目录,2037,https://pan.baidu.com/s/19RDUcWrDRizXfItVMCboJg,
时间牢笼,时间牢笼（无水印）,狐小狸剧本杀目录,2038,https://pan.baidu.com/s/1VCxB6XB2wmJWKHcNi3wZ_Q,
劣质小说,劣质小说（无水印）,狐小狸剧本杀目录,2039,https://pan.baidu.com/s/1aWiCvsq6WUhTvyJP4eQxxQ,
逃出迷雾镇,逃出迷雾镇（无水印）,狐小狸剧本杀目录,2040,https://pan.baidu.com/s/1qKkxBLdgKBKM6YyiSkIIwA,
百物语怪谈事件簿,百物语怪谈事件簿（无水印）,狐小狸剧本杀目录,2041,https://pan.baidu.com/s/1XbMD3xYzE9gWWcSxZdhTqw,
以太想告诉你一个秘密,以太想告诉你一个秘密（6-无水印）,狐小狸剧本杀目录,2042,https://pan.baidu.com/s/1GZtdtmyT-p6AsaTxDM4Zrg,6
绝体绝命的少女,绝体绝命的少女（6-无水印）,狐小狸剧本杀目录,2043,https://pan.baidu.com/s/1tjLbw0-tyW5DW84lgSEcVA,6
送你一朵小花花2,送你一朵小花花2（无水印）,狐小狸剧本杀目录,2044,https://pan.baidu.com/s/16YqZVQGCZju3mucV70qw5w,
常春藤公寓,常春藤公寓（无水印）,狐小狸剧本杀目录,2045,https://pan.baidu.com/s/1O8J4wTYd_YEQRJlScEJ-6Q,
雪嫁娘,雪嫁娘（6-无水印）,狐小狸剧本杀目录,2046,https://pan.baidu.com/s/14MJjkcYWneY0uaGIUOAVTw,6
东坡,东坡（无水印）,狐小狸剧本杀目录,2047,https://pan.baidu.com/s/15AIO7vO7NJRfxtI5iZeoDQ,
天地藏春,天地藏春（无水印）,狐小狸剧本杀目录,2048,https://pan.baidu.com/s/19EW0Cul5FMMfySjdFnAPtA,
45,45（无水印）,狐小狸剧本杀目录,2049,https://pan.baidu.com/s/1fYGaJLnSBvzjqPelrBJmtA,6
红莓花下,红莓花下（无水印）,狐小狸剧本杀目录,2050,https://pan.baidu.com/s/1w_AlEJl7MUUAcnK4O2iVnQ,
神不在的第四日,神不在的第四日（无水印）,狐小狸剧本杀目录,2051,https://pan.baidu.com/s/1Du8KsbEfBJHDHh4-NNMX8Q,
献给莹的杀人事件,献给莹的杀人事件,狐小狸剧本杀目录,2052,https://pan.baidu.com/s/1XZU6EdbvbMFEqOpepNCdKA,
铜钱连环杀人事件,铜钱连环杀人事件（无水印）,狐小狸剧本杀目录,2053,https://pan.baidu.com/s/1xV9AjW0pRgIuj_32HNQKmw,
一个死去的朋友,一个死去的朋友（6-无水印）,狐小狸剧本杀目录,2054,https://pan.baidu.com/s/168bbKQ97JJjyBuoPrK9kIw,
声声慢2,声声慢2（无水印）,狐小狸剧本杀目录,2055,https://pan.baidu.com/s/1F0GttLbmeJ0wPWn99DgQ4w,
驴头马面与我的推理小说,驴头马面与我的推理小说（无水印）,狐小狸剧本杀目录,2056,https://pan.baidu.com/s/1nn96wLWB57km1YLX0kP5TA,
风禾尽起,风禾尽起（无水印）,狐小狸剧本杀目录,2057,https://pan.baidu.com/s/1Z4yKXLM2KxFVT7Sz8NGRHQ,
兵临城下,兵临城下,狐小狸剧本杀目录,2059,https://pan.baidu.com/s/1Q2E_irF1aakHCV3RvKF3MQ,
无人循环,无人循环（无水印）,狐小狸剧本杀目录,2060,https://pan.baidu.com/s/1M0WOwchJgct7W_IYdHiQtQ,
早安我的主人,早安我的主人（无水印）,狐小狸剧本杀目录,2061,https://pan.baidu.com/s/1-7LZxK_QT-NgOVEJEsWzkw,
豪门雨异妍,豪门雨异妍【有水印】,狐小狸剧本杀目录,2062,https://pan.baidu.com/s/1wnrjLF0UmB9vXBH61wHgHg,
桃花依旧,桃花依旧【有水印】,狐小狸剧本杀目录,2063,https://pan.baidu.com/s/1O9Y3sluTMYIUej_PWKbKZg,
山岗上的长风,山岗上的长风 (无水印）,狐小狸剧本杀目录,2064,https://pan.baidu.com/s/1TpU6fzUtYbbla2Y2QSt8Qg,
刺,刺（无水印）,狐小狸剧本杀目录,2065,https://pan.baidu.com/s/1vNMyZ4NpaB3axeE0AGrTuw,
生还之日,生还之日（无水印）,狐小狸剧本杀目录,2066,https://pan.baidu.com/s/1zxfBFhmWljeXQ9yzWp6UNg,
自白,自白（无水印）,狐小狸剧本杀目录,2067,https://pan.baidu.com/s/1GQ1kyVuZca-V50eBKuvIqA,
追凶者的奇思妙想,追凶者的奇思妙想（无水印）,狐小狸剧本杀目录,2068,https://pan.baidu.com/s/1W6fMizKsnuVZd6NzMkO2oA,
转眼,转眼（无水印）,狐小狸剧本杀目录,2069,https://pan.baidu.com/s/1LU6Lp_LAwkCAUPsHg4NTxA,
不死之徒,不死之徒（无水印）,狐小狸剧本杀目录,2070,https://pan.baidu.com/s/1ZyAqsgCRBEsftKMYx3mjVg,
商鞅,商鞅（无水印）,狐小狸剧本杀目录,2071,https://pan.baidu.com/s/1dCE4jpTPochyeTzqTB4cdQ,
无形之刃,无形之刃（无水印）,狐小狸剧本杀目录,2072,https://pan.baidu.com/s/1zm8f2K3UQdH_EGFz-OnXeA,
渡鸦,渡鸦,狐小狸剧本杀目录,2073,https://pan.baidu.com/s/1MM7pQ6zgCyA_xZ5--bq10w,
我想你,我想你（无水印）,狐小狸剧本杀目录,2074,https://pan.baidu.com/s/129bZ3Xoq2M6wusZ_XIq4GQ,
继焰重明,继焰重明（无水印）,狐小狸剧本杀目录,2075,https://pan.baidu.com/s/1czO5Eykflz_PbehnHdzhhQ,
我们相约昨日重逢,我们相约昨日重逢（无水印）,狐小狸剧本杀目录,2076,https://pan.baidu.com/s/15eLGL0jlVXmJfpEXid4HRQ,
白夜传说迷雾镇,白夜传说迷雾镇（无水印）,狐小狸剧本杀目录,2077,https://pan.baidu.com/s/1kVoLjkxx7GaPrxrKZ9hjIg,
秋千下的推理者,秋千下的推理者（6-开本整理）,狐小狸剧本杀目录,2078,https://pan.baidu.com/s/1RzXsiRxPPEOFxYYvzsA62w,6
十字馆,十字馆（无水印）,狐小狸剧本杀目录,2079,https://pan.baidu.com/s/1obT1j4wvuk0IDs4SdToayw,
旧赋,旧赋（无水印）,狐小狸剧本杀目录,2080,https://pan.baidu.com/s/1WnOXApOEdddTuOI4dQigjA,
山之神2,山之神2（无水印）,狐小狸剧本杀目录,2081,https://pan.baidu.com/s/1k0dnVeV7xr24jm2hWd0fig,
将夜鱼跃此时海,将夜鱼跃此时海（无水印）,狐小狸剧本杀目录,2082,https://pan.baidu.com/s/1jfSm-BIr_dWzYqz06J661Q,
三分天下,三分天下（无水印）,狐小狸剧本杀目录,2083,https://pan.baidu.com/s/1lVx5rrpc70ujzxnuUQ4yqQ,
无法透光的人生小叙,无法透光的人生小叙（无水印）,狐小狸剧本杀目录,2084,https://pan.baidu.com/s/1S8ac3eUu_ayfvT4qmCCU4A,
小三劝退师,小三劝退师（无水印）,狐小狸剧本杀目录,2085,https://pan.baidu.com/s/1NY1UWCgPK0wwHloTDy9kfg,
落书,落书（无水印）,狐小狸剧本杀目录,2086,https://pan.baidu.com/s/1Ekv7PyfFCmpF_3pybjKg7Q,
名侦探修炼,名侦探修炼（无水印）,狐小狸剧本杀目录,2087,https://pan.baidu.com/s/1SKZvdsU2HlF4IkJ3Qn2WIg,
此时彼刻之人,此时彼刻之人（无水印）,狐小狸剧本杀目录,2088,https://pan.baidu.com/s/10K7Xa1ZwfMExiSYMTuhUzA,
魍魉塔豪门34,魍魉塔豪门34（无水印）,狐小狸剧本杀目录,2089,https://pan.baidu.com/s/1_yiawfvp8pvfMFNUtvyJ1A,
天衣无缝,天衣无缝（无水印）,狐小狸剧本杀目录,2090,https://pan.baidu.com/s/1Yx6PcJYm26ErU2mBdc4vCg,
妖怪集市,妖怪集市（无水印）,狐小狸剧本杀目录,2091,https://pan.baidu.com/s/1lW6djHsgZ1yFZ5c4mZUSCg,
雾海同行,雾海同行（无水印）,狐小狸剧本杀目录,2092,https://pan.baidu.com/s/1gsDxDAc_4lVagFQvoD-t5Q,
民间恐怖故事村,民间恐怖故事村（无水印）,狐小狸剧本杀目录,2093,https://pan.baidu.com/s/13A6HPdfzJ3PDqEh1ACokRg,
春风替我遇见你,春风替我遇见你（无水印）,狐小狸剧本杀目录,2094,https://pan.baidu.com/s/1eHU0AHydS_iiO5WSQJgs5g,6
我的神明朋友,我的神明朋友（无水印）,狐小狸剧本杀目录,2095,https://pan.baidu.com/s/1xC8lBtltwUZ4Fnx5BUIxMQ,
落凡,落凡（无水印）,狐小狸剧本杀目录,2096,https://pan.baidu.com/s/1tjiWq6Oz2gOu960qc3i65g,
神尘,神尘（无水印）,狐小狸剧本杀目录,2097,https://pan.baidu.com/s/1pPPunIxsZhziOIgbQeGpxw,5
惠子,惠子（5人半开放）,狐小狸剧本杀目录,2098,https://pan.baidu.com/s/1vWdvHAvooM8q5kFcsVU88w,5
未逢春时,未逢春时（无水印）,狐小狸剧本杀目录,2100,https://pan.baidu.com/s/1PSJlTaNcVETm-6sujbPeiA,
死循环,死循环,狐小狸剧本杀目录,2101,https://pan.baidu.com/s/1bSi_q1SuLBJ_ZMZpcJP6vQ,
鲸落,鲸落,狐小狸剧本杀目录,2102,https://pan.baidu.com/s/1Mx76-enexai2rsb2YEZlmQ,5
宿醉,【6】宿醉（已整理）,狐小狸剧本杀目录,2103,https://pan.baidu.com/s/1_WLY-z0kQjh7sAg5XxAxWQ,6
宿醉2组织手册,宿醉2组织手册,狐小狸剧本杀目录,2104,https://pan.baidu.com/s/101ooMM-hPkt4412dy0EoaA,
一座城,一座城,狐小狸剧本杀目录,2105,https://pan.baidu.com/s/1roa-lYZTdFTNlGsBHz1uDQ,4
粉墨,粉墨,狐小狸剧本杀目录,2106,https://pan.baidu.com/s/1JHIqhvHvotfcZFYC4yzJ9Q,
壁上观,壁上观,狐小狸剧本杀目录,2107,https://pan.baidu.com/s/1AF3Eq5SpI6ArsHIKAw9XCA,
加个v2,加个v2,狐小狸剧本杀目录,2109,https://pan.baidu.com/s/1_hSuJBOfV0XhM8nGBl7d3w,
见信如晤,见信如晤(无水印),狐小狸剧本杀目录,2111,https://pan.baidu.com/s/1soz8nk0yPzVbVxM9n5PIQw,
情侣分手指南,情侣分手指南（6人欢乐机制本）,狐小狸剧本杀目录,2112,https://pan.baidu.com/s/1AITWgubGwebAYne0xShmxQ,6
贵阴贱壁,贵阴贱壁,狐小狸剧本杀目录,2113,https://pan.baidu.com/s/1SrGgjlS91mu0ouYm9PbqYw,6
完蛋我被恋爱脑包围了,完蛋我被恋爱脑包围了,狐小狸剧本杀目录,2116,https://pan.baidu.com/s/1QsIlWUFN3Dd1CNjuskgiOg,
再zha一次就上岸,再zha一次就上岸,狐小狸剧本杀目录,2117,https://pan.baidu.com/s/1vUwVKBZUl8QTcXwqB2DM4g,
孽障,孽障,狐小狸剧本杀目录,2119,https://pan.baidu.com/s/1BnpKuiW6Ffz5VAj5CtnLwA,
超人气偶像剧,超人气偶像剧（无水印）,狐小狸剧本杀目录,2120,https://pan.baidu.com/s/1op_W-20ZCl77adbJwGVB2A,
后宫,后宫,狐小狸剧本杀目录,2121,https://pan.baidu.com/s/1ODl1Zzbe_PcC8pnPqSTgKg,
离婚吧赶紧的,离婚吧赶紧的（6-8人整理）,狐小狸剧本杀目录,2122,https://pan.baidu.com/s/1jBEQ9Cs8j9MeRqr7mR7SuQ,6|7|8
杀完人要喝白开水,杀完人要喝白开水,狐小狸剧本杀目录,2123,https://pan.baidu.com/s/1CiZ92arbwf88EuQmjtWlNQ,
目视你直到死去,目视你直到死去（6人悬疑推理本）,狐小狸剧本杀目录,2125,https://pan.baidu.com/s/1jRzc2_PUHnBMe3drQ0AIXw,6
海是一场雨,海是一场雨（6人情感本）,狐小狸剧本杀目录,2126,https://pan.baidu.com/s/1VwRmIxrCnbL7sGUV0yZH2g,6
无相人考古奇案,无相人考古奇案（完整版）,狐小狸剧本杀目录,2127,https://pan.baidu.com/s/1kgnEIKhCfv65EZYrFLLIkA,
头颅们的失眠夜,头颅们的失眠夜,狐小狸剧本杀目录,2131,https://pan.baidu.com/s/10bNjyKNp37IqBjlq7uVRow,
豪门08:孽岛疑云,豪门08：孽岛疑云（5-开本整理）,狐小狸剧本杀目录,2132,https://pan.baidu.com/s/1fxWnUi82rE5FKTFqf70nCg,5
诡计患者的谜题,诡计患者的谜题,狐小狸剧本杀目录,2134,https://pan.baidu.com/s/1tuO-LXB2QeooDrD-eHcsew,
河堤,河堤,狐小狸剧本杀目录,2136,https://pan.baidu.com/s/1IPGZjVkJx8MtzzIKaujMNg,
未有来时2坠入,未有来时2坠入,狐小狸剧本杀目录,2137,https://pan.baidu.com/s/1ZLBHU3fESllvQMZAUGUkwQ,
之间邮局,之间邮局（无水印）,狐小狸剧本杀目录,2138,https://pan.baidu.com/s/1eXcZsGZZoDH5UUi0Z7wg4A,
命不该绝!!,命不该绝！！,狐小狸剧本杀目录,2140,https://pan.baidu.com/s/1JII29byYIXRtYCIJO73TEQ,
秋意浓,秋意浓（6人日式推理本）,狐小狸剧本杀目录,2141,https://pan.baidu.com/s/1PfrLHVJvowM021cnYGJjUA,6
刁民乡村欢乐撕逼,刁民（6人）乡村欢乐撕逼,狐小狸剧本杀目录,2142,https://pan.baidu.com/s/1OOQWiRPdbg-tilOCYOO1MQ,6
东京恐怖故事加藤病院,东京恐怖故事 加藤病院,狐小狸剧本杀目录,2143,https://pan.baidu.com/s/1R19viVhDM6MDXHqejeOHDQ,
重楼,重楼,狐小狸剧本杀目录,2144,https://pan.baidu.com/s/1FYapcIbjkjkQoYaoOOMoCQ,
杀意渐起之时,杀意渐起之时,狐小狸剧本杀目录,2145,https://pan.baidu.com/s/1-jw0UaceHV7qRS-3JykxEA,
逃脱艺术家2叙弗涅密契,逃脱艺术家2叙弗涅密契（6人推理设定本）,狐小狸剧本杀目录,2146,https://pan.baidu.com/s/1YgMOmu9vrQDKSoBuD1nWLA,
病娇3,病娇3,狐小狸剧本杀目录,2147,https://pan.baidu.com/s/1xVIKT533vaWPa6y72ZqQwg,
千万悬赏,千万悬赏（6人封闭）,狐小狸剧本杀目录,2148,https://pan.baidu.com/s/1LfE9XJNN_p1suO9un0EOeA,6
长生门,长生门（5人封闭）,狐小狸剧本杀目录,2149,https://pan.baidu.com/s/11G_78zDCFv0rJIv8-zj_0w,5
间花铺,间花铺,狐小狸剧本杀目录,2151,https://pan.baidu.com/s/1NYcfWOGiKeah6t1PTlMWmA,
红色主题家国情感系例,红色主题家国情感系例,狐小狸剧本杀目录,2153,https://pan.baidu.com/s/1eli2WvL8Lunm1ydTouYkgg,
如故,如故（6人古风情感本）,狐小狸剧本杀目录,2157,https://pan.baidu.com/s/1aWlBMRvwxAOt3vA_2bfAKQ,6
关于Y的奇迹《6人悬疑推理本》,关于Y的奇迹《6人悬疑推理本》,狐小狸剧本杀目录,2158,https://pan.baidu.com/s/1h9UiofsmcQAxz-_uuVZ8xA,6
上路,上路（特别整理）【5】,狐小狸剧本杀目录,2160,https://pan.baidu.com/s/16-TQHmFkUDd0yjaqs9N3Dw,5
流芳,流芳（完整版）,狐小狸剧本杀目录,2161,https://pan.baidu.com/s/1BPndpAUo9f5WaEsW5Q6uaA,
瘆,瘆（已整理）【7】,狐小狸剧本杀目录,2162,https://pan.baidu.com/s/1B0OOayuSmCKvn7bCj9UZwQ,7
爱幼妇产医院2,爱幼妇产医院2,狐小狸剧本杀目录,2165,https://pan.baidu.com/s/1JpUGVb5e0XJOATEaaPSKEg,
狐尔小姐-售后资料,狐尔小姐-售后资料,狐小狸剧本杀目录,2166,https://pan.baidu.com/s/1eU_et5uU99Ewiem6Uav91A,
拆迁2买房,拆迁2买房,狐小狸剧本杀目录,2167,https://pan.baidu.com/s/1lFe0ZXg6Tu3bWaTiKSV5tA,
苍歧2青川无水印,苍歧2青川 无水印,狐小狸剧本杀目录,2168,https://pan.baidu.com/s/1GB9toiNa9Ts-lEIXKlsOBQ,
酒大奇迹,酒大奇迹（7人）科幻恐怖欢乐,狐小狸剧本杀目录,2172,https://pan.baidu.com/s/1EVkw45AXCTgd3hOF3DnYsQ,7
杀猪,杀猪,狐小狸剧本杀目录,2174,https://pan.baidu.com/s/1WeQbReOgl5whDXuwPI67Rg,
蟪蛄春秋,蟪蛄春秋（无水印）,狐小狸剧本杀目录,2176,https://pan.baidu.com/s/1O6BoSy_VDLuQ641FzeSjig,6
豪门16:月落洼,豪门16：月落洼（5-开本整理）,狐小狸剧本杀目录,2177,https://pan.baidu.com/s/10b-o-X8q48A3AMGIqgRKTQ,5
花吃了那女孩,花吃了那女孩（无水印）,狐小狸剧本杀目录,2178,https://pan.baidu.com/s/1Sla1fhC_-azCedEUv01kew,
上钟儿,上钟儿（9人开放）,狐小狸剧本杀目录,2180,https://pan.baidu.com/s/1XA5x_Hq8CYU9gF8QMpOJaQ,9
天衍四十九手册,天衍四十九手册,狐小狸剧本杀目录,2181,https://pan.baidu.com/s/15-rjLSSihDdn2eUMKT0Ivw,
待君至,待君至（无水印）,狐小狸剧本杀目录,2182,https://pan.baidu.com/s/146epV3JEknaueYN9f_SyPQ,
恶之华,恶之华（完整版）,狐小狸剧本杀目录,2183,https://pan.baidu.com/s/1-d7pxMeL7ueiuN0ASHcufQ,
甲乙丙丁,甲乙丙丁（完整版）,狐小狸剧本杀目录,2184,https://pan.baidu.com/s/1U-KJQNq-YNs4rhUGH1cGgg,
来财,来财,狐小狸剧本杀目录,2185,https://pan.baidu.com/s/1taGBIW5wNo31s1_Epc6s6g,
民间恐怖故事·我的窒爱,民间恐怖故事·我的窒爱,狐小狸剧本杀目录,2187,https://pan.baidu.com/s/1ZQlTDOUIAG8F_H5J_9eZyg,
超能,超能推理,狐小狸剧本杀目录,2188,https://pan.baidu.com/s/1fA5hTbUp8VuKpHrrS8M_Dg,
弄潮手册,弄潮手册,狐小狸剧本杀目录,2189,https://pan.baidu.com/s/1Qk29qQF4hRDsU8q3Zy4xgA,
胎屋,胎屋,狐小狸剧本杀目录,2190,https://pan.baidu.com/s/1_a7yq0OUWpL3LEgLbWNl_A,
蛰伏,蛰伏,狐小狸剧本杀目录,2191,https://pan.baidu.com/s/1_g9AKa9F_7XLG-7fxUMvyw,
雪乡连环杀人事件2,雪乡连环杀人事件2,狐小狸剧本杀目录,2193,https://pan.baidu.com/s/13l7LEWAbiGSQQPTbRttllw,
第二十二条校规,第二十二条校规（7人开放）,狐小狸剧本杀目录,2194,https://pan.baidu.com/s/1otGs_VX4mRCndPEjSwdDtg,7
见鬼,见鬼（6人悬疑还原本）,狐小狸剧本杀目录,2195,https://pan.baidu.com/s/1dffGVhRnv1SUlbKUPnETIw,6
季风吹过橘色的海,季风吹过橘色的海【无水印整理】,狐小狸剧本杀目录,2196,https://pan.baidu.com/s/1W8EFPtlzbu5ZVw_t7lSqXA,
火化吧!赶紧的整理,火化吧！赶紧的整理,狐小狸剧本杀目录,2197,https://pan.baidu.com/s/1cKD5n_0lfcvQIBZD-6BfYA,
告白诗,告白诗,狐小狸剧本杀目录,2198,https://pan.baidu.com/s/1_r8lolsk_Klh9Pq-FF6rxQ,
杀马特驾到通通闪开,杀马特驾到通通闪开（8人欢乐机制本.）,狐小狸剧本杀目录,2199,https://pan.baidu.com/s/1l0dt_ct14SyB8CVmweCwmA,8
寒门贰,寒门贰,狐小狸剧本杀目录,2200,https://pan.baidu.com/s/17eXBtRauVWGda1Bvs_c3iQ,
寒门,寒门,狐小狸剧本杀目录,2201,https://pan.baidu.com/s/1d3aZv7IQph0iPYCTZxp4Cg,
捉小三,捉小三（无水印）,狐小狸剧本杀目录,2202,https://pan.baidu.com/s/19ks84x7cZHDNyltMXK3k6Q,
雾鸦馆,雾鸦馆,狐小狸剧本杀目录,2203,https://pan.baidu.com/s/1k_jyI4Ql0qDSNIIR9fAn8w,
如是我观,如是我观（无水印）,狐小狸剧本杀目录,2206,https://pan.baidu.com/s/1S9no21QpnTgjTi3AG5xWZQ,
别在派对搞谋杀,别在派对搞谋杀（4人无需主持人）,狐小狸剧本杀目录,2207,https://pan.baidu.com/s/1sk_OyGkCiIZq8a49vfhtqw,4
木夕僧之戏沉浸剧情,木夕僧之戏（6-7人）沉浸剧情还原日式烧脑,狐小狸剧本杀目录,2209,https://pan.baidu.com/s/1FG9ryq6nuQqTzxiJY6wG0A,6|7
立方馆杀人事件始末,立方馆杀人事件始末,狐小狸剧本杀目录,2210,https://pan.baidu.com/s/1ye1fOz1Y0dcZn5neClwTtA,
金河往事,金河往事（6人情感演绎本）,狐小狸剧本杀目录,2211,https://pan.baidu.com/s/1mK0T-3qr1I4OvfcUhPJqEA,6
子时已到,子时已到,狐小狸剧本杀目录,2213,https://pan.baidu.com/s/1Efem2wF1TUhy6rr2frqOAQ,
豪门43:应邪化仆,豪门43：应邪化仆（5人还原本）,狐小狸剧本杀目录,2214,https://pan.baidu.com/s/178OH87L-BQ8PlpizD4YYIw,5
空山,空山（6人情感本）,狐小狸剧本杀目录,2215,https://pan.baidu.com/s/13yX1nPOeomE08BS1PVo-CQ,6
娘娘千岁,娘娘千岁(5人),狐小狸剧本杀目录,2216,https://pan.baidu.com/s/1LGfdnDYkMle1YhCdIwlTog,5
此去,此去（6人情感沉浸本）,狐小狸剧本杀目录,2217,https://pan.baidu.com/s/1o1FjPuuevtt9vrvXROvN1g,6
南墙贰,南墙贰,狐小狸剧本杀目录,2218,https://pan.baidu.com/s/1eE8FSUsabqd8HtvnHwsjfg,
南墙,南墙（无印版）,狐小狸剧本杀目录,2219,https://pan.baidu.com/s/1rKXnGtTQrElrHGaLsxun-g,
少奶奶的第99次出逃,少奶奶的第99次出逃,狐小狸剧本杀目录,2221,https://pan.baidu.com/s/1B5z62HWpvxXy_y-lPYilvQ,
血腥爱情故事,血腥爱情故事,狐小狸剧本杀目录,2222,https://pan.baidu.com/s/1LXUYjUlJaDTqQar7KhA6Ag,
六角馆的谋杀鉴赏,六角馆的谋杀鉴赏（6人悬疑推理本）,狐小狸剧本杀目录,2223,https://pan.baidu.com/s/1ShGiT1RpAyViBJt7IGeKXA,6
命藏町的白雪姬,命藏町的白雪姬（6人推理设定本）,狐小狸剧本杀目录,2224,https://pan.baidu.com/s/1W2M-wMxjSNNK8HsVEb4TNw,6
怪谈事务所破界,怪谈事务所破界,狐小狸剧本杀目录,2225,https://pan.baidu.com/s/1kG69v1q_nXw_9v_od8r-pQ,
周公游记2食梦记,周公游记2食梦记,狐小狸剧本杀目录,2226,https://pan.baidu.com/s/1b6HUjgySm-BUwjdkdfrhmQ,
周公游记,周公游记,狐小狸剧本杀目录,2227,https://pan.baidu.com/s/1eXyGYrCKqMX4Yg-5wyUlsg,
装病,装病,狐小狸剧本杀目录,2231,https://pan.baidu.com/s/1XZKk-p7T0TpMK1DjUB0MXA,6
洗劫罗马所有的情书,洗劫罗马所有的情书（6人情感欢乐本）,狐小狸剧本杀目录,2232,https://pan.baidu.com/s/1zXE6Oc-gNRwYNvb4S0CfcA,6
洗劫巴黎所有星星,洗劫巴黎所有星星,狐小狸剧本杀目录,2233,https://pan.baidu.com/s/1GzczfRtT_PBfUdCAlqKItA,
洗劫伦敦所有的玫瑰,洗劫伦敦所有的玫瑰（6-无水印）,狐小狸剧本杀目录,2234,https://pan.baidu.com/s/15lgx35M3q37f4moLy-MR-A,6
喜菩萨,喜菩萨【无水印】,狐小狸剧本杀目录,2235,https://pan.baidu.com/s/1-JgFuO2z5XHgVN2jgWUFjw,6
遗物整理师,遗物整理师,狐小狸剧本杀目录,2237,https://pan.baidu.com/s/12Kz3WpLsm6dB_aXNipxV6Q,
案件重演完整版,案件重演完整版,狐小狸剧本杀目录,2238,https://pan.baidu.com/s/1eq6MjZQsZazAwWd7xUoshQ,
那一束月光,那一束月光,狐小狸剧本杀目录,2240,https://pan.baidu.com/s/1BFAtOKPo1I68QHOeFMjk6w,6
那一束月光2旅行的意义,那一束月光2旅行的意义,狐小狸剧本杀目录,2241,https://pan.baidu.com/s/1ElST-mijbqWTnPzHnsw36w,6
叫爸爸,叫爸爸,狐小狸剧本杀目录,2242,https://pan.baidu.com/s/1qwi877bvDNpKxgOwi3Qtxw,7
科举2,科举2（8人欢乐机制本）,狐小狸剧本杀目录,2243,https://pan.baidu.com/s/1Zj8cZNinMx0yaJzWlY-29w,8
红豆2月光,红豆2月光（6人情感沉浸本）,狐小狸剧本杀目录,2244,https://pan.baidu.com/s/12YnKI_TiVxyCw4s6yK0i1Q,6
红豆6人推荐人群-民国情感立意本格5H,红豆6人 推荐人群【新手⭐进阶】-民国情感立意本格 5H,狐小狸剧本杀目录,2245,https://pan.baidu.com/s/1qibPvEJEggXz6Hw6siu7SA,6
东京恐怖故事·自杀森林,东京恐怖故事·自杀森林,狐小狸剧本杀目录,2246,https://pan.baidu.com/s/1qEG_OZCjoH_JXUhmqHi_xA,
东京恐怖故事崇山乐园,东京恐怖故事崇山乐园,狐小狸剧本杀目录,2247,https://pan.baidu.com/s/1STJ5-aJqsgKSO2Frb4uYPA,
我是大掌柜,我是大掌柜,狐小狸剧本杀目录,2248,https://pan.baidu.com/s/1QXSPrTKuBKbvR6mGB0UT4w,
罪名成立,罪名成立,狐小狸剧本杀目录,2249,https://pan.baidu.com/s/1GX4IBhyx_YZTjG3gDN1l1Q,4|5|6|7|8|9|10
拆迁2买房了,拆迁2买房了（无水印）,狐小狸剧本杀目录,2251,https://pan.baidu.com/s/1PO1EG2SoaJ3VL_ilm8gHAg,8|9|10
拆迁,拆迁,狐小狸剧本杀目录,2252,https://pan.baidu.com/s/1u_8j1irebrT-jBm6SdJOvg,10
科举,科举（无水印）,狐小狸剧本杀目录,2254,https://pan.baidu.com/s/1laFOAXgNG0JngmKO2ZdfvA,6|7|8
爱幼妇产医院(8人开放-惊悚恐怖-4男4女,爱幼妇产医院（8人开放-惊悚恐怖-4男4女-,狐小狸剧本杀目录,2255,https://pan.baidu.com/s/1zB0xXUF5o-nA0Uy6pjIhHw,8
玻璃屋整理,玻璃屋整理（7人开放）,狐小狸剧本杀目录,2256,https://pan.baidu.com/s/1rUiBZOU-nCJ6pEZs0pWaww,7
大萨披不连环事件,大萨披不连环事件,狐小狸剧本杀目录,2258,https://pan.baidu.com/s/1NkvI9yoJkkX-uWyjrWrXvA,6
赶尸人,赶尸人（6人开放）,狐小狸剧本杀目录,2259,https://pan.baidu.com/s/1h6Do7ixxQ9xU_WJ_Mr8L5A,6
加个v呗,加个v呗,狐小狸剧本杀目录,2260,https://pan.baidu.com/s/1xQ-V1gqysJuydy3lYs6RDA,4
窥镜完整版,窥镜完整版,狐小狸剧本杀目录,2261,https://pan.baidu.com/s/1g6er7Lh0JkYXSaFrwfdrew,4
抓小三只是睡觉的关系,抓小三只是睡觉的关系,狐小狸剧本杀目录,2262,https://pan.baidu.com/s/1stq8XaqWZ1b2Iu1it9pnQQ,6|7|8
温床,温床(6人情感沉浸本),狐小狸剧本杀目录,2264,https://pan.baidu.com/s/1G5-xH-sHezlylEHGr9xjew,6
再见如故,再见如故,狐小狸剧本杀目录,2265,https://pan.baidu.com/s/1raiBLgRayopP7PgsfzBkoA,6
秦风颂,秦风颂,狐小狸剧本杀目录,2266,https://pan.baidu.com/s/1MdGR5FtDMjSk4qlxXEbdkg,6
反骨,反骨（6人古风情感本）,狐小狸剧本杀目录,2267,https://pan.baidu.com/s/1Oc1XRVAZvvTMIsiVsJaSpQ,6
前男友的100种si法,前男友的100种si法（5人开放）,狐小狸剧本杀目录,2268,https://pan.baidu.com/s/1v6f0KUsElS1gQ4kGciwZlQ,5
《中彩票》-无水印,《中彩票》-无水印,狐小狸剧本杀目录,2269,https://pan.baidu.com/s/1Z6exCj3-cK_haBGgrkEwvw,6
二流货色,二流货色（6人情感本）,狐小狸剧本杀目录,2270,https://pan.baidu.com/s/1DaRtf0WpbcynBAujYptW6w,6
搞钱2,搞钱2,狐小狸剧本杀目录,2271,https://pan.baidu.com/s/1-BiFUQ1n_wGF4Mi_MIXoQg,7|8|9|10
搞钱,搞钱,狐小狸剧本杀目录,2272,https://pan.baidu.com/s/1vNAoSZNEtMbj1f-ru0xPuQ,7|8|9|10
肆零贰,肆零贰,狐小狸剧本杀目录,2273,https://pan.baidu.com/s/1Btev4SZkzjYNbo9fXy3K3Q,5
关于北原千夜的一切,关于北原千夜的一切,狐小狸剧本杀目录,2274,https://pan.baidu.com/s/1bBDqp-7iEPG4q0BeYVpDZw,6
麻了隔壁,麻了隔壁（无水印）,狐小狸剧本杀目录,2275,https://pan.baidu.com/s/1KGZ3nYkVRtaRygKPirrOxA,7|8|9|10
古木吟情感催泪,古木吟（6人）情感催泪硬核推理,狐小狸剧本杀目录,2276,https://pan.baidu.com/s/1ZlC6xxup0iXL-itsMZK4wQ,6
野狗不需要墓碑,野狗不需要墓碑,狐小狸剧本杀目录,2280,https://pan.baidu.com/s/1Ryjli3fTJIqQPRoZqR_Fnw,6
野狗不需要墓碑2:天生坏种,野狗不需要墓碑2：天生坏种(6人还原本),狐小狸剧本杀目录,2281,https://pan.baidu.com/s/1tSn1SZeTZckODdkMTJhn6g,6
窃云台,窃云台（6人古风情感本）,狐小狸剧本杀目录,2282,https://pan.baidu.com/s/1tiYx0HNGCN8HpkMmyYyF8w,6
窗边的女人,窗边的女人,狐小狸剧本杀目录,2283,https://pan.baidu.com/s/1d93n715XIXHXMdXPIB5_5A,6
告别词,告别词,狐小狸剧本杀目录,2285,https://pan.baidu.com/s/1MCWPp45eqk7ggJHlD8JgjQ,6
璃火,璃火,狐小狸剧本杀目录,2286,https://pan.baidu.com/s/1CKvscjn5fXC0FT8C_n50OQ,6
死亡回响,死亡回响(6人推理本),狐小狸剧本杀目录,2287,https://pan.baidu.com/s/1xtN2VSuS2TVYKqXBtmcLeg,6
异世录,330-异世录（8人开放）,狐小狸剧本杀目录,2288,https://pan.baidu.com/s/1hhuAmgjaFm6zJNXWLQ6Vgg,8
剧本杀小白新手教程,【赠品】剧本杀小白新手教程,狐小狸剧本杀目录,2289,https://pan.baidu.com/s/1wZj7IzdoQJedVEhksRSsaw,
DM培训系统教程,DM培训系统教程,狐小狸剧本杀目录,2290,https://pan.baidu.com/s/1AYWrC-OBOe6T9U8d8Go6gQ,7
铃兰女校2富江花子,铃兰女校2富江花子,狐小狸剧本杀目录,2292,https://pan.baidu.com/s/1tsscdgt9KZYD-0KwPV1ZRQ,
东京恐怖故事铃兰女校,东京恐怖故事铃兰女校,狐小狸剧本杀目录,2293,https://pan.baidu.com/s/192Tjk3_df6saAidxWFIqng,6|7
猫岛2犬山谋杀循环,猫岛2犬山谋杀循环（6人悬疑推理本）,狐小狸剧本杀目录,2294,https://pan.baidu.com/s/1_Iw8J6kxYlyuDtUPXbHs_A,6
猫岛谋杀循环,猫岛谋杀循环,狐小狸剧本杀目录,2295,https://pan.baidu.com/s/1-alyen5uPqMdZbDDFDg21Q,6
流氓叙事,流氓叙事（6人情感沉浸本）,狐小狸剧本杀目录,2296,https://pan.baidu.com/s/1-HqqAjO88wBnOyWzS7pCfg,6
病娇男孩的精分日记,病娇男孩的精分日记,狐小狸剧本杀目录,2297,https://pan.baidu.com/s/1GKMDYji3JYS8JVAxqe31WQ,7
https://pan.baidu.com/s/1ZjkP5OAkLoX3bSAJpEKtzA,https://pan.baidu.com/s/1ZjkP5OAkLoX3bSAJpEKtzA,狐小狸剧本杀目录,2298,https://pan.baidu.com/s/1ZjkP5OAkLoX3bSAJpEKtzA,6
志怪桃花源记,志怪桃花源记,狐小狸剧本杀目录,2299,https://pan.baidu.com/s/1vAadPvLT2186uJKeUyZZCQ,
怪谈事务所手册-.pdf,怪谈事务所【仙山】手册-.pdf,狐小狸剧本杀目录,2300,https://pan.baidu.com/s/1M8IYFUG77YLST18wLjwAbA,
我与我诀别,我与我诀别,狐小狸剧本杀目录,2301,https://pan.baidu.com/s/1LsoJPVe4iW_Dixlu3mmgxA,
患者们的临终游戏手册.pdf,患者们的临终游戏手册.pdf,狐小狸剧本杀目录,2302,https://pan.baidu.com/s/1umbvVHYR6eT39NWaPvkTbA,
花光一万亿手册.pdf,花光一万亿手册.pdf,狐小狸剧本杀目录,2303,https://pan.baidu.com/s/1Fxt03UzYQs4ZuM_SpOyfeg,
无名女尸手册.pdf,无名女尸手册.pdf,狐小狸剧本杀目录,2304,https://pan.baidu.com/s/1gDmhJlIQz_oigQgBg4yR-Q,
彗星手册.pdf,彗星手册.pdf,狐小狸剧本杀目录,2305,https://pan.baidu.com/s/1fwJ0QW4-baJeLgipkUOUhA,
降咒组织者手册.pdf,降咒组织者手册.pdf,狐小狸剧本杀目录,2306,https://pan.baidu.com/s/1ABDqUVb4HXA81n0eCp_C5w,
《樱再会霜汐子》手册.pdf,《樱再会霜汐子》手册.pdf,狐小狸剧本杀目录,2307,https://pan.baidu.com/s/16i9jYro4p5eCwvOri-KWSg,
祝福手册.pdf,祝福手册.pdf,狐小狸剧本杀目录,2308,https://pan.baidu.com/s/1RsoMB0onzLQlr7M_I_xFug,
雪夜城手册.pdf,雪夜城手册.pdf,狐小狸剧本杀目录,2309,https://pan.baidu.com/s/1bGDcKTYo34KkQ_pHY5Dq5w,
记忆解体手册.pdf,记忆解体手册.pdf,狐小狸剧本杀目录,2310,https://pan.baidu.com/s/19Wyvp5MTYEl6-04JqO2MzQ,
回忆梦游指南手册.pdf,回忆梦游指南手册.pdf,狐小狸剧本杀目录,2311,https://pan.baidu.com/s/1428VnVGbpWAFajYJYotcZg,
余烬下的假面·组织者手册.pdf,余烬下的假面·组织者手册.pdf,狐小狸剧本杀目录,2312,https://pan.baidu.com/s/1V1aQigPxA2WcTmh1zU56Bw,
难却星河手册.pdf,难却星河手册.pdf,狐小狸剧本杀目录,2313,https://pan.baidu.com/s/1nKxsyo_Xpc0EMFMBnbHsiw,
梭哈监狱手册.pdf,梭哈监狱手册.pdf,狐小狸剧本杀目录,2314,https://pan.baidu.com/s/1GZcnUxx_Gus7TYvAjC8Fwg,
脑洞在跳舞手册.pdf,脑洞在跳舞手册.pdf,狐小狸剧本杀目录,2315,https://pan.baidu.com/s/12jarLBb5e_39GXQwsB9Ydg,
欲缚,欲缚,狐小狸剧本杀目录,2316,https://pan.baidu.com/s/1VPn-Ze88-V8UbM6qeeCFdQ,
一夫一妻环岛异闻手册.pdf,一夫一妻环岛异闻手册.pdf,狐小狸剧本杀目录,2317,https://pan.baidu.com/s/12LEk7yyW9YunRwVVmy5rRQ,
底层逻辑,底层逻辑,狐小狸剧本杀目录,2318,https://pan.baidu.com/s/1C6lfpHCQO1xtOCbHYhw5Ng,
铃兰女校3手册.pdf,铃兰女校3手册.pdf,狐小狸剧本杀目录,2319,https://pan.baidu.com/s/1dNcU93_Fm8gC_s-WOFIH9A,
请君入瓮,请君入瓮（推理本）,狐小狸剧本杀目录,2320,https://pan.baidu.com/s/1x8uvLTgdMeR_ZnCr4JsLww,6
塑料温室,塑料温室,狐小狸剧本杀目录,2323,https://pan.baidu.com/s/1qId-ceGrxHNGTuPIx6ATnQ,6
直到触及她的时刻,直到触及她的时刻,狐小狸剧本杀目录,2324,https://pan.baidu.com/s/1g_8aSwVPBc0Lj_levANK7g,
风起雁回,风起雁回,狐小狸剧本杀目录,2326,https://pan.baidu.com/s/1cJNUckL59O8vuqjhRHDMHg,
盛大登场,盛大登场,狐小狸剧本杀目录,2327,https://pan.baidu.com/s/1vxqjc21z3RPxGP0MDfBg3A,
献给雪夜的花火,献给雪夜的花火,狐小狸剧本杀目录,2328,https://pan.baidu.com/s/1YDM592vxXOSV6fcDIYaTRw,
推理作家的谋杀艺术,推理作家的谋杀艺术,狐小狸剧本杀目录,2329,https://pan.baidu.com/s/183WYpNk5v8x3xGVK4juSFA,
在河之洲整理,在河之洲整理,狐小狸剧本杀目录,2330,https://pan.baidu.com/s/18W1XzhNpUz3Q6Zem3t-KjQ,
下课后无水印,下课后无水印,狐小狸剧本杀目录,2331,https://pan.baidu.com/s/11fnSyILUc1Mj2THELfRbKw,
西瓜生于血骨之上,西瓜生于血骨之上,狐小狸剧本杀目录,2332,https://pan.baidu.com/s/1EP7znEoG6pTYVrVXH5yrKg,
不良少女与独眼Kitty猫,不良少女与独眼Kitty猫,狐小狸剧本杀目录,2333,https://pan.baidu.com/s/16c1YQwXOJyuHQdagN6Qp2A,
乌拉乌拉无水印,乌拉乌拉无水印,狐小狸剧本杀目录,2334,https://pan.baidu.com/s/1YCtkPZPPS1pV5R1PRDJf7A,
凌州城八棺奇案,凌州城八棺奇案,狐小狸剧本杀目录,2335,https://pan.baidu.com/s/1Tr_Czct02nVL2KZM0IPxaA,
封狼居胥,封狼居胥,狐小狸剧本杀目录,2336,https://pan.baidu.com/s/1qBPGoMdZmNCe8h2NufEOqQ,
水豚食人录,水豚食人录,狐小狸剧本杀目录,2337,https://pan.baidu.com/s/1Eyw5_H91R8t5rq-Aiz70wQ,
牧神午后无水印,牧神午后无水印,狐小狸剧本杀目录,2338,https://pan.baidu.com/s/1jGZ0l0jaWfqquWEwMbuE7Q,
神匿于五日之下,神匿于五日之下,狐小狸剧本杀目录,2339,https://pan.baidu.com/s/1FrXQKN8qqrROXZlr-U2RbQ,
唐人街捉妖,唐人街捉妖（无水印）,狐小狸剧本杀目录,2340,https://pan.baidu.com/s/1xNCcb-T3qaeNQwS_0UU_dQ,
闻风录,闻风录,狐小狸剧本杀目录,2341,https://pan.baidu.com/s/1IN7RMs0uf5PI453T-lHLaQ,
水仙,水仙,狐小狸剧本杀目录,2342,https://pan.baidu.com/s/1DkoMTAPPKSRi9_YjRoHfCg,6
叙清梦,叙清梦,狐小狸剧本杀目录,2343,https://pan.baidu.com/s/10kGxaVrvLLktmZYcZ2hgxw,6
我们被撕裂于夏日,我们被撕裂于夏日,狐小狸剧本杀目录,2344,https://pan.baidu.com/s/1GVvOipmdkeoY5egoa7lHGg,
天空漫画屋,天空漫画屋（无水印）,狐小狸剧本杀目录,2345,https://pan.baidu.com/s/1nXnYQqcbtJw4dPUUc9rqgA,
抢红包,抢红包,狐小狸剧本杀目录,2346,https://pan.baidu.com/s/1D-Hl0Rx6kIkFgwMD1MKUyQ,6
TGIU-飞蛾鸣唱之地,TGIU-飞蛾鸣唱之地,狐小狸剧本杀目录,2347,https://pan.baidu.com/s/1QhfYS52oLQ15hDb14cIBLw,
玉藻前终焉之时,玉藻前终焉之时,狐小狸剧本杀目录,2348,https://pan.baidu.com/s/1BH9kMxCoGkt0oQfwmG98kQ,
诡计甜美的死去,诡计甜美的死去,狐小狸剧本杀目录,2349,https://pan.baidu.com/s/12xrUnilp6glo0WWrWWnJEg,
风雨杳如年-有涧,风雨杳如年-有涧独家,狐小狸剧本杀目录,2350,https://pan.baidu.com/s/1UQpQNldxGA8PKMRM5XGIGw,
梦灵祈念时,梦灵祈念时,狐小狸剧本杀目录,2351,https://pan.baidu.com/s/1qYH-7owjwf_CarQICNEx6g,
彼岸有神低语,彼岸有神低语,狐小狸剧本杀目录,2352,https://pan.baidu.com/s/1bKeI-X7fXnSCFhdOLH36gA,
月光酒馆2大浪,月光酒馆2大浪,狐小狸剧本杀目录,2353,https://pan.baidu.com/s/1ovXtv2AxuS0XhLdo9b6MLA,
整理幻方馆谋杀奇境高清无水印,整理幻方馆谋杀奇境高清无水印,狐小狸剧本杀目录,2355,https://pan.baidu.com/s/1CfFzN1jVx_BSpj1QlUHlHw,
谜案集一叶障目,谜案集一叶障目,狐小狸剧本杀目录,2356,https://pan.baidu.com/s/1cbV8K8C1xAOYkSRC_2aAyg,
流萤,流萤（整理版）,狐小狸剧本杀目录,2357,https://pan.baidu.com/s/11kG0UDYC4mZqX4ySBum93A,
黑日2白夜,黑日2白夜【无水印】,狐小狸剧本杀目录,2358,https://pan.baidu.com/s/1V2HbGNJwHvRz1G4R_M6ZIQ,
筷子三千死局,筷子三千死局,狐小狸剧本杀目录,2359,https://pan.baidu.com/s/1NKIJi5TdMK3zKAOfkZLDDw,
江湖夜雨十年灯,江湖夜雨十年灯,狐小狸剧本杀目录,2360,https://pan.baidu.com/s/16SCQgB4jIY7kspuO58Rhcg,
谎谎而终,谎谎而终,狐小狸剧本杀目录,2361,https://pan.baidu.com/s/1Nl1K-0yCJLGsAKH7hOLkig,
梧桐,梧桐（无水印）,狐小狸剧本杀目录,2362,https://pan.baidu.com/s/12KXk-SaRf8qm1PFFGpMtHg,
南墙2,《南墙2》,狐小狸剧本杀目录,2363,https://pan.baidu.com/s/1uWKv0OxL6JccxcktAhKrKw,
将昼,将昼（无水印）,狐小狸剧本杀目录,2364,https://pan.baidu.com/s/1veio00s2mkpxqzujCAgtgg,
长岁灯,长岁灯（无水印）,狐小狸剧本杀目录,2365,https://pan.baidu.com/s/1wXQJYmvJoyJSeSWUBo-nLg,
绛夏,绛夏,狐小狸剧本杀目录,2366,https://pan.baidu.com/s/1ZTJwfZ2EjLQdkLRUCo75EQ,
故园,故园,狐小狸剧本杀目录,2367,https://pan.baidu.com/s/14uKhgj8jAdDsliP-v9ERIg,
朝瑶,朝瑶,狐小狸剧本杀目录,2368,https://pan.baidu.com/s/1HYLCCf3kHTvP57dz2zd9EA,
尘世奇案录·通幽无水印,尘世奇案录·通幽无水印,狐小狸剧本杀目录,2369,https://pan.baidu.com/s/17u5CS9CufskCgE0gtaWUzA,
摸鱼,摸鱼,狐小狸剧本杀目录,2370,https://pan.baidu.com/s/1pnmZgGZ3N3omaapPRsr3ag,
风起时想你,风起时想你6人,狐小狸剧本杀目录,2371,https://pan.baidu.com/s/17Wr5ms5NDe5-zdgGly_2PQ,6
男宠,男宠,狐小狸剧本杀目录,2372,https://pan.baidu.com/s/1Wx8IvEF-FpSB2vPUtKRdmg,
山月叹无水印,山月叹无水印,狐小狸剧本杀目录,2373,https://pan.baidu.com/s/1CeFlxffGy4LVUldHIkE-EQ,
九不思议街2雪境奇航,九不思议街2雪境奇航,狐小狸剧本杀目录,2374,https://pan.baidu.com/s/1TXYaGKhjMSgpK7W3VZJIIQ,
琼崖,琼崖,狐小狸剧本杀目录,2375,https://pan.baidu.com/s/1fVfX93F1RDw_2wDF5KUx_g,
悲剧的共犯,悲剧的共犯,狐小狸剧本杀目录,2376,https://pan.baidu.com/s/1YO6jKUBTwpNRfXycmOL7cQ,
玄鸟,玄鸟（无水印）,狐小狸剧本杀目录,2377,https://pan.baidu.com/s/1Ce2k5y_OYax4f5_6OKSX5Q,
白色乡愁,白色乡愁（无水印）,狐小狸剧本杀目录,2378,https://pan.baidu.com/s/1C5MXe72Btw5Z4tvsNe-xCg,
白昼2如果长夜无明,白昼2如果长夜无明,狐小狸剧本杀目录,2379,https://pan.baidu.com/s/1zsVJmu4Obprk4N8l7oYHjg,
蝼蚁,蝼蚁,狐小狸剧本杀目录,2380,https://pan.baidu.com/s/1PnWpoSuNVupFPxaxZ5BtkA,
兔子井,兔子井,狐小狸剧本杀目录,2381,https://pan.baidu.com/s/1NcXpbuOT-6QDIWlj_aarDw,
中国民俗怪谈鬼陀棺,中国民俗怪谈鬼陀棺,狐小狸剧本杀目录,2382,https://pan.baidu.com/s/1TCcBxsRAAug_y8onj2o9zg,
几千春,几千春（无水印）,狐小狸剧本杀目录,2383,https://pan.baidu.com/s/1sW36MeqkbGDgE_J-POPVqg,
明月清风我,明月清风我【无水印】,狐小狸剧本杀目录,2384,https://pan.baidu.com/s/1GJno3LoXGN6PJPeTa8TNlg,
雨夜感染者,雨夜感染者（4人无需DM主持人）,狐小狸剧本杀目录,2385,https://pan.baidu.com/s/1V8ASUT5nNKqiW9yj5dQHyw,4
无限调查局6.5h现代推理其他,无限调查局（3男3女）6.5h现代推理其他其他,狐小狸剧本杀目录,2386,https://pan.baidu.com/s/12u1tlary_0rZOOnv6MmpQw,6
朝露辞,朝露辞,狐小狸剧本杀目录,2387,https://pan.baidu.com/s/1z6Zamzi5NXQSslgf8QE51g,
散场2·遗憾也值得,《散场2·遗憾也值得》,狐小狸剧本杀目录,2388,https://pan.baidu.com/s/13zuyUAToX22DSjduxTdC4A,
灯影里的乌有乡,灯影里的乌有乡,狐小狸剧本杀目录,2389,https://pan.baidu.com/s/17Tnht6AXHBEFI4mtF5JrzQ,
穿青,穿青（无水印）,狐小狸剧本杀目录,2390,https://pan.baidu.com/s/19SXL9gHamK8C2p_nG7Bpfw,
盒子先生的秘密商店,盒子先生的秘密商店（无水印）,狐小狸剧本杀目录,2391,https://pan.baidu.com/s/1oFfY7k_puzlA0pzqWuwsrQ,
十万八千梦整理,十万八千梦整理,狐小狸剧本杀目录,2392,https://pan.baidu.com/s/1g_XjcFRfE-RC5rqxaMaKng,
巫女2安妮弗斯的奇遇记,巫女2安妮弗斯的奇遇记,狐小狸剧本杀目录,2393,https://pan.baidu.com/s/1zDIE8E2du-br82AFo8bnIw,
再见黎明,再见黎明,狐小狸剧本杀目录,2394,https://pan.baidu.com/s/1vPDkqRSG85z3S4woGiZkBg,
相思引,相思引,狐小狸剧本杀目录,2395,https://pan.baidu.com/s/1zawEb6hgg6yTxcE-qhU0ZA,
双炽岛,双炽岛,狐小狸剧本杀目录,2396,https://pan.baidu.com/s/1PtYSqPyPnoLqH8XgrR6D5A,
琼崖2天涯海角无水印,琼崖2天涯海角无水印,狐小狸剧本杀目录,2397,https://pan.baidu.com/s/1y-HNEuZXr4oJqAcSLd7SGA,
时针岛的谋杀谜题,时针岛的谋杀谜题,狐小狸剧本杀目录,2398,https://pan.baidu.com/s/1SaEV2OaSKlfO2AfMswM9tg,
抓小三-哈尔滨,抓小三-哈尔滨,狐小狸剧本杀目录,2399,https://pan.baidu.com/s/1pdUcWIq-Y75FtU25AdubKg,
北宋奇案汴京,北宋奇案汴京（6人整理）,狐小狸剧本杀目录,2400,https://pan.baidu.com/s/1xQYXs1mb4_IUo94XAf5qLw,6
雀色蝉时雨,雀色蝉时雨,狐小狸剧本杀目录,2401,https://pan.baidu.com/s/1ZX5TDWpMvwF_ABPmjLc0JQ,
柯罗诺斯夜的绝响,柯罗诺斯夜的绝响,狐小狸剧本杀目录,2402,https://pan.baidu.com/s/1fAiTqdV6Rjyj2oNmNLFtCg,
那一束月光3,那一束月光3,狐小狸剧本杀目录,2403,https://pan.baidu.com/s/14bRCX7M1ekrAA1p-GbIqsw,
侧写师,侧写师（无水印）,狐小狸剧本杀目录,2404,https://pan.baidu.com/s/1tXd7u3q5MRdHL0tpDvXpYg,
二分之一世界推理法则,二分之一世界推理法则,狐小狸剧本杀目录,2405,https://pan.baidu.com/s/1E2WE0ScBs56rd6JqgWPzbw,
撕裂神之诡面,撕裂神之诡面,狐小狸剧本杀目录,2406,https://pan.baidu.com/s/13FKMKN9DMIodI3dxIHHvpQ,
纯白少年的慢性死亡,《纯白少年的慢性死亡》,狐小狸剧本杀目录,2407,https://pan.baidu.com/s/1TdaqwDRMd1F0OtQNrHTWRg,
枯荣,枯荣,狐小狸剧本杀目录,2408,https://pan.baidu.com/s/15ASbhPofEqxlKk5QAfY5ow,
玄都,玄都（有水印）,狐小狸剧本杀目录,2409,https://pan.baidu.com/s/1WuKTc6O3DsHckD9AvCmd1g,
帝辛无水印,帝辛 无水印,狐小狸剧本杀目录,2410,https://pan.baidu.com/s/1auqYkGyKfbHbXyObCxB5tA,
乌骨2:十方杀,乌骨2：十方杀,狐小狸剧本杀目录,2411,https://pan.baidu.com/s/1CTzlNUX_5AlvTiu6T1FPAg,
沧溟吟完整,沧溟吟 完整,狐小狸剧本杀目录,2412,https://pan.baidu.com/s/1SiMIGS7-qO5MaLtvStmCxQ,
疯人院2无声悲鸣,疯人院2无声悲鸣,狐小狸剧本杀目录,2413,https://pan.baidu.com/s/1RGllYOEKDnS2PDdUfbnErw,
不安岭六畜奇闻无水印,不安岭六畜奇闻无水印,狐小狸剧本杀目录,2414,https://pan.baidu.com/s/1cxDkN6IQ7TUIIIyqNvBgUg,
深山中的悲鸣夜-li,深山中的悲鸣夜-li,狐小狸剧本杀目录,2415,https://pan.baidu.com/s/1wDYr20Pq6T0ulx98zS2hZA,
推理要在加班后,推理要在加班后,狐小狸剧本杀目录,2416,https://pan.baidu.com/s/1jVdON2zzcpqmdEtGI689Pg,
万仞青山听水寒,万仞青山听水寒,狐小狸剧本杀目录,2417,https://pan.baidu.com/s/1oF5hfgeZO7VtD3pA39llhQ,
无尽夏的谎言,无尽夏的谎言（无水印）,狐小狸剧本杀目录,2418,https://pan.baidu.com/s/18Jo1koASKskIaG_wRUQVtw,
长梦决2,长梦决2,狐小狸剧本杀目录,2419,https://pan.baidu.com/s/12_toxVpswUzkfFY23mN_cg,
葡萄不是幸福的水果,葡萄不是幸福的水果,狐小狸剧本杀目录,2420,https://pan.baidu.com/s/15EMXbGIbtlBplET9WzZVPw,
烟云南渡剧本杀,烟云南渡剧本杀,狐小狸剧本杀目录,2421,https://pan.baidu.com/s/1UM0QIml2kt3U6jfQUfpUcA,
当杀意渐起之时,当杀意渐起之时（6人日式还原本）,狐小狸剧本杀目录,2422,https://pan.baidu.com/s/10nrdBGT6NG1TIo8zYYr4Lg,6
三间堂斩妖讲义,三间堂斩妖讲义（6人日式推理本）,狐小狸剧本杀目录,2423,https://pan.baidu.com/s/1u3uJzxvbwSeIRCiEGfXCcA,6
蒙太奇诡鉴,蒙太奇诡鉴,狐小狸剧本杀目录,2424,https://pan.baidu.com/s/1W_tWomBTssPTA47B9B1L5A,6
阙落,阙落（6人古风情感本）,狐小狸剧本杀目录,2426,https://pan.baidu.com/s/107FmGwSx_3FjJPZDlHb1ug,6
未曾消失的TA,未曾消失的TA(6人悬疑推理本）,狐小狸剧本杀目录,2427,https://pan.baidu.com/s/1PNiyNPO3zv79gZVBtCxyxA,6
我超能,我超能推理（5人日式欢乐推理本）,狐小狸剧本杀目录,2428,https://pan.baidu.com/s/1u7vVHJtqJ9DtT63zujGuew,5
归桑梓,归桑梓（6人情感本）,狐小狸剧本杀目录,2429,https://pan.baidu.com/s/1fnsMi2I2QkaFHumNz7w4zw,6
嫌疑人X没有现身2,嫌疑人X没有现身2（无需主持人3人本）,狐小狸剧本杀目录,2430,https://pan.baidu.com/s/1wX3NzdWgf2T2LDiofbjUMg,3
沉默少女的温柔暴动,沉默少女的温柔暴动（6人情感本）,狐小狸剧本杀目录,2431,https://pan.baidu.com/s/1padVVkID-14bWPEv46Flcw,6
观山海双生,观山海双生（6人古风情感本）,狐小狸剧本杀目录,2432,https://pan.baidu.com/s/1z3CkMfJTeCT060Mx_ypvvQ,6
华灯初上,华灯初上（6人情感本）,狐小狸剧本杀目录,2438,https://pan.baidu.com/s/1VEY2e7AcTkxojn2tbmfEYw,6
我的冰箱会跳皮筋,我的冰箱会跳皮筋 6人情感治愈本,狐小狸剧本杀目录,2439,https://pan.baidu.com/s/1pQ3PbZs5cKZq54jpQ2VGtA,6
死不容观,死不容观（6人悬疑还原本）,狐小狸剧本杀目录,2441,https://pan.baidu.com/s/1_VlRCjmppkObyA8FXfcEuA,6
杀意循环,杀意循环（6人悬疑推理本）,狐小狸剧本杀目录,2442,https://pan.baidu.com/s/1F6upgdDo5AyK9UOzS4ZhRA,6
水仙2:回声,水仙2：回声（6人情感演绎）,狐小狸剧本杀目录,2443,https://pan.baidu.com/s/1Bt0TJsTCfceZr2cyV4k6ZA,6
双羽馆解体妄想,双羽馆解体妄想,狐小狸剧本杀目录,2444,https://pan.baidu.com/s/1XSbRbs4nkzYDaCD_8aK4lA,6
逻辑尽头以梦为主,逻辑尽头以梦为主（6人推理本）,狐小狸剧本杀目录,2445,https://pan.baidu.com/s/1VBh33KtgXKhF6K9l70I8eg,6
诸神吹灭篝火,诸神吹灭篝火 6人情感本,狐小狸剧本杀目录,2446,https://pan.baidu.com/s/1lBd2Tqa781WVfS5uwIP0zA,6
时间演奏者的终章,时间演奏者的终章 6人推理本,狐小狸剧本杀目录,2447,https://pan.baidu.com/s/1mK_rSgVefmGPyHwyzef3nA,6
安美纳斯DE死亡推想,安美纳斯DE死亡推想,狐小狸剧本杀目录,2448,https://pan.baidu.com/s/1wayZy4eZlYRPOF_7jTThCQ,6
坐牢の超能者杀人日常可无需主持人,坐牢の超能者杀人日常（1-5人推理设定本）可无需主持人,狐小狸剧本杀目录,2450,https://pan.baidu.com/s/1Jrtm6da-sWAKWJT7d1Y6VA,1|2|3|4|5
湘西诡事录,湘西诡事录（6人恐怖惊悚本）,狐小狸剧本杀目录,2452,https://pan.baidu.com/s/1eyTrlK502OP-LBRWRtwphQ,6
今天您死循环了吗?,今天您死循环了吗？（6人民国还原本）,狐小狸剧本杀目录,2453,https://pan.baidu.com/s/1TXevUsVW2f6tYellXvWnDg,6
老骗子俱乐部4逛窑,老骗子俱乐部4逛窑（6人阵营欢乐本）,狐小狸剧本杀目录,2454,https://pan.baidu.com/s/1w2OS3GRZu4cZpEXtQT5ztQ,6
牛鬼蛇神,牛鬼蛇神（5人欢乐还原本）,狐小狸剧本杀目录,2455,https://pan.baidu.com/s/1n17JjQ6YgaDBCI3S_I4iVQ,5
精生白骨,精生白骨,狐小狸剧本杀目录,2456,https://pan.baidu.com/s/1Asc66ltngIqzNdSWrbgdtQ,6
极乐-极樂,极乐-极樂（6人古风情感本）,狐小狸剧本杀目录,2457,https://pan.baidu.com/s/16Ux8SaLhvQgBNyIo45hHDg,6
牛马崩坏时,牛马崩坏时,狐小狸剧本杀目录,2458,https://pan.baidu.com/s/1i2U0gJuDP0Be021RThz0Sg,6
加个V呗:办公室炼情,加个V呗：办公室炼情（5人还原欢乐本）,狐小狸剧本杀目录,2461,https://pan.baidu.com/s/1pHdWnadpYpF0LJydg5sNWg,5
怪谈:双生篇,怪谈：双生篇（6人悬疑还原本）,狐小狸剧本杀目录,2463,https://pan.baidu.com/s/1nEwefznttKfOedvMtddNBg,6
废墟中的侦探少女,废墟中的侦探少女 6人日式还原本,狐小狸剧本杀目录,2464,https://pan.baidu.com/s/1FggEJ-XwNo_p-9Bn2RYxBg,6
大漠谣2封狼居胥,大漠谣2封狼居胥（7人情感沉浸本）,狐小狸剧本杀目录,2467,https://pan.baidu.com/s/1Iff5O8oOlrO8uRAHvHP5bg,7
因火成烟,因火成烟 6人推理本,狐小狸剧本杀目录,2468,https://pan.baidu.com/s/1Yhi0IX06xCsM3XuQ0fq6wQ,6
未闻哥名,未闻哥名（6人二次元欢乐本）,狐小狸剧本杀目录,2469,https://pan.baidu.com/s/1w21VXroNXAs4MLyyTV7KpA,6
暗河,暗河（剧本➕线索卡）,狐小狸剧本杀目录,2470,https://pan.baidu.com/s/1QZtYvWAEYimirNtARFbYdw,6
富山高校,富山高校（5人惊悚还原本）,狐小狸剧本杀目录,2471,https://pan.baidu.com/s/1l4GDIP-0Q0ixIYQd4xyCwA,5
来解决一切的名侦探也死了,来解决一切的名侦探也死了(6人推理本),狐小狸剧本杀目录,2473,https://pan.baidu.com/s/1UY9qr3JypgwryX6-Wn-mcw,6
东华,东华（6人古风情感本）,狐小狸剧本杀目录,2474,https://pan.baidu.com/s/1ewdEGNiZS3SJokPEvoLR3Q,6
谁偷了朕的外卖,谁偷了朕的外卖（7人古风欢乐本）,狐小狸剧本杀目录,2475,https://pan.baidu.com/s/1hBrspFLtDMd57roWHjk3fg,7
请阅读至100.1%,请阅读至100.1%（7人日式还原本）,狐小狸剧本杀目录,2476,https://pan.baidu.com/s/1KfUapMmBpVZq_YvDOfVAYA,7
青铜咒,青铜咒 （5人民国推理豪门本）,狐小狸剧本杀目录,2477,https://pan.baidu.com/s/161HDAJQ07ldfNorqyUeiqA,5
豪门41歧路梢,豪门41歧路梢（6人推理本）,狐小狸剧本杀目录,2479,https://pan.baidu.com/s/1kq67KcG_XVukrKclGTxhfA,6
河堤边的怪死奇谈,河堤边的怪死奇谈（6人还原本）,狐小狸剧本杀目录,2480,https://pan.baidu.com/s/1bvIB03r0GW-QIlqKJdi2mQ,6
愚木混珠,愚木混珠（6人推理设定本）,狐小狸剧本杀目录,2484,https://pan.baidu.com/s/1ihK1QmsuMgA_6XHD9jZe3g,6
花束般的十年,花束般的十年,狐小狸剧本杀目录,2485,https://pan.baidu.com/s/18Bn4fNoRz_KRiVryp92f8g,6
天骄,天骄-6人情感本,狐小狸剧本杀目录,2486,https://pan.baidu.com/s/1wG-mDhxx19Rb8Rg_NyNbzw,6
剧名未定,剧名未定,狐小狸剧本杀目录,2487,https://pan.baidu.com/s/1ZMzxGtL3A7QgX8xpx3bP1g,6
星空沉入冰海,星空沉入冰海（6人情感治愈本）,狐小狸剧本杀目录,2488,https://pan.baidu.com/s/1f5tihVSLzNaWkYk-nqfIAQ,6
"一年级强者,竟恐怖如斯!",一年级强者，竟恐怖如斯！（8人机制欢乐本）,狐小狸剧本杀目录,2489,https://pan.baidu.com/s/1yz-TwrdZhHYIxHJBd7_r_A,8
柏林墙下的陌生人,柏林墙下的陌生人（6人欢乐推理本）,狐小狸剧本杀目录,2490,https://pan.baidu.com/s/161uXxQCSX8lGJVLT5SrzJw,6
密室情侣生存指南,密室情侣生存指南（6人推理设定本）,狐小狸剧本杀目录,2491,https://pan.baidu.com/s/1fab2kl5n6V8FcEnu1rqG_w,6
奉天1928,奉天1928（5人民国阵营本）,狐小狸剧本杀目录,2492,https://pan.baidu.com/s/1Svl9mGzn7rM9Fa-9vA84Rg,5
孤城,孤城 （7人民国阵营本）,狐小狸剧本杀目录,2511,https://pan.baidu.com/s/1r_RD4a9OP8vtRk8wcYKUaw,7
高山上的花环,高山上的花环（6人情感沉浸本）,狐小狸剧本杀目录,2517,https://pan.baidu.com/s/1U5zHn26w9sg69OAyRBlXdA,6
和平婚礼,和平婚礼（6人民国阵营本）,狐小狸剧本杀目录,2521,https://pan.baidu.com/s/1RwXLlJAGZSGkosHoVlsENA,6
刀鞘,刀鞘（7人民国阵营本）,狐小狸剧本杀目录,2526,https://pan.baidu.com/s/1urJZKurAokblk9n_Ivdp0A,7
兵临城下2你好新天津,兵临城下2你好新天津（8人民国情感本),狐小狸剧本杀目录,2536,https://pan.baidu.com/s/1_TvKII3pRxuG9zX724iodA,8
归途七万里,归途七万里（6人民国情感本）,狐小狸剧本杀目录,2537,https://pan.baidu.com/s/105l545fWoL1Kk_gaisJRVw,6
谍影重庆迷雾,谍影重庆迷雾（8人民国阵营本）,狐小狸剧本杀目录,2539,https://pan.baidu.com/s/11GJor6McTW1Gmay3hg7nCQ,8
超奇怪的审讯事件,超奇怪的审讯事件（6人日式推理本）,狐小狸剧本杀目录,2543,https://pan.baidu.com/s/1Bw9XiDGyIexbz4gXSre5rw,6
时针岛の谋杀谜题,时针岛の谋杀谜题（6人日式推理本）,狐小狸剧本杀目录,2545,https://pan.baidu.com/s/19pvGjln5PR_vqHPVlZTHvw,6
忌念,忌念（6人日式恐怖推理本）,狐小狸剧本杀目录,2546,https://pan.baidu.com/s/1_RGZLVWPabLzc_R2yDJEVA,6
北原2烈烈朝晖,北原2烈烈朝晖,狐小狸剧本杀目录,2547,https://pan.baidu.com/s/1QeNg7wXFVFOG_udZ2sSV4g,6
观白觉喜,观白觉喜（无水印）,狐小狸剧本杀目录,2549,https://pan.baidu.com/s/1_gX7pGZLHidqqVte-Irk6A,6
残秽所在的房间,残秽所在的房间（6人恐怖惊悚本）,狐小狸剧本杀目录,2550,https://pan.baidu.com/s/1dQuzuGw8cvHgnscNdIBWQw,6
成为反派干掉所有恋爱脑,成为反派干掉所有恋爱脑（9人机制欢乐本）,狐小狸剧本杀目录,2551,https://pan.baidu.com/s/1co4e14qvbejWdNPfrxrCJw,9
惊人院:墙头马上,惊人院：墙头马上（无需主持人5人本）,狐小狸剧本杀目录,2553,https://pan.baidu.com/s/1QQ-NVZb_7CNa-36D6Faj0A,5
怜香,怜香（有水印）,狐小狸剧本杀目录,2555,https://pan.baidu.com/s/1arg6kcU8PRyV8II1JdQUfw,6
惊人院:怪胎公馆,惊人院：怪胎公馆（4人无需主持人本）,狐小狸剧本杀目录,2556,https://pan.baidu.com/s/1xcsMhMKPnxSniYuIO1i6hg,4
芥子:须陀界河,芥子：须陀界河【8人还原本】,狐小狸剧本杀目录,2557,https://pan.baidu.com/s/1CgBwYomiJkVAYkDi0yalnA,8
湖底,湖底（无水印）,狐小狸剧本杀目录,2558,https://pan.baidu.com/s/1Xd2C3wYCLpYlN6-YpX34Aw,6
移花接木,移花接木（6人还原本）,狐小狸剧本杀目录,2559,https://pan.baidu.com/s/15iduNa-b020Zf6qKsu5ukg,6
河西家万里,河西家万里,狐小狸剧本杀目录,2560,https://pan.baidu.com/s/166QgIlQ_a6au63FNE-tIPw,6
"打打打,打劫",打打打，打劫（8人机制欢乐本）,狐小狸剧本杀目录,2561,https://pan.baidu.com/s/1j75Y65SxTYatpAN4iznPjw,6|7|8
终极本源,终极本源6人立意本,狐小狸剧本杀目录,2562,https://pan.baidu.com/s/1GJbtdbpvS5ePOFMvDd9cBw,6
伟大的一生,伟大的一生,狐小狸剧本杀目录,2563,https://pan.baidu.com/s/1zoGJkrlUlALXla4RSBuZHg,5
驼铃,驼铃（6人推理本）,狐小狸剧本杀目录,2564,https://pan.baidu.com/s/1YeWMXgJBEjz99xu6A8PsOA,6
血染钟楼,血染钟楼（5-20人游戏）,狐小狸剧本杀目录,2565,https://pan.baidu.com/s/1oKuDc4xqQbo_caT9QHnfeA,5到20
看笑话,看笑话（看！笑话）,狐小狸剧本杀目录,2568,https://pan.baidu.com/s/1PjYjBZBVfP_llsevKhaMXg,6
青山,青山（6人悬疑推理本）,狐小狸剧本杀目录,2569,https://pan.baidu.com/s/1Op1_j3fDLktuxY1-jhE1ng,6
红花,红花（6人情感本）,狐小狸剧本杀目录,2570,https://pan.baidu.com/s/1hgp7lKJFwJW2M3Ws9fiLAw,6
小泉先生的点灯会,小泉先生的点灯会（6人日式推理本）,狐小狸剧本杀目录,2571,https://pan.baidu.com/s/1Xs105UBYnajFOc_m6YtqNg,6
苏格先生的奇妙晚宴,苏格先生的奇妙晚宴（6人惊悚推理本）,狐小狸剧本杀目录,2573,https://pan.baidu.com/s/1KfFQJYTCJTHF7Q8HB6FHIA,6
西湖诗人,西湖诗人(6人还原立意本),狐小狸剧本杀目录,2574,https://pan.baidu.com/s/1WKPlYzJn-yBAOBCitKzN2A,6
代马依风,代马依风,狐小狸剧本杀目录,2575,https://pan.baidu.com/s/11GDbhbCqFNasdgrLyq1qBQ,6
弃疾,弃疾（6人古风情感本）,狐小狸剧本杀目录,2576,https://pan.baidu.com/s/1INTHpq35o82k49pcISXpPw,6
非酋嬛游记,非酋嬛游记（7人宫庭欢乐本）,狐小狸剧本杀目录,2577,https://pan.baidu.com/s/1DqfbyLl6RL88PMQD9YtIrg,7
巧夺天工默剧师,巧夺天工 默剧师,狐小狸剧本杀目录,2580,https://pan.baidu.com/s/1CNxnXkanlIqFoDyPdCpamA,6
五净明王寺疑案,五净明王寺疑案（6人悬疑推理本）,狐小狸剧本杀目录,2581,https://pan.baidu.com/s/1xPo3oj29a5hvBBMtejZ5Eg,6
大和抚子的推理日常,大和抚子的推理日常（6人欢乐推理本）,狐小狸剧本杀目录,2582,https://pan.baidu.com/s/17QiN_sD2iYRVVPoDoGp2zg,6
悠悠寸草心,悠悠寸草心（6亲情情感本）,狐小狸剧本杀目录,2585,https://pan.baidu.com/s/1vk9FQ_4sTBh4IlcHwNyr7A,6
南风渡,南风渡（6人民国情感本）,狐小狸剧本杀目录,2586,https://pan.baidu.com/s/11G2IenciliCOpC1z7LTMwQ,6
舔狗4h现代机制欢乐动物,舔狗（4男4女）4h现代机制欢乐动物,狐小狸剧本杀目录,2587,https://pan.baidu.com/s/1sKXUhRb_kKSQHnZgxvHNeQ,8
似蔷薇凋零之夜,似蔷薇凋零之夜,狐小狸剧本杀目录,2589,https://pan.baidu.com/s/1m2EYo5Uy9UlwKelc5bQCFA,6
梵尼西亚-无水印,梵尼西亚 - 无水印,狐小狸剧本杀目录,2590,https://pan.baidu.com/s/1Q_W713fmPp50HaJnR-adrg,6
不眠之夜的诊断书,不眠之夜的诊断书,狐小狸剧本杀目录,2591,https://pan.baidu.com/s/1_rQYIicuTkVuVKDPAOAB9Q,6
黎明小镇的怪奇日志,黎明小镇的怪奇日志(6人欢乐推理本),狐小狸剧本杀目录,2592,https://pan.baidu.com/s/1oJZ8T6grV-AouUIe3KBOTg,6
空想之笼2此世终焉,空想之笼2此世终焉（7人推理设定本）,狐小狸剧本杀目录,2595,https://pan.baidu.com/s/1cis1JrXckSsuHCHGsrPg4w,7
杨门烽火斜阳,杨门烽火斜阳（7人古风情感本）,狐小狸剧本杀目录,2596,https://pan.baidu.com/s/1oGYHPgr1W2gek8Rh0oc0_A,6
化蝶,化蝶 6人古风情感武侠演绎本,狐小狸剧本杀目录,2597,https://pan.baidu.com/s/1kmairMqZlACOYhDWn7SCog,6
满月,满月（6人立意推理本）,狐小狸剧本杀目录,2598,https://pan.baidu.com/s/1fxmM5pEKqRNPMXEzwjN3fQ,6
钟鸣岛的幽灵,钟鸣岛的幽灵（6人推理本）,狐小狸剧本杀目录,2599,https://pan.baidu.com/s/1rZLVq0hNjeCmKe5o67uNQQ,6
以完美密室之名,以完美密室之名,狐小狸剧本杀目录,2600,https://pan.baidu.com/s/1ElUi8499IKEEiOVXo--9cg,6
生人勿近隐门寨,生人勿近隐门寨（5人情感本）,狐小狸剧本杀目录,2601,https://pan.baidu.com/s/1Z7Ng3zVRuWwp1EIaD4m_YA,5
云中乱,云中乱（6人古风还原本）,狐小狸剧本杀目录,2602,https://pan.baidu.com/s/1e0Xa7bGSFuY2aPvbLfbS3A,6
花与爱莉丝无水印,花与爱莉丝（7人日式还原本）无水印,狐小狸剧本杀目录,2603,https://pan.baidu.com/s/17eDREdD45OcLYe6mKjLJHQ,7
男人女人,男人女人,狐小狸剧本杀目录,2604,https://pan.baidu.com/s/1Xc8B75ifReh_ju9cqz1Zfw,6
饭后惊奇故事·翠花,饭后惊奇故事·翠花（6人推理设定本）,狐小狸剧本杀目录,2605,https://pan.baidu.com/s/1hOf8s9kuOtO7IgV6jQ360A,6
诡言胡说,诡言胡说（6人悬疑还原本）,狐小狸剧本杀目录,2606,https://pan.baidu.com/s/1_zxf-wk0SgW2O_fUCbS8IA,6
绝笔,绝笔（6人中式机制本）,狐小狸剧本杀目录,2607,https://pan.baidu.com/s/1rBYdg1d2KNS-DHcXeuwKOQ,6
炒股,炒股（8人欢乐机制本）,狐小狸剧本杀目录,2608,https://pan.baidu.com/s/11Ow0Zp410nZaoZsiijcGxQ,6|7|8
天葵之春,天葵之春,狐小狸剧本杀目录,2609,https://pan.baidu.com/s/1y-w-DEcahIfmPVGfF1-_iw,6
同归于尽,同归于尽（7人悬疑推理本）,狐小狸剧本杀目录,2610,https://pan.baidu.com/s/1E2hiePv29nLTVExcnjXDsQ,7
rose《R.O.S.E6人情感本》,rose《R.O.S.E 6人情感本》,狐小狸剧本杀目录,2611,https://pan.baidu.com/s/1PDCw7ZGgtDLvi881c5pl0w,6
逃出迷雾镇5.5h,逃出迷雾镇（3男3女）5.5h架空还原立意都市,狐小狸剧本杀目录,2612,https://pan.baidu.com/s/1QBYkqZ-qymoUj3xZiGFoJw,6
芥子:弥望之川,芥子：弥望之川（8人还原本）,狐小狸剧本杀目录,2613,https://pan.baidu.com/s/13d6Jj0hrv3366I75e7AdZg,8
惊华,惊华（6人悬疑推理本）,狐小狸剧本杀目录,2614,https://pan.baidu.com/s/1FaerfFPwmYjRyGbR-wK_rg,6
不可往生,不可往生（6人中式推理本）,狐小狸剧本杀目录,2616,https://pan.baidu.com/s/1-nyw5zV-2-MWPJYXxlutVQ,6
嫌疑人X没有现身,嫌疑人X没有现身（无需主持人3人本）,狐小狸剧本杀目录,2617,https://pan.baidu.com/s/1cMitGAZByiBAF53XQ2FUoA,3
在尼莫点建一座灯塔,在尼莫点建一座灯塔,狐小狸剧本杀目录,2618,https://pan.baidu.com/s/1kfmyMlQFA2hP43-1M-Locw,6
乐子人与做题家,乐子人与做题家（单手册➕售后资料）,狐小狸剧本杀目录,2619,https://pan.baidu.com/s/1KZQ3UTQq34RcXwKGEiLhBw,6
魇月斋谋杀幻境,魇月斋谋杀幻境,狐小狸剧本杀目录,2620,https://pan.baidu.com/s/1PQnUW0DTinzqsKG_f4MizA,6
患者们的临终游戏,患者们的临终游戏,狐小狸剧本杀目录,2621,https://pan.baidu.com/s/1cwkYSdCtS2IF-8rTnau5Pw,6
"头等玩家,围桌谋杀",头等玩家，围桌谋杀,狐小狸剧本杀目录,2622,https://pan.baidu.com/s/1hIrXY-qsP8AIKKxGas5mPA,4
非正常人类症候群,A 非正常人类症候群（单手册）,狐小狸剧本杀目录,2623,https://pan.baidu.com/s/1itA6yw8dwfDxZiODBN6RIQ,6
烬火,烬火（单手册➕售后）,狐小狸剧本杀目录,2624,https://pan.baidu.com/s/1LUGBIReL3hRSdkUmPtU47g,6
流量主播的疯癫对决,流量主播的疯癫对决,狐小狸剧本杀目录,2625,即将上线｜早鸟通道✅：hxl_hxl111,6
东京怪谈·福岛原爱海洋馆,东京怪谈·福岛原爱海洋馆（单手册）,狐小狸剧本杀目录,2626,https://pan.baidu.com/s/1_LYJIpVcjQoXM26xG_RLWA,6
于青山下长眠,于青山下长眠,狐小狸剧本杀目录,2627,即将上线｜早鸟通道✅：hxl_hxl111,6
不负如来不负卿,不负如来不负卿,狐小狸剧本杀目录,2628,https://pan.baidu.com/s/1d7ezksUVhLQ0XWgBzbq2PQ,6
U,U,狐小狸剧本杀目录,2629,即将上线｜早鸟通道✅：hxl_hxl111,6
崇山乐园2小丑回魂,崇山乐园2小丑回魂（单手册）,狐小狸剧本杀目录,2630,https://pan.baidu.com/s/1duSibLVS3vqkVNOLcprZXQ,7
华夏奇案录龙树菩提,华夏奇案录龙树菩提（单手册）,狐小狸剧本杀目录,2631,https://pan.baidu.com/s/1QYvcfag0SGZ-Rgk77rij4w,6
望辰,望辰,狐小狸剧本杀目录,2632,即将上线｜早鸟通道✅：hxl_hxl111,6
还命,还命,狐小狸剧本杀目录,2633,即将上线｜早鸟通道✅：hxl_hxl111,6
迦楼罗的往生谣,迦楼罗的往生谣（单手册）,狐小狸剧本杀目录,2634,https://pan.baidu.com/s/1wASaRD2_oteuGtDOB7jnmA,6
撒谎·虚梦剧艺团,撒谎·虚梦剧艺团,狐小狸剧本杀目录,2635,即将上线｜早鸟通道✅：hxl_hxl111,6
来时路,来时路,狐小狸剧本杀目录,2636,即将上线｜早鸟通道✅：hxl_hxl111,6
因火成烟2因困成囚,因火成烟2因困成囚,狐小狸剧本杀目录,2637,https://pan.baidu.com/s/1hDRLcDlZSzBnIG_nPdH_Tg,6
愚人对白,愚人对白,狐小狸剧本杀目录,2638,即将上线｜早鸟通道✅：hxl_hxl111,6
斑马还没睡,斑马还没睡,狐小狸剧本杀目录,2639,即将上线｜早鸟通道✅：hxl_hxl111,6
双人本-双生探案2之惊悚直播间,双人本-双生探案2之惊悚直播间,狐小狸剧本杀目录,2640,https://pan.baidu.com/s/1yF7VA_8p7rdKYlWY4Vjvng,2
双人本-收藏馆怪谈夜,双人本-收藏馆怪谈夜,狐小狸剧本杀目录,2641,https://pan.baidu.com/s/1PDHT0cskavL0J2acbWz1Tg,2
双人本-彩虹酒吧,双人本-彩虹酒吧,狐小狸剧本杀目录,2642,https://pan.baidu.com/s/1s2HUSk_InBtWOos9J7MHuA,2
双人本-消失的兔尾巴,双人本-消失的兔尾巴,狐小狸剧本杀目录,2643,https://pan.baidu.com/s/1e_TEYzz-YRunZs5M3xGrTw,2
双人本-归途,双人本-归途,狐小狸剧本杀目录,2644,https://pan.baidu.com/s/1HAayhF2uJXy9EwuDBZP8Ig,2
双人本-不能说的秘密,双人本-不能说的秘密,狐小狸剧本杀目录,2645,https://pan.baidu.com/s/1N0UA4i7sPmic7r4YdSKv1Q,2
双人本-双生探案,双人本-双生探案,狐小狸剧本杀目录,2646,https://pan.baidu.com/s/18jO6iL1jCrCpBZNI5sbCMA,2
刑侦现场雪夜追凶,刑侦现场雪夜追凶,狐小狸剧本杀目录,2647,https://pan.baidu.com/s/1YcYjpL5UrbU6slh0M-rlVw,1|2|3|4
双人本-无限逃亡噩梦,双人本-无限逃亡噩梦,狐小狸剧本杀目录,2648,https://pan.baidu.com/s/19jqVfazJLbEiZ3BwD_XE-A,2
双人本-宇宙奇点,双人本-宇宙奇点,狐小狸剧本杀目录,2649,https://pan.baidu.com/s/1svY0ZQ2zaJFWU_FHUmP9Cg,2
双人本-大明星最后的演出,双人本-大明星最后的演出,狐小狸剧本杀目录,2650,https://pan.baidu.com/s/1nq4R9ySZWzp_B5zS8RCZ-w,2
双人本-记忆碎片,双人本-记忆碎片,狐小狸剧本杀目录,2651,https://pan.baidu.com/s/1a56Z7nFlSUIBIYTt5omjvQ,2
双人本-无间追凶,双人本-无间追凶,狐小狸剧本杀目录,2652,https://pan.baidu.com/s/1jJMp7ftF8vfZ4vnDSle1jQ,2
双人本-陶宅夜话,双人本-陶宅夜话,狐小狸剧本杀目录,2653,https://pan.baidu.com/s/1R3m3JRK1TVMHIobT0DHoxA,2
双人本-我亲爱的侦探小姐,双人本-我亲爱的侦探小姐,狐小狸剧本杀目录,2654,https://pan.baidu.com/s/1vKhGkN12gK3LPgHhc7BpLg,2
"樱,再会霜汐子",樱，再会霜汐子（6人还原治愈本）,狐小狸剧本杀目录,2655,https://pan.baidu.com/s/1YlAm677yE0DyFSXl5tTRMg,6
白鲸溺水而亡,白鲸溺水而亡（6人推理还原本）,狐小狸剧本杀目录,2657,https://pan.baidu.com/s/1YnovoKL02mmGhcpM3hBg7w,6
三观失控,三观失控（6人暗黑欢乐本）,狐小狸剧本杀目录,2659,https://pan.baidu.com/s/1d3HcueLUgqP3B973ZSX6Kg,6
彗星掠过鸢屋时,彗星掠过鸢屋时（6人还原设定本）,狐小狸剧本杀目录,2660,https://pan.baidu.com/s/1OZfe_4_teyVhSXnXRMPwyw,6
439,439（6人悬疑推理本）,狐小狸剧本杀目录,2662,https://pan.baidu.com/s/1V4LaIr-aW6c9jP8HriLTJQ,6
患者们の临终游戏,患者们の临终游戏（6人日式推理本）,狐小狸剧本杀目录,2663,https://pan.baidu.com/s/1Qs-MaE5Br71MdU1t9yMb2g,6
单人本-爱呀河谜案录,单人本-爱呀河谜案录,狐小狸剧本杀目录,2664,https://pan.baidu.com/s/1uTBu0tVxMwVNiWYu8HSBiA,1
单人本-仁馨精神病院,单人本-仁馨精神病院,狐小狸剧本杀目录,2665,https://pan.baidu.com/s/15HRiebGt_l4BORIXkE_cuA,1
单人本-与恶为邻的她,单人本-与恶为邻的她,狐小狸剧本杀目录,2666,https://pan.baidu.com/s/1gQKY5po9kbVBfR2mi3C66Q,1
单人本-恋物癖,单人本-恋物癖,狐小狸剧本杀目录,2667,https://pan.baidu.com/s/1LhxFQv-wgZ_QVLetPsIhOQ,1
单人本-诡寓实录2-谭山高校怪谈,单人本-诡寓实录2-谭山高校怪谈,狐小狸剧本杀目录,2668,https://pan.baidu.com/s/1tJc4XDhgHQWm9tHKfjcejQ,1
单人本-消失的第五人,单人本-消失的第五人,狐小狸剧本杀目录,2669,https://pan.baidu.com/s/1Lelt-m-Rbh5BMbH1jiQA_w,1
单人本-雪松郡公立医院,单人本-雪松郡公立医院,狐小狸剧本杀目录,2670,https://pan.baidu.com/s/1oCT0ISMWDoyKXpdVy6memA,1
单人本-诡寓实录3-慈爱新生医院,单人本-诡寓实录3-慈爱新生医院,狐小狸剧本杀目录,2671,https://pan.baidu.com/s/1UpBxQ8x21QGZ1vwHApuSBQ,1
单人本-诡寓实录1-罗士茜公寓,单人本-诡寓实录1-罗士茜公寓,狐小狸剧本杀目录,2672,https://pan.baidu.com/s/1JLeFCUK_9ML7Zd0SF6f9mw,1
单人本-1988致命记录,单人本-1988致命记录,狐小狸剧本杀目录,2673,https://pan.baidu.com/s/1iYZEj_Ss-6htoRGtWYO_IQ,1
单人本-火车惊魂,单人本-火车惊魂,狐小狸剧本杀目录,2674,https://pan.baidu.com/s/18rdr-67RBplp9gzUCkeuQQ,1
单人本-59分钟推理守则,单人本-59分钟推理守则,狐小狸剧本杀目录,2675,https://pan.baidu.com/s/1v_bbZ6eRM0aZnmcuTCCzCQ,1
三人本-群星落幕时,三人本-群星落幕时,狐小狸剧本杀目录,2676,https://pan.baidu.com/s/1mwIWBpYfGTMK_QgWR7dJHg,3
三人本-躲猫猫,三人本-躲猫猫,狐小狸剧本杀目录,2677,https://pan.baidu.com/s/1nXlI65uDqojE0Tb6tHmaaQ,3
三人本-石头剪刀布,三人本-石头剪刀布,狐小狸剧本杀目录,2678,https://pan.baidu.com/s/1PYOBR8p3Ja9VJt_93fAPLw,3
三人本-不要回答,三人本-不要回答,狐小狸剧本杀目录,2679,https://pan.baidu.com/s/1d0SKtm3pnSVQS0VEnfKpEQ,3
三人本-黑色星期五,三人本-黑色星期五,狐小狸剧本杀目录,2680,https://pan.baidu.com/s/1s6Ct-dEw5foah7z0CqOumg,3
三人本-鬼宅沉冤,三人本-鬼宅沉冤,狐小狸剧本杀目录,2681,https://pan.baidu.com/s/1K-VeT3mfTmI-azUv-_BwFg,3
三人本-梨神,三人本-梨神,狐小狸剧本杀目录,2682,https://pan.baidu.com/s/1jENUCqyT-Ua9CAu_lkt9IA,3
本宫要上位,本宫要上位,狐小狸剧本杀目录,2683,https://pan.baidu.com/s/1N6slFeRxaf8FyxMZOfLX-g,6
45贰蕴神,45贰蕴神（单手册）,狐小狸剧本杀目录,2684,https://pan.baidu.com/s/1H2eVWFloPIb2X58FLOsJxA,6
赌王之王,赌王之王,狐小狸剧本杀目录,2685,https://pan.baidu.com/s/1bSPwDWecP3dUhe87LbTZQA,6
多蟲天,多蟲天（单手册）,狐小狸剧本杀目录,2686,https://pan.baidu.com/s/12LhBNVV3zBOQeBJun9yX2A,6
二手名著,二手名著（单手册）,狐小狸剧本杀目录,2687,https://pan.baidu.com/s/1C4CUlU8-drfw-a6iUTuU6w,6
鬼话连篇,鬼话连篇（单手册）,狐小狸剧本杀目录,2688,https://pan.baidu.com/s/1KotnayuA1Otb3Gyh7uVNmA,6
海德尔战记圣战之烬,海德尔战记圣战之烬（单手册）,狐小狸剧本杀目录,2689,https://pan.baidu.com/s/1Aip_jiuBKW3Fn6pdgNjlGw,6
迦罗楼的往生谣,迦罗楼的往生谣（单手册）,狐小狸剧本杀目录,2690,https://pan.baidu.com/s/1BwMrpaIjLy0UyY-hvQ3lnw,6
叫爸爸3笑里藏刀,叫爸爸3笑里藏刀（单手册）,狐小狸剧本杀目录,2691,https://pan.baidu.com/s/1WG62JMrTymIHG4WkjF4DEw,6
来自告死鸟的嘲弄,来自告死鸟的嘲弄(单手册）,狐小狸剧本杀目录,2692,https://pan.baidu.com/s/1o2pDa1WeUJWuROBok2naHA,6
碌碌无为的我与等待千年的神,碌碌无为的我与等待千年的神,狐小狸剧本杀目录,2693,https://pan.baidu.com/s/1VYXp_1Zv3xo8tcr7MS5R-Q,6
猫猫大作战,猫猫大作战（单手册）,狐小狸剧本杀目录,2694,https://pan.baidu.com/s/14ZMAR7eLv3xnu2I7xMbiIQ,6
青灯酒肆的百妖夜,青灯酒肆的百妖夜（单手册）,狐小狸剧本杀目录,2695,https://pan.baidu.com/s/1DRJO9LmZCZPu1JgU5PDrBA,6
日月藏君,日月藏君（单手册）,狐小狸剧本杀目录,2696,https://pan.baidu.com/s/1oU5eM52tLIpULy9-c_k4IA,6
上学威龙,上学威龙（单手册）,狐小狸剧本杀目录,2697,https://pan.baidu.com/s/1zYSYunturwp65qQhxsTA0g,6
撕裂2愚者千的无冕之作,撕裂2愚者千的无冕之作,狐小狸剧本杀目录,2698,https://pan.baidu.com/s/105TJIhvPsfmzDP08uAiuyA,6
无名,无名,狐小狸剧本杀目录,2700,https://pan.baidu.com/s/1pFgT3ghfuTkCy29KT-AWXQ,6
星与囚破茧之时,星与囚破茧之时（单手册）,狐小狸剧本杀目录,2701,https://pan.baidu.com/s/1HRzoIZoHhF64leNeyda4Bw,6
凶手的小酒酒,凶手的小酒酒（单手册）,狐小狸剧本杀目录,2702,https://pan.baidu.com/s/1fy91fS2nNq7BBQBMexUgRg,6
烟影长安2雾暗云深,烟影长安2雾暗云深（单手册）,狐小狸剧本杀目录,2703,https://pan.baidu.com/s/1iL-5_AcUCycJIFnu-jdG-g,6
阳光普照,阳光普照（单手册）,狐小狸剧本杀目录,2704,https://pan.baidu.com/s/1YjMhyWqAP4fcnD_0lCM_YQA,6
妖怪图鉴·香港篇,妖怪图鉴·香港篇（单手册）,狐小狸剧本杀目录,2705,https://pan.baidu.com/s/1oO9MLN-vDDxpgcL7Mxfzaw,6
糟糕一不小心成了鬼,糟糕一不小心成了鬼,狐小狸剧本杀目录,2707,https://pan.baidu.com/s/1-vOxbXIVNu8HiZ8rsrca9Q,6
猪窝,猪窝（单手册）,狐小狸剧本杀目录,2708,https://pan.baidu.com/s/1csoc3FgsfoqR2tLHeAngPQ,6
尘世奇闻录通幽,尘世奇闻录通幽,狐小狸剧本杀目录,2709,https://pan.baidu.com/s/1-ryM22H4_TxceGhzaH-xKw,6
豪门44蛇聘,豪门44 蛇聘,狐小狸剧本杀目录,2710,https://pan.baidu.com/s/1adz92oMPlgNUz1L_Der6KA,5
"霸总乖乖,把门开开",霸总乖乖，把门开开,狐小狸剧本杀目录,2711,https://pan.baidu.com/s/1f3Nf5sCJV_tuvAxegD7dxg,6
尘世奇案录2追魂,尘世奇案录2追魂,狐小狸剧本杀目录,2712,即将上线｜早鸟通道✅：hxl_hxl111,6
祠碑,祠碑,狐小狸剧本杀目录,2713,即将上线｜早鸟通道✅：hxl_hxl111,6
大宴之上,大宴之上,狐小狸剧本杀目录,2714,https://pan.baidu.com/s/1Lym5L1nuWvlq_PWj2kn15g,6
怪谈事务所囚徒,怪谈事务所囚徒,狐小狸剧本杀目录,2715,https://pan.baidu.com/s/187PXJXWsi8GrpJa_3A2wfQ,6
怪谈事务所修罗,怪谈事务所修罗（单手册）,狐小狸剧本杀目录,2716,https://pan.baidu.com/s/1bSs3_sj_x0qeBqy7rehYnA,6
怪谈事务所血宴,怪谈事务所血宴（单手册）,狐小狸剧本杀目录,2717,https://pan.baidu.com/s/1mhsapi5T0FAbXXplm6-5jA,6
鬼知道我经历了什么,鬼知道我经历了什么,狐小狸剧本杀目录,2718,https://pan.baidu.com/s/1KQByJHuD5QRtfSbyxmB2EA,6
十三间死亡失格,十三间死亡失格,狐小狸剧本杀目录,2719,https://pan.baidu.com/s/1z1hFlKq8eU4HKKqa0EheQg,6
天启诡案,天启诡案（单手册）,狐小狸剧本杀目录,2720,https://pan.baidu.com/s/1jpteDut0na8Ar6D8GoClLQ,6
乌江叹,乌江叹（单手册）,狐小狸剧本杀目录,2721,https://pan.baidu.com/s/1CCJMKhvrbZE2Qgx5MiwN1A,6
大航海2七海之主,大航海2七海之主(单手册）,狐小狸剧本杀目录,2722,https://pan.baidu.com/s/1o2WtnAuesIEv7bxzy1s9kw,6
妖怪图鉴东京篇,妖怪图鉴东京篇(单手册）,狐小狸剧本杀目录,2724,https://pan.baidu.com/s/1fcbJz3l4R9RgyI2qnnGISA,6
开封诡事录,开封诡事录(单手册）,狐小狸剧本杀目录,2725,https://pan.baidu.com/s/1NjqPfc1nz_5fyada3CNlhw,6
群英之战复世,群英之战复世(单手册）,狐小狸剧本杀目录,2726,https://pan.baidu.com/s/1UIrYoQF2MRe3TrYYs8e0PQ,6
薛定谔的魔王,薛定谔的魔王(单手册）,狐小狸剧本杀目录,2727,https://pan.baidu.com/s/1emwuu5cCm6_bPhk58lsEuw,6
呜呜,呜呜(单手册）,狐小狸剧本杀目录,2728,https://pan.baidu.com/s/1xI47kym9n_t_xwrBZ09oYg,6
我滴家在东北,我滴家在东北,狐小狸剧本杀目录,2729,https://pan.baidu.com/s/1OqPxr2UBl7hLFZjPylHUmw,8
梧桐酒馆,梧桐酒馆,狐小狸剧本杀目录,2730,https://pan.baidu.com/s/1TMqf0w0TBnKNMJCTyLnnGg,6
46,46（单手册）,狐小狸剧本杀目录,2731,https://pan.baidu.com/s/1F-sQ52Y5idlvW-ytEigieg,6
白兔和他的尸体,白兔和他的尸体（单手册➕售后）,狐小狸剧本杀目录,2732,https://pan.baidu.com/s/1ug7BgDithpFHPXGGeyEOrQ,6
昆仑仙踪,昆仑仙踪（单手册）,狐小狸剧本杀目录,2733,https://pan.baidu.com/s/1yjjnGmuFlmZyvo3iizLVqg,6
奈亚拉的迷宫,奈亚拉的迷宫（单手册）,狐小狸剧本杀目录,2734,https://pan.baidu.com/s/1Xzghh6ZewNRCrkrEZ6LlYw,6
皮,皮（单手册）,狐小狸剧本杀目录,2735,https://pan.baidu.com/s/1n7CX6rtHYLxfE4wLp-kTIg,6
人生海,人生海（单手册）,狐小狸剧本杀目录,2736,https://pan.baidu.com/s/1FmpuFu4yK50emFSnSiBNGw,6
坐庄,坐庄（单手册）,狐小狸剧本杀目录,2737,https://pan.baidu.com/s/1AiIjJncam0RvwejmmT395w,7
业火封神,业火封神（单手册）,狐小狸剧本杀目录,2738,https://pan.baidu.com/s/1O5MAD_p7gnofrO4kMnUt4w,6
友情出演血戮剧场的第四面墙,友情出演 血戮剧场的第四面墙（单手册）,狐小狸剧本杀目录,2739,https://pan.baidu.com/s/16Du8zVruKkU_7U19zaBEFQ,6
在劫南桃,在劫南桃（单手册）,狐小狸剧本杀目录,2740,https://pan.baidu.com/s/10zkMz6z5Fmqjwpl0A7KqEw,6
无图区,无图区(单手册➕售后）,狐小狸剧本杀目录,2744,https://pan.baidu.com/s/1HwYspjOmCZNiC-PHcPOv8Q,6
观月尘影录,观月尘影录,狐小狸剧本杀目录,2746,https://pan.baidu.com/s/1p9pARJlVSZx4Lq5Ho3Q88Q,6
野菩萨,野菩萨,狐小狸剧本杀目录,2747,https://pan.baidu.com/s/1gzVB9P8A-7knGsWZ3FIncA,6
破雾,破雾,狐小狸剧本杀目录,2749,https://pan.baidu.com/s/1zUXreMmThujb-JerwolVDg,6
青白,青白,狐小狸剧本杀目录,2750,https://pan.baidu.com/s/1sQOhuZfk6SkF9WmGaYCkIA,6
同流合屋,同流合屋,狐小狸剧本杀目录,2751,https://pan.baidu.com/s/1WSNzc5w6JZ07zU4c2DL-BA,5
旋转谋杀乐园,旋转谋杀乐园,狐小狸剧本杀目录,2752,https://pan.baidu.com/s/1lWqFuH3IISAKnE_MH-gsYQ,6
野狗3所有人都是破烂货,野狗3所有人都是破烂货,狐小狸剧本杀目录,2753,https://pan.baidu.com/s/1WV1stKw95bp1jn7RgfuiRA,6
赌城2077,赌城2077,狐小狸剧本杀目录,2754,https://pan.baidu.com/s/1zcadCMRm4OKlvO0TsV_TSQ,6
同归,同归,狐小狸剧本杀目录,2755,https://pan.baidu.com/s/1fZMgv0473uNLAo0km56AmA,6
马赛克,马赛克,狐小狸剧本杀目录,2756,https://pan.baidu.com/s/1Csx_xiEkvekVZq7mR5JYVA,6
马赛克2,马赛克2,狐小狸剧本杀目录,2757,https://pan.baidu.com/s/1OoP20KF0l-IFyLtFQ5zGpg,6
马赛克3,马赛克3,狐小狸剧本杀目录,2758,https://pan.baidu.com/s/13Vuop1FABKFM8EltoeUXBQ,6
求己,求己（单手册）,狐小狸剧本杀目录,2759,https://pan.baidu.com/s/1bizvj0E8Oy80kGZ3B9LkCg,6
鹿川岛的黑发少女,鹿川岛的黑发少女（单手册）,狐小狸剧本杀目录,2760,https://pan.baidu.com/s/1A9TPICk7xbhdJzMWKNtigg,6
老子数到三,老子数到三,狐小狸剧本杀目录,2762,https://pan.baidu.com/s/1L-JMQM7vAk9oTrt2YkQi3w,6
苏九宴鬼图,苏九宴鬼图,狐小狸剧本杀目录,2763,https://pan.baidu.com/s/1MYoh2W8tAUXzCDfsLQYTzg,6
多多,多多（单手册）,狐小狸剧本杀目录,2764,https://pan.baidu.com/s/1Gr_vfXHiUUOVe6YVONdpMQ,6
分手厨房,分手厨房,狐小狸剧本杀目录,2765,https://pan.baidu.com/s/11z4GEZ0G2AKv7aXpx-2KFw,8
逆袭吧!继承者,逆袭吧！继承者,狐小狸剧本杀目录,2766,https://pan.baidu.com/s/1BrTTzjiO7BmLaMEitkHncA,4|5|6|7|8
传奇英雄,传奇英雄（单手册）,狐小狸剧本杀目录,2767,https://pan.baidu.com/s/15dQnrRgRFigPB1K-2CT0Mw,6|7|8|9
"分手吧,赶紧的",分手吧，赶紧的,狐小狸剧本杀目录,2768,https://pan.baidu.com/s/1eKnXafwuHEZVaWd2pjnzwg,6|7|8
她未能歌颂的明日,她未能歌颂的明日,狐小狸剧本杀目录,2769,https://pan.baidu.com/s/1QQ5FbU7JVqB_x823hEQiTg,6
百目原の最后夏天,百目原の最后夏天 (手册｜售后),狐小狸剧本杀目录,2770,https://pan.baidu.com/s/1YUd4obm7rPiJgp1aNCCKOQ,6
报告道长!有有有有鬼!,报告道长！有有有有鬼！,狐小狸剧本杀目录,2771,https://pan.baidu.com/s/1b_1qcesSR2fr7zGsHYlbzQ,6
传奇赌徒,传奇赌徒（单手册）,狐小狸剧本杀目录,2772,https://pan.baidu.com/s/1rYiiHs8VWL4nKVpPngooTA,5|6|7|8
王不见王,王不见王,狐小狸剧本杀目录,2773,https://pan.baidu.com/s/1km64CvtJloData6T6Xk3Kw,6
草台班子,草台班子,狐小狸剧本杀目录,2774,https://pan.baidu.com/s/1y5CXEcKxEVKSJPKAaONtCg,6
夜里达芬奇先生,夜里达芬奇先生,狐小狸剧本杀目录,2775,https://pan.baidu.com/s/11MsPX70Dly6rGP1quu1i3A,6
黑夜将至,黑夜将至,狐小狸剧本杀目录,2776,https://pan.baidu.com/s/1fPTEG7sF-HhYzOMD6jUhOw,6
东京恐怖故事:如月车站,东京恐怖故事：如月车站,狐小狸剧本杀目录,2777,https://pan.baidu.com/s/10EUVtcRarVj7f78AQd1QbA,7
魔女论破,魔女论破,狐小狸剧本杀目录,2778,https://pan.baidu.com/s/1HmzgorCuqBPWm39f3jCFZA,6
草芥,草芥,狐小狸剧本杀目录,2780,https://pan.baidu.com/s/1oAmpJmzQjb0DHk1GxX4aNA,6
我唯一忏悔的事,我唯一忏悔的事,狐小狸剧本杀目录,2781,https://pan.baidu.com/s/1rgjanAaQRB0Wcjp880HMkg,6
1492,1492（单手册）,狐小狸剧本杀目录,2782,https://pan.baidu.com/s/16kIIA0I-og4B3efGPotSkQ,6
体温,体温,狐小狸剧本杀目录,2783,https://pan.baidu.com/s/1PNv6YAWpQEIcKsHFdU0ZMg,6
祭日快乐·许愿岭在逃寿星,祭日快乐·许愿岭在逃寿星,狐小狸剧本杀目录,2784,https://pan.baidu.com/s/13faMZR7-F6jT4M3_psfBgQ,6
贪欢,贪欢,狐小狸剧本杀目录,2785,https://pan.baidu.com/s/1O_7PPqBWiuxdUUdSs9CLyw,6
不容,不容,狐小狸剧本杀目录,2786,https://pan.baidu.com/s/1dZvmukYlTygIluqKwdeqdg,6
叫父,叫父（单手册）,狐小狸剧本杀目录,2787,https://pan.baidu.com/s/1wyaLjsMzfTEdv5rAzJtFwg,5|6|7|8
女优浮世簿,女优浮世簿,狐小狸剧本杀目录,2788,https://pan.baidu.com/s/1mTU9G0Lyl9QPvhhqTWeA6w,6
刀鞘2暗鞘,刀鞘2暗鞘,狐小狸剧本杀目录,2789,https://pan.baidu.com/s/1cDpqVwWO_dIfOztTcqDeMA,6
我闻神仙亦有死,我闻神仙亦有死,狐小狸剧本杀目录,2790,https://pan.baidu.com/s/1t1O_UM4lzVOkZ3D_izfPGA,6
双烬塔疑案,双烬塔疑案（单手册）,狐小狸剧本杀目录,2791,https://pan.baidu.com/s/1Ea8mE8qOp8AD-Z29fy18fg,6
动画百日谈,动画百日谈（单手册）,狐小狸剧本杀目录,2792,https://pan.baidu.com/s/1N1eKR7WWGtp8kFK02TgG7g,6
怪谈事务所崩坏,怪谈事务所 崩坏（单手册）,狐小狸剧本杀目录,2793,https://pan.baidu.com/s/1h2xFsSdcEhM7sp3GqQyQ5Q,6
空心菜不是快乐的蔬菜,空心菜不是快乐的蔬菜,狐小狸剧本杀目录,2794,https://pan.baidu.com/s/1MKpDlWszUc0FUmpmqfxY2g,6
未有来时,未有来时,狐小狸剧本杀目录,2795,https://pan.baidu.com/s/18nNnzpsF2PKwwwG7YxPEgg,6
佼佼中学冒险,佼佼中学冒险,狐小狸剧本杀目录,2796,https://pan.baidu.com/s/1a_fnjeXkDMHuByNkEHUhhg,4
众念形成,众念形成,狐小狸剧本杀目录,2797,https://pan.baidu.com/s/1JRPHFiaisa3X8MnoRg7YpA,6
玫瑰锈病,玫瑰锈病（单手册）,狐小狸剧本杀目录,2798,https://pan.baidu.com/s/1tA1aml4iCGYACn-Geu4cew,6
连环杀人犯引发的血案,连环杀人犯引发的血案,狐小狸剧本杀目录,2799,https://pan.baidu.com/s/1lf5O2eHNk6QAVtjdisTvbA,6
归唐,归唐（单手册）,狐小狸剧本杀目录,2800,https://pan.baidu.com/s/1eV2BrY6PHbXkq8Lggn9ahA,6
酒神给的惩罚是第一个看见黎明,酒神给的惩罚是第一个看见黎明（单手册）,狐小狸剧本杀目录,2801,https://pan.baidu.com/s/10fpm66HRUZPHp3DL3hvsEQ,6
腐萤哀鸣之刻,腐萤哀鸣之刻（单手册）,狐小狸剧本杀目录,2802,https://pan.baidu.com/s/15xu2TqM3B929uU8mjupItw,6
恶作剧的少女正在腐烂中,恶作剧的少女正在腐烂中（单手册）,狐小狸剧本杀目录,2803,https://pan.baidu.com/s/1wABV6NnF4gCSQT50Id28vA,6
偷吃,偷吃,狐小狸剧本杀目录,2804,https://pan.baidu.com/s/1ddDSWNfCEZ-1KKKrHZn3nw,6
梦见你也梦见我,梦见你也梦见我（单手册）,狐小狸剧本杀目录,2805,https://pan.baidu.com/s/1sIcqgUDN-dUG8wfZqyjcrg,6
皮囊,皮囊（单手册）,狐小狸剧本杀目录,2806,https://pan.baidu.com/s/1Mt6v2F1rUwMctO4UhGhfpw,6
醉凌云,醉凌云,狐小狸剧本杀目录,2807,https://pan.baidu.com/s/1n9xJxP5wGdZt8Kf7Bxtcow,6
元気少女元气少女从天而降,元気少女元气少女从天而降,狐小狸剧本杀目录,2808,https://pan.baidu.com/s/1AvqYMRCH53YUmyBf_a5vHQ,6
赤溪,赤溪,狐小狸剧本杀目录,2809,https://pan.baidu.com/s/1woGGxQagN8ZmPpNlDhlqsg,6
豪门45猫大侠,豪门45 猫大侠,狐小狸剧本杀目录,2810,https://pan.baidu.com/s/1GxGjD6RX3zBYzxA2cW_Rvg,5
葛韭菜,葛韭菜,狐小狸剧本杀目录,2811,https://pan.baidu.com/s/1Pq1OmY02xw0TxaJlkRpz0A,7
十三太保3江湖再见,十三太保3江湖再见（单手册）,狐小狸剧本杀目录,2812,https://pan.baidu.com/s/18Id89Glg-Vu0BB3KmRk5_Q,6
八十七仙图,八十七仙图,狐小狸剧本杀目录,2813,https://pan.baidu.com/s/1NzCXsHqGOwpX2vA1g-HEJg,6
幻想诸因,幻想诸因,狐小狸剧本杀目录,2814,https://pan.baidu.com/s/163rCkIQlOi5Af5Mo5ahkUQ,6
坏孩子,坏孩子（单手册）,狐小狸剧本杀目录,2815,https://pan.baidu.com/s/1iDi65LO6ONXqJhejjC_6BA,6
金粉,金粉,狐小狸剧本杀目录,2816,https://pan.baidu.com/s/1_klZtCueD6-4Dh5eVKccvw,7
雾逝霞明,雾逝霞明（单手册）,狐小狸剧本杀目录,2817,https://pan.baidu.com/s/1DXAU1ngY6mPVOEmy46wn4g,6
瀚海玄兵,瀚海玄兵（手册|售后）,狐小狸剧本杀目录,2818,https://pan.baidu.com/s/1Kb02UxXPvM4Kw6A0v9066g,6
"曾经,我死去的家",曾经，我死去的家,狐小狸剧本杀目录,2819,https://pan.baidu.com/s/114fZacr6h9nhfpnFufymEg,6
"曾经,我死去的家2",曾经，我死去的家2（单手册）,狐小狸剧本杀目录,2820,https://pan.baidu.com/s/1Ie9DvCRcnPhScbmCFpEY8A,6
梁间小话,梁间小话,狐小狸剧本杀目录,2821,https://pan.baidu.com/s/1FW0bLRUyGHeqox9u0s9smw,6
藤蔓生长的冬夜,藤蔓生长的冬夜,狐小狸剧本杀目录,2822,https://pan.baidu.com/s/1jcq_8ix2Uw5FqBACaaXacQ,6
华夏山河篇,华夏山河篇（手册|售后）,狐小狸剧本杀目录,2823,https://pan.baidu.com/s/1nzgUFwisaNhg4ZAp4Iyldg,6
沙丘玫瑰苦月亮,沙丘玫瑰苦月亮,狐小狸剧本杀目录,2824,https://pan.baidu.com/s/1janV7EoS-wDN0e3Q4nuhqA,6
寻归荒野,寻归荒野（单手册）,狐小狸剧本杀目录,2825,https://pan.baidu.com/s/16Nrt1Ne2Z91UVUxEtIe-XA,6
敬余晖以哀鸣,敬余晖以哀鸣,狐小狸剧本杀目录,2826,https://pan.baidu.com/s/12dHFWAjoiMeyYi7ScuXJoA,6
"就是这个禁忌,爽!",就是这个禁忌，爽！,狐小狸剧本杀目录,2827,https://pan.baidu.com/s/1Vwo-HPWmwNnvcX3pFvnz-g,7
神于六日后搁浅,神于六日后搁浅,狐小狸剧本杀目录,2828,https://pan.baidu.com/s/1GSvmpQBjK_VCOo1rs3wBNw,6
继承者,继承者（单手册）,狐小狸剧本杀目录,2829,https://pan.baidu.com/s/1ed1dHr3RoKWwTGLZkjClQg,6
超无脑鉴赏,超无脑鉴赏,狐小狸剧本杀目录,2830,https://pan.baidu.com/s/1_JVqV6bVwE3LHSipyFFrHw,6
名侦探2于时之刻的尽头,名侦探2于时之刻的尽头（单手册）,狐小狸剧本杀目录,2831,https://pan.baidu.com/s/1H7QKJXDir9cOdKTFF24gmA,6
二流货色2青花,二流货色2青花,狐小狸剧本杀目录,2832,https://pan.baidu.com/s/13JYNqKBHGaLMA5L1BKcQaw,6
世界隙间的雪与蝉,世界隙间的雪与蝉,狐小狸剧本杀目录,2833,https://pan.baidu.com/s/1EWBzPDvi8azpVSLJ0CvkgQ,6
大事不喵,大事不喵,狐小狸剧本杀目录,2834,https://pan.baidu.com/s/16lOT1Ha_BrRH4PRBh6Kp8w,8
再见黎明系列2暗夜将至,再见黎明系列2暗夜将至,狐小狸剧本杀目录,2835,https://pan.baidu.com/s/1CmkDPpK4Hy9MecVFAaS5qQ,6
与谎言相似的前提,与谎言相似的前提,狐小狸剧本杀目录,2836,https://pan.baidu.com/s/1nThQ1_6wm4JB2_BbRp63zA,6
斗魂此界无双,斗魂此界无双（单手册）,狐小狸剧本杀目录,2837,https://pan.baidu.com/s/1L1XPMy8os6FENUlt3Rit2Q,6
画皮,画皮（单手册）,狐小狸剧本杀目录,2838,https://pan.baidu.com/s/1jjiwB_sbgRhPmenDRUKktA,7
天命难违,天命难违,狐小狸剧本杀目录,2839,https://pan.baidu.com/s/1QVcMzmjFxb_RfqhcRxk6Xw,6
三角不太直,三角不太直,狐小狸剧本杀目录,2840,https://pan.baidu.com/s/1duKdHO0U28ldtqDKGpauDg,6
SAVE,SAVE,狐小狸剧本杀目录,2842,https://pan.baidu.com/s/1iWoWnF2T_XLDDSImkwd8Ug,6
鬼河怒放,鬼河怒放,狐小狸剧本杀目录,2843,https://pan.baidu.com/s/1iIxXKpoBJySVI6ATi4y3OQ,6
疯兔子白又白砍下脑袋跳起来,疯兔子白又白砍下脑袋跳起来,狐小狸剧本杀目录,2844,https://pan.baidu.com/s/1odPexiJglX29NnS0gUNj2w,6
不复出焉,不复出焉,狐小狸剧本杀目录,2845,https://pan.baidu.com/s/1QSTTGkKSNY8Mw5fseJpbuw,6
琳琅,琳琅,狐小狸剧本杀目录,2846,https://pan.baidu.com/s/19vKX9246xi_Le_WFCVhYIQ,6
黄泉国的阿修罗,黄泉国的阿修罗（单手册）,狐小狸剧本杀目录,2847,https://pan.baidu.com/s/1UeC9tEcWDdre0c9MGDjXBQ,6
武林至尊八大派,武林至尊八大派（单手册）,狐小狸剧本杀目录,2848,https://pan.baidu.com/s/1Y52S62LCob-uspAzpqIhqw,6
犬山前传秋山裹月,犬山前传秋山裹月,狐小狸剧本杀目录,2849,https://pan.baidu.com/s/1FMXBZsHSN7Ef3TaP0f3igQ,6
归昼,归昼（单手册）,狐小狸剧本杀目录,2850,https://pan.baidu.com/s/1w_FHhNaGZkp-12-WwPa4xA,6
第七囚日,第七囚日（单手册）,狐小狸剧本杀目录,2851,https://pan.baidu.com/s/1yCvBtDf-CQN_uLValCKn7g,7
绿洲,绿洲（手册|售后）,狐小狸剧本杀目录,2852,https://pan.baidu.com/s/12PWsIC3galhlYEgwmScV7g,6
小人得志,小人得志（单手册）,狐小狸剧本杀目录,2853,https://pan.baidu.com/s/1yRlDuyRTwaOsdm5or-jqgA,6
西子花朝,西子花朝（手册|售后）,狐小狸剧本杀目录,2854,https://pan.baidu.com/s/1vzjTjTjIS27C68HRupMsHQ,6
谁是小辣鸡,谁是小辣鸡（单手册）,狐小狸剧本杀目录,2855,https://pan.baidu.com/s/1MI983Ymco8RDBXjm6tQytg,7
牢友记,牢友记（单手册）,狐小狸剧本杀目录,2856,https://pan.baidu.com/s/1jPRJr3WtJizBwf8QgtKmiQ,6
诡计四界,诡计四界（单手册）,狐小狸剧本杀目录,2857,https://pan.baidu.com/s/1MNrUNzzFdQE0sCHxE0hA4w,6
群鸦于落日后加冕,群鸦于落日后加冕（单手册）,狐小狸剧本杀目录,2858,https://pan.baidu.com/s/1Vs74l5ciGKV1r1wmbSUebw,6
她在后宫杀疯了,她在后宫杀疯了（单手册）,狐小狸剧本杀目录,2859,https://pan.baidu.com/s/1IofRLYtFszrLFbjW13BAkQ,6
食为天,食为天（单手册）,狐小狸剧本杀目录,2860,https://pan.baidu.com/s/1AQTFw_eRBH_y96va4FNJ7A,8
