merged_row_index,query,script_title,overall_rating,剧情,推理,悬疑,欢乐,情感,机制,还原,沉浸,演绎,玩法,故事,难度,互动,立意,阵营,本格,变格,恐怖,硬核,want_count,played_count,review_count,publishers,metadata,tags,source_file,source_app,source_platform,male_count,female_count,total_players_from_gender,total_players_mentioned,duration_hours,difficulty,release_year,release_month,total_players,release_date,duration_bin,suspicious_want_count,usable_for_popularity_analysis
1,蜕变俱乐部2,蜕变俱乐部2：海的女儿,7.2,7.1,0.0,0.0,0.0,6.5,6.9,0.0,0.0,0.0,0.0,0,0,0,0.0,0.0,0,0,0,0,7607.0,14689.0,198,阿斯巴甜,4男3女 4.0小时 高阶 2020.08发行,欧美 机制 沉浸 童话,huxiaoli_ipad_ratings.csv,huxiaoli,ipad,4,3,7,,4.0,高阶,2020,8,7,2020-08-01,3-4h,False,True
2,今夕何夕,今夕何夕,6.7,7.0,6.4,0.0,0.0,6.9,0.0,0.0,0.0,0.0,0.0,0,0,0,0.0,0.0,0,0,0,0,2.8,19494.0,250,KEYS工作室,5男2女 4.5小时 进阶 2020.08发行,古风 推理 沉浸 家国,huxiaoli_ipad_ratings.csv,huxiaoli,ipad,5,2,7,,4.5,进阶,2020,8,7,2020-08-01,4-5h,True,False
3,蜕变俱乐部,蜕变俱乐部,7.3,7.2,0.0,7.1,0.0,0.0,7.1,0.0,0.0,0.0,0.0,0,0,0,0.0,0.0,0,0,0,0,2.6,17865.0,239,阿斯巴甜,4男3女 5.0小时 高阶 2020.06发行,,huxiaoli_ipad_ratings.csv,huxiaoli,ipad,4,3,7,,5.0,高阶,2020,6,7,2020-06-01,4-5h,True,False
4,土狗,土狗,8.0,7.7,0.0,7.6,0.0,0.0,0.0,8.0,0.0,0.0,0.0,0,0,0,0.0,0.0,0,0,0,0,5049.0,37782.0,5692,解语花剧本工作室,4男2女 7.0小时 进阶 2025.06发行,,huxiaoli_ipad_ratings.csv,huxiaoli,ipad,4,2,6,,7.0,进阶,2025,6,6,2025-06-01,6-8h,False,True
12,雉双归,雉双归,8.0,7.7,7.3,0.0,0.0,7.4,0.0,0.0,0.0,0.0,0.0,0,0,0,0.0,0.0,0,0,0,0,2.8,33133.0,1608,慢热TUO,【5小时/令翼/没有边缘/体验分：8分】 ✅一句话总结：宝藏盒装有机会快来补课呀！ 『🌟关键词：ip本，推理情感并重，流程衔接顺畅，文笔细腻，故事分享大会，有结局抉择』 『🌟角色体验：男女玩家体验没有明...全文,古风 推理 沉浸 武侠,huxiaoli_ipad_ratings.csv,huxiaoli,ipad,,,,,5.0,,,,,,4-5h,True,False
14,俞家旅店,俞家旅店,7.2,6.8,6.7,6.7,0.0,0.0,0.0,0.0,0.0,0.0,0.0,0,0,0,0.0,0.0,0,0,0,0,1338.0,3951.0,190,百川望辰工作室,3男1女 2.0小时 新手,架空 推理 悬疑 新手,huxiaoli_ipad_ratings.csv,huxiaoli,ipad,3,1,4,,2.0,新手,,,4,,<=3h,False,True
16,你还有遗憾吗,你还有遗憾吗,6.7,6.3,0.0,0.0,0.0,6.4,0.0,0.0,0.0,6.1,0.0,0,0,0,0.0,0.0,0,0,0,0,1.1,3110.0,101,西安如约而至; 天津剧盟发行工作室,2男4女 4.5小时 新手 2021.08发行,,huxiaoli_ipad_ratings.csv,huxiaoli,ipad,2,4,6,,4.5,新手,2021,8,6,2021-08-01,4-5h,True,False
18,兔子的世界下起了胡萝卜雨,兔子的世界下起了胡萝卜雨,7.0,0.0,0.0,0.0,0.0,0.0,0.0,0.0,0.0,0.0,0.0,0,0,0,0.0,0.0,0,0,0,0,1.1,0.0,0,九袋剧探,3男3女 4.5小时 新手,,huxiaoli_ipad_ratings.csv,huxiaoli,ipad,3,3,6,,4.5,新手,,,6,,4-5h,True,False
19,将死未死的THX,将死未死的THX,6.1,6.5,6.4,6.3,0.0,0.0,0.0,0.0,0.0,0.0,0.0,0,0,0,0.0,0.0,0,0,0,0,14084.0,33466.0,1143,满分工作室; DA剧本工场,【将死未死的THX】反转／推理／还原／悬疑 【角色时长】眼镜男／7小时 【人数配置】4男2女／可反串 【推荐角色】无边缘位，确实想上车体验的话推荐衬衫男／卫衣女 【选店建议】该本对DM要求极高！不是演...全文,,huxiaoli_ipad_ratings.csv,huxiaoli,ipad,4,2,6,,7.0,,,,6,,6-8h,False,True
20,大雪侦探和倒霉蛋,大雪，侦探和倒霉蛋,8.3,7.8,0.0,7.4,0.0,0.0,0.0,7.9,0.0,0.0,0.0,0,0,0,0.0,0.0,0,0,0,0,1.1,88756.0,6011,苏墨工作室; 起源ORIGIN工作室,3男3女 6.0小时 高阶 2022.06发行,,huxiaoli_ipad_ratings.csv,huxiaoli,ipad,3,3,6,,6.0,高阶,2022,6,6,2022-06-01,5-6h,True,False
21,夜行惊奇卷,怪闻！夜行惊奇卷,7.5,7.2,7.4,0.0,0.0,0.0,0.0,0.0,0.0,0.0,0.0,0,0,0,0.0,0.0,0,0,0,0,38395.0,60271.0,3528,葵花工作室; 咪咕挑灯工作室,3男3女 5.5小时 高阶 2022.06发行,,huxiaoli_ipad_ratings.csv,huxiaoli,ipad,3,3,6,,5.5,高阶,2022,6,6,2022-06-01,5-6h,False,True
22,群雄逐鹿,群雄逐鹿,8.7,7.9,0.0,0.0,0.0,7.2,8.4,0.0,0.0,0.0,0.0,0,0,0,0.0,0.0,0,0,0,0,41583.0,74259.0,3720,FB发行工作室,5男3女 7.0小时 进阶 2022.05发行,,huxiaoli_ipad_ratings.csv,huxiaoli,ipad,5,3,8,,7.0,进阶,2022,5,8,2022-05-01,6-8h,False,True
23,玛丽苏推理守则,玛丽苏推理守则,7.3,6.7,6.8,0.0,7.6,0.0,0.0,0.0,0.0,0.0,0.0,0,0,0,0.0,0.0,0,0,0,0,16359.0,29558.0,1460,隐匿角色,3男4女 4.0小时 进阶 2022.03发行,日式 推理 欢乐 二次元,huxiaoli_ipad_ratings.csv,huxiaoli,ipad,3,4,7,,4.0,进阶,2022,3,7,2022-03-01,3-4h,False,True
24,林记凉茶铺,林记凉茶铺：1996,8.5,7.9,0.0,0.0,0.0,8.1,0.0,0.0,0.0,8.2,0.0,0,0,0,0.0,0.0,0,0,0,0,1.1,35057.0,2531,国家地理探测室,3男3女 4.5小时 进阶 2022.03发行,,huxiaoli_ipad_ratings.csv,huxiaoli,ipad,3,3,6,,4.5,进阶,2022,3,6,2022-03-01,4-5h,True,False
25,疯子和疯子和疯子,疯子和疯子和疯子和疯子和疯子和疯子,7.0,7.0,0.0,0.0,0.0,0.0,0.0,7.1,0.0,0.0,0.0,0,0,0,6.7,0.0,0,0,0,0,6578.0,71707.0,2725,旧梦改造车间,3男3女 4.5小时 进阶 2022.01发行,,huxiaoli_ipad_ratings.csv,huxiaoli,ipad,3,3,6,,4.5,进阶,2022,1,6,2022-01-01,4-5h,False,True
34,恐怖童谣,恐怖童谣惊魂祭,5.8,6.6,6.5,0.0,0.0,0.0,0.0,0.0,0.0,0.0,0.0,0,0,0,0.0,0.0,0,0,0,0,494.0,4768.0,64,,4男2女 4.0小时 进阶 2020.05发行,,huxiaoli_ipad_ratings.csv,huxiaoli,ipad,4,2,6,,4.0,进阶,2020,5,6,2020-05-01,3-4h,False,True
38,古堡惊魂,古堡惊魂,4.0,0.0,0.0,0.0,0.0,0.0,0.0,0.0,0.0,0.0,0.0,0,0,0,0.0,0.0,0,0,0,0,0.0,0.0,0,,5男3女 4.5小时 进阶,,huxiaoli_ipad_ratings.csv,huxiaoli,ipad,5,3,8,,4.5,进阶,,,8,,4-5h,False,True
155,幕后玩家,幕后玩家2,4.0,0.0,0.0,0.0,0.0,0.0,0.0,0.0,0.0,0.0,0.0,0,0,0,0.0,0.0,0,0,0,0,2.8,0.0,0,三更工作室,6男1女 4.5小时 进阶,港澳 推理 沉浸 都市,huxiaoli_ipad_ratings.csv,huxiaoli,ipad,6,1,7,,4.5,进阶,,,7,,4-5h,True,False
156,记忆碎片,记忆碎片,7.9,7.2,0.0,0.0,7.5,0.0,7.0,0.0,0.0,0.0,0.0,0,0,0,0.0,0.0,0,0,0,0,3.8,47141.0,1294,Siren剧本工作室,4男3女 3.0小时 新手 2018.03发行,欧美 机制 欢乐 玄幻,huxiaoli_ipad_ratings.csv,huxiaoli,ipad,4,3,7,,3.0,新手,2018,3,7,2018-03-01,<=3h,True,False
161,恶果,恶果,6.1,6.5,0.0,0.0,0.0,0.0,0.0,0.0,0.0,0.0,0.0,0,0,0,0.0,6.5,0,0,0,0,626.0,3587.0,55,飞鱼计划-八号剧本工作室,4男2女 4.5小时 进阶 2018.04发行,,huxiaoli_ipad_ratings.csv,huxiaoli,ipad,4,2,6,,4.5,进阶,2018,4,6,2018-04-01,4-5h,False,True
163,泥潭,泥潭,10.0,0.0,0.0,0.0,0.0,0.0,0.0,0.0,0.0,0.0,0.0,0,0,0,0.0,0.0,0,0,0,0,1.1,0.0,0,岛屿工作室,2男4女 7.0小时 新手 2026.04发行,中式 情感 沉浸 其他,huxiaoli_ipad_ratings.csv,huxiaoli,ipad,2,4,6,,7.0,新手,2026,4,6,2026-04-01,6-8h,True,False
176,费马的审判,费马的审判,7.3,7.1,7.1,6.8,0.0,0.0,0.0,0.0,0.0,0.0,0.0,0,0,0,0.0,0.0,0,0,0,0,26316.0,53870.0,1208,肆言良语,3男3女 5.0小时 进阶 2019.03发行,日式 推理 悬疑 都市,huxiaoli_ipad_ratings.csv,huxiaoli,ipad,3,3,6,,5.0,进阶,2019,3,6,2019-03-01,4-5h,False,True
180,无咎,无咎,6.6,6.8,6.6,0.0,0.0,6.6,0.0,0.0,0.0,0.0,0.0,0,0,0,0.0,0.0,0,0,0,0,2.8,12847.0,217,荒诞剧社,3男3女 4.5小时 进阶 2019.06发行,中式 推理 沉浸 都市,huxiaoli_ipad_ratings.csv,huxiaoli,ipad,3,3,6,,4.5,进阶,2019,6,6,2019-06-01,4-5h,True,False
183,嗜血黄昏,嗜血黄昏,2.0,0.0,0.0,0.0,0.0,0.0,0.0,0.0,0.0,0.0,0.0,0,0,0,0.0,0.0,0,0,0,0,0.0,0.0,0,同盟救济会,6男1女 4.5小时 进阶,,huxiaoli_ipad_ratings.csv,huxiaoli,ipad,6,1,7,,4.5,进阶,,,7,,4-5h,False,True
296,今夕又何年,今夕又何年,5.0,0.0,0.0,0.0,0.0,0.0,0.0,0.0,0.0,0.0,0.0,0,0,0,0.0,0.0,0,0,0,0,1.1,0.0,0,羽砚剧本工作室,3男3女 4.5小时 进阶 2020.09发行,,huxiaoli_ipad_ratings.csv,huxiaoli,ipad,3,3,6,,4.5,进阶,2020,9,6,2020-09-01,4-5h,True,False
297,安娜2:降临,安娜2：降临,7.0,0.0,0.0,0.0,0.0,0.0,0.0,0.0,0.0,0.0,0.0,0,0,0,0.0,0.0,0,0,0,0,0.0,0.0,0,雲深工作室,4男3女 4.5小时 进阶 2019.10发行,,huxiaoli_ipad_ratings.csv,huxiaoli,ipad,4,3,7,,4.5,进阶,2019,10,7,2019-10-01,4-5h,False,True
310,猫脸老太,猫脸老太,7.2,7.3,6.7,0.0,0.0,0.0,0.0,0.0,0.0,0.0,0.0,0,0,0,0.0,0.0,0,0,0,0,14985.0,30985.0,547,灰帆文化,3男3女 4.0小时 进阶 2020.06发行,,huxiaoli_ipad_ratings.csv,huxiaoli,ipad,3,3,6,,4.0,进阶,2020,6,6,2020-06-01,3-4h,False,True
313,山河永寂,山河永寂,7.2,7.1,6.4,0.0,0.0,7.0,0.0,0.0,0.0,0.0,0.0,0,0,0,0.0,0.0,0,0,0,0,1.1,47082.0,1045,威海不二工作室,3男3女 4.5小时 新手 2020.07发行,古风 情感 沉浸 家国,huxiaoli_ipad_ratings.csv,huxiaoli,ipad,3,3,6,,4.5,新手,2020,7,6,2020-07-01,4-5h,True,False
318,大钟,大钟,6.0,0.0,0.0,0.0,0.0,0.0,0.0,0.0,0.0,0.0,0.0,0,0,0,0.0,0.0,0,0,0,0,0.0,0.0,0,面游时代,3男3女 4.5小时 进阶 2020.05发行,,huxiaoli_ipad_ratings.csv,huxiaoli,ipad,3,3,6,,4.5,进阶,2020,5,6,2020-05-01,4-5h,False,True
320,刑事侦缉档案-献祭者,刑事侦缉档案：献祭者,6.3,6.3,0.0,6.4,0.0,0.0,6.0,0.0,0.0,0.0,0.0,0,0,0,0.0,0.0,0,0,0,0,2.6,38746.0,896,迷宫推理社,5男3女 4.0小时 高阶 2020.07发行,,huxiaoli_ipad_ratings.csv,huxiaoli,ipad,5,3,8,,4.0,高阶,2020,7,8,2020-07-01,3-4h,True,False
321,蜕变俱乐部2海的女儿,蜕变俱乐部2：海的女儿,7.2,7.1,0.0,0.0,0.0,6.5,6.9,0.0,0.0,0.0,0.0,0,0,0,0.0,0.0,0,0,0,0,7607.0,14689.0,198,阿斯巴甜,4男3女 4.0小时 高阶 2020.08发行,欧美 机制 沉浸 童话,huxiaoli_ipad_ratings.csv,huxiaoli,ipad,4,3,7,,4.0,高阶,2020,8,7,2020-08-01,3-4h,False,True
325,湖心岛2:围局,湖心岛2：围局,3.0,0.0,0.0,0.0,0.0,0.0,0.0,0.0,0.0,0.0,0.0,0,0,0,0.0,0.0,0,0,0,0,2.6,0.0,0,戏精推理发行工作室,2男3女 4.5小时 进阶,,huxiaoli_ipad_ratings.csv,huxiaoli,ipad,2,3,5,,4.5,进阶,,,5,,4-5h,True,False
332,前男友的100种死法,前男友的100种死法,4.2,4.9,0.0,0.0,5.6,0.0,4.5,0.0,0.0,0.0,0.0,0,0,0,0.0,0.0,0,0,0,0,3.8,137071.0,2675,山橘推理; 闲顽工作室,0男5女 4.0小时 新手 2020.09发行,中式 机制 欢乐 都市,huxiaoli_ipad_ratings.csv,huxiaoli,ipad,0,5,5,,4.0,新手,2020,9,5,2020-09-01,3-4h,True,False
335,我于万物之中,我于万物之中,8.2,7.7,7.5,0.0,0.0,0.0,0.0,0.0,0.0,0.0,7.4,0,0,0,0.0,0.0,0,0,0,0,37185.0,59383.0,2210,子夜推理工作室,百本选手说剧本:剧本《我于万物之中》6人本 4男2女 剧本类型:盒装本 设定推理 游戏时间:4小时左右 👬适合人群：喜欢 SCP 玩家 ❤剧情感...全文,,huxiaoli_ipad_ratings.csv,huxiaoli,ipad,4,2,6,6,4.0,,,,6,,3-4h,False,True
338,人间不值得,人间不值得,4.8,5.6,5.3,0.0,6.4,0.0,0.0,0.0,0.0,0.0,0.0,0,0,0,0.0,0.0,0,0,0,0,20341.0,29293.0,465,酒葫芦工作室,3男3女 4.0小时 进阶 2020.09发行,架空 推理 欢乐 都市,huxiaoli_ipad_ratings.csv,huxiaoli,ipad,3,3,6,,4.0,进阶,2020,9,6,2020-09-01,3-4h,False,True
349,新鲜丧尸已送达请签收,新鲜丧尸已送达请签收,6.4,6.5,0.0,0.0,6.9,0.0,6.6,0.0,0.0,0.0,0.0,0,0,0,0.0,0.0,0,0,0,0,3.8,13187.0,211,鲜焰文化,5男2女 4.5小时 进阶 2020.11发行,未来 机制 欢乐 怪谈,huxiaoli_ipad_ratings.csv,huxiaoli,ipad,5,2,7,,4.5,进阶,2020,11,7,2020-11-01,4-5h,True,False
350,上海滩...事件,上海滩事件,5.0,0.0,0.0,0.0,0.0,0.0,0.0,0.0,0.0,0.0,0.0,0,0,0,0.0,0.0,0,0,0,0,0.0,0.0,0,推理大师,3男2女 2.0小时 新手,,huxiaoli_ipad_ratings.csv,huxiaoli,ipad,3,2,5,,2.0,新手,,,5,,<=3h,False,True
352,渊虞唐,渊虞唐,6.1,6.7,0.0,0.0,0.0,6.6,0.0,0.0,0.0,6.7,0.0,0,0,0,0.0,0.0,0,0,0,0,1.1,6228.0,74,剧幕工坊,3男3女 4.0小时 进阶 2020.11发行,古风 情感 演绎 都市,huxiaoli_ipad_ratings.csv,huxiaoli,ipad,3,3,6,,4.0,进阶,2020,11,6,2020-11-01,3-4h,True,False
353,家宴2继承者们,家宴2：继承者们,7.1,6.8,0.0,0.0,7.4,0.0,6.9,0.0,0.0,0.0,0.0,0,0,0,0.0,0.0,0,0,0,0,3.8,40611.0,794,DA剧本工场; 雪人剧制,剧本类型:火锅/撕逼/欢乐/互动 游戏人数:6人（3男3女） 游戏时常:4小时 体验店家...全文,中式 机制 欢乐 都市,huxiaoli_ipad_ratings.csv,huxiaoli,ipad,3,3,6,6,4.0,,,,6,,3-4h,True,False
354,舍离2-断念,舍离2：断念,5.9,6.2,5.5,0.0,0.0,6.6,0.0,0.0,0.0,0.0,0.0,0,0,0,0.0,0.0,0,0,0,0,1.1,149987.0,2839,桌立方,3男3女 4.5小时 进阶 2021.01发行,古风 情感 沉浸 玄幻,huxiaoli_ipad_ratings.csv,huxiaoli,ipad,3,3,6,,4.5,进阶,2021,1,6,2021-01-01,4-5h,True,False
356,七月半,七月半,6.0,0.0,0.0,0.0,0.0,0.0,0.0,0.0,0.0,0.0,0.0,0,0,0,0.0,0.0,0,0,0,0,0.0,0.0,0,大连漫纪元剧本工作室,5男2女 4.5小时 进阶,,huxiaoli_ipad_ratings.csv,huxiaoli,ipad,5,2,7,,4.5,进阶,,,7,,4-5h,False,True
357,赤狐书生之佛狸祠下,赤狐书生之佛狸祠下,7.0,0.0,0.0,0.0,0.0,0.0,0.0,0.0,0.0,0.0,0.0,0,0,0,0.0,0.0,0,0,0,0,1.1,0.0,0,空然新语,3男3女 4.0小时 进阶 2020.12发行,古风 情感 演绎 玄幻,huxiaoli_ipad_ratings.csv,huxiaoli,ipad,3,3,6,,4.0,进阶,2020,12,6,2020-12-01,3-4h,True,False
362,女厕2冥镜,女厕2：冥镜,5.6,6.3,0.0,0.0,0.0,0.0,6.2,0.0,0.0,0.0,0.0,0,0,0,0.0,0.0,0,0,0,0,471.0,20901.0,266,梦境岭剧本工作室,3男3女 4.0小时 进阶 2021.01发行,日式 机制 惊悚 校园,huxiaoli_ipad_ratings.csv,huxiaoli,ipad,3,3,6,,4.0,进阶,2021,1,6,2021-01-01,3-4h,False,True
367,山猪精的幸福生活被打扰之后,山猪精的幸福生活被打扰之后,5.0,5.6,0.0,0.0,6.0,0.0,0.0,0.0,0.0,0.0,0.0,0,0,0,0.0,5.7,0,0,0,0,5.8,71992.0,1095,东方剧制,3男4女 4.0小时 新手 2021.02发行,架空 阵营 欢乐 新手,huxiaoli_ipad_ratings.csv,huxiaoli,ipad,3,4,7,,4.0,新手,2021,2,7,2021-02-01,3-4h,True,False
370,晓人间落月,晓人间·落月,5.6,6.0,5.8,0.0,0.0,6.4,0.0,0.0,0.0,0.0,0.0,0,0,0,0.0,0.0,0,0,0,0,1.1,18418.0,264,月石工作室,2男3女 4.0小时 新手 2021.07发行,中式 情感 沉浸 校园,huxiaoli_ipad_ratings.csv,huxiaoli,ipad,2,3,5,,4.0,新手,2021,7,5,2021-07-01,3-4h,True,False
371,oh!我亲爱的老同学,Oh！我亲爱的老同学,8.0,0.0,0.0,0.0,0.0,0.0,0.0,0.0,0.0,0.0,0.0,0,0,0,0.0,0.0,0,0,0,0,0.0,0.0,0,沧之溟工作室,4男4女 4.5小时 进阶 2021.04发行,中式 推理 欢乐 都市,huxiaoli_ipad_ratings.csv,huxiaoli,ipad,4,4,8,,4.5,进阶,2021,4,8,2021-04-01,4-5h,False,True
374,黑子迷局2:无光诡局,黑子迷局2：无光诡局,6.1,6.4,0.0,6.5,0.0,0.0,6.6,0.0,0.0,0.0,0.0,0,0,0,0.0,0.0,0,0,0,0,2.6,7928.0,109,燃工作室,4男4女 4.0小时 高阶,,huxiaoli_ipad_ratings.csv,huxiaoli,ipad,4,4,8,,4.0,高阶,,,8,,3-4h,True,False
375,陪葬,陪葬,6.1,6.1,5.9,0.0,0.0,0.0,0.0,0.0,0.0,0.0,0.0,0,0,0,0.0,0.0,0,0,0,0,19864.0,32394.0,533,葵花工作室,3男3女 6.0小时 进阶 2021.06发行,古风 推理 惊悚 宫廷,huxiaoli_ipad_ratings.csv,huxiaoli,ipad,3,3,6,,6.0,进阶,2021,6,6,2021-06-01,5-6h,False,True
376,兵临城下2,兵临城下2：你好，新天津,6.2,6.6,0.0,0.0,0.0,6.6,0.0,0.0,0.0,0.0,0.0,0,0,0,0.0,5.9,0,0,0,0,1.1,85434.0,1576,老玉米联合工作室,4男4女 4.0小时 进阶 2021.06发行,民国 情感 沉浸 战争,huxiaoli_ipad_ratings.csv,huxiaoli,ipad,4,4,8,,4.0,进阶,2021,6,8,2021-06-01,3-4h,True,False
380,通缉令掘齿者,通缉令掘齿者,8.1,7.1,7.8,7.1,0.0,0.0,0.0,0.0,0.0,0.0,0.0,0,0,0,0.0,0.0,0,0,0,0,30473.0,47391.0,1862,A+剧本工作室,3男2女 4.5小时 高阶 2021.04发行,,huxiaoli_ipad_ratings.csv,huxiaoli,ipad,3,2,5,,4.5,高阶,2021,4,5,2021-04-01,4-5h,False,True
381,天国,天国,10.0,0.0,0.0,0.0,0.0,0.0,0.0,0.0,0.0,0.0,0.0,0,0,0,0.0,0.0,0,0,0,0,0.0,0.0,0,入梦剧制,4男3女 5.0小时 高阶 2021.12发行,,huxiaoli_ipad_ratings.csv,huxiaoli,ipad,4,3,7,,5.0,高阶,2021,12,7,2021-12-01,4-5h,False,True
384,"死神,癫狂与逻辑学家",死神癫狂与逻辑学家,4.5,5.3,5.4,0.0,0.0,0.0,0.0,0.0,0.0,0.0,0.0,0,0,0,5.2,0.0,0,0,0,0,1.4,28240.0,474,松火推理; 东方剧制,3男3女 4.5小时 进阶 2021.07发行,,huxiaoli_ipad_ratings.csv,huxiaoli,ipad,3,3,6,,4.5,进阶,2021,7,6,2021-07-01,4-5h,True,False
385,咆哮吧!恶龙,咆哮吧！恶龙,5.4,5.7,0.0,0.0,6.2,0.0,6.0,0.0,0.0,0.0,0.0,0,0,0,0.0,0.0,0,0,0,0,6091.0,18108.0,260,浮生梦文创; 饭团娱乐,4男4女 4.0小时 新手 2021.07发行,,huxiaoli_ipad_ratings.csv,huxiaoli,ipad,4,4,8,,4.0,新手,2021,7,8,2021-07-01,3-4h,False,True
387,点妖簿,点妖簿,7.3,7.0,6.6,0.0,0.0,7.2,0.0,0.0,0.0,0.0,0.0,0,0,0,0.0,0.0,0,0,0,0,1.1,17873.0,408,猫又集,4男2女 4.0小时 进阶 2020.12发行,古风 情感 沉浸 玄幻,huxiaoli_ipad_ratings.csv,huxiaoli,ipad,4,2,6,,4.0,进阶,2020,12,6,2020-12-01,3-4h,True,False
388,复泉楼,复泉楼,6.6,6.8,6.6,0.0,0.0,0.0,0.0,0.0,6.4,0.0,0.0,0,0,0,0.0,0.0,0,0,0,0,2.8,9656.0,460,智乐源文化,【复泉楼】豪门系列／推理／阵营／还原／本格 【角色时长】吕微至／4小时 【人数配置】3男3女／可反串 【推荐角色】谷负相对边缘 【彩蛋联动】豪门本特有栏目！复泉楼与裂镜重圆、泉之馆有彩蛋联动，另外一个联动可能影响游...全文,民国 推理 沉浸 豪门,huxiaoli_ipad_ratings.csv,huxiaoli,ipad,3,3,6,,4.0,,,,6,,3-4h,True,False
389,鲸鱼马戏团,鲸鱼马戏团,7.9,7.5,6.4,0.0,0.0,7.6,0.0,0.0,0.0,0.0,0.0,0,0,0,0.0,0.0,0,0,0,0,1.1,159501.0,5179,黑羽毛工作室; LARP原创工作室,〖补测评〗 类型：欢乐 情感（纯亲情）推理 时长：4小时 人数：二男四女（我们仙女局） 体验角色：飞飞（废...全文,其他 情感 沉浸 童话,huxiaoli_ipad_ratings.csv,huxiaoli,ipad,2,4,6,,4.0,,,,6,,3-4h,True,False
390,想要成为rapstar吗,想要成为RapStar吗,6.3,6.1,0.0,0.0,7.0,0.0,6.2,0.0,0.0,0.0,0.0,0,0,0,0.0,0.0,0,0,0,0,3.8,21776.0,362,庐州怪兽工作室,百本选手说剧本:剧本《想要成为RapStar吗》8人本 4男4女 剧本类型:盒装本 欢乐本 游戏时间:5小时左右 这个本是 2年前 发行的 剧本 现在看 比较简单 故事 还比较 内娱 🈶凶案 🈶唱歌 🈶绕口令 🈶勾心斗角 尔虞吾诈 推荐人群:新手玩家 建议整车 社牛玩家 说唱歌手 18+ 以上 （今天遇到了 顶配车 和 超级DM 所以 ...全文,中式 机制 欢乐 都市,huxiaoli_ipad_ratings.csv,huxiaoli,ipad,4,4,8,8,5.0,新手,,,8,,4-5h,True,False
392,七月十三日,七月十三日,8.9,8.3,8.5,0.0,0.0,0.0,0.0,0.0,0.0,0.0,0.0,0,0,0,0.0,0.0,0,0,0,0,116055.0,118817.0,8007,灰烬工作室,4男2女 6.0小时 高阶 2019.11发行,日式 推理 惊悚 都市,huxiaoli_ipad_ratings.csv,huxiaoli,ipad,4,2,6,,6.0,高阶,2019,11,6,2019-11-01,5-6h,False,True
394,蜇蜂之死,蜇蜂之死,7.1,7.0,7.1,0.0,0.0,0.0,0.0,0.0,6.3,0.0,0.0,0,0,0,0.0,0.0,0,0,0,0,2.8,7.1,1859,外星人,3男3女 5.0小时 高阶 2021.03发行,架空 推理 沉浸 都市,huxiaoli_ipad_ratings.csv,huxiaoli,ipad,3,3,6,,5.0,高阶,2021,3,6,2021-03-01,4-5h,True,False
402,校规2返校,第二十二条校规2：返校,4.7,5.6,5.5,0.0,0.0,0.0,0.0,0.0,0.0,0.0,0.0,0,0,0,0.0,0.0,0,0,0,0,37357.0,83001.0,1249,真相骑士,3男3女 4.5小时 进阶 2021.02发行,日式 推理 惊悚 校园,huxiaoli_ipad_ratings.csv,huxiaoli,ipad,3,3,6,,4.5,进阶,2021,2,6,2021-02-01,4-5h,False,True
405,备忘录;死后即阅,备忘录：死后即阅,6.7,6.8,0.0,6.8,0.0,0.0,6.4,0.0,0.0,0.0,0.0,0,0,0,0.0,0.0,0,0,0,0,1.8,52434.0,1304,司家侦探,3男2女 5.0小时 高阶 2021.04发行,,huxiaoli_ipad_ratings.csv,huxiaoli,ipad,3,2,5,,5.0,高阶,2021,4,5,2021-04-01,4-5h,True,False
409,十二面相,怪人十二面相,8.1,7.9,7.3,7.4,0.0,0.0,0.0,0.0,0.0,0.0,0.0,0,0,0,0.0,0.0,0,0,0,0,35974.0,45596.0,3295,低空飞行,3男3女 6.5小时 高阶 2022.05发行,,huxiaoli_ipad_ratings.csv,huxiaoli,ipad,3,3,6,,6.5,高阶,2022,5,6,2022-05-01,6-8h,False,True
410,凤启长安,凤启长安,5.9,6.0,5.8,0.0,0.0,6.0,0.0,0.0,0.0,0.0,0.0,0,0,0,0.0,0.0,0,0,0,0,1.1,5083.0,118,知道剧行,3男3女 3.0小时 进阶 2021.10发行,古风 情感 沉浸 权谋,huxiaoli_ipad_ratings.csv,huxiaoli,ipad,3,3,6,,3.0,进阶,2021,10,6,2021-10-01,<=3h,True,False
412,花与爱莉丝,花与爱莉丝,8.1,7.7,7.4,7.4,0.0,0.0,0.0,0.0,0.0,0.0,0.0,0,0,0,0.0,0.0,0,0,0,0,5049.0,63987.0,4069,浮生梦文创,4男3女 4.5小时 进阶 2022.06发行,,huxiaoli_ipad_ratings.csv,huxiaoli,ipad,4,3,7,,4.5,进阶,2022,6,7,2022-06-01,4-5h,False,True
423,王府诡谈,王府诡谈,6.7,7.0,6.7,6.8,0.0,0.0,0.0,0.0,0.0,0.0,0.0,0,0,0,0.0,0.0,0,0,0,0,266.0,2904.0,87,神之剧制,4男2女 4.0小时 新手 2021.11发行,,huxiaoli_ipad_ratings.csv,huxiaoli,ipad,4,2,6,,4.0,新手,2021,11,6,2021-11-01,3-4h,False,True
427,恶名昭著2,恶名昭著2：无耻之徒,8.1,7.8,7.2,0.0,0.0,7.5,0.0,0.0,0.0,0.0,0.0,0,0,0,0.0,0.0,0,0,0,0,29823.0,58297.0,2522,东方剧制,4男3女 4.5小时 进阶 2021.07发行,,huxiaoli_ipad_ratings.csv,huxiaoli,ipad,4,3,7,,4.5,进阶,2021,7,7,2021-07-01,4-5h,False,True
428,如是,如是,7.0,0.0,0.0,0.0,0.0,0.0,0.0,0.0,0.0,0.0,0.0,0,0,0,0.0,0.0,0,0,0,0,1.1,0.0,0,山海明侦社,3男3女 3.5小时 新手 2021.09发行,,huxiaoli_ipad_ratings.csv,huxiaoli,ipad,3,3,6,,3.5,新手,2021,9,6,2021-09-01,3-4h,True,False
429,安娜前传荼蘼花开,安娜前传：荼蘼花开,2.0,0.0,0.0,0.0,0.0,0.0,0.0,0.0,0.0,0.0,0.0,0,0,0,0.0,0.0,0,0,0,0,0.0,0.0,0,雲深工作室,3男3女 4.5小时 进阶 2021.09发行,,huxiaoli_ipad_ratings.csv,huxiaoli,ipad,3,3,6,,4.5,进阶,2021,9,6,2021-09-01,4-5h,False,True
433,犯罪创意馆-基,犯罪创意馆：基本演绎,5.7,6.1,6.3,6.2,0.0,0.0,0.0,0.0,0.0,0.0,0.0,0,0,0,0.0,0.0,0,0,0,0,706.0,5576.0,126,剧作时代,4男3女 4.5小时 高阶 2021.08发行,,huxiaoli_ipad_ratings.csv,huxiaoli,ipad,4,3,7,,4.5,高阶,2021,8,7,2021-08-01,4-5h,False,True
436,晚婚,晚婚,5.4,5.9,0.0,0.0,0.0,6.4,0.0,0.0,0.0,6.5,0.0,0,0,0,0.0,0.0,0,0,0,0,1.1,8805.0,135,帽子戏法工作室,3男3女 4.0小时 进阶 2020.11发行,,huxiaoli_ipad_ratings.csv,huxiaoli,ipad,3,3,6,,4.0,进阶,2020,11,6,2020-11-01,3-4h,True,False
438,恶龙从未杀死持剑的少年,恶龙从未杀死持剑的少年,7.0,7.0,0.0,0.0,0.0,7.2,6.8,0.0,0.0,0.0,0.0,0,0,0,0.0,0.0,0,0,0,0,7607.0,5047.0,93,贰叁工作室,3男3女 4.5小时 进阶,欧美 机制 沉浸 战争,huxiaoli_ipad_ratings.csv,huxiaoli,ipad,3,3,6,,4.5,进阶,,,6,,4-5h,False,True
441,放弃生活去北极,放弃生活去北极,7.5,7.2,0.0,0.0,0.0,0.0,7.1,0.0,7.1,0.0,0.0,0,0,0,0.0,0.0,0,0,0,0,7607.0,26085.0,677,东方剧制,补测系列🌟《放弃生活去北极》🌟 📖剧本类型:日式｜机制｜治愈｜沉浸 👦玩家配置:三男三女 🕰体验时长:4-5小时 一部印象很深的本子，体验感很不错的盒装...全文,日式 机制 沉浸 都市,huxiaoli_ipad_ratings.csv,huxiaoli,ipad,3,3,6,,5.0,,,,6,,4-5h,False,True
443,烟花,烟花,4.0,0.0,0.0,0.0,0.0,0.0,0.0,0.0,0.0,0.0,0.0,0,0,0,0.0,0.0,0,0,0,0,1.1,0.0,0,马栏山创艺文化,3男3女 4.0小时 进阶 2021.07发行,,huxiaoli_ipad_ratings.csv,huxiaoli,ipad,3,3,6,,4.0,进阶,2021,7,6,2021-07-01,3-4h,True,False
458,深林,深林,7.7,6.9,0.0,6.8,0.0,0.0,7.6,0.0,0.0,0.0,0.0,0,0,0,0.0,0.0,0,0,0,0,2.6,24380.0,737,無花果工作室,5男0女 4.5小时 进阶 2021.04发行,,huxiaoli_ipad_ratings.csv,huxiaoli,ipad,5,0,5,,4.5,进阶,2021,4,5,2021-04-01,4-5h,True,False
466,沙影,沙影,8.2,7.8,7.2,0.0,0.0,7.7,0.0,0.0,0.0,0.0,0.0,0,0,0,0.0,0.0,0,0,0,0,1.1,15524.0,398,凤凰谷工作室,补测系列🌟《沙影》🌟 📖剧本类型:中式｜立意｜童话｜情感 🕰体验时长:5个小时 👦玩家配置:三男三女 这是一部早期古早情感本，本子立意的占比...全文,,huxiaoli_ipad_ratings.csv,huxiaoli,ipad,3,3,6,,5.0,,,,6,,4-5h,True,False
467,"彼岸2:雪花绽放的那天,风车转动",彼岸2·雪花绽放的那天风车转动,7.3,7.2,6.5,0.0,0.0,0.0,0.0,0.0,7.3,0.0,0.0,0,0,0,0.0,0.0,0,0,0,0,7607.0,7248.0,220,拾柒工作室,4男3女 4.5小时 进阶,中式 机制 沉浸 童话,huxiaoli_ipad_ratings.csv,huxiaoli,ipad,4,3,7,,4.5,进阶,,,7,,4-5h,False,True
470,印斯茅斯,印斯茅斯,7.8,7.4,7.2,7.2,0.0,0.0,0.0,0.0,0.0,0.0,0.0,0,0,0,0.0,0.0,0,0,0,0,21060.0,45282.0,1740,外星人,百本选手说剧本:剧本《印斯茅斯》7人本 4男3女 剧本类型:盒装本 还原本 微恐+跑团 游戏时间:5小时左右 这个本 是 2年前的剧本 质量还是 挺不错的 剧本中 🈶 凶案 🈶密室 🈶许多可以盘的东西 剧本 阅读量 适中 难度 也还可以 说回剧本 ...全文,,huxiaoli_ipad_ratings.csv,huxiaoli,ipad,4,3,7,7,5.0,,,,7,,4-5h,False,True
473,逢山遇鬼2:知命,逢山遇鬼2：知命,7.2,7.1,0.0,0.0,0.0,7.1,0.0,6.6,0.0,0.0,0.0,0,0,0,0.0,0.0,0,0,0,0,3083.0,24534.0,657,沧之溟工作室,3男4女 3.5小时 新手 2021.12发行,古风 还原 沉浸 玄幻,huxiaoli_ipad_ratings.csv,huxiaoli,ipad,3,4,7,,3.5,新手,2021,12,7,2021-12-01,3-4h,False,True
474,你好2:她说,你好2：她说,6.4,6.6,0.0,0.0,0.0,7.0,6.6,0.0,0.0,0.0,0.0,0,0,0,0.0,0.0,0,0,0,0,7607.0,8967.0,245,梦墨绘梦馆,3男3女 4.0小时 进阶 2022.01发行,中式 机制 沉浸 都市,huxiaoli_ipad_ratings.csv,huxiaoli,ipad,3,3,6,,4.0,进阶,2022,1,6,2022-01-01,3-4h,False,True
476,聆听者2密语人,聆听者2：密语人,10.0,0.0,0.0,0.0,0.0,0.0,0.0,0.0,0.0,0.0,0.0,0,0,0,0.0,0.0,0,0,0,0,0.0,0.0,0,伊一工作室,3男4女 4.5小时 新手 2022.03发行,,huxiaoli_ipad_ratings.csv,huxiaoli,ipad,3,4,7,,4.5,新手,2022,3,7,2022-03-01,4-5h,False,True
478,达知县平安街2,达知县.平安街2,6.3,6.5,6.5,0.0,0.0,0.0,0.0,0.0,0.0,0.0,0.0,0,0,0,6.4,0.0,0,0,0,0,1.4,7035.0,91,豆芽剧本工作室,4男2女 4.0小时 进阶 2021.04发行,,huxiaoli_ipad_ratings.csv,huxiaoli,ipad,4,2,6,,4.0,进阶,2021,4,6,2021-04-01,3-4h,True,False
481,涂川2三生契,涂川2：三生契,8.2,7.5,0.0,0.0,0.0,7.9,0.0,0.0,0.0,8.7,0.0,0,0,0,0.0,0.0,0,0,0,0,45304.0,96993.0,4857,,3男3女 4.5小时 新手 2021.12发行,古风 情感 演绎 玄幻,huxiaoli_ipad_ratings.csv,huxiaoli,ipad,3,3,6,,4.5,新手,2021,12,6,2021-12-01,4-5h,False,True
488,奇异人生,奇异人生,8.4,8.0,7.1,0.0,0.0,0.0,0.0,0.0,7.6,0.0,0.0,0,0,0,0.0,0.0,0,0,0,0,2.8,13727.0,540,群星工作室; 选剧本工作室,3男2女 4.0小时 进阶,架空 推理 沉浸 科幻,huxiaoli_ipad_ratings.csv,huxiaoli,ipad,3,2,5,,4.0,进阶,,,5,,3-4h,True,False
489,横行加勒比:无人之海,横行加勒比：无人之海,7.0,6.8,0.0,0.0,0.0,0.0,7.3,0.0,0.0,0.0,0.0,0,0,0,6.9,0.0,0,0,0,0,751.0,5099.0,128,山橘推理,4男2女 4.0小时 新手 2021.11发行,欧美 机制 立意 新手,huxiaoli_ipad_ratings.csv,huxiaoli,ipad,4,2,6,,4.0,新手,2021,11,6,2021-11-01,3-4h,False,True
490,半盏茶事,半盏茶事,6.8,6.3,5.4,0.0,0.0,6.6,0.0,0.0,0.0,0.0,0.0,0,0,0,0.0,0.0,0,0,0,0,1.1,17889.0,509,帽子戏法工作室,3男4女 4.0小时 进阶 2021.06发行,中式 情感 沉浸 都市,huxiaoli_ipad_ratings.csv,huxiaoli,ipad,3,4,7,,4.0,进阶,2021,6,7,2021-06-01,3-4h,True,False
493,新第二十二条校规2七夜,新第二十二条校规2：七夜,5.3,5.8,0.0,0.0,0.0,0.0,0.0,5.8,0.0,0.0,0.0,0,0,0,0.0,0.0,0,0,0,0,11.3,20421.0,366,真相骑士,4男3女 4.5小时 新手 2022.08发行,,huxiaoli_ipad_ratings.csv,huxiaoli,ipad,4,3,7,,4.5,新手,2022,8,7,2022-08-01,4-5h,True,False
495,空中小屋,空中小屋杀人事件,6.1,6.4,6.6,6.1,0.0,0.0,0.0,0.0,0.0,0.0,0.0,0,0,0,0.0,0.0,0,0,0,0,1796.0,16787.0,301,威海不二工作室,4男2女 4.5小时 高阶 2021.02发行,,huxiaoli_ipad_ratings.csv,huxiaoli,ipad,4,2,6,,4.5,高阶,2021,2,6,2021-02-01,4-5h,False,True
496,子时已到3,子时已到3自寻生路,6.7,6.9,6.7,0.0,0.0,0.0,0.0,0.0,0.0,0.0,0.0,0,0,0,0.0,0.0,0,0,0,0,9095.0,18869.0,641,津门探案,百本选手说剧本:剧本《子时已到3自寻生路》6人本 3男3女 剧本类型:盒装本 恐怖本 游戏时间:4.5小时左右 实话实说 这个本 同车 队友太给力 （3个女生是 奶 ）一直都在尖叫😱 而且 店家也 良心 （闭店开）剧情方面 胡说八道 故事 特别离谱 主要是 找一家 恐怖氛围 营造的好 的 店里开 （吐槽 这个本 的歌曲 不好...全文,日式 推理 惊悚 进阶,huxiaoli_ipad_ratings.csv,huxiaoli,ipad,3,3,6,6,4.5,,,,6,,4-5h,False,True
502,WWW创伤废土世界,WwW创伤废土世界,7.4,7.3,0.0,0.0,0.0,0.0,0.0,7.4,0.0,0.0,0.0,0,0,0,7.3,0.0,0,0,0,0,6578.0,5879.0,363,武汉未蓝原创,3男3女 5.0小时 进阶 2022.12发行,,huxiaoli_ipad_ratings.csv,huxiaoli,ipad,3,3,6,,5.0,进阶,2022,12,6,2022-12-01,4-5h,False,True
503,当长河再度流淌,当长河再度流淌时,7.7,7.3,6.8,0.0,0.0,0.0,0.0,0.0,0.0,0.0,0.0,0,0,0,8.4,0.0,0,0,0,0,1.4,11872.0,587,咪咕挑灯工作室; 葵花工作室,3男3女 4.5小时 进阶 2022.09发行,,huxiaoli_ipad_ratings.csv,huxiaoli,ipad,3,3,6,,4.5,进阶,2022,9,6,2022-09-01,4-5h,True,False
510,无名之町下,无名之町·下,7.7,7.8,0.0,7.1,0.0,0.0,0.0,7.6,0.0,0.0,0.0,0,0,0,0.0,0.0,0,0,0,0,1.1,6799.0,412,五味子剧制,3男3女 5.5小时 进阶,,huxiaoli_ipad_ratings.csv,huxiaoli,ipad,3,3,6,,5.5,进阶,,,6,,5-6h,True,False
511,克莱因囚笼,启元：克莱因囚笼,8.5,7.5,8.1,0.0,0.0,0.0,0.0,0.0,0.0,0.0,7.7,0,0,0,0.0,0.0,0,0,0,0,19022.0,17461.0,1742,二类人生剧制,百本选手说剧本:剧本《启元:克莱因囚笼》6人本 4男2女 剧本类型:城限本 推理本 游戏时间:5.5小时左右 👬适合人群：逻辑流 玩家 ❤剧情感受：🈶 ...全文,,huxiaoli_ipad_ratings.csv,huxiaoli,ipad,4,2,6,6,5.5,,,,6,,5-6h,False,True
514,叫爸爸2丧尸ruarua,叫爸爸2：丧尸RuaRua,7.0,7.1,0.0,0.0,7.3,0.0,6.8,0.0,0.0,0.0,0.0,0,0,0,0.0,0.0,0,0,0,0,3.8,28100.0,879,SSR推理发行工作室,3男3女 4.5小时 新手 2023.01发行,未来 机制 欢乐 末日,huxiaoli_ipad_ratings.csv,huxiaoli,ipad,3,3,6,,4.5,新手,2023,1,6,2023-01-01,4-5h,True,False
515,zooooo进化大作战,Zooooo！进化大作战！,7.6,6.9,0.0,0.0,7.7,0.0,7.2,0.0,0.0,0.0,0.0,0,0,0,0.0,0.0,0,0,0,0,3.8,46241.0,2408,可疑的宣发工作室; 帽子戏法工作室,4男3女 5.0小时 进阶 2023.01发行,架空 机制 欢乐 拟人,huxiaoli_ipad_ratings.csv,huxiaoli,ipad,4,3,7,,5.0,进阶,2023,1,7,2023-01-01,4-5h,True,False
516,有人说于归,有人说·于归,7.1,7.1,0.0,0.0,0.0,7.2,0.0,0.0,0.0,0.0,7.2,0,0,0,0.0,0.0,0,0,0,0,2.1,8357.0,384,时间裂缝,3男3女 4.5小时 进阶 2023.01发行,古风 情感 食玩 玄幻,huxiaoli_ipad_ratings.csv,huxiaoli,ipad,3,3,6,,4.5,进阶,2023,1,6,2023-01-01,4-5h,True,False
526,吾自齐天2,吾自齐天2：奉君天阙客,7.7,7.3,0.0,0.0,0.0,7.4,0.0,0.0,0.0,7.7,0.0,0,0,0,0.0,0.0,0,0,0,0,1.1,3591.0,179,翰林院工作室,3男3女 4.5小时 新手 2022.07发行,古风 情感 演绎 神话,huxiaoli_ipad_ratings.csv,huxiaoli,ipad,3,3,6,,4.5,新手,2022,7,6,2022-07-01,4-5h,True,False
528,dog,DOG,8.1,7.9,0.0,0.0,0.0,7.5,0.0,0.0,7.6,0.0,0.0,0,0,0,0.0,0.0,0,0,0,0,1.1,14587.0,1189,岛屿工作室,4男2女 5.0小时 新手 2022.10发行,架空 情感 沉浸 科幻,huxiaoli_ipad_ratings.csv,huxiaoli,ipad,4,2,6,,5.0,新手,2022,10,6,2022-10-01,4-5h,True,False
531,圣杯侦探和倒霉蛋,圣杯、侦探和倒霉蛋,5.1,5.5,5.8,5.6,0.0,0.0,0.0,0.0,0.0,0.0,0.0,0,0,0,0.0,0.0,0,0,0,0,8806.0,7670.0,543,苏墨工作室; 起源ORIGIN工作室,4男2女 6.5小时 进阶 2023.01发行,,huxiaoli_ipad_ratings.csv,huxiaoli,ipad,4,2,6,,6.5,进阶,2023,1,6,2023-01-01,6-8h,False,True
541,YiYi,Yi Yi,7.5,7.3,0.0,0.0,0.0,7.4,0.0,0.0,7.3,0.0,0.0,0,0,0,0.0,0.0,0,0,0,0,1.1,5521.0,425,坏达摩工作室,4男3女 6.0小时 新手 2023.02发行,中式 情感 沉浸 都市,huxiaoli_ipad_ratings.csv,huxiaoli,ipad,4,3,7,,6.0,新手,2023,2,7,2023-02-01,5-6h,True,False
542,乱神志耀斑,乱神志·耀斑,7.2,7.5,0.0,6.4,0.0,0.0,0.0,6.9,0.0,0.0,0.0,0,0,0,0.0,0.0,0,0,0,0,5049.0,13469.0,708,乱神企划工作室,4男4女 5.0小时 进阶 2022.09发行,,huxiaoli_ipad_ratings.csv,huxiaoli,ipad,4,4,8,,5.0,进阶,2022,9,8,2022-09-01,4-5h,False,True
544,心愿杂货铺,心愿杂货铺,7.0,7.0,0.0,0.0,7.0,0.0,7.0,0.0,0.0,0.0,0.0,0,0,0,0.0,0.0,0,0,0,0,3.8,2918.0,77,不挑事原创工作室,心愿杂货铺 人数：7人（4男3女 不可反串） 游戏时常：3-4小时 类型：城限 现代 欢乐 情感 体验地点：哈尔滨市听风阁演绎推理馆 在喜欢在杂货铺里故意买放了很久很久...全文,中式 机制 欢乐 校园,huxiaoli_ipad_ratings.csv,huxiaoli,ipad,4,3,7,7,4.0,,,,7,,3-4h,True,False
545,鲁冰花,鲁冰花,6.7,6.7,6.6,0.0,0.0,7.0,0.0,0.0,0.0,0.0,0.0,0,0,0,0.0,0.0,0,0,0,0,2.8,6124.0,129,故事作坊,3男3女 4.5小时 进阶 2021.05发行,中式 推理 沉浸 都市,huxiaoli_ipad_ratings.csv,huxiaoli,ipad,3,3,6,,4.5,进阶,2021,5,6,2021-05-01,4-5h,True,False
546,花衣魔笛手,花衣魔笛手,7.4,7.2,0.0,0.0,0.0,0.0,0.0,7.0,0.0,0.0,0.0,0,0,0,0.0,0.0,0,0,0,0,11.3,4493.0,345,百里芳菲工作室,3男3女 5.5小时 进阶 2023.03发行,,huxiaoli_ipad_ratings.csv,huxiaoli,ipad,3,3,6,,5.5,进阶,2023,3,6,2023-03-01,5-6h,True,False
547,落水狗,落水狗,7.4,7.0,7.1,6.8,0.0,0.0,0.0,0.0,0.0,0.0,0.0,0,0,0,0.0,0.0,0,0,0,0,4627.0,3086.0,196,叁叁零制片厂,4男2女 6.0小时 进阶 2022.06发行,,huxiaoli_ipad_ratings.csv,huxiaoli,ipad,4,2,6,,6.0,进阶,2022,6,6,2022-06-01,5-6h,False,True
548,定风波,定风波,7.4,7.3,0.0,0.0,0.0,7.3,6.6,0.0,0.0,0.0,0.0,0,0,0,0.0,0.0,0,0,0,0,7607.0,5017.0,219,九狸剧制,4男3女 5.0小时 进阶,古风 机制 沉浸 武侠,huxiaoli_ipad_ratings.csv,huxiaoli,ipad,4,3,7,,5.0,进阶,,,7,,4-5h,False,True
549,B612,B612,7.6,7.0,0.0,0.0,0.0,7.5,7.2,0.0,0.0,0.0,0.0,0,0,0,0.0,0.0,0,0,0,0,7607.0,8474.0,765,百玄文创工作室,3男3女 5.0小时 进阶 2023.02发行,中式 机制 沉浸 思辨,huxiaoli_ipad_ratings.csv,huxiaoli,ipad,3,3,6,,5.0,进阶,2023,2,6,2023-02-01,4-5h,False,True
552,乌贼公寓,乌贼公寓,6.0,6.2,0.0,0.0,0.0,0.0,0.0,0.0,6.5,0.0,0.0,0,0,0,0.0,0.0,0,0,0,0,4292.0,5882.0,434,折子戏工作室,4男3女 6.0小时 进阶 2022.10发行,日式 情感 治愈 其他,huxiaoli_ipad_ratings.csv,huxiaoli,ipad,4,3,7,,6.0,进阶,2022,10,7,2022-10-01,5-6h,False,True
553,被焰火照亮的嫌疑犯,被焰火照亮的嫌疑犯,8.1,7.8,7.2,7.1,0.0,0.0,0.0,0.0,0.0,0.0,0.0,0,0,0,0.0,0.0,0,0,0,0,21728.0,38244.0,2927,万物可爱,4男2女 5.5小时 进阶 2023.01发行,日式 推理 悬疑 都市,huxiaoli_ipad_ratings.csv,huxiaoli,ipad,4,2,6,,5.5,进阶,2023,1,6,2023-01-01,5-6h,False,True
554,星空之旅银河列车,星空之旅：银河列车,6.6,6.6,0.0,0.0,0.0,0.0,0.0,0.0,6.6,0.0,0.0,0,0,0,0.0,0.0,0,0,0,0,4292.0,1174.0,141,芙蕾米的创作工坊,3男3女 5.5小时 进阶 2023.02发行,,huxiaoli_ipad_ratings.csv,huxiaoli,ipad,3,3,6,,5.5,进阶,2023,2,6,2023-02-01,5-6h,False,True
555,虚构幻想,虚构幻想,8.2,7.6,7.7,0.0,0.0,0.0,0.0,0.0,0.0,0.0,7.5,0,0,0,0.0,0.0,0,0,0,0,30936.0,38786.0,3421,曼彻斯特書局,3男3女 5.0小时 进阶 2023.03发行,,huxiaoli_ipad_ratings.csv,huxiaoli,ipad,3,3,6,,5.0,进阶,2023,3,6,2023-03-01,4-5h,False,True
556,茕茕,茕茕,7.0,6.9,0.0,0.0,0.0,7.2,0.0,0.0,7.1,0.0,0.0,0,0,0,0.0,0.0,0,0,0,0,1.1,18711.0,1615,伍指山,3男3女 5.0小时 新手 2023.03发行,古风 情感 沉浸 权谋,huxiaoli_ipad_ratings.csv,huxiaoli,ipad,3,3,6,,5.0,新手,2023,3,6,2023-03-01,4-5h,True,False
557,哀悼的夜莺,哀悼的夜莺,7.2,7.3,0.0,0.0,0.0,7.5,0.0,6.9,0.0,0.0,0.0,0,0,0,0.0,0.0,0,0,0,0,3082.0,3157.0,152,糖果发行工作室,3男3女 4.5小时 进阶 2022.04发行,,huxiaoli_ipad_ratings.csv,huxiaoli,ipad,3,3,6,,4.5,进阶,2022,4,6,2022-04-01,4-5h,False,True
558,这个杀手有点东西但不多,这个杀手有点东西，但不多,6.0,6.2,0.0,0.0,6.9,0.0,6.3,0.0,0.0,0.0,0.0,0,0,0,0.0,0.0,0,0,0,0,3.8,30701.0,1101,十库工作室,先说结论:推荐 剧本类型:盒装，欢乐机制游戏人数:6人(3男3女)推荐人物:陈思卿游戏时长:4小时 无剧透测评:整个本的质量鉴于一般和推荐之间，相对于很多盒装来说这个本还是有些长处的，同时这个本还是有特殊受众面的，如果是新手，我可以给到...全文,中式 机制 欢乐 都市,huxiaoli_ipad_ratings.csv,huxiaoli,ipad,3,3,6,6,4.0,新手,,,6,,3-4h,True,False
560,像你一样的我雪融,像你一样的我·雪融,3.0,0.0,0.0,0.0,0.0,0.0,0.0,0.0,0.0,0.0,0.0,0,0,0,0.0,0.0,0,0,0,0,7607.0,0.0,0,無花果工作室,3男3女 4.5小时 进阶 2022.01发行,中式 机制 沉浸 都市,huxiaoli_ipad_ratings.csv,huxiaoli,ipad,3,3,6,,4.5,进阶,2022,1,6,2022-01-01,4-5h,False,True
561,恋爱规则怪谈,恋爱规则怪谈,6.0,6.1,0.0,0.0,6.8,0.0,6.1,0.0,0.0,0.0,0.0,0,0,0,0.0,0.0,0,0,0,0,3.8,11958.0,613,东方剧制,3男3女 4.5小时 新手 2023.03发行,架空 机制 欢乐 都市,huxiaoli_ipad_ratings.csv,huxiaoli,ipad,3,3,6,,4.5,新手,2023,3,6,2023-03-01,4-5h,True,False
562,福尔摩斯,福尔摩斯：最后一案,7.0,7.3,0.0,7.0,0.0,0.0,0.0,7.1,0.0,0.0,0.0,0,0,0,0.0,0.0,0,0,0,0,1.1,3702.0,343,十二行诗,百本选手说剧本:剧本《福尔摩斯:最后一案》6人本 3男3女 剧本类型:城限本 推理本 ip本 游戏时间:6小时左右 实话实说 这个本 首先 是一个 ip本 所以 我的 推荐人群 是 看过 福尔摩斯探案集 的 原著粉丝 因为 剧本里🈶 彩蛋 然后 这个本 是一个 推理本 用 基本演绎法 案件丝滑 故事 也还不错 适合新手 综上所述:一般偏上吧,,huxiaoli_ipad_ratings.csv,huxiaoli,ipad,3,3,6,6,6.0,新手,,,6,,5-6h,True,False
563,夕颜的告白,夕颜的告白,6.7,6.9,0.0,6.7,0.0,0.0,0.0,7.1,0.0,0.0,0.0,0,0,0,0.0,0.0,0,0,0,0,5049.0,3627.0,283,燃工作室,4男2女 5.0小时 高阶 2023.01发行,,huxiaoli_ipad_ratings.csv,huxiaoli,ipad,4,2,6,,5.0,高阶,2023,1,6,2023-01-01,4-5h,False,True
564,句号,句号,7.1,6.9,0.0,0.0,0.0,7.3,0.0,0.0,7.2,0.0,0.0,0,0,0,0.0,0.0,0,0,0,0,1.1,7218.0,531,狸猫文创,3男3女 4.5小时 新手 2023.02发行,中式 情感 沉浸 都市,huxiaoli_ipad_ratings.csv,huxiaoli,ipad,3,3,6,,4.5,新手,2023,2,6,2023-02-01,4-5h,True,False
566,不喜,不喜,8.7,8.5,7.2,0.0,0.0,0.0,0.0,0.0,0.0,0.0,0.0,0,0,0,0.0,0.0,0,0,0,0,31197.0,26680.0,2657,岛屿工作室,0男6女 4.5小时 进阶 2023.01发行,,huxiaoli_ipad_ratings.csv,huxiaoli,ipad,0,6,6,,4.5,进阶,2023,1,6,2023-01-01,4-5h,False,True
567,琢玉,琢玉,8.0,7.5,0.0,0.0,0.0,7.8,0.0,0.0,7.8,0.0,0.0,0,0,0,0.0,0.0,0,0,0,0,1.1,28835.0,2566,云水遥工作室; 慢热TUO,3男3女 5.5小时 进阶 2023.03发行,古风 情感 沉浸 家国,huxiaoli_ipad_ratings.csv,huxiaoli,ipad,3,3,6,,5.5,进阶,2023,3,6,2023-03-01,5-6h,True,False
568,灵异电视台封门村,灵异电视台：封门村,7.2,7.3,7.0,0.0,0.0,0.0,0.0,0.0,0.0,0.0,0.0,0,0,0,0.0,0.0,0,0,0,0,6450.0,8593.0,248,剧作时代,补测系列《灵异电视台:封门村》 📔剧本类型:中式｜惊悚｜推理本 👦玩家人数:三男三女 🕰体验时长:5小时 一部中式恐怖的推理本，故事写的很不错，...全文,,huxiaoli_ipad_ratings.csv,huxiaoli,ipad,3,3,6,,5.0,,,,6,,4-5h,False,True
569,白日昭只,白日昭只,7.5,7.5,7.1,0.0,0.0,7.2,0.0,0.0,0.0,0.0,0.0,0,0,0,0.0,0.0,0,0,0,0,3707.0,4620.0,194,谜因工作室,第230本 时长：6小时 配置：3男3女 作为一个微恐情感推理本，前期的民俗仪式对于脆皮玩家来说还是稍微有些不友好的。不过这部分和后面剧情的关系也不太大，建议在这里不浪费太...全文,日式 推理 演绎法 都市,huxiaoli_ipad_ratings.csv,huxiaoli,ipad,3,3,6,,6.0,,,,6,,5-6h,False,True
570,娜美娅之歌,娜美娅之歌,8.4,7.5,7.8,7.4,0.0,0.0,0.0,0.0,0.0,0.0,0.0,0,0,0,0.0,0.0,0,0,0,0,19808.0,16382.0,779,KEYS工作室,4男2女 4.0小时 进阶 2021.04发行,,huxiaoli_ipad_ratings.csv,huxiaoli,ipad,4,2,6,,4.0,进阶,2021,4,6,2021-04-01,3-4h,False,True
571,金陵有座东君客栈,金陵有座东君客栈,7.0,7.1,0.0,0.0,7.3,0.0,7.2,0.0,0.0,0.0,0.0,0,0,0,0.0,0.0,0,0,0,0,3.8,13740.0,292,九州长歌工作室,3男3女 4.5小时 进阶 2022.11发行,架空 机制 欢乐 其他,huxiaoli_ipad_ratings.csv,huxiaoli,ipad,3,3,6,,4.5,进阶,2022,11,6,2022-11-01,4-5h,True,False
574,念念,念念,7.0,7.1,0.0,0.0,0.0,7.3,0.0,0.0,7.2,0.0,0.0,0,0,0,0.0,0.0,0,0,0,0,1.1,7553.0,404,剧鲨文化,3男3女 4.0小时 进阶 2023.01发行,中式 情感 沉浸 都市,huxiaoli_ipad_ratings.csv,huxiaoli,ipad,3,3,6,,4.0,进阶,2023,1,6,2023-01-01,3-4h,True,False
575,治愈我,治愈我,8.0,0.0,0.0,0.0,0.0,0.0,0.0,0.0,0.0,0.0,0.0,0,0,0,0.0,0.0,0,0,0,0,1.4,0.0,0,刻己剧制,3男2女 4.0小时 新手,架空 推理 立意 新手,huxiaoli_ipad_ratings.csv,huxiaoli,ipad,3,2,5,,4.0,新手,,,5,,3-4h,True,False
576,人世间,人世间,6.8,6.9,0.0,0.0,0.0,7.1,0.0,0.0,7.0,0.0,0.0,0,0,0,0.0,0.0,0,0,0,0,1.1,2548.0,98,人间剧制,《人世间》是一个3男3女的近现代情感沉浸本，与大部分民国本那种水深火热的氛围相比较，《人世间》则更多的把视角放在了那个时期的小人物上，从小家到大家的展现了在当年的抗战时期，每个人甚至是每个家庭所做出的努力。《人世间》的游戏时长比较短暂，大概4-5小时就能结束，但这个本的沉浸时间比较...全文,中式 情感 沉浸 家国,huxiaoli_ipad_ratings.csv,huxiaoli,ipad,3,3,6,,5.0,,,,6,,4-5h,True,False
577,露从今夜白,露从今夜白,8.0,7.5,0.0,0.0,0.0,7.6,0.0,0.0,7.6,0.0,0.0,0,0,0,0.0,0.0,0,0,0,0,1.1,5676.0,433,慢热TUO,2男4女 4.5小时 新手 2023.01发行,中式 情感 沉浸 其他,huxiaoli_ipad_ratings.csv,huxiaoli,ipad,2,4,6,,4.5,新手,2023,1,6,2023-01-01,4-5h,True,False
578,梦里依稀灯火寒,梦里依稀灯火寒,8.0,0.0,0.0,0.0,0.0,0.0,0.0,0.0,0.0,0.0,0.0,0,0,0,0.0,0.0,0,0,0,0,3082.0,0.0,0,末晗文化,4男3女 4.5小时 进阶 2020.12发行,古风 还原 沉浸 武侠,huxiaoli_ipad_ratings.csv,huxiaoli,ipad,4,3,7,,4.5,进阶,2020,12,7,2020-12-01,4-5h,False,True
579,芳华养老院,芳华养老院,7.1,7.0,0.0,0.0,7.4,0.0,0.0,0.0,7.1,0.0,0.0,0,0,0,0.0,0.0,0,0,0,0,454.0,1475.0,66,鼎甜工作室; 大吸盘工作室,4男4女 5.0小时 进阶 2022.07发行,,huxiaoli_ipad_ratings.csv,huxiaoli,ipad,4,4,8,,5.0,进阶,2022,7,8,2022-07-01,4-5h,False,True
580,雾隐村,雾隐村,6.0,6.3,0.0,6.2,0.0,0.0,0.0,6.6,0.0,0.0,0.0,0,0,0,0.0,0.0,0,0,0,0,4.5,48549.0,3297,久闻,5男1女 6.0小时 高阶 2023.03发行,,huxiaoli_ipad_ratings.csv,huxiaoli,ipad,5,1,6,,6.0,高阶,2023,3,6,2023-03-01,5-6h,True,False
581,聊斋异世录,聊斋异世录,6.7,7.0,0.0,0.0,0.0,7.1,0.0,0.0,6.9,0.0,0.0,0,0,0,0.0,0.0,0,0,0,0,1.1,21271.0,1906,折子戏工作室,3男4女 5.5小时 进阶 2023.01发行,古风 情感 沉浸 玄幻,huxiaoli_ipad_ratings.csv,huxiaoli,ipad,3,4,7,,5.5,进阶,2023,1,7,2023-01-01,5-6h,True,False
582,隐匿于零度之下,隐匿于零度之下,7.0,7.0,7.1,6.8,0.0,0.0,0.0,0.0,0.0,0.0,0.0,0,0,0,0.0,0.0,0,0,0,0,9074.0,15041.0,712,剧六文娱,4男2女 6.0小时 高阶 2022.06发行,,huxiaoli_ipad_ratings.csv,huxiaoli,ipad,4,2,6,,6.0,高阶,2022,6,6,2022-06-01,5-6h,False,True
583,所念皆星河,所念皆星河,6.4,6.5,0.0,0.0,0.0,6.9,0.0,0.0,0.0,7.0,0.0,0,0,0,0.0,0.0,0,0,0,0,1.1,10875.0,163,彼岸花; 造梦人文创,3男3女 4.0小时 进阶 2021.03发行,,huxiaoli_ipad_ratings.csv,huxiaoli,ipad,3,3,6,,4.0,进阶,2021,3,6,2021-03-01,3-4h,True,False
584,玫瑰歌舞厅,玫瑰歌舞厅,6.5,6.6,0.0,0.0,0.0,6.7,0.0,0.0,6.8,0.0,0.0,0,0,0,0.0,0.0,0,0,0,0,1.1,5390.0,382,九州长歌工作室; 稻草人工作室,3男3女 5.0小时 进阶,中式 情感 沉浸 都市,huxiaoli_ipad_ratings.csv,huxiaoli,ipad,3,3,6,,5.0,进阶,,,6,,4-5h,True,False
585,雾岛家杀人事件,雾岛家杀人事件,7.0,6.8,7.1,6.7,0.0,0.0,0.0,0.0,0.0,0.0,0.0,0,0,0,0.0,0.0,0,0,0,0,20246.0,28622.0,1566,鱼玄机工作室; 东方剧制,3男3女 7.0小时 高阶 2022.07发行,日式 推理 演绎法 都市,huxiaoli_ipad_ratings.csv,huxiaoli,ipad,3,3,6,,7.0,高阶,2022,7,6,2022-07-01,6-8h,False,True
587,黯黯,黯黯,6.4,6.4,0.0,0.0,0.0,6.9,0.0,0.0,6.9,0.0,0.0,0,0,0,0.0,0.0,0,0,0,0,1.1,23785.0,2034,长青工作室,3男3女 5.0小时 新手 2023.02发行,古风 情感 沉浸 玄幻,huxiaoli_ipad_ratings.csv,huxiaoli,ipad,3,3,6,,5.0,新手,2023,2,6,2023-02-01,4-5h,True,False
588,寄生虫,寄生虫,7.9,7.3,7.7,0.0,0.0,0.0,0.0,0.0,0.0,0.0,0.0,0,0,0,0.0,0.0,0,0,0,0,590.0,2327.0,79,悖匠原创推理工作室,4男2女 4.0小时 进阶 2020.01发行,,huxiaoli_ipad_ratings.csv,huxiaoli,ipad,4,2,6,,4.0,进阶,2020,1,6,2020-01-01,3-4h,False,True
589,我想杀了我最好的朋友,我想杀了我最好的朋友,6.3,6.6,0.0,0.0,6.3,0.0,0.0,6.1,0.0,0.0,0.0,0,0,0,0.0,0.0,0,0,0,0,99.0,14687.0,713,归途工作室,3男3女 4.5小时 新手 2023.03发行,中式 还原 欢乐 新手,huxiaoli_ipad_ratings.csv,huxiaoli,ipad,3,3,6,,4.5,新手,2023,3,6,2023-03-01,4-5h,True,False
592,天气好的时候我会去见你,天气好的时候，我会去见你,7.5,7.1,0.0,0.0,0.0,7.4,6.9,0.0,0.0,0.0,0.0,0,0,0,0.0,0.0,0,0,0,0,7607.0,9994.0,698,风月发行,3男3女 5.0小时 进阶 2023.03发行,架空 机制 沉浸 都市,huxiaoli_ipad_ratings.csv,huxiaoli,ipad,3,3,6,,5.0,进阶,2023,3,6,2023-03-01,4-5h,False,True
594,销冠,销冠,5.0,0.0,0.0,0.0,0.0,0.0,0.0,0.0,0.0,0.0,0.0,0,0,0,0.0,0.0,0,0,0,0,3.8,0.0,0,入局文化,5男4女 5.0小时 进阶 2021.06发行,中式 机制 欢乐 都市,huxiaoli_ipad_ratings.csv,huxiaoli,ipad,5,4,9,,5.0,进阶,2021,6,9,2021-06-01,4-5h,True,False
595,意难平,意难平,7.0,6.9,0.0,0.0,0.0,7.2,6.6,0.0,0.0,0.0,0.0,0,0,0,0.0,0.0,0,0,0,0,7607.0,9947.0,502,红袖工作室,3男3女 4.5小时 进阶 2022.07发行,中式 机制 沉浸 都市,huxiaoli_ipad_ratings.csv,huxiaoli,ipad,3,3,6,,4.5,进阶,2022,7,6,2022-07-01,4-5h,False,True
596,7日游戏,7日游戏,6.7,6.9,6.8,6.8,0.0,0.0,0.0,0.0,0.0,0.0,0.0,0,0,0,0.0,0.0,0,0,0,0,3853.0,812.0,77,戏精剧本杀,《7日游戏》展会私车测评 类型：推理 机制 未来 配置：3男3女 时长：5小时 人物：...全文,,huxiaoli_ipad_ratings.csv,huxiaoli,ipad,3,3,6,,5.0,,,,6,,4-5h,False,True
597,逃离北极,逃离北极,6.1,6.4,0.0,0.0,6.4,0.0,6.7,0.0,0.0,0.0,0.0,0,0,0,0.0,0.0,0,0,0,0,3.8,8250.0,236,浮生文宝工作室,9男1女 4.5小时 进阶 2021.11发行,欧美 机制 欢乐 都市,huxiaoli_ipad_ratings.csv,huxiaoli,ipad,9,1,10,,4.5,进阶,2021,11,10,2021-11-01,4-5h,True,False
599,极目不见故土,极目不见故土,7.3,7.3,0.0,0.0,7.0,0.0,0.0,0.0,0.0,0.0,0.0,0,0,0,0.0,7.1,0,0,0,0,5.8,56977.0,2491,脑力觉醒,3男3女 4.0小时 新手 2023.05发行,民国 阵营 欢乐 新手,huxiaoli_ipad_ratings.csv,huxiaoli,ipad,3,3,6,,4.0,新手,2023,5,6,2023-05-01,3-4h,True,False
601,超级灵魂画手,超级灵魂画手,7.1,6.6,0.0,0.0,7.7,0.0,6.8,0.0,0.0,0.0,0.0,0,0,0,0.0,0.0,0,0,0,0,3.8,27250.0,995,凰扑君笑,4男3女 4.0小时 进阶 2022.10发行,架空 机制 欢乐 都市,huxiaoli_ipad_ratings.csv,huxiaoli,ipad,4,3,7,,4.0,进阶,2022,10,7,2022-10-01,3-4h,True,False
602,菜市场,菜市场,6.4,6.3,5.6,0.0,7.2,0.0,0.0,0.0,0.0,0.0,0.0,0,0,0,0.0,0.0,0,0,0,0,2557.0,32043.0,753,久闻,4男3女 3.0小时 新手 2021.09发行,中式 推理 欢乐 都市,huxiaoli_ipad_ratings.csv,huxiaoli,ipad,4,3,7,,3.0,新手,2021,9,7,2021-09-01,<=3h,False,True
603,朱雀衣,朱雀衣,7.0,6.8,0.0,0.0,6.9,0.0,0.0,0.0,0.0,0.0,0.0,0,0,0,0.0,7.1,0,0,0,0,5.8,8876.0,247,瑶池工作室,4男4女 4.0小时 进阶 2021.05发行,,huxiaoli_ipad_ratings.csv,huxiaoli,ipad,4,4,8,,4.0,进阶,2021,5,8,2021-05-01,3-4h,True,False
605,戏鬼,戏鬼,7.2,7.3,0.0,0.0,0.0,0.0,0.0,7.4,0.0,0.0,0.0,0,0,0,7.0,0.0,0,0,0,0,6578.0,7913.0,588,帽子戏法工作室,3男3女 5.0小时 进阶 2022.11发行,,huxiaoli_ipad_ratings.csv,huxiaoli,ipad,3,3,6,,5.0,进阶,2022,11,6,2022-11-01,4-5h,False,True
606,十虎,十虎,7.4,7.0,0.0,0.0,0.0,7.1,0.0,0.0,7.3,0.0,0.0,0,0,0,0.0,0.0,0,0,0,0,1.1,16545.0,1695,剧喵工作室,3男3女 5.0小时 进阶 2023.03发行,,huxiaoli_ipad_ratings.csv,huxiaoli,ipad,3,3,6,,5.0,进阶,2023,3,6,2023-03-01,4-5h,True,False
608,望左弥敦,望左弥敦,7.7,7.4,7.2,6.9,0.0,0.0,0.0,0.0,0.0,0.0,0.0,0,0,0,0.0,0.0,0,0,0,0,15915.0,19908.0,1871,九有出品,3男3女 5.5小时 新手 2023.03发行,港澳 推理 悬疑 新手,huxiaoli_ipad_ratings.csv,huxiaoli,ipad,3,3,6,,5.5,新手,2023,3,6,2023-03-01,5-6h,False,True
609,齐天,齐天,7.6,6.8,0.0,0.0,7.2,0.0,7.6,0.0,0.0,0.0,0.0,0,0,0,0.0,0.0,0,0,0,0,3161.0,54457.0,4522,FB发行工作室,5男3女 6.0小时 新手 2023.03发行,架空 机制 博弈 新手,huxiaoli_ipad_ratings.csv,huxiaoli,ipad,5,3,8,,6.0,新手,2023,3,8,2023-03-01,5-6h,False,True
610,持斧奥夫2蒙特实验,持斧奥夫2：蒙特实验,7.9,7.3,0.0,7.6,0.0,0.0,0.0,7.6,0.0,0.0,0.0,0,0,0,0.0,0.0,0,0,0,0,5049.0,26092.0,2901,本该如此,5男1女 7.5小时 高阶 2023.02发行,,huxiaoli_ipad_ratings.csv,huxiaoli,ipad,5,1,6,,7.5,高阶,2023,2,6,2023-02-01,6-8h,False,True
611,虚明之主2天空上的海平面,虚明之主2：天空上的海平面,7.7,7.2,7.3,6.9,0.0,0.0,0.0,0.0,0.0,0.0,0.0,0,0,0,0.0,0.0,0,0,0,0,11250.0,10505.0,898,集闲社文创,3男3女 5.0小时 进阶 2023.04发行,,huxiaoli_ipad_ratings.csv,huxiaoli,ipad,3,3,6,,5.0,进阶,2023,4,6,2023-04-01,4-5h,False,True
612,谁让我穿上了小熊睡衣,谁让我穿上了小熊睡衣,5.0,5.6,5.3,0.0,0.0,0.0,0.0,0.0,0.0,0.0,0.0,0,0,0,0.0,0.0,0,0,0,0,5071.0,13470.0,560,畅读剧制,3男3女 4.5小时 新手 2023.03发行,,huxiaoli_ipad_ratings.csv,huxiaoli,ipad,3,3,6,,4.5,新手,2023,3,6,2023-03-01,4-5h,False,True
613,坏蛋,坏蛋,6.6,6.6,0.0,0.0,0.0,6.5,0.0,0.0,6.5,0.0,0.0,0,0,0,0.0,0.0,0,0,0,0,1.1,11006.0,447,造梦人文创; 李白工作室,3男3女 4.5小时 进阶 2023.03发行,古风 情感 沉浸 怪谈,huxiaoli_ipad_ratings.csv,huxiaoli,ipad,3,3,6,,4.5,进阶,2023,3,6,2023-03-01,4-5h,True,False
614,不适合复仇的夜晚,不适合复仇的夜晚,7.2,7.4,7.2,6.8,0.0,0.0,0.0,0.0,0.0,0.0,0.0,0,0,0,0.0,0.0,0,0,0,0,10120.0,6276.0,534,贵阳·不二,4男2女 5.5小时 进阶 2023.04发行,,huxiaoli_ipad_ratings.csv,huxiaoli,ipad,4,2,6,,5.5,进阶,2023,4,6,2023-04-01,5-6h,False,True
615,手写的从前,手写的从前,6.0,5.9,0.0,0.0,0.0,6.0,0.0,0.0,6.0,0.0,0.0,0,0,0,0.0,0.0,0,0,0,0,1.1,972.0,124,MT麦田剧本发行社,3男3女 4.5小时 新手 2023.03发行,中式 情感 沉浸 校园,huxiaoli_ipad_ratings.csv,huxiaoli,ipad,3,3,6,,4.5,新手,2023,3,6,2023-03-01,4-5h,True,False
616,暮色四合,暮色四合,8.6,8.1,0.0,0.0,0.0,8.2,0.0,0.0,8.1,0.0,0.0,0,0,0,0.0,0.0,0,0,0,0,1.1,38608.0,4242,二次曝光工作室,3男3女 4.5小时 进阶 2023.04发行,中式 情感 沉浸 成长,huxiaoli_ipad_ratings.csv,huxiaoli,ipad,3,3,6,,4.5,进阶,2023,4,6,2023-04-01,4-5h,True,False
617,辛末十四年,辛末十四年,10.0,0.0,0.0,0.0,0.0,0.0,0.0,0.0,0.0,0.0,0.0,0,0,0,0.0,0.0,0,0,0,0,1.1,0.0,0,墨盏剧制,3男3女 5.5小时 进阶 2022.10发行,中式 情感 沉浸 家国,huxiaoli_ipad_ratings.csv,huxiaoli,ipad,3,3,6,,5.5,进阶,2022,10,6,2022-10-01,5-6h,True,False
618,星光电台,星光电台,8.2,7.7,0.0,0.0,0.0,7.6,0.0,0.0,0.0,0.0,0.0,0,0,0,8.2,0.0,0,0,0,0,1.1,20787.0,2058,表里山河创作,3男3女 5.5小时 进阶 2023.03发行,,huxiaoli_ipad_ratings.csv,huxiaoli,ipad,3,3,6,,5.5,进阶,2023,3,6,2023-03-01,5-6h,True,False
619,黑巫术山庄,黑巫术山庄,8.2,7.7,7.7,0.0,0.0,0.0,0.0,0.0,0.0,0.0,7.5,0,0,0,0.0,0.0,0,0,0,0,34804.0,63848.0,6114,慢热TUO,3男3女 5.0小时 进阶 2023.03发行,,huxiaoli_ipad_ratings.csv,huxiaoli,ipad,3,3,6,,5.0,进阶,2023,3,6,2023-03-01,4-5h,False,True
620,时光作渡,时光作渡,7.3,7.1,0.0,0.0,0.0,7.4,0.0,0.0,0.0,8.1,0.0,0,0,0,0.0,0.0,0,0,0,0,1.1,8453.0,739,3502发行工作室,3男3女 4.5小时 新手 2023.04发行,架空 情感 演绎 新手,huxiaoli_ipad_ratings.csv,huxiaoli,ipad,3,3,6,,4.5,新手,2023,4,6,2023-04-01,4-5h,True,False
621,永利街13号,永利街13号,6.8,7.0,0.0,0.0,0.0,0.0,0.0,7.0,0.0,0.0,0.0,0,0,0,0.0,0.0,0,0,0,0,11.3,19257.0,760,福尔马麟,3男3女 4.5小时 新手 2023.04发行,,huxiaoli_ipad_ratings.csv,huxiaoli,ipad,3,3,6,,4.5,新手,2023,4,6,2023-04-01,4-5h,True,False
622,人在部落朝九晚五,人在部落，朝九晚五,8.0,0.0,0.0,0.0,0.0,0.0,0.0,0.0,0.0,0.0,0.0,0,0,0,0.0,0.0,0,0,0,0,3.8,0.0,0,剧堆,3男3女 4.5小时 进阶 2022.03发行,架空 机制 欢乐 都市,huxiaoli_ipad_ratings.csv,huxiaoli,ipad,3,3,6,,4.5,进阶,2022,3,6,2022-03-01,4-5h,True,False
623,当窥视降临,当窥视降临,7.9,7.4,0.0,7.2,0.0,0.0,0.0,7.7,0.0,0.0,0.0,0,0,0,0.0,0.0,0,0,0,0,5049.0,16742.0,1000,佛言剧本工作室,4男3女 6.0小时 高阶 2022.05发行,,huxiaoli_ipad_ratings.csv,huxiaoli,ipad,4,3,7,,6.0,高阶,2022,5,7,2022-05-01,5-6h,False,True
626,克莱因湖,克莱因湖,7.7,7.2,0.0,0.0,0.0,0.0,0.0,6.8,0.0,0.0,0.0,0,0,0,7.6,0.0,0,0,0,0,6578.0,4740.0,239,萧氏剧盟,3男2女 4.5小时 进阶 2022.05发行,,huxiaoli_ipad_ratings.csv,huxiaoli,ipad,3,2,5,,4.5,进阶,2022,5,5,2022-05-01,4-5h,False,True
627,日恩即意安,日恩即意安,7.6,7.5,0.0,0.0,0.0,7.5,7.3,0.0,0.0,0.0,0.0,0,0,0,0.0,0.0,0,0,0,0,7607.0,9679.0,394,命阁文创,3男3女 4.0小时 进阶 2022.04发行,架空 机制 沉浸 都市,huxiaoli_ipad_ratings.csv,huxiaoli,ipad,3,3,6,,4.0,进阶,2022,4,6,2022-04-01,3-4h,False,True
628,紫夜长歌,紫夜长歌,8.0,0.0,0.0,0.0,0.0,0.0,0.0,0.0,0.0,0.0,0.0,0,0,0,0.0,0.0,0,0,0,0,1.1,0.0,0,下一秒剧制,3男3女 5.0小时 新手 2023.01发行,古风 情感 沉浸 家国,huxiaoli_ipad_ratings.csv,huxiaoli,ipad,3,3,6,,5.0,新手,2023,1,6,2023-01-01,4-5h,True,False
629,灵凰曲,灵凰曲,6.1,6.2,0.0,0.0,0.0,6.4,0.0,5.9,0.0,0.0,0.0,0,0,0,0.0,0.0,0,0,0,0,3082.0,1723.0,191,无间剧制工作室,3男3女 5.0小时 进阶 2023.04发行,古风 还原 沉浸 其他,huxiaoli_ipad_ratings.csv,huxiaoli,ipad,3,3,6,,5.0,进阶,2023,4,6,2023-04-01,4-5h,False,True
630,贺兰晴雪,贺兰晴雪,6.0,6.3,0.0,0.0,0.0,6.6,0.0,6.0,0.0,0.0,0.0,0,0,0,0.0,0.0,0,0,0,0,3082.0,4060.0,389,蓝鲸剧制,3男3女 4.0小时 进阶 2023.05发行,古风 还原 沉浸 家国,huxiaoli_ipad_ratings.csv,huxiaoli,ipad,3,3,6,,4.0,进阶,2023,5,6,2023-05-01,3-4h,False,True
631,雪地里相爱,雪地里相爱,6.2,6.3,0.0,0.0,0.0,6.6,0.0,0.0,6.5,0.0,0.0,0,0,0,0.0,0.0,0,0,0,0,1.1,10433.0,740,云珂工作室,3男3女 4.5小时 新手 2023.05发行,架空 情感 沉浸 都市,huxiaoli_ipad_ratings.csv,huxiaoli,ipad,3,3,6,,4.5,新手,2023,5,6,2023-05-01,4-5h,True,False
633,三十三,三十三,7.0,7.0,7.0,0.0,0.0,0.0,0.0,0.0,0.0,0.0,0.0,0,0,0,7.1,0.0,0,0,0,0,1.4,4554.0,118,羊刀工作室,5男5女 4.5小时 进阶 2021.09发行,,huxiaoli_ipad_ratings.csv,huxiaoli,ipad,5,5,10,,4.5,进阶,2021,9,10,2021-09-01,4-5h,True,False
634,漫画里的小黑人,漫画里的小黑人,5.6,5.9,0.0,0.0,6.5,0.0,0.0,5.8,0.0,0.0,0.0,0,0,0,0.0,0.0,0,0,0,0,99.0,4266.0,263,三生烟火,3男3女 4.5小时 新手 2023.04发行,,huxiaoli_ipad_ratings.csv,huxiaoli,ipad,3,3,6,,4.5,新手,2023,4,6,2023-04-01,4-5h,True,False
635,皮格马利翁,皮格马利翁,7.4,7.3,7.3,0.0,0.0,0.0,0.0,0.0,0.0,0.0,7.0,0,0,0,0.0,0.0,0,0,0,0,14806.0,8412.0,783,剧沐文化,4男2女 6.0小时 高阶 2023.03发行,,huxiaoli_ipad_ratings.csv,huxiaoli,ipad,4,2,6,,6.0,高阶,2023,3,6,2023-03-01,5-6h,False,True
636,谁杀了河狸爸爸,谁杀了河狸爸爸,8.1,7.5,0.0,0.0,7.9,0.0,7.2,0.0,0.0,0.0,0.0,0,0,0,0.0,0.0,0,0,0,0,3.8,8763.0,337,探案笔记,《谁杀了河狸爸爸》无剧透 类型：欢乐，机制 人数：6男2女（可反串） 时长：5个小时 剧本叨叨： 很幸运，跨年夜选了这个本子，也选了这家...全文,架空 机制 欢乐 动物,huxiaoli_ipad_ratings.csv,huxiaoli,ipad,6,2,8,,5.0,,,,8,,4-5h,True,False
637,云上倾,云上倾,7.4,7.4,0.0,0.0,0.0,7.3,0.0,0.0,7.2,0.0,0.0,0,0,0,0.0,0.0,0,0,0,0,1.1,15509.0,1459,里安文创,3男3女 5.0小时 进阶 2023.04发行,古风 情感 沉浸 武侠,huxiaoli_ipad_ratings.csv,huxiaoli,ipad,3,3,6,,5.0,进阶,2023,4,6,2023-04-01,4-5h,True,False
638,月光酒馆,月光酒馆,7.9,7.4,0.0,0.0,0.0,7.5,0.0,0.0,0.0,7.8,0.0,0,0,0,0.0,0.0,0,0,0,0,1.1,31386.0,1348,预谋剧制,3男3女 5.0小时 进阶 2021.12发行,,huxiaoli_ipad_ratings.csv,huxiaoli,ipad,3,3,6,,5.0,进阶,2021,12,6,2021-12-01,4-5h,True,False
639,旧梦惊尘,旧梦惊尘,7.3,7.3,0.0,0.0,0.0,7.3,0.0,0.0,0.0,7.7,0.0,0,0,0,0.0,0.0,0,0,0,0,1.1,8313.0,181,折子戏工作室,3男4女 4.0小时 进阶 2020.05发行,,huxiaoli_ipad_ratings.csv,huxiaoli,ipad,3,4,7,,4.0,进阶,2020,5,7,2020-05-01,3-4h,True,False
640,虚明之主,虚明之主,7.8,7.1,7.6,7.1,0.0,0.0,0.0,0.0,0.0,0.0,0.0,0,0,0,0.0,0.0,0,0,0,0,17554.0,16187.0,1249,集闲社文创,3男3女 5.0小时 进阶 2022.10发行,,huxiaoli_ipad_ratings.csv,huxiaoli,ipad,3,3,6,,5.0,进阶,2022,10,6,2022-10-01,4-5h,False,True
641,昭昭2烈烈,昭昭2：烈烈,7.2,7.1,0.0,0.0,0.0,7.0,0.0,0.0,0.0,7.3,0.0,0,0,0,0.0,0.0,0,0,0,0,1.1,5048.0,198,凤栖梧剧制,4男3女 4.5小时 进阶,古风 情感 演绎 战争,huxiaoli_ipad_ratings.csv,huxiaoli,ipad,4,3,7,,4.5,进阶,,,7,,4-5h,True,False
642,谁炸了我家茅坑,谁炸了我家茅坑,5.4,6.1,0.0,0.0,6.8,0.0,6.1,0.0,0.0,0.0,0.0,0,0,0,0.0,0.0,0,0,0,0,3.8,9151.0,129,大圣工作室,4男2女 4.5小时 进阶 2021.02发行,架空 机制 欢乐 都市,huxiaoli_ipad_ratings.csv,huxiaoli,ipad,4,2,6,,4.5,进阶,2021,2,6,2021-02-01,4-5h,True,False
644,谋杀安徒生,谋杀安徒生,7.7,7.6,0.0,0.0,7.4,0.0,0.0,0.0,0.0,0.0,0.0,0,0,0,7.2,0.0,0,0,0,0,3.8,49491.0,2605,小生笔笔文创,3男3女 4.5小时 新手 2023.05发行,架空 机制 欢乐 童话,huxiaoli_ipad_ratings.csv,huxiaoli,ipad,3,3,6,,4.5,新手,2023,5,6,2023-05-01,4-5h,True,False
647,雾岛,雾岛,10.0,0.0,0.0,0.0,0.0,0.0,0.0,0.0,0.0,0.0,0.0,0,0,0,0.0,0.0,0,0,0,0,1.4,0.0,0,风云剧会,4男2女 4.5小时 进阶 2021.11发行,,huxiaoli_ipad_ratings.csv,huxiaoli,ipad,4,2,6,,4.5,进阶,2021,11,6,2021-11-01,4-5h,True,False
649,我予,我予,6.4,6.8,0.0,0.0,0.0,6.7,0.0,0.0,6.7,0.0,0.0,0,0,0,0.0,0.0,0,0,0,0,2.0,1574.0,181,山人文化; 桌立方,3男3女 5.0小时 高阶 2023.05发行,,huxiaoli_ipad_ratings.csv,huxiaoli,ipad,3,3,6,,5.0,高阶,2023,5,6,2023-05-01,4-5h,True,False
650,黑日,黑日,6.9,6.6,0.0,0.0,0.0,7.3,0.0,0.0,7.4,0.0,0.0,0,0,0,0.0,0.0,0,0,0,0,1.1,80840.0,7954,草庐; 大叔文创,2男4女 6.5小时 进阶 2023.05发行,架空 情感 沉浸 都市,huxiaoli_ipad_ratings.csv,huxiaoli,ipad,2,4,6,,6.5,进阶,2023,5,6,2023-05-01,6-8h,True,False
651,名侦探的试炼,名侦探的试炼,8.3,7.7,7.6,0.0,0.0,0.0,0.0,7.8,0.0,0.0,0.0,0,0,0,0.0,0.0,0,0,0,0,5049.0,35071.0,3790,天津剧盟发行工作室; 南本出品,3男3女 6.5小时 高阶 2023.04发行,,huxiaoli_ipad_ratings.csv,huxiaoli,ipad,3,3,6,,6.5,高阶,2023,4,6,2023-04-01,6-8h,False,True
652,百年家书,百年家书,6.6,6.6,0.0,0.0,0.0,6.9,0.0,0.0,6.9,0.0,0.0,0,0,0,0.0,0.0,0,0,0,0,1.1,16004.0,780,小女孩出品,3男3女 5.5小时 进阶 2022.07发行,中式 情感 沉浸 家国,huxiaoli_ipad_ratings.csv,huxiaoli,ipad,3,3,6,,5.5,进阶,2022,7,6,2022-07-01,5-6h,True,False
653,咸鱼天台,咸鱼天台,7.0,7.1,0.0,0.0,0.0,0.0,0.0,6.8,0.0,0.0,0.0,0,0,0,7.3,0.0,0,0,0,0,5149.0,2932.0,224,,3男3女 4.5小时 进阶 2023.02发行,,huxiaoli_ipad_ratings.csv,huxiaoli,ipad,3,3,6,,4.5,进阶,2023,2,6,2023-02-01,4-5h,False,True
654,她在尘间遇见少年,她在尘间遇见少年,6.9,6.8,0.0,0.0,0.0,7.1,0.0,0.0,7.1,0.0,0.0,0,0,0,0.0,0.0,0,0,0,0,1.1,12668.0,1109,啃大瓜,3男3女 4.5小时 进阶 2023.04发行,中式 情感 沉浸 校园,huxiaoli_ipad_ratings.csv,huxiaoli,ipad,3,3,6,,4.5,进阶,2023,4,6,2023-04-01,4-5h,True,False
655,十六,十六,5.8,6.0,0.0,0.0,6.5,6.2,0.0,0.0,0.0,0.0,0.0,0,0,0,0.0,0.0,0,0,0,0,8861.0,14939.0,645,,3男3女 4.5小时 新手 2023.05发行,架空 情感 欢乐 校园,huxiaoli_ipad_ratings.csv,huxiaoli,ipad,3,3,6,,4.5,新手,2023,5,6,2023-05-01,4-5h,False,True
657,李清照,李清照,6.0,6.2,0.0,0.0,0.0,6.5,0.0,0.0,6.4,0.0,0.0,0,0,0,0.0,0.0,0,0,0,0,16554.0,14180.0,1309,,3男4女 5.0小时 新手 2023.05发行,古风 情感 沉浸 家国,huxiaoli_ipad_ratings.csv,huxiaoli,ipad,3,4,7,,5.0,新手,2023,5,7,2023-05-01,4-5h,False,True
658,蓝坠入深海的启明星,蓝_坠入深海的启明星,7.5,7.0,0.0,0.0,0.0,7.2,0.0,0.0,7.2,0.0,0.0,0,0,0,0.0,0.0,0,0,0,0,1.1,1908.0,214,扶摇文创工作室; 桌立方,3男3女 4.5小时 进阶 2023.05发行,架空 情感 沉浸 家国,huxiaoli_ipad_ratings.csv,huxiaoli,ipad,3,3,6,,4.5,进阶,2023,5,6,2023-05-01,4-5h,True,False
659,罗拉西里的巫女,罗拉西里的巫女,8.5,8.3,7.9,0.0,0.0,0.0,0.0,0.0,0.0,0.0,7.7,0,0,0,0.0,0.0,0,0,0,0,76158.0,115185.0,12452,灰烬工作室,4男2女 8.0小时 进阶 2023.05发行,,huxiaoli_ipad_ratings.csv,huxiaoli,ipad,4,2,6,,8.0,进阶,2023,5,6,2023-05-01,6-8h,False,True
661,格拉多之门,格拉多之门,7.3,6.6,7.1,6.8,0.0,0.0,0.0,0.0,0.0,0.0,0.0,0,0,0,0.0,0.0,0,0,0,0,7373.0,5068.0,425,梧桐剧制,4男2女 5.0小时 高阶 2023.06发行,,huxiaoli_ipad_ratings.csv,huxiaoli,ipad,4,2,6,,5.0,高阶,2023,6,6,2023-06-01,4-5h,False,True
662,如果春夏秋冬,如果·春夏秋冬,7.2,6.8,0.0,0.0,0.0,7.0,0.0,0.0,0.0,0.0,0.0,0,0,0,7.3,0.0,0,0,0,0,1.1,3274.0,283,雨过天晴工作室,3男3女 4.5小时 进阶 2023.05发行,,huxiaoli_ipad_ratings.csv,huxiaoli,ipad,3,3,6,,4.5,进阶,2023,5,6,2023-05-01,4-5h,True,False
663,南风,南风,6.2,6.4,0.0,0.0,0.0,6.5,0.0,0.0,6.4,0.0,0.0,0,0,0,0.0,0.0,0,0,0,0,1.1,3821.0,310,西安蛛丝马迹,3男3女 5.5小时 新手 2023.06发行,古风 情感 沉浸 其他,huxiaoli_ipad_ratings.csv,huxiaoli,ipad,3,3,6,,5.5,新手,2023,6,6,2023-06-01,5-6h,True,False
664,春日与风铃,春日与风铃,7.1,7.0,0.0,0.0,0.0,6.9,0.0,0.0,6.8,0.0,0.0,0,0,0,0.0,0.0,0,0,0,0,2726.0,7767.0,404,,3男3女 4.0小时 新手 2023.01发行,架空 情感 沉浸 校园,huxiaoli_ipad_ratings.csv,huxiaoli,ipad,3,3,6,,4.0,新手,2023,1,6,2023-01-01,3-4h,False,True
665,假如哲也从世界上消失,假如哲也从世界上消失,7.3,7.4,6.9,6.9,0.0,0.0,0.0,0.0,0.0,0.0,0.0,0,0,0,0.0,0.0,0,0,0,0,6664.0,1906.0,164,武汉Top剧本工作; 聊爆工作室,3男3女 4.5小时 进阶 2023.01发行,日式 推理 悬疑 二次元,huxiaoli_ipad_ratings.csv,huxiaoli,ipad,3,3,6,,4.5,进阶,2023,1,6,2023-01-01,4-5h,False,True
666,食尸鬼盛宴,食尸鬼盛宴,7.3,7.2,0.0,0.0,0.0,0.0,0.0,7.1,0.0,0.0,7.0,0,0,0,0.0,0.0,0,0,0,0,4.5,31149.0,2415,低空飞行,3男3女 6.0小时 进阶 2023.05发行,,huxiaoli_ipad_ratings.csv,huxiaoli,ipad,3,3,6,,6.0,进阶,2023,5,6,2023-05-01,5-6h,True,False
667,觉醒,觉醒,7.2,7.2,0.0,0.0,0.0,7.3,0.0,0.0,7.4,0.0,0.0,0,0,0,0.0,0.0,0,0,0,0,1.1,5415.0,567,狸猫文创,我哭得像一个傻子今生不悔入华夏! 剧本基本信息剧本名称:觉醒 剧本类型:情感 沉浸 家国玩家配置:3男3女时长:5小时难易程度:新手...全文,民国 情感 沉浸 家国,huxiaoli_ipad_ratings.csv,huxiaoli,ipad,3,3,6,,5.0,新手,,,6,,4-5h,True,False
668,胡不归,胡不归,6.4,6.4,0.0,0.0,0.0,6.8,0.0,0.0,6.7,0.0,0.0,0,0,0,0.0,0.0,0,0,0,0,1.1,17261.0,1607,浮生梦文创,3男3女 5.0小时 进阶 2023.04发行,古风 情感 沉浸 玄幻,huxiaoli_ipad_ratings.csv,huxiaoli,ipad,3,3,6,,5.0,进阶,2023,4,6,2023-04-01,4-5h,True,False
669,芸芸,芸芸,7.4,7.3,0.0,0.0,0.0,7.4,0.0,0.0,7.1,0.0,0.0,0,0,0,0.0,0.0,0,0,0,0,1.1,116086.0,7219,不俗发行工作室,3男3女 4.5小时 新手 2023.06发行,古风 情感 沉浸 仙侠,huxiaoli_ipad_ratings.csv,huxiaoli,ipad,3,3,6,,4.5,新手,2023,6,6,2023-06-01,4-5h,True,False
670,墨羊,墨羊,7.7,7.5,0.0,7.3,0.0,0.0,0.0,7.6,0.0,0.0,0.0,0,0,0,0.0,0.0,0,0,0,0,5049.0,54588.0,4372,慢热TUO,4男2女 6.0小时 进阶 2023.05发行,,huxiaoli_ipad_ratings.csv,huxiaoli,ipad,4,2,6,,6.0,进阶,2023,5,6,2023-05-01,5-6h,False,True
671,浮世奇案簿·长安,浮世奇案簿·长安,7.5,7.3,7.4,6.8,0.0,0.0,0.0,0.0,0.0,0.0,0.0,0,0,0,0.0,0.0,0,0,0,0,16594.0,20059.0,1669,Yomi工作室,3男3女 4.5小时 高阶 2022.09发行,,huxiaoli_ipad_ratings.csv,huxiaoli,ipad,3,3,6,,4.5,高阶,2022,9,6,2022-09-01,4-5h,False,True
672,大漠谣,大漠谣,7.8,7.5,0.0,0.0,0.0,7.7,0.0,0.0,7.6,0.0,0.0,0,0,0,0.0,0.0,0,0,0,0,1.1,101570.0,8923,海上仙山,3男4女 5.5小时 进阶 2023.05发行,古风 情感 沉浸 历史,huxiaoli_ipad_ratings.csv,huxiaoli,ipad,3,4,7,,5.5,进阶,2023,5,7,2023-05-01,5-6h,True,False
673,你懂我意思吧,你懂我意思吧,6.3,6.4,0.0,0.0,7.1,0.0,6.5,0.0,0.0,0.0,0.0,0,0,0,0.0,0.0,0,0,0,0,3.8,27938.0,992,壹直爽,5男5女 4.5小时 进阶 2023.05发行,架空 机制 欢乐 都市,huxiaoli_ipad_ratings.csv,huxiaoli,ipad,5,5,10,,4.5,进阶,2023,5,10,2023-05-01,4-5h,True,False
676,触不到的恋人,触不到的恋人,7.7,7.2,0.0,0.0,7.4,7.6,0.0,0.0,0.0,0.0,0.0,0,0,0,0.0,0.0,0,0,0,0,8861.0,33306.0,2765,白鲸剧制,3男3女 5.0小时 进阶 2023.05发行,现代 情感 欢乐 玄幻,huxiaoli_ipad_ratings.csv,huxiaoli,ipad,3,3,6,,5.0,进阶,2023,5,6,2023-05-01,4-5h,False,True
677,甜蜜家园,甜蜜家园,10.0,0.0,0.0,0.0,0.0,0.0,0.0,0.0,0.0,0.0,0.0,0,0,0,0.0,0.0,0,0,0,0,0.0,0.0,0,渔舟剧本工作室,3男3女 4.0小时 进阶 2022.03发行,,huxiaoli_ipad_ratings.csv,huxiaoli,ipad,3,3,6,,4.0,进阶,2022,3,6,2022-03-01,3-4h,False,True
679,老嫂子俱乐部,老嫂子俱乐部,5.6,5.9,0.0,0.0,6.4,0.0,6.1,0.0,0.0,0.0,0.0,0,0,0,0.0,0.0,0,0,0,0,3.8,8985.0,248,飞鱼探案; 十库工作室,百本选手说剧本：剧本《老嫂子俱乐部》6人本 3男3女 剧本类型：盒装本 欢乐本 游戏时间：4小时左右 避雷本 预警 这个本 不如 《老骗子俱乐部》各个方面都 不行 比较无聊的 一个本 全类型的本 什么都🈶一点 什么都 没写好 剧本 写的不好 故事 也不好 机制一般 剧本里的 字 字迹比较小 看不清楚 总结一句话：这...全文,架空 机制 欢乐 都市,huxiaoli_ipad_ratings.csv,huxiaoli,ipad,3,3,6,6,4.0,,,,6,,3-4h,True,False
680,多巴胺,多巴胺,6.6,6.7,6.9,6.6,0.0,0.0,0.0,0.0,0.0,0.0,0.0,0,0,0,0.0,0.0,0,0,0,0,914.0,6183.0,150,亥酉工作室,4男3女 6.0小时 高阶 2021.05发行,,huxiaoli_ipad_ratings.csv,huxiaoli,ipad,4,3,7,,6.0,高阶,2021,5,7,2021-05-01,5-6h,False,True
681,推理小说家的挑战,推理小说家的挑战,7.0,0.0,0.0,0.0,0.0,0.0,0.0,0.0,0.0,0.0,0.0,0,0,0,0.0,0.0,0,0,0,0,0.0,,0,岁月推理剧本工作室,3男2女 4.5小时 进阶 2022.07发行,架空 推理 欢乐 都市,huxiaoli_ipad_ratings.csv,huxiaoli,ipad,3,2,5,,4.5,进阶,2022,7,5,2022-07-01,4-5h,False,True
682,时间牢笼,时间牢笼,8.3,7.1,8.4,0.0,0.0,0.0,0.0,0.0,0.0,0.0,7.3,0,0,0,0.0,0.0,0,0,0,0,23686.0,15907.0,1348,九饼工作室,4男2女 7.0小时 高阶 2022.05发行,,huxiaoli_ipad_ratings.csv,huxiaoli,ipad,4,2,6,,7.0,高阶,2022,5,6,2022-05-01,6-8h,False,True
683,劣质小说,劣质小说,6.7,6.9,0.0,0.0,0.0,0.0,0.0,6.6,0.0,0.0,0.0,0,0,0,6.6,0.0,0,0,0,0,6578.0,12406.0,1256,起源ORIGIN工作室,3男4女 5.5小时 进阶 2023.05发行,,huxiaoli_ipad_ratings.csv,huxiaoli,ipad,3,4,7,,5.5,进阶,2023,5,7,2023-05-01,5-6h,False,True
684,逃出迷雾镇,逃出迷雾镇,8.5,8.0,0.0,0.0,0.0,0.0,0.0,7.5,0.0,0.0,0.0,0,0,0,8.3,0.0,0,0,0,0,2983.0,134289.0,11467,表里山河创作,【5小时/席麟/没有边缘/体验分：9分】 ✅一句话总结：2023上半年最强盒装 『🌟关键词：很新的题材，理科生浪漫，立意很好（表里山河yyds），没有无效环节』 『🌟角色体验：男女角色没有明...全文,,huxiaoli_ipad_ratings.csv,huxiaoli,ipad,,,,,5.0,,,,,,4-5h,False,True
685,百物语怪谈事件簿,百物语：怪谈事件簿,7.4,7.1,7.0,0.0,0.0,0.0,0.0,0.0,0.0,0.0,7.0,0,0,0,0.0,0.0,0,0,0,0,51387.0,50660.0,2846,疯狂剧制,3男3女 6.0小时 新手 2023.06发行,日式 推理 设定 怪谈,huxiaoli_ipad_ratings.csv,huxiaoli,ipad,3,3,6,,6.0,新手,2023,6,6,2023-06-01,5-6h,False,True
686,以太想告诉你一个秘密,以太想告诉你一个秘密,7.3,7.2,0.0,7.3,0.0,0.0,0.0,7.2,0.0,0.0,0.0,0,0,0,0.0,0.0,0,0,0,0,5049.0,16241.0,1218,寻初工作室,3男3女 5.5小时 进阶 2023.06发行,,huxiaoli_ipad_ratings.csv,huxiaoli,ipad,3,3,6,,5.5,进阶,2023,6,6,2023-06-01,5-6h,False,True
688,送你一朵小花花2,送你一朵小花花2,8.0,0.0,0.0,0.0,0.0,0.0,0.0,0.0,0.0,0.0,0.0,0,0,0,0.0,0.0,0,0,0,0,1.1,0.0,0,笙笙剧制,2男2女 4.5小时 新手 2022.07发行,中式 情感 沉浸 都市,huxiaoli_ipad_ratings.csv,huxiaoli,ipad,2,2,4,,4.5,新手,2022,7,4,2022-07-01,4-5h,True,False
689,常春藤公寓,常春藤公寓,7.3,7.3,6.9,0.0,0.0,0.0,0.0,0.0,0.0,0.0,0.0,0,0,0,0.0,0.0,0,0,0,0,13671.0,53622.0,3147,鑫梦人生,4男2女 4.5小时 进阶 2023.05发行,,huxiaoli_ipad_ratings.csv,huxiaoli,ipad,4,2,6,,4.5,进阶,2023,5,6,2023-05-01,4-5h,False,True
690,雪嫁娘,雪嫁娘,7.6,7.5,0.0,0.0,0.0,0.0,0.0,7.4,0.0,0.0,0.0,0,0,0,0.0,0.0,0,0,0,0,11.3,19313.0,1110,九州长歌工作室; 戏梦师工作室,3男3女 5.0小时 新手 2023.06发行,,huxiaoli_ipad_ratings.csv,huxiaoli,ipad,3,3,6,,5.0,新手,2023,6,6,2023-06-01,4-5h,True,False
691,东坡,东坡,5.5,5.9,0.0,0.0,0.0,6.1,0.0,0.0,6.2,0.0,0.0,0,0,0,0.0,0.0,0,0,0,0,1.1,9729.0,819,呓语剧本创作,3男3女 5.5小时 进阶 2023.05发行,古风 情感 沉浸 历史,huxiaoli_ipad_ratings.csv,huxiaoli,ipad,3,3,6,,5.5,进阶,2023,5,6,2023-05-01,5-6h,True,False
692,天地藏春,天地藏春,8.4,8.0,0.0,0.0,0.0,8.1,0.0,0.0,8.0,0.0,0.0,0,0,0,0.0,0.0,0,0,0,0,1.1,65773.0,7065,东方剧制,3男3女 5.5小时 进阶 2023.06发行,民国 情感 沉浸 家国,huxiaoli_ipad_ratings.csv,huxiaoli,ipad,3,3,6,,5.5,进阶,2023,6,6,2023-06-01,5-6h,True,False
694,红莓花下,山楂林终：红莓花下,8.5,8.2,0.0,0.0,0.0,8.4,0.0,0.0,8.3,0.0,0.0,0,0,0,0.0,0.0,0,0,0,0,1.1,81173.0,8249,不俗发行工作室,4男3女 5.5小时 进阶 2023.06发行,现代 情感 沉浸 历史,huxiaoli_ipad_ratings.csv,huxiaoli,ipad,4,3,7,,5.5,进阶,2023,6,7,2023-06-01,5-6h,True,False
695,神不在的第四日,神不在的第四日,7.5,6.8,7.5,7.1,0.0,0.0,0.0,0.0,0.0,0.0,0.0,0,0,0,0.0,0.0,0,0,0,0,23763.0,39626.0,3589,木屋发行工作室,3男3女 5.5小时 进阶 2023.06发行,,huxiaoli_ipad_ratings.csv,huxiaoli,ipad,3,3,6,,5.5,进阶,2023,6,6,2023-06-01,5-6h,False,True
696,献给莹的杀人事件,献给莹的杀人事件,7.4,7.2,7.2,0.0,0.0,0.0,0.0,0.0,0.0,0.0,6.9,0,0,0,0.0,0.0,0,0,0,0,30658.0,46724.0,3980,嫌疑猫SUSPECAT,4男2女 6.5小时 高阶 2023.05发行,,huxiaoli_ipad_ratings.csv,huxiaoli,ipad,4,2,6,,6.5,高阶,2023,5,6,2023-05-01,6-8h,False,True
697,铜钱连环杀人事件,铜钱连环杀人事件,6.8,6.7,6.8,6.5,0.0,0.0,0.0,0.0,0.0,0.0,0.0,0,0,0,0.0,0.0,0,0,0,0,26467.0,21068.0,1410,久闻,3男3女 5.0小时 进阶 2023.07发行,日式 推理 悬疑 都市,huxiaoli_ipad_ratings.csv,huxiaoli,ipad,3,3,6,,5.0,进阶,2023,7,6,2023-07-01,4-5h,False,True
698,一个死去的朋友,一个死去的朋友,7.5,7.3,6.7,0.0,0.0,0.0,0.0,0.0,0.0,0.0,0.0,0,0,0,0.0,0.0,0,0,0,0,2289.0,12009.0,720,DA剧本工场,3男3女 4.0小时 新手 2023.06发行,现代 推理 治愈 新手,huxiaoli_ipad_ratings.csv,huxiaoli,ipad,3,3,6,,4.0,新手,2023,6,6,2023-06-01,3-4h,False,True
699,声声慢2,声声慢2：此生不换,6.4,6.6,0.0,0.0,0.0,6.8,0.0,0.0,6.6,0.0,0.0,0,0,0,0.0,0.0,0,0,0,0,1.1,12500.0,772,瓦特工作室,3男3女 5.0小时 新手 2023.06发行,古风 情感 沉浸 仙侠,huxiaoli_ipad_ratings.csv,huxiaoli,ipad,3,3,6,,5.0,新手,2023,6,6,2023-06-01,4-5h,True,False
700,驴头马面与我的推理小说,驴头马面与我的推理小说,5.9,0.0,0.0,0.0,7.5,0.0,0.0,0.0,0.0,7.1,7.3,0,0,0,0.0,0.0,0,0,0,0,32231.0,28204.0,3086,羲和工作室,3男3女 5.5小时 进阶 2023.07发行,,huxiaoli_ipad_ratings.csv,huxiaoli,ipad,3,3,6,,5.5,进阶,2023,7,6,2023-07-01,5-6h,False,True
701,风禾尽起,风禾尽起,8.4,8.0,0.0,0.0,0.0,8.0,0.0,0.0,8.0,0.0,0.0,0,0,0,0.0,0.0,0,0,0,0,1.1,41769.0,4494,大亦文创工作室,百本选手说剧本:剧本《风禾尽起》6人本 3男3女（不🉑反串）剧本类型:城限本 古风 情感本 游戏时间:6小时 👬适合人群：新手玩家 古风 情感本 ❤剧情感受：大唐盛世 安...全文,古风 情感 沉浸 其他,huxiaoli_ipad_ratings.csv,huxiaoli,ipad,3,3,6,6,6.0,新手,,,6,,5-6h,True,False
702,无人循环,艾希什影院：无人循环,8.4,7.6,8.3,7.7,0.0,0.0,0.0,0.0,0.0,0.0,0.0,0,0,0,0.0,0.0,0,0,0,0,68595.0,107800.0,11524,灰烬工作室,百本选手说剧本:剧本《艾希什影院:无人循环》6人本 4男2女（可反串）剧本类型:城限本 硬核本 游戏时间:6小时左右 👬适合人群：灰...全文,,huxiaoli_ipad_ratings.csv,huxiaoli,ipad,4,2,6,6,6.0,,,,6,,5-6h,False,True
705,桃花依旧,桃花依旧,5.8,6.2,0.0,0.0,0.0,6.4,0.0,0.0,6.4,0.0,0.0,0,0,0,0.0,0.0,0,0,0,0,1.1,4218.0,341,迷城剧制,3男3女 6.0小时 进阶 2023.07发行,古风 情感 沉浸 武侠,huxiaoli_ipad_ratings.csv,huxiaoli,ipad,3,3,6,,6.0,进阶,2023,7,6,2023-07-01,5-6h,True,False
706,山岗上的长风,山岗上的长风,8.7,8.1,0.0,0.0,0.0,8.4,0.0,0.0,8.3,0.0,0.0,0,0,0,0.0,0.0,0,0,0,0,1.1,77750.0,7995,不俗发行工作室,3男3女 5.0小时 进阶 2023.08发行,民国 情感 沉浸 家国,huxiaoli_ipad_ratings.csv,huxiaoli,ipad,3,3,6,,5.0,进阶,2023,8,6,2023-08-01,4-5h,True,False
708,生还之日,生还之日,8.5,7.6,7.7,7.5,0.0,0.0,0.0,0.0,0.0,0.0,0.0,0,0,0,0.0,0.0,0,0,0,0,18249.0,11930.0,1181,雁北堂,2男2女 3.5小时 新手 2023.03发行,现代 推理 悬疑 新手,huxiaoli_ipad_ratings.csv,huxiaoli,ipad,2,2,4,,3.5,新手,2023,3,4,2023-03-01,3-4h,False,True
709,自白,自白,8.1,7.6,7.4,0.0,0.0,0.0,0.0,0.0,0.0,0.0,7.1,0,0,0,0.0,0.0,0,0,0,0,11352.0,8409.0,822,某部长工作室,4男2女 5.0小时 高阶 2023.04发行,日式 推理 演绎法 刑侦,huxiaoli_ipad_ratings.csv,huxiaoli,ipad,4,2,6,,5.0,高阶,2023,4,6,2023-04-01,4-5h,False,True
710,追凶者的奇思妙想,追凶者的奇思妙想,7.6,7.5,6.9,7.1,0.0,0.0,0.0,0.0,0.0,0.0,0.0,0,0,0,0.0,0.0,0,0,0,0,17828.0,27114.0,2592,司家侦探; 魔术师工作室,3男3女 6.5小时 进阶 2023.09发行,,huxiaoli_ipad_ratings.csv,huxiaoli,ipad,3,3,6,,6.5,进阶,2023,9,6,2023-09-01,6-8h,False,True
711,转眼,转眼,9.0,0.0,0.0,0.0,0.0,0.0,0.0,0.0,0.0,0.0,0.0,0,0,0,0.0,0.0,0,0,0,0,1.1,0.0,0,老宅工作室,3男3女 4.0小时 进阶 2022.12发行,中式 情感 沉浸 都市,huxiaoli_ipad_ratings.csv,huxiaoli,ipad,3,3,6,,4.0,进阶,2022,12,6,2022-12-01,3-4h,True,False
712,不死之徒,不死之徒,7.4,6.6,7.3,6.9,0.0,0.0,0.0,0.0,0.0,0.0,0.0,0,0,0,0.0,0.0,0,0,0,0,5410.0,4372.0,391,雁北堂,2男2女 3.0小时 进阶 2023.06发行,,huxiaoli_ipad_ratings.csv,huxiaoli,ipad,2,2,4,,3.0,进阶,2023,6,4,2023-06-01,<=3h,False,True
713,商鞅,商鞅,6.9,6.6,0.0,0.0,0.0,7.1,0.0,0.0,0.0,8.2,0.0,0,0,0,0.0,0.0,0,0,0,0,1.1,28954.0,2905,枫叶工作室; 泷麟工作室,3男4女 5.5小时 进阶 2023.06发行,古风 情感 演绎 家国,huxiaoli_ipad_ratings.csv,huxiaoli,ipad,3,4,7,,5.5,进阶,2023,6,7,2023-06-01,5-6h,True,False
714,无形之刃,无形之刃,7.1,6.9,6.9,0.0,0.0,0.0,0.0,0.0,0.0,0.0,0.0,0,0,0,7.0,0.0,0,0,0,0,1.4,3111.0,300,雁北堂,2男2女 4.5小时 新手 2023.08发行,👬适合人群：新手 欢乐 推理 ❤剧情感受：这个系列目前为止比较差的本！4人本居然又有边缘，真的建议把视角平衡一下，至少让大家都有的盘。 整个剧本只有两个案件，第一案就一页剧...全文,huxiaoli_ipad_ratings.csv,huxiaoli,ipad,2,2,4,,4.5,新手,2023,8,4,2023-08-01,4-5h,True,False
716,我想你,我想你,6.1,6.4,0.0,0.0,0.0,6.7,0.0,0.0,6.5,0.0,0.0,0,0,0,0.0,0.0,0,0,0,0,1.1,2941.0,209,罗曼蒂克,3男3女 5.0小时 新手 2023.09发行,中式 情感 沉浸 其他,huxiaoli_ipad_ratings.csv,huxiaoli,ipad,3,3,6,,5.0,新手,2023,9,6,2023-09-01,4-5h,True,False
717,继焰重明,继焰重明,9.0,0.0,0.0,0.0,0.0,0.0,0.0,0.0,0.0,0.0,0.0,0,0,0,0.0,0.0,0,0,0,0,1.1,0.0,0,聚象文创,3男3女 5.0小时 进阶 2023.09发行,古风 情感 立意 家国,huxiaoli_ipad_ratings.csv,huxiaoli,ipad,3,3,6,,5.0,进阶,2023,9,6,2023-09-01,4-5h,True,False
718,我们相约昨日重逢,我们相约昨日重逢,5.2,5.7,0.0,0.0,0.0,5.8,0.0,0.0,5.6,0.0,0.0,0,0,0,0.0,0.0,0,0,0,0,1.1,12106.0,517,疯狂剧制,3男3女 4.5小时 新手 2023.09发行,现代 情感 沉浸 校园,huxiaoli_ipad_ratings.csv,huxiaoli,ipad,3,3,6,,4.5,新手,2023,9,6,2023-09-01,4-5h,True,False
720,秋千下的推理者,秋千下的推理者,9.0,0.0,0.0,0.0,0.0,0.0,0.0,0.0,0.0,0.0,0.0,0,0,0,0.0,0.0,0,0,0,0,99.0,0.0,0,迷城剧制,4男2女 4.5小时 新手 2023.06发行,现代 还原 欢乐 新手,huxiaoli_ipad_ratings.csv,huxiaoli,ipad,4,2,6,,4.5,新手,2023,6,6,2023-06-01,4-5h,True,False
722,旧赋,旧赋,7.9,7.4,0.0,0.0,0.0,7.9,0.0,0.0,0.0,8.3,0.0,0,0,0,0.0,0.0,0,0,0,0,1.1,48365.0,4511,方块巨制; 核码文创,3男3女 5.0小时 进阶 2023.06发行,,huxiaoli_ipad_ratings.csv,huxiaoli,ipad,3,3,6,,5.0,进阶,2023,6,6,2023-06-01,4-5h,True,False
723,山之神2,山之神2,7.1,7.1,0.0,0.0,7.2,7.3,0.0,0.0,0.0,0.0,0.0,0,0,0,0.0,0.0,0,0,0,0,8861.0,12511.0,561,白鹿书院,百本选手说剧本:剧本《山之神2》6人本 3男3女 剧本类型:盒装本 情感本 游戏时间:5小时 实话实说 这个本 确实不行 我们车 大水龙头 🚰 小红帽 都没有 哭 还有 大哥 也 没哭 小机制 🈚️聊 不好玩 剧情 也比较尴尬 故事 也是 强行按头 真的是 连第一部 都不如,现代 情感 欢乐 其他,huxiaoli_ipad_ratings.csv,huxiaoli,ipad,3,3,6,6,5.0,,,,6,,4-5h,False,True
724,将夜鱼跃此时海,将夜：鱼跃此时海,5.0,0.0,0.0,0.0,0.0,0.0,0.0,0.0,0.0,0.0,0.0,0,0,0,0.0,0.0,0,0,0,0,1.1,0.0,0,梦墨绘梦馆; 卡卡工作室,3男3女 5.0小时 新手 2023.06发行,古风 情感 沉浸 玄幻,huxiaoli_ipad_ratings.csv,huxiaoli,ipad,3,3,6,,5.0,新手,2023,6,6,2023-06-01,4-5h,True,False
725,三分天下,三分天下,7.8,7.5,0.0,0.0,0.0,0.0,7.5,0.0,0.0,0.0,7.3,0,0,0,0.0,0.0,0,0,0,0,3160.0,34885.0,3352,FB发行工作室,5男3女 6.5小时 进阶 2023.06发行,,huxiaoli_ipad_ratings.csv,huxiaoli,ipad,5,3,8,,6.5,进阶,2023,6,8,2023-06-01,6-8h,False,True
727,小三劝退师,你喜欢就好：小三劝退师,6.7,6.8,0.0,0.0,6.9,0.0,0.0,0.0,0.0,0.0,0.0,0,0,0,0.0,0.0,0,0,0,0,5975.0,11960.0,653,闲顽工作室,3男3女 4.5小时 新手 2023.05发行,架空 其他 欢乐 新手,huxiaoli_ipad_ratings.csv,huxiaoli,ipad,3,3,6,,4.5,新手,2023,5,6,2023-05-01,4-5h,False,True
728,落书,落书,7.7,7.0,0.0,0.0,0.0,7.8,0.0,0.0,0.0,8.7,0.0,0,0,0,0.0,0.0,0,0,0,0,1.1,54580.0,5620,狸猫文创; 五号剧制,3男3女 5.5小时 新手 2023.07发行,古风 情感 演绎 仙侠,huxiaoli_ipad_ratings.csv,huxiaoli,ipad,3,3,6,,5.5,新手,2023,7,6,2023-07-01,5-6h,True,False
729,名侦探修炼,名侦探修炼手册,6.6,6.8,6.7,0.0,0.0,0.0,0.0,0.0,0.0,0.0,6.9,0,0,0,0.0,0.0,0,0,0,0,6672.0,7123.0,546,浮生梦文创,4男3女 6.0小时 进阶 2023.06发行,凡人皆有一死，凡人皆有价值。 “我们要成为夏洛克级侦探， 无关家族荣耀，只为侦探之名号。” 类型：日式 推理 还原 欢乐 微机制...全文,huxiaoli_ipad_ratings.csv,huxiaoli,ipad,4,3,7,,6.0,进阶,2023,6,7,2023-06-01,5-6h,False,True
730,此时彼刻之人,此时彼刻之人,8.6,8.4,8.2,0.0,0.0,0.0,0.0,0.0,0.0,0.0,7.9,0,0,0,0.0,0.0,0,0,0,0,115754.0,158607.0,20942,橘·剧本实验室,3男3女 7.0小时 进阶 2023.06发行,,huxiaoli_ipad_ratings.csv,huxiaoli,ipad,3,3,6,,7.0,进阶,2023,6,6,2023-06-01,6-8h,False,True
732,天衣无缝,天衣无缝,7.6,6.9,7.6,6.9,0.0,0.0,0.0,0.0,0.0,0.0,0.0,0,0,0,0.0,0.0,0,0,0,0,13222.0,13916.0,1382,暗号文创; 隐匿角色,4男2女 6.0小时 高阶 2023.05发行,,huxiaoli_ipad_ratings.csv,huxiaoli,ipad,4,2,6,,6.0,高阶,2023,5,6,2023-05-01,5-6h,False,True
733,妖怪集市,妖怪集市,7.3,6.8,0.0,0.0,7.4,0.0,7.4,0.0,0.0,0.0,0.0,0,0,0,0.0,0.0,0,0,0,0,3.8,12228.0,1109,浮生文宝工作室,4男2女 6.0小时 进阶 2023.05发行,架空 机制 欢乐 玄幻,huxiaoli_ipad_ratings.csv,huxiaoli,ipad,4,2,6,,6.0,进阶,2023,5,6,2023-05-01,5-6h,True,False
734,雾海同行,雾海同行,7.8,7.4,0.0,0.0,7.3,0.0,7.5,0.0,0.0,0.0,0.0,0,0,0,0.0,0.0,0,0,0,0,3160.0,32659.0,1096,疯狂剧制,4男2女 4.5小时 进阶 2022.04发行,,huxiaoli_ipad_ratings.csv,huxiaoli,ipad,4,2,6,,4.5,进阶,2022,4,6,2022-04-01,4-5h,False,True
735,民间恐怖故事村,民间恐怖故事·村,6.9,7.0,0.0,0.0,0.0,0.0,0.0,7.1,0.0,0.0,0.0,0,0,0,0.0,0.0,0,0,0,0,11.3,63774.0,2894,司家侦探; 造梦人文创,百本选手说剧本:剧本《民间恐怖故事•村》6人本 3男3女（可以反串）剧本类型:盒装本 惊悚 还原 中式 游戏时间:4.5小时左右 👬适合人群：...全文,,huxiaoli_ipad_ratings.csv,huxiaoli,ipad,3,3,6,6,4.5,,,,6,,4-5h,True,False
737,我的神明朋友,我的神明朋友,7.9,7.4,0.0,0.0,0.0,7.6,0.0,0.0,7.5,0.0,0.0,0,0,0,0.0,0.0,0,0,0,0,1.1,7291.0,581,天津剧盟发行工作室,3男3女 4.5小时 新手 2023.05发行,中式 情感 沉浸 都市,huxiaoli_ipad_ratings.csv,huxiaoli,ipad,3,3,6,,4.5,新手,2023,5,6,2023-05-01,4-5h,True,False
738,落凡,落凡,7.3,7.1,0.0,0.0,0.0,7.4,0.0,0.0,0.0,7.3,0.0,0,0,0,0.0,0.0,0,0,0,0,1.1,8061.0,665,黑糖文化,3男3女 5.5小时 新手 2023.06发行,古风 情感 演绎 玄幻,huxiaoli_ipad_ratings.csv,huxiaoli,ipad,3,3,6,,5.5,新手,2023,6,6,2023-06-01,5-6h,True,False
739,神尘,神尘,8.5,7.9,0.0,7.4,0.0,0.0,0.0,7.8,0.0,0.0,0.0,0,0,0,0.0,0.0,0,0,0,0,5049.0,34402.0,2064,外星人,2男3女 4.0小时 进阶 2020.12发行,,huxiaoli_ipad_ratings.csv,huxiaoli,ipad,2,3,5,,4.0,进阶,2020,12,5,2020-12-01,3-4h,False,True
740,未逢春时,未逢春时,8.4,7.8,0.0,0.0,0.0,8.1,0.0,0.0,8.0,0.0,0.0,0,0,0,0.0,0.0,0,0,0,0,1.1,36485.0,5093,岛屿工作室,3男3女 6.5小时 新手 2024.12发行,古风 情感 沉浸 宫廷,huxiaoli_ipad_ratings.csv,huxiaoli,ipad,3,3,6,,6.5,新手,2024,12,6,2024-12-01,6-8h,True,False
743,粉墨,粉墨,4.6,4.9,0.0,0.0,0.0,5.2,0.0,0.0,5.3,0.0,0.0,0,0,0,0.0,0.0,0,0,0,0,1.1,11641.0,2109,仲夏清晨,3男3女 6.5小时 进阶 2025.10发行,架空 情感 沉浸 都市,huxiaoli_ipad_ratings.csv,huxiaoli,ipad,3,3,6,,6.5,进阶,2025,10,6,2025-10-01,6-8h,True,False
744,壁上观,壁上观,8.0,7.7,0.0,0.0,0.0,8.0,0.0,0.0,0.0,8.4,0.0,0,0,0,0.0,0.0,0,0,0,0,1.1,51806.0,7410,枫叶工作室; FB发行工作室,2男4女 6.0小时 新手 2025.09发行,古风 情感 演绎 神话,huxiaoli_ipad_ratings.csv,huxiaoli,ipad,2,4,6,,6.0,新手,2025,9,6,2025-09-01,5-6h,True,False
746,见信如晤,见信如晤,7.8,7.4,0.0,0.0,0.0,7.7,0.0,0.0,7.5,0.0,0.0,0,0,0,0.0,0.0,0,0,0,0,1.1,8351.0,712,片屿出品; 跳东湖工作室,3男3女 5.5小时 新手 2023.06发行,现代 情感 沉浸 都市,huxiaoli_ipad_ratings.csv,huxiaoli,ipad,3,3,6,,5.5,新手,2023,6,6,2023-06-01,5-6h,True,False
747,情侣分手指南,情侣分手指南,7.0,6.9,0.0,0.0,7.4,0.0,7.0,0.0,0.0,0.0,0.0,0,0,0,0.0,0.0,0,0,0,0,3.8,15726.0,1368,谜语剧制,《情侣分手指南》玩完秒懂爱情真谛了！ 朋友们，必须给大家安利这个剧本杀 。光看👀名字我就觉得刺激，玩完之后觉得这个本子简直了，绝对能让你重新审视自己的另一半。 剧本人数:3️⃣男3️⃣女（最好别反串） 剧本时长:5小时...全文,现代 机制 欢乐 都市,huxiaoli_ipad_ratings.csv,huxiaoli,ipad,,,,,5.0,,,,,,4-5h,True,False
749,完蛋我被恋爱脑包围了,完蛋！我被恋爱脑包围了,6.0,6.1,0.0,0.0,6.9,0.0,6.2,0.0,0.0,0.0,0.0,0,0,0,0.0,0.0,0,0,0,0,3.8,46600.0,2641,疯狂剧制,4男4女 4.0小时 新手 2024.09发行,现代 机制 欢乐 都市,huxiaoli_ipad_ratings.csv,huxiaoli,ipad,4,4,8,,4.0,新手,2024,9,8,2024-09-01,3-4h,True,False
750,再zha一次就上岸,再zha一次就上岸,6.9,6.5,0.0,0.0,7.5,0.0,6.8,0.0,0.0,0.0,0.0,0,0,0,0.0,0.0,0,0,0,0,3.8,20635.0,1266,可疑的宣发工作室,百本选手说剧本:剧本《再zha一次就上岸》6人本 3男3女（可以反串）剧本类型:盒装本 欢乐 机制本 游戏时间:4小时左右 👬适合人群：纯 新手玩家 熟人车 ...全文,现代 机制 欢乐 都市,huxiaoli_ipad_ratings.csv,huxiaoli,ipad,3,3,6,6,4.0,新手,,,6,,3-4h,True,False
751,孽障,孽障,7.4,7.2,0.0,0.0,0.0,7.6,0.0,0.0,7.6,0.0,0.0,0,0,0,0.0,0.0,0,0,0,0,1.1,30166.0,4913,云上居工作室; 天地之间,《孽障》⭐️⭐️⭐️⭐️ 📖剧本类型：架空/古风/情感/新手 🙎🏻玩家配置：③男③女 🕰体验时长：8小时 🎉体验店铺：橋Free ⭐️DM:白芷/合...全文,架空 情感 沉浸 其他,huxiaoli_ipad_ratings.csv,huxiaoli,ipad,,,,,8.0,新手,,,,,6-8h,True,False
752,超人气偶像剧,超人气偶像剧,7.9,7.2,0.0,0.0,8.1,0.0,0.0,0.0,0.0,0.0,0.0,0,0,0,0.0,0.0,0,0,0,0,18307.0,43243.0,3627,海上仙山,3男3女 4.5小时 新手 2023.07发行,现代 其他 欢乐 新手,huxiaoli_ipad_ratings.csv,huxiaoli,ipad,3,3,6,,4.5,新手,2023,7,6,2023-07-01,4-5h,False,True
753,杀完人要喝白开水,杀完人要喝白开水,7.2,7.1,0.0,0.0,0.0,0.0,0.0,6.9,0.0,0.0,0.0,0,0,0,7.5,0.0,0,0,0,0,6578.0,2024.0,3288,岛屿工作室,3男3女 5.0小时 新手 2024.08发行,,huxiaoli_ipad_ratings.csv,huxiaoli,ipad,3,3,6,,5.0,新手,2024,8,6,2024-08-01,4-5h,False,True
755,海是一场雨,海是一场雨,7.2,7.2,0.0,0.0,0.0,7.4,0.0,0.0,7.3,0.0,0.0,0,0,0,0.0,0.0,0,0,0,0,1.1,31996.0,2978,瓦特工作室; 未来剧业,百本选手说剧本:剧本《海是一场雨》6人本 3男3女（不🉑反串）剧本类型:盒装本 情感本 游戏时间:6小时 👬适合人群：🈚️ ❤剧情感受：割裂 极...全文,架空 情感 沉浸 其他,huxiaoli_ipad_ratings.csv,huxiaoli,ipad,3,3,6,6,6.0,,,,6,,5-6h,True,False
756,无相人考古奇案,无相人考古奇案,9.1,8.8,0.0,0.0,0.0,0.0,0.0,8.6,0.0,0.0,0.0,0,0,0,9.1,0.0,0,0,0,0,2984.0,126129.0,21958,表里山河创作,3男3女 7.0小时 进阶 2025.09发行,,huxiaoli_ipad_ratings.csv,huxiaoli,ipad,3,3,6,,7.0,进阶,2025,9,6,2025-09-01,6-8h,False,True
758,诡计患者的谜题,诡计患者的谜题,8.4,7.0,8.7,0.0,0.0,0.0,0.0,0.0,0.0,0.0,7.7,0,0,0,0.0,0.0,0,0,0,0,68862.0,62876.0,7977,灰烬工作室,3男3女 8.0小时 进阶 2024.07发行,,huxiaoli_ipad_ratings.csv,huxiaoli,ipad,3,3,6,,8.0,进阶,2024,7,6,2024-07-01,6-8h,False,True
761,之间邮局,之间邮局,8.6,8.2,0.0,0.0,0.0,8.4,0.0,0.0,0.0,0.0,0.0,0,0,0,8.4,0.0,0,0,0,0,1.1,31890.0,5499,德雾昂剧制,《之间邮局》⭐️⭐️⭐️⭐️➕ 📖剧本类型：现代/情感/立意/都市 🙎🏻玩家配置：③男③女 ⏰体验时长：7.5小时 🏠体验店铺：橋Free ⭐️D...全文,,huxiaoli_ipad_ratings.csv,huxiaoli,ipad,,,,,7.5,,,,,,6-8h,True,False
762,命不该绝!!,命不该绝,7.1,7.3,0.0,0.0,0.0,0.0,0.0,7.4,0.0,0.0,6.6,0,0,0,0.0,0.0,0,0,0,0,31223.0,26057.0,2917,空想馆,3男3女 8.0小时 进阶 2023.10发行,,huxiaoli_ipad_ratings.csv,huxiaoli,ipad,3,3,6,,8.0,进阶,2023,10,6,2023-10-01,6-8h,False,True
763,秋意浓,秋意浓,7.6,7.7,7.1,7.1,0.0,0.0,0.0,0.0,0.0,0.0,0.0,0,0,0,0.0,0.0,0,0,0,0,16657.0,12040.0,1866,空想馆,4男2女 7.0小时 进阶 2025.05发行,日式 推理 悬疑 怪谈,huxiaoli_ipad_ratings.csv,huxiaoli,ipad,4,2,6,,7.0,进阶,2025,5,6,2025-05-01,6-8h,False,True
765,东京恐怖故事加藤病院,东京恐怖故事：加藤病院,7.5,7.4,0.0,0.0,0.0,0.0,0.0,7.4,0.0,0.0,0.0,0,0,0,0.0,0.0,0,0,0,0,11.3,30152.0,1770,剧作时代; 长月文创,3男4女 4.5小时 新手 2023.01发行,日式 还原 惊悚 新手,huxiaoli_ipad_ratings.csv,huxiaoli,ipad,3,4,7,,4.5,新手,2023,1,7,2023-01-01,4-5h,True,False
766,杀意渐起之时,当杀意渐起之时,6.8,7.0,0.0,0.0,0.0,0.0,0.0,7.2,0.0,0.0,6.9,0,0,0,0.0,0.0,0,0,0,0,3.0,24970.0,2628,李白工作室; 未来剧业,3男3女 5.5小时 进阶 2025.09发行,,huxiaoli_ipad_ratings.csv,huxiaoli,ipad,3,3,6,,5.5,进阶,2025,9,6,2025-09-01,5-6h,True,False
767,逃脱艺术家2叙弗涅密契,逃脱艺术家2：叙弗涅密契,8.8,7.9,8.6,0.0,0.0,0.0,0.0,0.0,0.0,0.0,8.3,0,0,0,0.0,0.0,0,0,0,0,39202.0,24244.0,3881,山橘推理; 为雨发行工作室,3男3女 10.0小时 进阶 2025.03发行,,huxiaoli_ipad_ratings.csv,huxiaoli,ipad,3,3,6,,10.0,进阶,2025,3,6,2025-03-01,>8h,False,True
772,如故,如故,9.2,8.9,0.0,0.0,0.0,8.9,0.0,0.0,8.9,0.0,0.0,0,0,0,0.0,0.0,0,0,0,0,1.1,151804.0,24962,东方剧制,3男3女 8.0小时 进阶 2025.05发行,古风 情感 沉浸 其他,huxiaoli_ipad_ratings.csv,huxiaoli,ipad,3,3,6,,8.0,进阶,2025,5,6,2025-05-01,6-8h,True,False
778,拆迁2买房,拆迁2：买房,7.3,6.7,0.0,0.0,7.5,0.0,7.1,0.0,0.0,0.0,0.0,0,0,0,0.0,0.0,0,0,0,0,3.8,72280.0,3002,疯狂剧制; 非凡大陆工作室,5男5女 4.5小时 新手 2023.09发行,中式 机制 欢乐 都市,huxiaoli_ipad_ratings.csv,huxiaoli,ipad,5,5,10,,4.5,新手,2023,9,10,2023-09-01,4-5h,True,False
781,蟪蛄春秋,蟪蛄春秋,8.5,8.0,0.0,0.0,0.0,8.3,0.0,0.0,8.2,0.0,0.0,0,0,0,0.0,0.0,0,0,0,0,1.1,106349.0,13867,不俗发行工作室,3男3女 5.5小时 进阶 2024.05发行,架空 情感 沉浸 其他,huxiaoli_ipad_ratings.csv,huxiaoli,ipad,3,3,6,,5.5,进阶,2024,5,6,2024-05-01,5-6h,True,False
785,恶之华,恶之华,7.7,7.4,0.0,0.0,0.0,7.6,0.0,0.0,7.6,0.0,0.0,0,0,0,0.0,0.0,0,0,0,0,1.1,25041.0,3610,东方剧制,3男3女 5.5小时 新手 2025.07发行,架空 情感 沉浸 其他,huxiaoli_ipad_ratings.csv,huxiaoli,ipad,3,3,6,,5.5,新手,2025,7,6,2025-07-01,5-6h,True,False
786,甲乙丙丁,甲乙丙丁,7.5,7.3,0.0,0.0,0.0,7.6,0.0,0.0,0.0,8.1,0.0,0,0,0,0.0,0.0,0,0,0,0,1.1,13676.0,2514,长青工作室,《甲乙丙丁》⭐️⭐️⭐️⭐️ 📖剧本类型：民国/历史/情感/演绎 👦🏻玩家配置：③男③女 ⏰体验时长：6-7小时 ⭐️体验角色...全文,,huxiaoli_ipad_ratings.csv,huxiaoli,ipad,,,,,7.0,,,,,,6-8h,True,False
788,民间恐怖故事·我的窒爱,民间恐怖故事：我的窒爱,7.8,7.6,0.0,0.0,0.0,0.0,0.0,7.5,0.0,0.0,0.0,0,0,0,0.0,0.0,0,0,0,0,11.3,18498.0,2307,司家侦探,3男3女 4.0小时 新手 2025.09发行,,huxiaoli_ipad_ratings.csv,huxiaoli,ipad,3,3,6,,4.0,新手,2025,9,6,2025-09-01,3-4h,True,False
791,胎屋,胎屋,6.9,6.8,0.0,6.8,0.0,0.0,0.0,6.9,0.0,0.0,0.0,0,0,0,0.0,0.0,0,0,0,0,5049.0,3901.0,435,谜瓜,2男2女 2.5小时 新手 2025.09发行,,huxiaoli_ipad_ratings.csv,huxiaoli,ipad,2,2,4,,2.5,新手,2025,9,4,2025-09-01,<=3h,False,True
792,蛰伏,蛰伏,8.1,7.5,0.0,0.0,0.0,8.0,0.0,0.0,8.1,0.0,0.0,0,0,0,0.0,0.0,0,0,0,0,1.1,50035.0,5405,长月文创; 造物工作室,3男3女 5.5小时 进阶 2024.01发行,现代 情感 沉浸 其他,huxiaoli_ipad_ratings.csv,huxiaoli,ipad,3,3,6,,5.5,进阶,2024,1,6,2024-01-01,5-6h,True,False
793,雪乡连环杀人事件2,雪乡连环杀人事件2,5.6,6.2,0.0,0.0,0.0,0.0,0.0,6.0,0.0,0.0,0.0,0,0,0,0.0,0.0,0,0,0,0,11.3,46311.0,3237,李白工作室,百本选手说剧本:剧本《雪乡连环杀人事件2》6人本 3男3女（可以反串）剧本类型:盒装本 游戏时间:3.5小时 👬适合人群：🈚️ ❤剧情感受...全文,,huxiaoli_ipad_ratings.csv,huxiaoli,ipad,3,3,6,6,3.5,,,,6,,3-4h,True,False
794,见鬼,见鬼,6.3,6.7,0.0,6.8,0.0,0.0,0.0,6.7,0.0,0.0,0.0,0,0,0,0.0,0.0,0,0,0,0,5049.0,9172.0,650,谜语剧制,3男3女 4.5小时 新手 2025.08发行,,huxiaoli_ipad_ratings.csv,huxiaoli,ipad,3,3,6,,4.5,新手,2025,8,6,2025-08-01,4-5h,False,True
795,季风吹过橘色的海,季风吹过橘色的海Ⅱ：苦夏,4.0,0.0,0.0,0.0,0.0,0.0,0.0,0.0,0.0,0.0,0.0,0,0,0,0.0,0.0,0,0,0,0,2508.0,0.0,0,瓦特工作室; 未来剧业,新本推荐｜橘海续作😭《季风2:苦夏》温柔又破防 🎬 类型：现代青春｜治愈微虐｜沉浸还原｜校园情感 🔍 发行工作室：未来剧业 📚 作者：青猫箓 ⏰ 时长：约5小时 👥 人数：6人（3男3女 不建议...全文,现代 情感 沉浸 都市,huxiaoli_ipad_ratings.csv,huxiaoli,ipad,3,3,6,6,5.0,,,,6,,4-5h,False,True
797,告白诗,告白诗,5.3,5.7,0.0,0.0,0.0,5.9,0.0,0.0,5.8,0.0,0.0,0,0,0,0.0,0.0,0,0,0,0,1.1,35400.0,1403,剧火工作室,3男3女 4.0小时 新手 2024.05发行,中式 情感 沉浸 校园,huxiaoli_ipad_ratings.csv,huxiaoli,ipad,3,3,6,,4.0,新手,2024,5,6,2024-05-01,3-4h,True,False
798,杀马特驾到通通闪开,杀马特驾到！通通闪开,7.1,7.0,0.0,0.0,7.8,0.0,7.1,0.0,0.0,0.0,0.0,0,0,0,0.0,0.0,0,0,0,0,3.8,61690.0,5551,疯狂剧制,4男4女 4.0小时 新手 2025.04发行,现代 机制 欢乐 校园,huxiaoli_ipad_ratings.csv,huxiaoli,ipad,4,4,8,,4.0,新手,2025,4,8,2025-04-01,3-4h,True,False
800,捉小三,捉小三,4.0,4.3,0.0,0.0,5.1,0.0,0.0,0.0,0.0,0.0,0.0,0,0,0,0.0,0.0,0,0,0,0,28375.0,27235.0,1669,离火九运,5男5女 3.5小时 新手 2024.10发行,民国 其他 欢乐 新手,huxiaoli_ipad_ratings.csv,huxiaoli,ipad,5,5,10,,3.5,新手,2024,10,10,2024-10-01,3-4h,False,True
801,如是我观,如是我观,8.6,8.0,0.0,7.7,0.0,0.0,0.0,8.4,0.0,0.0,0.0,0,0,0,0.0,0.0,0,0,0,0,5049.0,127300.0,15582,奇迹于你工作室,4男2女 7.0小时 高阶 2024.08发行,,huxiaoli_ipad_ratings.csv,huxiaoli,ipad,4,2,6,,7.0,高阶,2024,8,6,2024-08-01,6-8h,False,True
802,别在派对搞谋杀,别在派对搞谋杀,6.9,6.9,6.9,0.0,7.2,0.0,0.0,0.0,0.0,0.0,0.0,0,0,0,0.0,0.0,0,0,0,0,4827.0,7397.0,783,谜瓜,3男1女 3.0小时 新手 2025.02发行,架空 推理 欢乐 其他,huxiaoli_ipad_ratings.csv,huxiaoli,ipad,3,1,4,,3.0,新手,2025,2,4,2025-02-01,<=3h,False,True
805,金河往事,金河往事,6.9,6.7,0.0,0.0,0.0,7.0,0.0,0.0,0.0,8.0,0.0,0,0,0,0.0,0.0,0,0,0,0,1.1,17028.0,2917,枫叶工作室,2男4女 6.0小时 进阶 2025.07发行,古风 情感 沉浸 进阶,huxiaoli_ipad_ratings.csv,huxiaoli,ipad,2,4,6,,6.0,进阶,2025,7,6,2025-07-01,5-6h,True,False
807,空山,空山,7.8,7.5,0.0,0.0,0.0,7.8,0.0,0.0,0.0,7.9,0.0,0,0,0,0.0,0.0,0,0,0,0,1.1,51024.0,7719,热核·NBC,3男3女 7.0小时 进阶 2025.03发行,古风 情感 演绎 武侠,huxiaoli_ipad_ratings.csv,huxiaoli,ipad,3,3,6,,7.0,进阶,2025,3,6,2025-03-01,6-8h,True,False
808,娘娘千岁,K的游戏12：娘娘千岁,7.4,7.1,0.0,0.0,7.7,0.0,6.7,0.0,0.0,0.0,0.0,0,0,0,0.0,0.0,0,0,0,0,3.8,32018.0,862,K的游戏,这个本，我们四男一女玩的，玩了5个小时，第一阶段撕逼撕了3个半小时。太有意思，一群男生阴阳怪气的撕逼。喜欢欢乐，机制和撕逼的朋友一定要上车。K的游戏全系列对新手都很友好，也不需要DM，可以几个好友买个娘娘千岁一起愉快撕逼起来。,古风 机制 欢乐 宫廷,huxiaoli_ipad_ratings.csv,huxiaoli,ipad,4,1,5,,5.0,新手,,,5,,4-5h,True,False
809,此去,此去,7.5,7.3,0.0,0.0,0.0,7.4,0.0,0.0,7.4,0.0,0.0,0,0,0,0.0,0.0,0,0,0,0,1.1,16863.0,2189,草庐,时长7小时（不算换装和等人的时间） 角色云笛 阅读量240页（分了40慕左右） 疑慕首车此去，因为朋友想玩被迫请假来玩的一个本，其实本来没报什么希望，因为一看女生两个恋陪位，男生一个恋陪位和一个无情位，我就感觉这个...全文,架空 情感 沉浸 神话,huxiaoli_ipad_ratings.csv,huxiaoli,ipad,,,,,7.0,,,,,,6-8h,True,False
811,南墙,南墙,8.5,8.1,0.0,0.0,0.0,8.2,0.0,0.0,0.0,8.3,0.0,0,0,0,0.0,0.0,0,0,0,0,1.1,151271.0,15363,热核·NBC,3男3女 6.0小时 进阶 2023.06发行,古风 情感 演绎 武侠,huxiaoli_ipad_ratings.csv,huxiaoli,ipad,3,3,6,,6.0,进阶,2023,6,6,2023-06-01,5-6h,True,False
813,血腥爱情故事,血腥爱情故事,6.9,7.1,0.0,7.0,0.0,0.0,0.0,7.1,0.0,0.0,0.0,0,0,0,0.0,0.0,0,0,0,0,23695.0,12183.0,1171,,3男3女 4.0小时 新手 2025.08发行,,huxiaoli_ipad_ratings.csv,huxiaoli,ipad,3,3,6,,4.0,新手,2025,8,6,2025-08-01,3-4h,False,True
815,命藏町的白雪姬,命藏町的白雪姬,8.0,7.6,7.8,0.0,0.0,0.0,0.0,0.0,0.0,0.0,7.5,0,0,0,0.0,0.0,0,0,0,0,4829.0,35376.0,5274,进化论工作室,3男3女 8.0小时 进阶 2025.04发行,日式 推理 设定 怪谈,huxiaoli_ipad_ratings.csv,huxiaoli,ipad,3,3,6,,8.0,进阶,2025,4,6,2025-04-01,6-8h,False,True
816,装病,装病,7.2,7.0,0.0,0.0,7.7,0.0,7.1,0.0,0.0,0.0,0.0,0,0,0,0.0,0.0,0,0,0,0,3.8,68429.0,5032,司家侦探,🌟《装病》🌟 📖剧本类型：现代/机制/欢乐/搞笑/ 👦玩家配置：三男三女（可以反串） ⌚️体验时长：4.5小时 🧡体验角色：王活DIE（人老，实话...全文,现代 机制 欢乐 其他,huxiaoli_ipad_ratings.csv,huxiaoli,ipad,3,3,6,,4.5,,,,6,,4-5h,True,False
817,洗劫罗马所有的情书,洗劫罗马所有的情书,8.0,7.7,0.0,0.0,7.8,7.8,0.0,0.0,0.0,0.0,0.0,0,0,0,0.0,0.0,0,0,0,0,8861.0,44775.0,4708,小吃车工作室,《洗劫罗马所有的情书》⭐️⭐️⭐️⭐️ 📖剧本类型：欧美/浪漫/情感/沉浸 👦🏻玩家配置：③男③女 ⏰体验时长：4.5小时 ⭐️DM:🐺 ❤️体验...全文,欧美 情感 欢乐 魔法,huxiaoli_ipad_ratings.csv,huxiaoli,ipad,,,,,4.5,,,,,,4-5h,False,True
819,洗劫伦敦所有的玫瑰,洗劫伦敦所有的玫瑰,8.4,8.0,0.0,0.0,0.0,8.0,0.0,0.0,7.7,0.0,0.0,0,0,0,0.0,0.0,0,0,0,0,1.1,178413.0,18994,北京萝卜头文化,3男3女 5.0小时 新手 2023.07发行,现代 情感 沉浸 都市,huxiaoli_ipad_ratings.csv,huxiaoli,ipad,3,3,6,,5.0,新手,2023,7,6,2023-07-01,4-5h,True,False
823,科举2,科举2,6.2,6.7,0.0,0.0,7.0,0.0,6.8,0.0,0.0,0.0,0.0,0,0,0,0.0,0.0,0,0,0,0,3.8,19009.0,1485,嗷嗷原创,第261本 时长：5小时 配置：6男2女 《科举2》与《科举1》相比较可以说是完全的换汤不换药，无论是流程还是机制都是原来的那一套，甚至说缺点都完全继承...全文,古风 机制 欢乐 其他,huxiaoli_ipad_ratings.csv,huxiaoli,ipad,6,2,8,,5.0,,,,8,,4-5h,True,False
824,红豆2月光,红豆2月光,8.6,8.0,0.0,0.0,0.0,8.6,0.0,0.0,8.5,0.0,0.0,0,0,0,0.0,0.0,0,0,0,0,1.1,79073.0,12737,仲夏清晨,百本选手说剧本:剧本《红豆2月光》6人本 3男3女（不可反串）剧本类型:城限本 情感本 游戏时间:7小时 👬适合人群：喜欢 红豆 的 玩家 🌟体验亮点：A本 凑乎 B本 🉑 C本 晴...全文,现代 情感 沉浸 家国,huxiaoli_ipad_ratings.csv,huxiaoli,ipad,3,3,6,6,7.0,,,,6,,6-8h,True,False
826,东京恐怖故事·自杀森林,东京恐怖故事：自杀森林,6.9,7.1,6.8,0.0,0.0,0.0,0.0,0.0,0.0,0.0,0.0,0,0,0,0.0,0.0,0,0,0,0,4829.0,12207.0,665,剧作时代,2男4女 4.5小时 进阶 2022.05发行,日式 推理 惊悚 怪谈,huxiaoli_ipad_ratings.csv,huxiaoli,ipad,2,4,6,,4.5,进阶,2022,5,6,2022-05-01,4-5h,False,True
827,东京恐怖故事崇山乐园,东京恐怖故事：崇山乐园,8.2,7.7,0.0,0.0,0.0,0.0,0.0,0.0,0.0,0.0,0.0,0,0,0,0.0,0.0,0,0,0,0,35514.0,60102.0,4436,剧作时代; 水镜出品,3男4女 4.5小时 新手 2023.11发行,日式 其他 惊悚 新手,huxiaoli_ipad_ratings.csv,huxiaoli,ipad,3,4,7,,4.5,新手,2023,11,7,2023-11-01,4-5h,False,True
828,我是大掌柜,我是大掌柜,7.9,7.1,0.0,0.0,7.5,0.0,7.7,0.0,0.0,0.0,0.0,0,0,0,0.0,0.0,0,0,0,0,3.8,38799.0,2828,未来剧业,百本选手说剧本:剧本《我是大掌柜》8人本 4男4女（可以反串）🉑开 6人版本 ～ 7人版本 剧本类型:盒装本 机制本 游戏时间:5小时左右 👬适合人群：全类型...全文,古风 机制 欢乐 历史,huxiaoli_ipad_ratings.csv,huxiaoli,ipad,4,4,8,8,5.0,,,,8,,4-5h,True,False
830,科举,科举,7.0,6.8,0.0,0.0,7.5,0.0,0.0,0.0,0.0,0.0,0.0,0,0,0,0.0,6.9,0,0,0,0,5.8,161012.0,10191,疯狂剧制; 嗷嗷原创,百本选手说剧本:剧本《科举》8人本 4男4女 剧本类型:盒装本 欢乐 阵营本 游戏时间:4小时左右 👬适合人群：新手玩家 ❤剧情感受：...全文,古风 阵营 欢乐 权谋,huxiaoli_ipad_ratings.csv,huxiaoli,ipad,4,4,8,8,4.0,新手,,,8,,3-4h,True,False
834,加个v呗,加个V呗,8.7,7.9,8.0,0.0,8.1,0.0,0.0,0.0,0.0,0.0,0.0,0,0,0,0.0,0.0,0,0,0,0,4829.0,71472.0,6615,谜瓜,2男2女 2.5小时 新手 2024.10发行,现代 推理 欢乐 都市,huxiaoli_ipad_ratings.csv,huxiaoli,ipad,2,2,4,,2.5,新手,2024,10,4,2024-10-01,<=3h,False,True
836,抓小三只是睡觉的关系,抓小三《只是睡觉的关系》,5.6,6.1,0.0,0.0,6.8,0.0,0.0,0.0,0.0,0.0,0.0,0,0,0,0.0,0.0,0,0,0,0,53087.0,66809.0,3969,有暖气工作室,4男4女 4.5小时 新手 2024.10发行,现代 其他 欢乐 新手,huxiaoli_ipad_ratings.csv,huxiaoli,ipad,4,4,8,,4.5,新手,2024,10,8,2024-10-01,4-5h,False,True
837,温床,温床,7.9,7.6,0.0,0.0,0.0,7.7,0.0,0.0,7.7,0.0,0.0,0,0,0,0.0,0.0,0,0,0,0,1.1,63439.0,8872,热核·NBC,时长七小时 角色亚当 阅读量150页左右 价格238 首先我说一个重点，能接受毫无伦理道德的玩家（剧情上两位玩家一男（男A）一女（女A）在教堂...全文,架空 情感 沉浸 都市,huxiaoli_ipad_ratings.csv,huxiaoli,ipad,,,,,7.0,,,,,,6-8h,True,False
838,秦风颂,秦风颂,8.4,8.0,0.0,0.0,0.0,8.2,0.0,0.0,8.2,0.0,0.0,0,0,0,0.0,0.0,0,0,0,0,1.1,121404.0,14299,海上仙山,百本选手说剧本:剧本《秦风颂》6人本 3男3女 （不🉑反串）剧本类型:城限本 情感本 游戏时间:8小时左右 👬适合人群：情感本玩家 ❤剧情感...全文,架空 情感 沉浸 其他,huxiaoli_ipad_ratings.csv,huxiaoli,ipad,3,3,6,6,8.0,,,,6,,6-8h,True,False
839,反骨,反骨,6.6,6.4,0.0,0.0,0.0,7.0,0.0,0.0,0.0,7.7,0.0,0,0,0,0.0,0.0,0,0,0,0,1.1,44233.0,6624,德雾昂剧制; 天地之间,3男3女 6.5小时 进阶 2025.06发行,古风 情感 演绎 仙侠,huxiaoli_ipad_ratings.csv,huxiaoli,ipad,3,3,6,,6.5,进阶,2025,6,6,2025-06-01,6-8h,True,False
842,二流货色,二流货色II：青花,8.5,8.0,0.0,0.0,0.0,8.2,0.0,0.0,8.0,0.0,0.0,0,0,0,0.0,0.0,0,0,0,0,1.1,26003.0,3380,未来剧业; 角色失重工作室,3男3女 5.0小时 新手 2026.04发行,现代 情感 沉浸 都市,huxiaoli_ipad_ratings.csv,huxiaoli,ipad,3,3,6,,5.0,新手,2026,4,6,2026-04-01,4-5h,True,False
843,麻了隔壁,麻了隔壁,6.6,6.3,0.0,0.0,7.3,0.0,6.6,0.0,0.0,0.0,0.0,0,0,0,0.0,0.0,0,0,0,0,3.8,120788.0,4788,疯狂剧制,百本选手说剧本：剧本《麻了隔壁》10人本 5男5女（7人 8人9人 均可开本）剧本类型：盒装本 欢乐 机制本 游戏时间:5小时左右 实话实说 这个本 还挺不错的 推荐人群：新手玩家 公司团建 戏精玩家 熟人车 （🈶小游戏 🈶机制）大家都是 开店的 又都是 邻居 就 一起努力 赚大钱吧 最后…… 人均800个心眼子 勾心斗角 ...全文,架空 机制 欢乐 都市,huxiaoli_ipad_ratings.csv,huxiaoli,ipad,5,5,10,10,5.0,新手,,,10,,4-5h,True,False
845,野狗不需要墓碑,野狗不需要墓碑,6.3,6.8,0.0,0.0,0.0,0.0,0.0,6.5,0.0,0.0,0.0,0,0,0,0.0,0.0,0,0,0,0,113457.0,114222.0,9937,天恩院; 未来剧业,🌟《野狗不需要墓碑》🌟 📖剧本类型：还原/惊悚/情感/欢乐 👦玩家配置：三男三女（尽量不反串呗） ⌚️体验时长：4.5小时 🌟带本DM：⚡️...全文,,huxiaoli_ipad_ratings.csv,huxiaoli,ipad,3,3,6,,4.5,,,,6,,4-5h,False,True
846,野狗不需要墓碑2:天生坏种,野狗不需要墓碑2：天生坏种,6.5,7.0,0.0,6.8,0.0,0.0,0.0,6.7,0.0,0.0,0.0,0,0,0,0.0,0.0,0,0,0,0,5049.0,36523.0,2968,天恩院; 未来剧业,“癫狂隐晦间 有爱悄然滋生” #野狗不需要墓碑2 4月底到店可约 2男4女 时长4.5小时 e家推理探案馆 【新手·还原·另类情感·体验流】,👬适合人群：还原 欢乐 情感 ❤剧情感受：时长4.5h，完美的保持了上一部的风格，连输出模式都一样，时长也几乎一致，依旧是全类型剧本，前期小游戏欢乐破冰、中间穿插无厘头凶案推理、一头雾水故事还原、结局自由发挥输出情感...全文,huxiaoli_ipad_ratings.csv,huxiaoli,ipad,2,4,6,,4.5,新手,,,6,,4-5h,False,True
847,窃云台,窃云台,8.5,8.0,0.0,0.0,0.0,8.5,0.0,0.0,0.0,8.7,0.0,0,0,0,0.0,0.0,0,0,0,0,1.1,104222.0,15689,海上仙山; 他山之石,3男3女 7.5小时 进阶 2025.08发行,古风 情感 演绎 家国,huxiaoli_ipad_ratings.csv,huxiaoli,ipad,3,3,6,,7.5,进阶,2025,8,6,2025-08-01,6-8h,True,False
849,璃火,璃火,7.8,7.4,0.0,0.0,0.0,7.6,0.0,0.0,0.0,8.4,0.0,0,0,0,0.0,0.0,0,0,0,0,69454.0,145565.0,16933,,2男4女 6.0小时 进阶 2024.11发行,古风 情感 演绎 仙侠,huxiaoli_ipad_ratings.csv,huxiaoli,ipad,2,4,6,,6.0,进阶,2024,11,6,2024-11-01,5-6h,False,True
850,死亡回响,死亡回响,9.0,8.5,8.9,8.6,0.0,0.0,0.0,0.0,0.0,0.0,0.0,0,0,0,0.0,0.0,0,0,0,0,4837.0,150790.0,23554,灰烬工作室,3男3女 8.0小时 进阶 2025.01发行,日式 推理 悬疑 其他,huxiaoli_ipad_ratings.csv,huxiaoli,ipad,3,3,6,,8.0,进阶,2025,1,6,2025-01-01,6-8h,False,True
854,铃兰女校2富江花子,铃兰女校2富江花子,8.7,8.3,0.0,0.0,0.0,0.0,0.0,8.0,0.0,0.0,0.0,0,0,0,0.0,0.0,0,0,0,0,11.3,73344.0,6994,剧作时代,3男4女 6.0小时 进阶 2024.06发行,,huxiaoli_ipad_ratings.csv,huxiaoli,ipad,3,4,7,,6.0,进阶,2024,6,7,2024-06-01,5-6h,True,False
855,猫岛2犬山谋杀循环,猫岛2：犬山谋杀循环,7.5,7.4,0.0,7.5,0.0,0.0,0.0,0.0,0.0,0.0,0.0,0,0,0,0.0,0.0,0,0,0,0,81055.0,87521.0,13231,,3男3女 8.0小时 进阶 2025.04发行,,huxiaoli_ipad_ratings.csv,huxiaoli,ipad,3,3,6,,8.0,进阶,2025,4,6,2025-04-01,6-8h,False,True
856,猫岛谋杀循环,猫岛谋杀循环,9.1,8.7,8.6,8.5,0.0,0.0,0.0,0.0,0.0,0.0,0.0,0,0,0,0.0,0.0,0,0,0,0,4838.0,236965.0,49388,灰烬工作室,百本选手说剧本:剧本《猫岛谋杀循环》6人本 3男3女（🉑以反串）剧本类型:城限本 推理 还原 欢乐 情感 惊悚 游戏时间:6小时左右 👬适合人群：全类型 ...全文,,huxiaoli_ipad_ratings.csv,huxiaoli,ipad,3,3,6,6,6.0,,,,6,,5-6h,False,True
857,流氓叙事,流氓叙事,8.9,8.6,0.0,0.0,0.0,8.8,0.0,0.0,8.8,0.0,0.0,0,0,0,0.0,0.0,0,0,0,0,3.4,179194.0,40563,不俗发行工作室,百本选手说剧本:剧本《流氓叙事》6人本 3男3女 或 2男4女 剧本类型:城限本 情感本 游戏时间:7小时 👬适合人群：情感本 玩家 🌟体验亮点...全文,架空 情感 沉浸 其他,huxiaoli_ipad_ratings.csv,huxiaoli,ipad,3,3,6,6,7.0,,,,6,,6-8h,True,False
858,志怪桃花源记,志怪·桃花源记,8.3,7.8,0.0,0.0,0.0,0.0,0.0,0.0,0.0,0.0,0.0,0,0,0,0.0,0.0,0,0,0,0,11628.0,10557.0,1368,九州长歌工作室; 水镜出品,3男3女 5.5小时 新手 2025.09发行,,huxiaoli_ipad_ratings.csv,huxiaoli,ipad,3,3,6,,5.5,新手,2025,9,6,2025-09-01,5-6h,False,True
860,我与我诀别,我，与我诀别,8.6,8.1,0.0,0.0,0.0,0.0,0.0,8.4,0.0,0.0,8.1,0,0,0,0.0,0.0,0,0,0,0,3.0,91413.0,15217,东方迷雾; 墨菲工作室,2男4女 6.5小时 进阶 2025.11发行,,huxiaoli_ipad_ratings.csv,huxiaoli,ipad,2,4,6,,6.5,进阶,2025,11,6,2025-11-01,6-8h,True,False
875,欲缚,欲缚,6.9,6.8,0.0,0.0,0.0,7.4,0.0,0.0,7.3,0.0,0.0,0,0,0,0.0,0.0,0,0,0,0,1.1,25770.0,3868,超人工作室,3男3女 7.0小时 进阶 2025.08发行,古风 情感 沉浸 其他,huxiaoli_ipad_ratings.csv,huxiaoli,ipad,3,3,6,,7.0,进阶,2025,8,6,2025-08-01,6-8h,True,False
877,底层逻辑,底层逻辑,7.9,6.6,8.2,0.0,0.0,0.0,0.0,0.0,0.0,0.0,7.9,0,0,0,0.0,0.0,0,0,0,0,37.0,21309.0,3592,极限推理,3男3女 7.0小时 进阶 2025.08发行,,huxiaoli_ipad_ratings.csv,huxiaoli,ipad,3,3,6,,7.0,进阶,2025,8,6,2025-08-01,6-8h,True,False
879,塑料温室,塑料温室,7.5,7.2,0.0,0.0,0.0,7.8,0.0,0.0,7.6,0.0,0.0,0,0,0,0.0,0.0,0,0,0,0,1.1,40881.0,6563,有棱有角工作室,《塑料温室》⭐️⭐️⭐️⭐️ 📖剧本类型：现代/情感/治愈/架空 👦🏻玩家配置：③男③女 ⏰体验时长：7.5小时 🏠体验店铺：橋Free ⭐️DM：可乐➕孤狼➕杉...全文,现代 情感 沉浸 其他,huxiaoli_ipad_ratings.csv,huxiaoli,ipad,,,,,7.5,,,,,,6-8h,True,False
880,直到触及她的时刻,直到触及她的时刻,7.4,7.0,7.5,0.0,0.0,0.0,0.0,0.0,0.0,0.0,7.1,0,0,0,0.0,0.0,0,0,0,0,4839.0,17421.0,2869,木屋发行工作室,3男3女 8.0小时 进阶 2025.09发行,日式 推理 设定 其他,huxiaoli_ipad_ratings.csv,huxiaoli,ipad,3,3,6,,8.0,进阶,2025,9,6,2025-09-01,6-8h,False,True
881,风起雁回,风起·雁回,7.4,7.7,6.8,0.0,0.0,0.0,0.0,0.0,0.0,0.0,7.2,0,0,0,0.0,0.0,0,0,0,0,6194.0,5597.0,738,魔术师工作室,3男3女 6.0小时 新手 2025.10发行,中式 推理 其他 新手,huxiaoli_ipad_ratings.csv,huxiaoli,ipad,3,3,6,,6.0,新手,2025,10,6,2025-10-01,5-6h,False,True
882,盛大登场,盛大登场,6.5,7.0,0.0,6.8,0.0,0.0,0.0,7.0,0.0,0.0,0.0,0,0,0,0.0,0.0,0,0,0,0,5049.0,5454.0,1220,极限推理,3男3女 8.0小时 进阶 2025.09发行,,huxiaoli_ipad_ratings.csv,huxiaoli,ipad,3,3,6,,8.0,进阶,2025,9,6,2025-09-01,6-8h,False,True
883,献给雪夜的花火,献给雪夜的花火,8.0,7.7,0.0,7.4,0.0,0.0,0.0,7.8,0.0,0.0,0.0,0,0,0,0.0,0.0,0,0,0,0,5049.0,16600.0,2784,浮生梦文创,3男3女 8.0小时 进阶 2025.09发行,,huxiaoli_ipad_ratings.csv,huxiaoli,ipad,3,3,6,,8.0,进阶,2025,9,6,2025-09-01,6-8h,False,True
884,推理作家的谋杀艺术,推理作家的谋杀艺术,8.4,7.9,7.9,7.6,0.0,0.0,0.0,0.0,0.0,0.0,0.0,0,0,0,0.0,0.0,0,0,0,0,4839.0,59881.0,7185,灰烬工作室,3男3女 7.5小时 进阶 2024.09发行,日式 推理 悬疑 其他,huxiaoli_ipad_ratings.csv,huxiaoli,ipad,3,3,6,,7.5,进阶,2024,9,6,2024-09-01,6-8h,False,True
887,西瓜生于血骨之上,西瓜生于血骨之上,6.3,6.5,0.0,6.5,0.0,0.0,0.0,6.6,0.0,0.0,0.0,0,0,0,0.0,0.0,0,0,0,0,5049.0,3831.0,526,葫芦世界,3男3女 6.0小时 进阶 2024.06发行,,huxiaoli_ipad_ratings.csv,huxiaoli,ipad,3,3,6,,6.0,进阶,2024,6,6,2024-06-01,5-6h,False,True
888,不良少女与独眼Kitty猫,不良少女与独眼Kitty猫,8.3,7.7,7.5,0.0,8.3,0.0,0.0,0.0,0.0,0.0,0.0,0,0,0,0.0,0.0,0,0,0,0,4839.0,122325.0,14870,浮生梦文创,百本选手说剧本:剧本《不良少女与独眼kitty猫》6人本 3男3女（可以反串）剧本类型:城限 八嘎推理 游戏时间:6.5小时左右 👬适合人群：...全文,日式 推理 欢乐 二次元,huxiaoli_ipad_ratings.csv,huxiaoli,ipad,3,3,6,6,6.5,,,,6,,6-8h,False,True
890,凌州城八棺奇案,凌州城八棺奇案,8.3,8.4,7.5,0.0,0.0,0.0,0.0,0.0,0.0,0.0,7.8,0,0,0,0.0,0.0,0,0,0,0,4839.0,30907.0,5675,KEYS工作室; 笨小孩工作室,4男2女 10.0小时 进阶 2025.01发行,古风 推理 设定 仙侠,huxiaoli_ipad_ratings.csv,huxiaoli,ipad,4,2,6,,10.0,进阶,2025,1,6,2025-01-01,>8h,False,True
892,水豚食人录,水豚食人录,7.4,6.4,7.3,0.0,0.0,0.0,0.0,0.0,0.0,0.0,6.9,0,0,0,0.0,0.0,0,0,0,0,9752.0,6397.0,821,解语花剧本工作室,3男3女 6.0小时 进阶 2024.12发行,,huxiaoli_ipad_ratings.csv,huxiaoli,ipad,3,3,6,,6.0,进阶,2024,12,6,2024-12-01,5-6h,False,True
894,神匿于五日之下,神匿于五日之下,7.9,7.1,7.8,7.3,0.0,0.0,0.0,0.0,0.0,0.0,0.0,0,0,0,0.0,0.0,0,0,0,0,4844.0,36094.0,4638,木屋发行工作室; 云水遥工作室,4男2女 7.5小时 进阶 2024.06发行,日式 推理 悬疑 其他,huxiaoli_ipad_ratings.csv,huxiaoli,ipad,4,2,6,,7.5,进阶,2024,6,6,2024-06-01,6-8h,False,True
895,唐人街捉妖,唐人街捉妖,8.7,8.0,0.0,0.0,0.0,0.0,0.0,7.6,0.0,0.0,0.0,0,0,0,9.0,0.0,0,0,0,0,2984.0,136018.0,15083,表里山河创作,百本选手说剧本:剧本《唐人街捉妖》6人本 3男3女（可以反串）剧本类型:盒装本 还原 立意本 游戏时间:6小时左右 👬适合人群：家...全文,,huxiaoli_ipad_ratings.csv,huxiaoli,ipad,3,3,6,6,6.0,,,,6,,5-6h,False,True
896,闻风录,闻风录,7.3,6.9,0.0,0.0,0.0,7.2,0.0,0.0,7.2,0.0,0.0,0,0,0,0.0,0.0,0,0,0,0,1.1,16591.0,2059,戏人间,百本选手说剧本:剧本《闻风录》6人本 3男3女（不可反串）剧本类型:城限本 情感本 古风 架空 游戏时间:8.5小时左右 👬适合人群：情感本 ...全文,古风 情感 沉浸 其他,huxiaoli_ipad_ratings.csv,huxiaoli,ipad,3,3,6,6,8.5,,,,6,,>8h,True,False
897,水仙,水仙,8.4,7.8,0.0,0.0,0.0,7.9,0.0,0.0,0.0,0.0,0.0,0,0,0,8.3,0.0,0,0,0,0,1.1,62539.0,8181,黎明工作室,3男3女 6.5小时 进阶 2024.06发行,,huxiaoli_ipad_ratings.csv,huxiaoli,ipad,3,3,6,,6.5,进阶,2024,6,6,2024-06-01,6-8h,True,False
898,叙清梦,叙清梦,8.5,7.9,0.0,0.0,0.0,8.0,0.0,0.0,7.9,0.0,0.0,0,0,0,0.0,0.0,0,0,0,0,25788.0,35430.0,3795,,3男3女 6.0小时 新手 2024.03发行,古风 情感 沉浸 宫廷,huxiaoli_ipad_ratings.csv,huxiaoli,ipad,3,3,6,,6.0,新手,2024,3,6,2024-03-01,5-6h,False,True
899,我们被撕裂于夏日,我们被撕裂于夏日,6.4,6.6,0.0,0.0,0.0,0.0,0.0,6.6,0.0,0.0,0.0,0,0,0,0.0,0.0,0,0,0,0,11.3,30341.0,2177,剧作时代; 未来剧业,体验角色:芳岛芽衣子 剧本类型:恐怖推理 剧本人数:7️⃣人（0️⃣男7️⃣女）🉑反 剧本时长:4～5小时 听到是东京恐怖故事番外篇，就来打了，怎么说呢！就那样，很一般😳除了封面好看没有其他优...全文,日式 还原 惊悚 新手,huxiaoli_ipad_ratings.csv,huxiaoli,ipad,,,,,5.0,,,,,,4-5h,True,False
900,天空漫画屋,天空漫画屋,6.6,6.7,0.0,0.0,0.0,6.7,0.0,0.0,0.0,0.0,0.0,0,0,0,0.0,0.0,0,0,0,0,4292.0,3094.0,456,LARP原创工作室,3男3女 4.5小时 新手 2024.05发行,,huxiaoli_ipad_ratings.csv,huxiaoli,ipad,3,3,6,,4.5,新手,2024,5,6,2024-05-01,4-5h,False,True
901,抢红包,抢红包！,6.8,6.7,0.0,0.0,7.1,0.0,6.8,0.0,0.0,0.0,0.0,0,0,0,0.0,0.0,0,0,0,0,3.8,17419.0,1435,谜语剧制,百本选手说剧本:剧本《抢红包!》7人本 4男3女 剧本类型:盒装本 游戏时间:4小时 👬适合人群：🈚️ ❤剧情感...全文,现代 机制 欢乐 都市,huxiaoli_ipad_ratings.csv,huxiaoli,ipad,4,3,7,7,4.0,,,,7,,3-4h,True,False
903,玉藻前终焉之时,玉藻前终焉之时,8.7,8.1,8.2,7.9,0.0,0.0,0.0,0.0,0.0,0.0,0.0,0,0,0,0.0,0.0,0,0,0,0,4844.0,43800.0,5022,口袋发行,2男4女 9.0小时 高阶 2023.07发行,日式 推理 悬疑 豪门,huxiaoli_ipad_ratings.csv,huxiaoli,ipad,2,4,6,,9.0,高阶,2023,7,6,2023-07-01,>8h,False,True
906,梦灵祈念时,梦灵祈念时,7.7,7.4,7.2,0.0,0.0,0.0,0.0,0.0,0.0,0.0,7.1,0,0,0,0.0,0.0,0,0,0,0,4844.0,29267.0,3639,KEYS工作室,3男3女 6.5小时 进阶 2024.08发行,日式 推理 设定 其他,huxiaoli_ipad_ratings.csv,huxiaoli,ipad,3,3,6,,6.5,进阶,2024,8,6,2024-08-01,6-8h,False,True
907,彼岸有神低语,彼岸有神低语,8.2,7.8,7.5,7.5,0.0,0.0,0.0,0.0,0.0,0.0,0.0,0,0,0,0.0,0.0,0,0,0,0,4844.0,29549.0,3268,慢热TUO,百本选手说剧本:剧本《彼岸有神低语》6人本 3男3女 剧本类型:城限本 跑团 还原本 游戏时间:6小时左右 👬适合人群：慢热 粉丝 ❤剧情感...全文,,huxiaoli_ipad_ratings.csv,huxiaoli,ipad,3,3,6,6,6.0,,,,6,,5-6h,False,True
911,流萤,流萤,8.0,7.4,0.0,0.0,0.0,7.5,0.0,0.0,0.0,0.0,0.0,0,0,0,8.0,0.0,0,0,0,0,1.1,17913.0,2174,慢热TUO,3男3女 6.0小时 进阶 2024.08发行,古风 情感 立意 历史,huxiaoli_ipad_ratings.csv,huxiaoli,ipad,3,3,6,,6.0,进阶,2024,8,6,2024-08-01,5-6h,True,False
914,江湖夜雨十年灯,江湖夜雨十年灯,7.2,6.9,0.0,0.0,0.0,7.3,0.0,0.0,0.0,7.8,0.0,0,0,0,0.0,0.0,0,0,0,0,1.1,9162.0,1159,戏屿工作室,3男3女 6.0小时 进阶 2024.07发行,古风 情感 演绎 武侠,huxiaoli_ipad_ratings.csv,huxiaoli,ipad,3,3,6,,6.0,进阶,2024,7,6,2024-07-01,5-6h,True,False
915,谎谎而终,谎谎而终,8.1,7.0,7.4,0.0,0.0,0.0,0.0,0.0,0.0,0.0,8.0,0,0,0,0.0,0.0,0,0,0,0,4844.0,37940.0,4791,低空飞行,3男3女 6.5小时 进阶 2024.10发行,,huxiaoli_ipad_ratings.csv,huxiaoli,ipad,3,3,6,,6.5,进阶,2024,10,6,2024-10-01,6-8h,False,True
918,将昼,将昼,8.0,7.7,0.0,0.0,0.0,0.0,0.0,7.5,0.0,0.0,0.0,0,0,0,8.1,0.0,0,0,0,0,2984.0,35005.0,1815,天恩院,6男1女 5.5小时 高阶 2022.07发行,,huxiaoli_ipad_ratings.csv,huxiaoli,ipad,6,1,7,,5.5,高阶,2022,7,7,2022-07-01,5-6h,False,True
919,长岁灯,长岁灯,7.6,7.2,0.0,0.0,0.0,7.6,0.0,0.0,0.0,8.2,0.0,0,0,0,0.0,0.0,0,0,0,0,1.1,10972.0,1311,慢热TUO,3男3女 6.0小时 新手 2024.04发行,古风 情感 演绎 仙侠,huxiaoli_ipad_ratings.csv,huxiaoli,ipad,3,3,6,,6.0,新手,2024,4,6,2024-04-01,5-6h,True,False
920,绛夏,绛夏,7.6,7.1,0.0,0.0,0.0,7.4,0.0,0.0,0.0,7.9,0.0,0,0,0,0.0,0.0,0,0,0,0,1.1,15205.0,2143,枫叶工作室; 泷麟工作室,百本选手说剧本:剧本《绛夏》6人本 3男3女（不可反串）剧本类型:城限本 情感本 古风 换装 演绎 游戏时间:9小时 👬适合人群：情感本 玩家 戏精 e人 读本 ...全文,古风 情感 演绎 武侠,huxiaoli_ipad_ratings.csv,huxiaoli,ipad,3,3,6,6,9.0,,,,6,,>8h,True,False
921,故园,故园,7.6,7.3,0.0,0.0,0.0,7.5,0.0,0.0,7.5,0.0,0.0,0,0,0,0.0,0.0,0,0,0,0,1.1,23557.0,2811,不俗发行工作室,百本选手说剧本:剧本《故园》6人本 3男3女（不可反串）剧本类型:城限本 情感本 民国 家国 游戏时间:7.5小时 👬适合人群：情感本 玩家 ...全文,民国 情感 沉浸 其他,huxiaoli_ipad_ratings.csv,huxiaoli,ipad,3,3,6,6,7.5,,,,6,,6-8h,True,False
922,朝瑶,朝瑶,7.7,7.2,0.0,0.0,0.0,7.6,0.0,0.0,0.0,8.0,0.0,0,0,0,0.0,0.0,0,0,0,0,1.1,16941.0,1939,造物工作室,3男3女 6.0小时 进阶 2024.10发行,古风 情感 演绎 家国,huxiaoli_ipad_ratings.csv,huxiaoli,ipad,3,3,6,,6.0,进阶,2024,10,6,2024-10-01,5-6h,True,False
924,摸鱼,摸鱼,6.5,6.3,0.0,0.0,7.0,0.0,6.3,0.0,0.0,0.0,0.0,0,0,0,0.0,0.0,0,0,0,0,3.8,30097.0,1927,谜语剧制,3男4女 4.0小时 新手 2024.08发行,现代 机制 欢乐 都市,huxiaoli_ipad_ratings.csv,huxiaoli,ipad,3,4,7,,4.0,新手,2024,8,7,2024-08-01,3-4h,True,False
925,风起时想你,风起时想你,7.4,7.2,0.0,0.0,0.0,7.5,0.0,0.0,0.0,0.0,0.0,0,0,0,7.5,0.0,0,0,0,0,1.1,22614.0,1475,月影工作室,百本选手说剧本:剧本《风起时想你》6人本 3男3女（不可反串）剧本类型:盒装本 情感本 游戏时间:4小时左右 👬适合人群：新手玩家 女性玩家 ❤剧情感受：一打一...全文,现代 情感 立意 新手,huxiaoli_ipad_ratings.csv,huxiaoli,ipad,3,3,6,6,4.0,新手,,,6,,3-4h,True,False
926,男宠,男宠,4.9,5.3,0.0,0.0,6.0,0.0,5.2,0.0,0.0,0.0,0.0,0,0,0,0.0,0.0,0,0,0,0,3.8,33344.0,1690,非凡大陆工作室,百本选手说剧本:剧本《男宠》8人本 5男3女（🉑以反串）剧本类型:盒装本 欢乐本 游戏时间:3.5小时 👬适合人群：第一次打本 熟人车 i人 公司团建 ❤剧情感受...全文,古风 机制 欢乐 宫廷,huxiaoli_ipad_ratings.csv,huxiaoli,ipad,5,3,8,8,3.5,,,,8,,3-4h,True,False
929,琼崖,琼崖,7.1,6.7,0.0,0.0,0.0,7.2,0.0,0.0,0.0,8.2,0.0,0,0,0,0.0,0.0,0,0,0,0,1.1,43316.0,5115,泷麟工作室; 枫叶工作室,3男3女 5.5小时 新手 2024.03发行,古风 情感 演绎 武侠,huxiaoli_ipad_ratings.csv,huxiaoli,ipad,3,3,6,,5.5,新手,2024,3,6,2024-03-01,5-6h,True,False
930,悲剧的共犯,悲剧的共犯,8.1,7.5,7.7,7.3,0.0,0.0,0.0,0.0,0.0,0.0,0.0,0,0,0,0.0,0.0,0,0,0,0,4849.0,32640.0,3995,天津剧盟发行工作室; 南本出品,百本选手说剧本:剧本《悲剧的共犯》6人本 3男3女（🉑以反串）剧本类型:城限本 ip本 推理 还原本 游戏时间:7.5小时 左右 👬适合人群：金田一 粉丝 天津剧盟 粉丝 王鑫...全文,日式 推理 悬疑 二次元,huxiaoli_ipad_ratings.csv,huxiaoli,ipad,3,3,6,6,7.5,,,,6,,6-8h,False,True
931,玄鸟,玄鸟,7.0,6.8,0.0,0.0,0.0,7.2,0.0,0.0,7.1,0.0,0.0,0,0,0,0.0,0.0,0,0,0,0,1.1,18414.0,2180,热核·NBC,百本选手说剧本:剧本《玄鸟》6人本 3男3女（不可反串）剧本类型:城限本 情感本 游戏时间:6.5小时左右 👬适合人群：喜欢 还原的 玩家 ❤剧情感受：低开中走 A本...全文,古风 情感 沉浸 玄幻,huxiaoli_ipad_ratings.csv,huxiaoli,ipad,3,3,6,6,6.5,,,,6,,6-8h,True,False
935,兔子井,兔子井,7.4,7.2,7.0,0.0,0.0,0.0,0.0,0.0,0.0,0.0,6.9,0,0,0,0.0,0.0,0,0,0,0,4849.0,30495.0,2218,伯乐剧本工作室,4男2女 5.0小时 进阶 2024.01发行,日式 推理 设定 怪谈,huxiaoli_ipad_ratings.csv,huxiaoli,ipad,4,2,6,,5.0,进阶,2024,1,6,2024-01-01,4-5h,False,True
936,中国民俗怪谈鬼陀棺,中国民俗怪谈·鬼陀棺,6.8,6.8,0.0,0.0,0.0,0.0,0.0,6.7,0.0,0.0,0.0,0,0,0,0.0,0.0,0,0,0,0,11.3,7474.0,339,九州长歌工作室,3男3女 4.5小时 新手 2024.07发行,,huxiaoli_ipad_ratings.csv,huxiaoli,ipad,3,3,6,,4.5,新手,2024,7,6,2024-07-01,4-5h,True,False
937,几千春,几千春,6.8,6.6,0.0,0.0,0.0,7.1,0.0,0.0,7.0,0.0,0.0,0,0,0,0.0,0.0,0,0,0,0,1.1,19732.0,2708,长青工作室,3男3女 6.0小时 进阶 2025.01发行,古风 情感 沉浸 仙侠,huxiaoli_ipad_ratings.csv,huxiaoli,ipad,3,3,6,,6.0,进阶,2025,1,6,2025-01-01,5-6h,True,False
938,明月清风我,明月清风我,8.1,7.5,0.0,0.0,0.0,7.8,0.0,0.0,7.5,0.0,0.0,0,0,0,0.0,0.0,0,0,0,0,1.1,16698.0,1305,瓦特工作室,3男3女 4.5小时 进阶 2023.11发行,古风 情感 沉浸 玄幻,huxiaoli_ipad_ratings.csv,huxiaoli,ipad,3,3,6,,4.5,进阶,2023,11,6,2023-11-01,4-5h,True,False
939,雨夜感染者,雨夜感染者,8.3,7.4,0.0,0.0,0.0,0.0,7.4,0.0,0.0,0.0,0.0,0,0,0,7.7,0.0,0,0,0,0,2962.0,4438.0,287,惊人院,《雨夜感染者》⭐️⭐️⭐️⭐️ 📖剧本类型：中式/都市/机制/立意 👦🏻玩家配置：④人本（不限男女） ⏰体验时长：③小时 你是粉刷匠，一个“零污渍”...全文,,huxiaoli_ipad_ratings.csv,huxiaoli,ipad,,,,,,,,,,,,False,True
941,朝露辞,朝露辞,7.7,7.1,0.0,0.0,0.0,7.6,0.0,0.0,7.6,0.0,0.0,0,0,0,0.0,0.0,0,0,0,0,1.1,59732.0,7360,东方剧制,百本选手说剧本:剧本《朝露辞》6人本 3男3女（不可反串）剧本类型:城限本 情感本 游戏时间:8小时左右 👬适合人群：情感本 玩家 ❤剧情感...全文,古风 情感 沉浸 其他,huxiaoli_ipad_ratings.csv,huxiaoli,ipad,3,3,6,6,8.0,,,,6,,6-8h,True,False
942,散场2·遗憾也值得,散场2：遗憾也值得,7.7,7.3,0.0,0.0,0.0,7.7,0.0,0.0,7.5,0.0,0.0,0,0,0,0.0,0.0,0,0,0,0,1.1,18829.0,1593,怪兽入侵,百本选手说剧本:剧本《散场2:遗憾也值得》6人本 3男3女（不🉑反串）剧本类型:城限本 情感本 游戏时间:7小时 左右 👬适合人群：恋爱中的情侣👩‍❤️‍👨 （...全文,现代 情感 沉浸 都市,huxiaoli_ipad_ratings.csv,huxiaoli,ipad,3,3,6,6,7.0,,,,6,,6-8h,True,False
943,灯影里的乌有乡,灯影里的乌有乡,8.5,7.8,0.0,0.0,0.0,8.2,0.0,0.0,8.2,0.0,0.0,0,0,0,0.0,0.0,0,0,0,0,1.1,54963.0,7186,长青工作室,百本选手说剧本:剧本《灯影里的乌有乡》6人本 3男3女（不可反串）剧本类型:城限本 情感本 游戏时间:7小时左右 👬适合人群：没有玩过《红豆》《春风》以及 纯新手玩家 5...全文,民国 情感 沉浸 其他,huxiaoli_ipad_ratings.csv,huxiaoli,ipad,3,3,6,6,7.0,新手,,,6,,6-8h,True,False
944,穿青,穿青,7.2,7.3,0.0,6.7,0.0,0.0,0.0,7.1,0.0,0.0,0.0,0,0,0,0.0,0.0,0,0,0,0,5049.0,12851.0,1338,Siren剧本工作室,3男3女 6.0小时 进阶 2024.05发行,,huxiaoli_ipad_ratings.csv,huxiaoli,ipad,3,3,6,,6.0,进阶,2024,5,6,2024-05-01,5-6h,False,True
945,盒子先生的秘密商店,盒子先生的秘密商店,6.8,6.9,0.0,0.0,0.0,0.0,0.0,6.9,6.9,0.0,0.0,0,0,0,0.0,0.0,0,0,0,0,14006.0,34307.0,2367,,4男3女 4.5小时 新手 2024.07发行,,huxiaoli_ipad_ratings.csv,huxiaoli,ipad,4,3,7,,4.5,新手,2024,7,7,2024-07-01,4-5h,False,True
948,再见黎明,《再见黎明》,10.0,0.0,0.0,0.0,0.0,0.0,0.0,0.0,0.0,0.0,0.0,0,0,0,0.0,0.0,0,0,0,0,1.1,0.0,0,入局文化,3男3女 4.5小时 新手 2021.11发行,民国 情感 演绎 新手,huxiaoli_ipad_ratings.csv,huxiaoli,ipad,3,3,6,,4.5,新手,2021,11,6,2021-11-01,4-5h,True,False
949,相思引,相思引,6.8,6.6,0.0,0.0,0.0,7.0,0.0,0.0,6.9,0.0,0.0,0,0,0,0.0,0.0,0,0,0,0,1.1,23838.0,3373,道友留步,3男3女 6.0小时 进阶 2024.08发行,古风 情感 沉浸 家国,huxiaoli_ipad_ratings.csv,huxiaoli,ipad,3,3,6,,6.0,进阶,2024,8,6,2024-08-01,5-6h,True,False
954,北宋奇案汴京,北宋奇案·汴京,8.6,7.7,8.5,7.8,0.0,0.0,0.0,0.0,0.0,0.0,0.0,0,0,0,0.0,0.0,0,0,0,0,4850.0,126750.0,15711,灰烬工作室,百本选手说剧本:剧本《北宋奇案•汴京》6人本 4男2女（🉑以反串）剧本类型:城限本 硬核本 （密室）8推理:2还原 游戏时间:10小时左右 👬适合人群：硬核 玩家 喜欢 盘 密室 的 玩家 ...全文,古风 推理 悬疑 其他,huxiaoli_ipad_ratings.csv,huxiaoli,ipad,4,2,6,6,10.0,,,,6,,>8h,False,True
955,雀色蝉时雨,雀色蝉时雨,8.0,7.7,0.0,7.1,0.0,0.0,0.0,7.8,0.0,0.0,0.0,0,0,0,0.0,0.0,0,0,0,0,13946.0,14745.0,1850,,4男2女 7.0小时 进阶 2024.12发行,,huxiaoli_ipad_ratings.csv,huxiaoli,ipad,4,2,6,,7.0,进阶,2024,12,6,2024-12-01,6-8h,False,True
956,柯罗诺斯夜的绝响,柯罗诺斯夜的绝响,7.6,7.6,0.0,0.0,0.0,0.0,0.0,6.9,7.3,0.0,0.0,0,0,0,0.0,0.0,0,0,0,0,1.4,14642.0,1694,低空飞行,【7小时/克里斯/有大c大边/体验分：1分】 ❎一句话总结：看见朵拉被锁的一定不要上车！ 『🌙关键词：故事不错，角色边c极其严重，无效信息多，推理逻辑软』 『🌙角色体验：女生角色体验远优于男生；...全文,,huxiaoli_ipad_ratings.csv,huxiaoli,ipad,,,,,7.0,,,,,,6-8h,True,False
957,那一束月光3,那一束月光3：月亮坠落了一千次,7.7,7.3,0.0,0.0,0.0,7.5,0.0,0.0,7.3,0.0,0.0,0,0,0,0.0,0.0,0,0,0,0,1.1,32061.0,2541,神域文化,3男3女 5.0小时 新手 2024.04发行,现代 情感 沉浸 都市,huxiaoli_ipad_ratings.csv,huxiaoli,ipad,3,3,6,,5.0,新手,2024,4,6,2024-04-01,4-5h,True,False
958,侧写师,侧写师,5.8,0.0,0.0,0.0,0.0,0.0,0.0,6.9,6.9,0.0,0.0,0,0,0,0.0,0.0,0,0,0,0,4850.0,10035.0,682,戏人间,4男4女 4.0小时 新手 2024.06发行,,huxiaoli_ipad_ratings.csv,huxiaoli,ipad,4,4,8,,4.0,新手,2024,6,8,2024-06-01,3-4h,False,True
959,二分之一世界推理法则,二分之一世界推理法则,8.7,7.8,8.1,0.0,0.0,0.0,0.0,0.0,0.0,0.0,8.2,0,0,0,0.0,0.0,0,0,0,0,4850.0,82134.0,10315,KEYS工作室; 引力弹弓,4男2女 6.0小时 进阶 2024.04发行,,huxiaoli_ipad_ratings.csv,huxiaoli,ipad,4,2,6,,6.0,进阶,2024,4,6,2024-04-01,5-6h,False,True
960,撕裂神之诡面,撕裂神之诡面,8.2,6.6,8.1,0.0,0.0,0.0,0.0,0.0,0.0,0.0,7.4,0,0,0,0.0,0.0,0,0,0,0,4851.0,38187.0,5565,集闲社文创,🌟《撕裂神之诡面》🌟架空｜设定｜推理👏 体验店铺：橋Free沉浸体验馆 体验时长：7-8小时 DM：闪电⚡️⚡️⚡️ 玩家配置：三男三女（最好有一个...全文,,huxiaoli_ipad_ratings.csv,huxiaoli,ipad,3,3,6,,8.0,,,,6,,6-8h,False,True
961,纯白少年的慢性死亡,纯白少年的慢性死亡,6.7,7.0,0.0,6.4,0.0,0.0,0.0,6.6,0.0,0.0,0.0,0,0,0,0.0,0.0,0,0,0,0,5049.0,57348.0,4014,鑫梦人生,剧本类型:故事汇 人数配置:3男4女 剧本时长:3h 推荐指数:3/10分 体验角色：紫色 一个时长三小时，评分也3分的新手本，破冰...全文,,huxiaoli_ipad_ratings.csv,huxiaoli,ipad,3,4,7,,3.0,新手,,,7,,<=3h,False,True
962,枯荣,枯荣,7.1,6.9,0.0,0.0,0.0,7.4,0.0,0.0,7.4,0.0,0.0,0,0,0,0.0,0.0,0,0,0,0,1.1,18587.0,1955,浮生梦文创; 德雾昂剧制,3男3女 6.0小时 进阶 2024.03发行,古风 情感 沉浸 玄幻,huxiaoli_ipad_ratings.csv,huxiaoli,ipad,3,3,6,,6.0,进阶,2024,3,6,2024-03-01,5-6h,True,False
963,玄都,玄都,7.1,6.9,0.0,0.0,0.0,7.2,0.0,0.0,7.1,0.0,0.0,0,0,0,0.0,0.0,0,0,0,0,1.1,16000.0,1823,月影工作室,3男3女 5.5小时 进阶 2024.08发行,架空 情感 沉浸 神话,huxiaoli_ipad_ratings.csv,huxiaoli,ipad,3,3,6,,5.5,进阶,2024,8,6,2024-08-01,5-6h,True,False
965,乌骨2:十方杀,乌骨2：十方杀,7.2,7.1,0.0,0.0,0.0,7.3,0.0,0.0,7.3,0.0,0.0,0,0,0,0.0,0.0,0,0,0,0,1.1,23309.0,2270,树人工作室,2男4女 5.5小时 进阶 2023.11发行,古风 情感 沉浸 武侠,huxiaoli_ipad_ratings.csv,huxiaoli,ipad,2,4,6,,5.5,进阶,2023,11,6,2023-11-01,5-6h,True,False
967,疯人院2无声悲鸣,逃离疯人院2：无声悲鸣,7.8,7.5,0.0,0.0,0.0,7.3,0.0,0.0,0.0,0.0,0.0,0,0,0,7.9,0.0,0,0,0,0,1.1,21854.0,2063,有仙气工作室,3男3女 5.5小时 新手 2024.01发行,中式 情感 立意 新手,huxiaoli_ipad_ratings.csv,huxiaoli,ipad,3,3,6,,5.5,新手,2024,1,6,2024-01-01,5-6h,True,False
970,推理要在加班后,推理要在加班后,7.6,7.1,0.0,0.0,7.6,0.0,0.0,7.3,0.0,0.0,0.0,0,0,0,0.0,0.0,0,0,0,0,1.5,26509.0,2927,进化论工作室,4男2女 6.0小时 进阶 2024.05发行,日式 还原 欢乐 都市,huxiaoli_ipad_ratings.csv,huxiaoli,ipad,4,2,6,,6.0,进阶,2024,5,6,2024-05-01,5-6h,True,False
971,万仞青山听水寒,万仞青山听水寒,8.4,7.9,0.0,0.0,0.0,8.0,0.0,0.0,8.0,0.0,0.0,0,0,0,0.0,0.0,0,0,0,0,1.1,42771.0,5680,天地之间,3男3女 5.5小时 进阶 2024.06发行,古风 情感 沉浸 仙侠,huxiaoli_ipad_ratings.csv,huxiaoli,ipad,3,3,6,,5.5,进阶,2024,6,6,2024-06-01,5-6h,True,False
972,无尽夏的谎言,无尽夏的谎言,8.0,7.5,7.6,7.2,0.0,0.0,0.0,0.0,0.0,0.0,0.0,0,0,0,0.0,0.0,0,0,0,0,4852.0,54666.0,6035,嫌疑猫SUSPECAT; 好困工作室,3男3女 6.5小时 进阶 2024.03发行,日式 推理 悬疑 其他,huxiaoli_ipad_ratings.csv,huxiaoli,ipad,3,3,6,,6.5,进阶,2024,3,6,2024-03-01,6-8h,False,True
974,葡萄不是幸福的水果,葡萄不是幸福的水果,7.3,7.3,7.0,7.0,0.0,0.0,0.0,0.0,0.0,0.0,0.0,0,0,0,0.0,0.0,0,0,0,0,4852.0,40561.0,4896,T-Game发行工作室,百本选手说剧本:剧本《葡萄不是幸福的水果》6人本 3男3女（可以反串）或者 7人本 4男3女（可以反串）剧本类型:城限本 还原本 游戏时间:6.5小时左右 👬适合人群：...全文,日式 推理 悬疑 都市,huxiaoli_ipad_ratings.csv,huxiaoli,ipad,3,3,6,6,6.5,,,,6,,6-8h,False,True
976,当杀意渐起之时,当杀意渐起之时,6.8,7.0,0.0,0.0,0.0,0.0,0.0,7.2,0.0,0.0,6.9,0,0,0,0.0,0.0,0,0,0,0,3.0,24982.0,2628,李白工作室; 未来剧业,3男3女 5.5小时 进阶 2025.09发行,,huxiaoli_ipad_ratings.csv,huxiaoli,ipad,3,3,6,,5.5,进阶,2025,9,6,2025-09-01,5-6h,True,False
977,三间堂斩妖讲义,三间堂斩妖讲义,8.2,7.3,8.0,0.0,0.0,0.0,0.0,0.0,0.0,0.0,7.7,0,0,0,0.0,0.0,0,0,0,0,4852.0,27434.0,4380,东方迷雾; 成都剧星球发行工作室,5男1女 7.5小时 进阶 2025.07发行,日式 推理 设定 其他,huxiaoli_ipad_ratings.csv,huxiaoli,ipad,5,1,6,,7.5,进阶,2025,7,6,2025-07-01,6-8h,False,True
978,蒙太奇诡鉴,蒙太奇诡鉴,7.3,7.1,7.4,0.0,0.0,0.0,0.0,0.0,0.0,0.0,7.2,0,0,0,0.0,0.0,0,0,0,0,31873.0,18841.0,3242,灰烬工作室,3男3女 7.5小时 进阶 2025.03发行,,huxiaoli_ipad_ratings.csv,huxiaoli,ipad,3,3,6,,7.5,进阶,2025,3,6,2025-03-01,6-8h,False,True
979,阙落,阙落,8.2,7.8,0.0,0.0,0.0,8.0,0.0,0.0,8.0,0.0,0.0,0,0,0,0.0,0.0,0,0,0,0,1.1,59050.0,8074,玩物立志发行工作室; 棋飞翔,百本选手说剧本:剧本《阙落》6人本 3男3女 剧本类型:城限本 情感本 游戏时间:8小时左右 👬适合人群：情感本 玩家 ❤剧情感受：混...全文,古风 情感 沉浸 历史,huxiaoli_ipad_ratings.csv,huxiaoli,ipad,3,3,6,6,8.0,,,,6,,6-8h,True,False
980,未曾消失的TA,未曾消失的TA,7.0,0.0,0.0,0.0,0.0,0.0,0.0,0.0,0.0,0.0,0.0,0,0,0,0.0,0.0,0,0,0,0,4852.0,0.0,0,宽编事务所,3男3女 5.0小时 进阶 2025.04发行,,huxiaoli_ipad_ratings.csv,huxiaoli,ipad,3,3,6,,5.0,进阶,2025,4,6,2025-04-01,4-5h,False,True
982,归桑梓,归桑梓,8.2,7.7,0.0,0.0,0.0,7.8,0.0,0.0,7.8,0.0,0.0,0,0,0,0.0,0.0,0,0,0,0,15977.0,11887.0,1619,,3男3女 6.5小时 进阶 2024.12发行,民国 情感 沉浸 家国,huxiaoli_ipad_ratings.csv,huxiaoli,ipad,3,3,6,,6.5,进阶,2024,12,6,2024-12-01,6-8h,False,True
983,嫌疑人X没有现身2,嫌疑人X没有现身2,8.5,7.6,7.8,7.6,0.0,0.0,0.0,0.0,0.0,0.0,0.0,0,0,0,0.0,0.0,0,0,0,0,4852.0,1739.0,247,K的游戏,之前体验过小卢老师的《桐花中路》和《加个V吧》，都很棒。于是这次自己买回来这个本自助（感谢我官总提供房间），不出意外的又被帅到了。 这是一个角色分配为两男一女的三人微剧本，游戏时长约3小时。剧本是标准的还原本，不涉及任...全文,,huxiaoli_ipad_ratings.csv,huxiaoli,ipad,2,1,3,3,3.0,,,,3,,<=3h,False,True
984,沉默少女的温柔暴动,沉默少女的温柔暴动,6.6,6.7,0.0,0.0,7.1,6.6,0.0,0.0,0.0,0.0,0.0,0,0,0,0.0,0.0,0,0,0,0,8861.0,9256.0,959,鑫梦人生,2男4女 4.5小时 新手 2025.03发行,现代 情感 欢乐 思辨,huxiaoli_ipad_ratings.csv,huxiaoli,ipad,2,4,6,,4.5,新手,2025,3,6,2025-03-01,4-5h,False,True
985,观山海双生,观山海·双生,7.4,7.2,0.0,0.0,0.0,7.6,0.0,0.0,7.5,0.0,0.0,0,0,0,0.0,0.0,0,0,0,0,1.1,45240.0,6958,浮生梦文创,《观山海.双生》❤️❤️❤️❤️ 📖剧本类型：古风/玄幻/情感/进阶 🙎🏻玩家配置：③男③女 ⌚️体验时长:7.5小时 👍🏻体验店铺：橋Free⭐️⭐️⭐️⭐️⭐️ ❤️DM:合欢/十...全文,古风 情感 沉浸 玄幻,huxiaoli_ipad_ratings.csv,huxiaoli,ipad,,,,,7.5,进阶,,,,,6-8h,True,False
986,华灯初上,华灯初上,7.9,7.5,0.0,0.0,0.0,7.7,0.0,0.0,7.5,0.0,0.0,0,0,0,0.0,0.0,0,0,0,0,1.1,7008.0,980,仲夏清晨; 二次曝光工作室,3男3女 5.5小时 新手 2025.01发行,中式 情感 沉浸 都市,huxiaoli_ipad_ratings.csv,huxiaoli,ipad,3,3,6,,5.5,新手,2025,1,6,2025-01-01,5-6h,True,False
987,我的冰箱会跳皮筋,我的冰箱会跳皮筋,7.9,7.4,0.0,0.0,0.0,7.8,0.0,0.0,0.0,0.0,0.0,0,0,0,0.0,0.0,0,0,0,0,4292.0,15964.0,1934,棋飞翔,🌟《我的冰箱会跳皮筋》🌟 现代｜都市｜治愈｜情感本 体验店铺:橋Free沉浸式体验馆 DM:白芷 体验时长:6.5小时 玩家配置:三男三女（不...全文,现代 情感 治愈 新手,huxiaoli_ipad_ratings.csv,huxiaoli,ipad,3,3,6,,6.5,,,,6,,6-8h,False,True
988,死不容观,死不容观,7.3,7.3,0.0,7.2,0.0,0.0,0.0,7.5,0.0,0.0,0.0,0,0,0,0.0,0.0,0,0,0,0,5049.0,29091.0,4344,奇迹于你工作室,3男3女 6.0小时 进阶 2025.06发行,,huxiaoli_ipad_ratings.csv,huxiaoli,ipad,3,3,6,,6.0,进阶,2025,6,6,2025-06-01,5-6h,False,True
989,杀意循环,杀意循环,7.7,7.0,7.9,7.5,0.0,0.0,0.0,0.0,0.0,0.0,0.0,0,0,0,0.0,0.0,0,0,0,0,4858.0,16863.0,2525,极限推理,【九小时脑力鏖战，规则与杀意的终极博弈——硬核狂欢还是推理流水线？】 体验角色：雷 体验时长：9h+ 类型：日式 设定 推理 还原 做题=4:5:1 系列收官 配置：3男3女...全文,,huxiaoli_ipad_ratings.csv,huxiaoli,ipad,3,3,6,,9.0,,,,6,,>8h,False,True
990,水仙2:回声,水仙2：回声,7.8,7.5,0.0,0.0,0.0,7.6,0.0,0.0,0.0,8.1,0.0,0,0,0,0.0,0.0,0,0,0,0,1.1,13867.0,2386,黎明工作室; 一闪工作室,3男3女 6.5小时 进阶 2025.09发行,,huxiaoli_ipad_ratings.csv,huxiaoli,ipad,3,3,6,,6.5,进阶,2025,9,6,2025-09-01,6-8h,True,False
991,双羽馆解体妄想,双羽馆解体妄想,7.0,6.8,7.3,6.9,0.0,0.0,0.0,0.0,0.0,0.0,0.0,0,0,0,0.0,0.0,0,0,0,0,4858.0,21588.0,3899,进化论工作室,3男3女 7.5小时 高阶 2025.03发行,,huxiaoli_ipad_ratings.csv,huxiaoli,ipad,3,3,6,,7.5,高阶,2025,3,6,2025-03-01,6-8h,False,True
992,逻辑尽头以梦为主,逻辑尽头以梦为主,7.1,6.7,7.2,0.0,0.0,0.0,0.0,0.0,0.0,0.0,7.0,0,0,0,0.0,0.0,0,0,0,0,4858.0,5890.0,1098,集闲社文创,3男3女 7.0小时 进阶 2025.03发行,,huxiaoli_ipad_ratings.csv,huxiaoli,ipad,3,3,6,,7.0,进阶,2025,3,6,2025-03-01,6-8h,False,True
993,诸神吹灭篝火,诸神吹灭篝火,7.0,6.9,0.0,0.0,0.0,7.0,0.0,0.0,7.0,0.0,0.0,0,0,0,0.0,0.0,0,0,0,0,1.1,9783.0,1440,上四休三工作室,3男3女 5.5小时 新手 2025.01发行,架空 情感 沉浸 其他,huxiaoli_ipad_ratings.csv,huxiaoli,ipad,3,3,6,,5.5,新手,2025,1,6,2025-01-01,5-6h,True,False
994,时间演奏者的终章,时间演奏者的终章,7.9,7.6,7.4,0.0,0.0,0.0,0.0,0.0,0.0,0.0,7.3,0,0,0,0.0,0.0,0,0,0,0,4858.0,20283.0,2872,低空飞行; 表里山河创作,3男3女 6.5小时 进阶 2025.01发行,,huxiaoli_ipad_ratings.csv,huxiaoli,ipad,3,3,6,,6.5,进阶,2025,1,6,2025-01-01,6-8h,False,True
995,安美纳斯DE死亡推想,安美纳斯DE死亡推想,8.8,7.6,8.6,0.0,0.0,0.0,0.0,0.0,0.0,0.0,8.4,0,0,0,0.0,0.0,0,0,0,0,4858.0,62687.0,10378,KEYS工作室; 引力弹弓,4男2女 8.0小时 进阶 2025.01发行,,huxiaoli_ipad_ratings.csv,huxiaoli,ipad,4,2,6,,8.0,进阶,2025,1,6,2025-01-01,6-8h,False,True
997,湘西诡事录,湘西诡事录,2.0,0.0,0.0,0.0,0.0,0.0,0.0,0.0,0.0,0.0,0.0,0,0,0,0.0,0.0,0,0,0,0,11.3,0.0,0,仙人指鹿,3男2女 4.0小时 新手 2025.06发行,,huxiaoli_ipad_ratings.csv,huxiaoli,ipad,3,2,5,,4.0,新手,2025,6,5,2025-06-01,3-4h,True,False
998,今天您死循环了吗?,今天您死循环了吗？,5.1,0.0,0.0,7.0,7.0,0.0,0.0,0.0,7.0,0.0,0.0,0,0,0,0.0,0.0,0,0,0,0,17531.0,6295.0,797,天津剧盟发行工作室,3男3女 4.5小时 新手 2025.10发行,,huxiaoli_ipad_ratings.csv,huxiaoli,ipad,3,3,6,,4.5,新手,2025,10,6,2025-10-01,4-5h,False,True
999,老骗子俱乐部4逛窑,老骗子俱乐部4·逛窑,6.4,6.8,0.0,0.0,7.0,0.0,0.0,0.0,0.0,0.0,0.0,0,0,0,0.0,6.9,0,0,0,0,5.8,9915.0,722,飞鱼探案,3男3女 4.0小时 新手 2025.07发行,日式 阵营 欢乐 都市,huxiaoli_ipad_ratings.csv,huxiaoli,ipad,3,3,6,,4.0,新手,2025,7,6,2025-07-01,3-4h,True,False
1000,牛鬼蛇神,牛鬼蛇神,8.1,7.5,0.0,0.0,7.9,0.0,0.0,7.5,0.0,0.0,0.0,0,0,0,0.0,0.0,0,0,0,0,1.5,20430.0,2055,谜瓜,3男2女 3.5小时 新手 2025.07发行,民国 还原 欢乐 新手,huxiaoli_ipad_ratings.csv,huxiaoli,ipad,3,2,5,,3.5,新手,2025,7,5,2025-07-01,3-4h,True,False
1001,精生白骨,精生白骨,7.9,7.4,0.0,0.0,0.0,0.0,0.0,7.5,0.0,0.0,7.3,0,0,0,0.0,0.0,0,0,0,0,3.0,10331.0,1330,九有出品,3男3女 6.0小时 进阶 2025.01发行,,huxiaoli_ipad_ratings.csv,huxiaoli,ipad,3,3,6,,6.0,进阶,2025,1,6,2025-01-01,5-6h,True,False
1003,牛马崩坏时,牛马崩坏时,8.1,7.8,7.5,0.0,7.7,0.0,0.0,0.0,0.0,0.0,0.0,0,0,0,0.0,0.0,0,0,0,0,39471.0,44486.0,6561,,3男3女 7.0小时 进阶 2025.01发行,日式 推理 欢乐 其他,huxiaoli_ipad_ratings.csv,huxiaoli,ipad,3,3,6,,7.0,进阶,2025,1,6,2025-01-01,6-8h,False,True
1004,加个V呗:办公室炼情,加个V呗：办公室炼情,6.4,6.6,0.0,0.0,7.0,0.0,0.0,6.7,0.0,0.0,0.0,0,0,0,0.0,0.0,0,0,0,0,1.5,12015.0,1125,谜瓜,心智不健全的还是不要来打本了 第一次见一对情侣七夕前一天吵着架迟到一个半小时打个恐怖本 女生想坐另一个帅哥旁边 男...全文,现代 还原 欢乐 新手,huxiaoli_ipad_ratings.csv,huxiaoli,ipad,,,,,,,,,,,,True,False
1005,怪谈:双生篇,怪谈：双生篇,6.6,6.7,0.0,6.5,0.0,0.0,0.0,7.0,0.0,0.0,0.0,0,0,0,0.0,0.0,0,0,0,0,5049.0,6424.0,1068,三生石工作室,3男3女 6.5小时 新手 2025.01发行,日式 还原 悬疑 新手,huxiaoli_ipad_ratings.csv,huxiaoli,ipad,3,3,6,,6.5,新手,2025,1,6,2025-01-01,6-8h,False,True
1006,废墟中的侦探少女,废墟中的侦探少女,8.3,8.1,0.0,0.0,0.0,0.0,0.0,7.9,8.0,0.0,0.0,0,0,0,0.0,0.0,0,0,0,0,1.4,38268.0,6199,浮生梦文创,3男3女 7.5小时 进阶 2025.04发行,日式 还原 沉浸 魔法,huxiaoli_ipad_ratings.csv,huxiaoli,ipad,3,3,6,,7.5,进阶,2025,4,6,2025-04-01,6-8h,True,False
1007,大漠谣2封狼居胥,大漠谣2封狼居胥,7.5,7.3,0.0,0.0,0.0,7.7,0.0,0.0,7.6,0.0,0.0,0,0,0,0.0,0.0,0,0,0,0,1.1,22073.0,3026,海上仙山,3男4女 6.0小时 进阶 2025.05发行,架空 情感 沉浸 历史,huxiaoli_ipad_ratings.csv,huxiaoli,ipad,3,4,7,,6.0,进阶,2025,5,7,2025-05-01,5-6h,True,False
1008,因火成烟,因火成烟,8.6,8.2,8.1,0.0,0.0,0.0,0.0,0.0,0.0,0.0,8.3,0,0,0,0.0,0.0,0,0,0,0,4858.0,106434.0,18716,低空飞行,4男2女 6.5小时 进阶 2025.03发行,,huxiaoli_ipad_ratings.csv,huxiaoli,ipad,4,2,6,,6.5,进阶,2025,3,6,2025-03-01,6-8h,False,True
1009,未闻哥名,未闻哥名,7.9,7.6,0.0,0.0,7.9,0.0,7.5,0.0,0.0,0.0,0.0,0,0,0,0.0,0.0,0,0,0,0,3.8,17246.0,1479,DA剧本工场,剧本类型:欢乐机制 剧本人数:6️⃣（3男3女）可反串 剧本时长:4-5小时 开场就笑到肚子疼，角色都有完整故事线，每个角色都挺中二的😁适合日漫爱好者或者戏精，硬核推理玩家慎入。机智很有趣！流程简单！没...全文,日式 机制 欢乐 二次元,huxiaoli_ipad_ratings.csv,huxiaoli,ipad,3,3,6,,5.0,,,,6,,4-5h,True,False
1010,暗河,暗河,7.4,7.0,0.0,0.0,0.0,7.4,0.0,0.0,0.0,8.3,0.0,0,0,0,0.0,0.0,0,0,0,0,14783.0,15548.0,2069,,2男4女 7.0小时 新手 2024.12发行,,huxiaoli_ipad_ratings.csv,huxiaoli,ipad,2,4,6,,7.0,新手,2024,12,6,2024-12-01,6-8h,False,True
1011,富山高校,富山高校,7.0,0.0,0.0,0.0,0.0,0.0,0.0,0.0,0.0,0.0,0.0,0,0,0,0.0,0.0,0,0,0,0,11.3,0.0,0,不染尘; 西安七号剧制; 剧库,2男3女 4.5小时 新手 2025.05发行,日式 还原 惊悚 新手,huxiaoli_ipad_ratings.csv,huxiaoli,ipad,2,3,5,,4.5,新手,2025,5,5,2025-05-01,4-5h,True,False
1012,来解决一切的名侦探也死了,来解决一切的名侦探也死了,8.5,8.3,7.9,0.0,0.0,0.0,0.0,0.0,0.0,0.0,7.7,0,0,0,0.0,0.0,0,0,0,0,4868.0,90709.0,13863,禾风工作室,3男3女 7.0小时 进阶 2025.01发行,日式 推理 设定 其他,huxiaoli_ipad_ratings.csv,huxiaoli,ipad,3,3,6,,7.0,进阶,2025,1,6,2025-01-01,6-8h,False,True
1013,东华,东华,5.9,6.0,0.0,0.0,0.0,6.4,0.0,0.0,6.3,0.0,0.0,0,0,0,0.0,0.0,0,0,0,0,1.1,14581.0,1700,造物工作室,2男4女 6.0小时 新手 2025.02发行,古风 情感 沉浸 仙侠,huxiaoli_ipad_ratings.csv,huxiaoli,ipad,2,4,6,,6.0,新手,2025,2,6,2025-02-01,5-6h,True,False
1014,谁偷了朕的外卖,谁偷了朕的外卖！,6.7,6.9,0.0,0.0,7.3,0.0,0.0,0.0,0.0,0.0,0.0,0,0,0,0.0,0.0,0,0,0,0,15503.0,17085.0,1127,未来剧业,4男3女 4.5小时 新手 2025.06发行,古风 其他 欢乐 其他,huxiaoli_ipad_ratings.csv,huxiaoli,ipad,4,3,7,,4.5,新手,2025,6,7,2025-06-01,4-5h,False,True
1015,请阅读至100.1%,请阅读至100.1%,6.0,6.4,0.0,6.2,0.0,0.0,0.0,6.5,0.0,0.0,0.0,0,0,0,0.0,0.0,0,0,0,0,5049.0,4419.0,812,慢热TUO; 苏墨工作室,4男3女 7.0小时 进阶 2025.02发行,,huxiaoli_ipad_ratings.csv,huxiaoli,ipad,4,3,7,,7.0,进阶,2025,2,7,2025-02-01,6-8h,False,True
1016,青铜咒,青铜咒,5.8,6.3,6.1,6.2,0.0,0.0,0.0,0.0,0.0,0.0,0.0,0,0,0,0.0,0.0,0,0,0,0,4868.0,1374.0,179,仙人指鹿,3男2女 4.0小时 进阶 2025.03发行,,huxiaoli_ipad_ratings.csv,huxiaoli,ipad,3,2,5,,4.0,进阶,2025,3,5,2025-03-01,3-4h,False,True
1018,河堤边的怪死奇谈,河堤边的怪死奇谈,6.6,6.9,0.0,6.8,0.0,0.0,0.0,7.0,0.0,0.0,0.0,0,0,0,0.0,0.0,0,0,0,0,5049.0,19829.0,3093,寻初工作室,3男3女 6.5小时 进阶 2025.05发行,,huxiaoli_ipad_ratings.csv,huxiaoli,ipad,3,3,6,,6.5,进阶,2025,5,6,2025-05-01,6-8h,False,True
1019,愚木混珠,愚木混珠,7.6,7.3,7.3,0.0,0.0,0.0,0.0,0.0,0.0,0.0,7.2,0,0,0,0.0,0.0,0,0,0,0,19422.0,21171.0,2993,,3男3女 6.5小时 进阶 2025.05发行,,huxiaoli_ipad_ratings.csv,huxiaoli,ipad,3,3,6,,6.5,进阶,2025,5,6,2025-05-01,6-8h,False,True
1020,花束般的十年,花束般的十年,6.3,6.5,0.0,0.0,6.7,6.7,0.0,0.0,0.0,0.0,0.0,0,0,0,0.0,0.0,0,0,0,0,8861.0,15279.0,1383,东方剧制,3男3女 4.0小时 进阶 2025.01发行,现代 情感 欢乐 其他,huxiaoli_ipad_ratings.csv,huxiaoli,ipad,3,3,6,,4.0,进阶,2025,1,6,2025-01-01,3-4h,False,True
1021,天骄,天骄,7.6,7.3,0.0,0.0,0.0,7.7,0.0,0.0,7.6,0.0,0.0,0,0,0,0.0,0.0,0,0,0,0,1.1,12149.0,2883,东方剧制,3男3女 8.0小时 进阶 2025.02发行,古风 情感 沉浸 成长,huxiaoli_ipad_ratings.csv,huxiaoli,ipad,3,3,6,,8.0,进阶,2025,2,6,2025-02-01,6-8h,True,False
1022,剧名未定,剧名未定,6.8,6.9,0.0,6.6,0.0,0.0,0.0,7.2,0.0,0.0,0.0,0,0,0,0.0,0.0,0,0,0,0,5049.0,12563.0,1904,极限推理,3男3女 6.0小时 进阶 2025.01发行,,huxiaoli_ipad_ratings.csv,huxiaoli,ipad,3,3,6,,6.0,进阶,2025,1,6,2025-01-01,5-6h,False,True
1023,星空沉入冰海,星空沉入冰海,6.3,6.5,0.0,0.0,0.0,6.6,0.0,0.0,0.0,0.0,0.0,0,0,0,0.0,0.0,0,0,0,0,4292.0,3835.0,358,德雾昂剧制; 海上仙山; 天地之间,3男3女 4.5小时 新手 2025.05发行,架空 情感 治愈 新手,huxiaoli_ipad_ratings.csv,huxiaoli,ipad,3,3,6,,4.5,新手,2025,5,6,2025-05-01,4-5h,False,True
1024,"一年级强者,竟恐怖如斯!",一年级强者，竟恐怖如斯！,6.2,6.6,0.0,0.0,7.0,0.0,6.6,0.0,0.0,0.0,0.0,0,0,0,0.0,0.0,0,0,0,0,3.8,14746.0,1248,疯狂剧制,《一年级强者，竟恐怖如斯！》⭐️⭐️⭐️ 📖剧本类型：欢乐/机制/架空/仙侠 👦🏻玩家配置：④男④女 ⏰体验时长：4.5小时 这样的本子真的适合假期，好多学生都放假...全文,架空 机制 欢乐 仙侠,huxiaoli_ipad_ratings.csv,huxiaoli,ipad,,,,,4.5,,,,,,4-5h,True,False
1025,柏林墙下的陌生人,柏林墙下的陌生人,8.2,8.1,7.3,0.0,7.9,0.0,0.0,0.0,0.0,0.0,0.0,0,0,0,0.0,0.0,0,0,0,0,4869.0,18334.0,2921,司家侦探,4男2女 7.5小时 进阶 2025.05发行,欧美 推理 欢乐 其他,huxiaoli_ipad_ratings.csv,huxiaoli,ipad,4,2,6,,7.5,进阶,2025,5,6,2025-05-01,6-8h,False,True
1026,密室情侣生存指南,密室情侣生存指南,7.3,6.4,7.5,0.0,0.0,0.0,0.0,0.0,0.0,0.0,7.5,0,0,0,0.0,0.0,0,0,0,0,4869.0,19943.0,2848,灰烬工作室,3男3女 7.5小时 进阶 2025.06发行,,huxiaoli_ipad_ratings.csv,huxiaoli,ipad,3,3,6,,7.5,进阶,2025,6,6,2025-06-01,6-8h,False,True
1027,奉天1928,奉天1928,6.7,6.7,0.0,0.0,0.0,0.0,0.0,0.0,6.7,0.0,0.0,0,0,0,0.0,6.2,0,0,0,0,1.2,37273.0,641,鑫梦人生,3男2女 4.0小时 新手 2020.04发行,民国 阵营 沉浸 新手,huxiaoli_ipad_ratings.csv,huxiaoli,ipad,3,2,5,,4.0,新手,2020,4,5,2020-04-01,3-4h,True,False
1028,高山上的花环,高山上的花环,8.0,7.7,0.0,0.0,0.0,7.8,0.0,0.0,7.6,0.0,0.0,0,0,0,0.0,0.0,0,0,0,0,1.1,26684.0,2518,谜语剧制; 天堂屋,【6小时/杜鹃/没有边缘/体验分：8分】 ✅一句话总结：不错的抗美援朝题材盒装～ 『🌟关键词：家国本，阅读量大，真实历史人物原型，情节借鉴电影，勘误较多，破冰游戏一般，机制拉胯』 『🌟角色体验：男女角色没有明...全文,其他 情感 沉浸 战争,huxiaoli_ipad_ratings.csv,huxiaoli,ipad,,,,,6.0,,,,,,5-6h,True,False
1029,归途七万里,归途七万里,9.0,8.5,0.0,0.0,0.0,8.6,0.0,0.0,8.5,0.0,0.0,0,0,0,0.0,0.0,0,0,0,0,1.1,140203.0,18136,浮生梦文创,3男3女 6.5小时 新手 2024.02发行,民国 情感 沉浸 成长,huxiaoli_ipad_ratings.csv,huxiaoli,ipad,3,3,6,,6.5,新手,2024,2,6,2024-02-01,6-8h,True,False
1031,时针岛の谋杀谜题,时针岛の谋杀谜题,8.1,7.2,7.9,7.4,0.0,0.0,0.0,0.0,0.0,0.0,0.0,0,0,0,0.0,0.0,0,0,0,0,4869.0,30708.0,4282,剧游方舟,3男3女 7.0小时 进阶 2024.11发行,日式 推理 悬疑 都市,huxiaoli_ipad_ratings.csv,huxiaoli,ipad,3,3,6,,7.0,进阶,2024,11,6,2024-11-01,6-8h,False,True
1032,忌念,忌念,8.1,7.7,7.7,0.0,0.0,0.0,0.0,0.0,0.0,0.0,0.0,0,0,0,0.0,0.0,0,0,0,0,4869.0,6944.0,239,奇闻当铺工作室,3男3女 4.5小时 进阶,日式 推理 惊悚 都市,huxiaoli_ipad_ratings.csv,huxiaoli,ipad,3,3,6,,4.5,进阶,,,6,,4-5h,False,True
1034,观白觉喜,观白觉喜,7.4,7.3,7.2,0.0,0.0,0.0,0.0,0.0,0.0,0.0,7.0,0,0,0,0.0,0.0,0,0,0,0,5049.0,20020.0,1916,奇迹于你工作室,4男2女 6.0小时 高阶 2023.08发行,,huxiaoli_ipad_ratings.csv,huxiaoli,ipad,4,2,6,,6.0,高阶,2023,8,6,2023-08-01,5-6h,False,True
1035,残秽所在的房间,残秽所在的房间,8.3,7.7,0.0,0.0,0.0,0.0,0.0,0.0,0.0,0.0,0.0,0,0,0,0.0,0.0,0,0,0,0,14895.0,18421.0,2242,臭猴子工作室,3男3女 5.0小时 新手 2024.11发行,,huxiaoli_ipad_ratings.csv,huxiaoli,ipad,3,3,6,,5.0,新手,2024,11,6,2024-11-01,4-5h,False,True
1036,成为反派干掉所有恋爱脑,成为反派干掉所有恋爱脑,6.4,6.6,0.0,0.0,7.0,0.0,6.4,0.0,0.0,0.0,0.0,0,0,0,0.0,0.0,0,0,0,0,3.8,1.0,496,花椒喜剧,4男5女 4.0小时 新手 2024.09发行,架空 机制 欢乐 豪门,huxiaoli_ipad_ratings.csv,huxiaoli,ipad,4,5,9,,4.0,新手,2024,9,9,2024-09-01,3-4h,True,False
1038,怜香,怜香,8.4,8.0,0.0,0.0,0.0,0.0,0.0,7.5,0.0,0.0,7.6,0,0,0,0.0,0.0,0,0,0,0,14021.0,17078.0,1920,北溟出品工作室; 天恩院,4男2女 5.5小时 进阶 2024.05发行,,huxiaoli_ipad_ratings.csv,huxiaoli,ipad,4,2,6,,5.5,进阶,2024,5,6,2024-05-01,5-6h,False,True
1040,芥子:须陀界河,芥子：须陀界河,8.7,8.2,0.0,0.0,0.0,0.0,0.0,8.2,0.0,0.0,8.3,0,0,0,0.0,0.0,0,0,0,0,56744.0,26470.0,3025,涟漪剧本工作室,4男4女 8.0小时 高阶 2023.10发行,,huxiaoli_ipad_ratings.csv,huxiaoli,ipad,4,4,8,,8.0,高阶,2023,10,8,2023-10-01,6-8h,False,True
1041,湖底,湖底,7.0,7.0,0.0,0.0,0.0,7.1,0.0,0.0,0.0,7.4,0.0,0,0,0,0.0,0.0,0,0,0,0,1.1,5823.0,645,大亦文创工作室,百本选手说剧本:剧本《湖底》6人本 3男3女（不可反串）剧本类型:城限本 情感本 古风 演绎 游戏时间:8.5小时左右 👬适合人群：情感本 玩家 🚰 ...全文,古风 情感 演绎 其他,huxiaoli_ipad_ratings.csv,huxiaoli,ipad,3,3,6,6,8.5,,,,6,,>8h,True,False
1042,移花接木,移花接木,6.2,6.4,0.0,6.3,0.0,0.0,0.0,6.8,0.0,0.0,0.0,0,0,0,0.0,0.0,0,0,0,0,5049.0,12556.0,1362,猫又集; 常杀人工作室,3男3女 6.5小时 进阶 2024.06发行,,huxiaoli_ipad_ratings.csv,huxiaoli,ipad,3,3,6,,6.5,进阶,2024,6,6,2024-06-01,6-8h,False,True
1043,河西家万里,河西家万里,8.8,8.3,0.0,0.0,0.0,8.3,0.0,0.0,0.0,0.0,0.0,0,0,0,8.7,0.0,0,0,0,0,1.1,36459.0,4287,表里山河创作,百本选手说剧本:剧本《河西家万里》6人本 3男3女（不可反串）剧本类型:城限本 立意本 情感本 游戏时间:6.5小时左右 👬适合人群：表里山河 粉丝 立意本 ...全文,现代 情感 立意 新手,huxiaoli_ipad_ratings.csv,huxiaoli,ipad,3,3,6,6,6.5,,,,6,,6-8h,True,False
1044,"打打打,打劫",打打打，打劫,6.4,6.1,0.0,0.0,7.0,0.0,6.5,0.0,0.0,0.0,0.0,0,0,0,0.0,0.0,0,0,0,0,3.8,15729.0,881,MT麦田剧本发行社,5男3女 4.0小时 新手 2024.03发行,架空 机制 欢乐 都市,huxiaoli_ipad_ratings.csv,huxiaoli,ipad,5,3,8,,4.0,新手,2024,3,8,2024-03-01,3-4h,True,False
1045,终极本源,终极本源,8.4,8.1,0.0,0.0,0.0,0.0,0.0,0.0,0.0,0.0,0.0,0,0,0,7.9,0.0,0,0,0,0,40693.0,29719.0,4156,乱神企划工作室,3男3女 5.5小时 高阶 2024.04发行,,huxiaoli_ipad_ratings.csv,huxiaoli,ipad,3,3,6,,5.5,高阶,2024,4,6,2024-04-01,5-6h,False,True
1046,伟大的一生,伟大的一生,8.4,7.9,0.0,0.0,7.7,7.9,0.0,0.0,0.0,0.0,0.0,0,0,0,0.0,0.0,0,0,0,0,8861.0,25313.0,2237,脑力觉醒,百本选手说剧本:剧本《伟大的一生》5人本 3男2女（最好 别 反串 ）（🈶 一个角色 可以反串）剧本类型:盒装本 欢乐 情感 本 游戏时间:4.5小时~5小时 👬适合人群：新...全文,架空 情感 欢乐 成长,huxiaoli_ipad_ratings.csv,huxiaoli,ipad,3,2,5,5,4.5,,,,5,,4-5h,False,True
1047,驼铃,驼铃,7.4,7.4,7.0,6.8,0.0,0.0,0.0,0.0,0.0,0.0,0.0,0,0,0,0.0,0.0,0,0,0,0,4875.0,11622.0,1433,凤凰谷工作室,5男1女 6.5小时 进阶 2024.12发行,,huxiaoli_ipad_ratings.csv,huxiaoli,ipad,5,1,6,,6.5,进阶,2024,12,6,2024-12-01,6-8h,False,True
1049,看笑话,看！笑话,7.3,6.9,6.6,0.0,7.5,0.0,0.0,0.0,0.0,0.0,0.0,0,0,0,0.0,0.0,0,0,0,0,4875.0,5978.0,878,打火机工作室,《看！笑话》 📖剧本类型：架空/推理/欢乐/进阶 👦玩家配置：四男两女 ⌚️体验时长：6个小时 一部非常的特别的推理本，并不是那种一味...全文,架空 推理 欢乐 其他,huxiaoli_ipad_ratings.csv,huxiaoli,ipad,4,2,6,,6.0,进阶,,,6,,5-6h,False,True
1050,红花,红花,8.4,8.0,0.0,0.0,0.0,8.0,0.0,0.0,8.0,0.0,0.0,0,0,0,0.0,0.0,0,0,0,0,1.1,12170.0,1353,万川一澜,3男3女 6.0小时 新手 2024.07发行,现代 情感 沉浸 其他,huxiaoli_ipad_ratings.csv,huxiaoli,ipad,3,3,6,,6.0,新手,2024,7,6,2024-07-01,5-6h,True,False
1051,小泉先生的点灯会,小泉先生的点灯会,6.5,7.6,6.3,0.0,0.0,0.0,0.0,0.0,0.0,0.0,6.1,0,0,0,0.0,0.0,0,0,0,0,4875.0,32897.0,3697,灰烬工作室,3男3女 6.5小时 进阶 2024.04发行,日式 推理 设定 其他,huxiaoli_ipad_ratings.csv,huxiaoli,ipad,3,3,6,,6.5,进阶,2024,4,6,2024-04-01,6-8h,False,True
1052,苏格先生的奇妙晚宴,苏格先生的奇妙晚宴,7.7,7.4,6.6,0.0,0.0,0.0,0.0,0.0,0.0,0.0,0.0,0,0,0,0.0,0.0,0,0,0,0,4875.0,10691.0,767,三川文创,3男3女 5.0小时 新手 2022.03发行,架空 推理 惊悚 新手,huxiaoli_ipad_ratings.csv,huxiaoli,ipad,3,3,6,,5.0,新手,2022,3,6,2022-03-01,4-5h,False,True
1053,西湖诗人,西湖诗人,7.8,7.7,0.0,0.0,0.0,0.0,0.0,7.4,0.0,0.0,0.0,0,0,0,7.6,0.0,0,0,0,0,2984.0,12842.0,1607,就是玩工作室,4男2女 6.0小时 进阶 2024.01发行,,huxiaoli_ipad_ratings.csv,huxiaoli,ipad,4,2,6,,6.0,进阶,2024,1,6,2024-01-01,5-6h,False,True
1054,代马依风,代马依风,10.0,0.0,0.0,0.0,0.0,0.0,0.0,0.0,0.0,0.0,0.0,0,0,0,0.0,0.0,0,0,0,0,1.1,0.0,0,二次曝光工作室; 神域文化,3男3女 6.0小时 新手 2024.07发行,古风 情感 沉浸 家国,huxiaoli_ipad_ratings.csv,huxiaoli,ipad,3,3,6,,6.0,新手,2024,7,6,2024-07-01,5-6h,True,False
1055,弃疾,弃疾,7.2,7.1,0.0,0.0,0.0,7.4,0.0,0.0,7.3,0.0,0.0,0,0,0,0.0,0.0,0,0,0,0,1.1,17021.0,1631,道友留步,3男3女 5.5小时 进阶 2023.09发行,古风 情感 沉浸 武侠,huxiaoli_ipad_ratings.csv,huxiaoli,ipad,3,3,6,,5.5,进阶,2023,9,6,2023-09-01,5-6h,True,False
1056,非酋嬛游记,非酋嬛游记,8.0,0.0,0.0,0.0,0.0,0.0,0.0,0.0,0.0,0.0,0.0,0,0,0,0.0,0.0,0,0,0,0,3.8,0.0,0,时间裂缝,第229本 时长：2.5小时 配置：2男5女 纯《甄嬛传》IP彩蛋本，除了剧粉外不推荐任何人上车，纯坐牢。如果没看过《甄嬛传》的玩家极大概率本都读不明白，文本全是各种梗的集合。再加...全文,古风 机制 欢乐 宫廷,huxiaoli_ipad_ratings.csv,huxiaoli,ipad,2,5,7,,2.5,,,,7,,<=3h,True,False
1058,五净明王寺疑案,五净明王寺疑案,7.6,7.5,6.9,7.1,0.0,0.0,0.0,0.0,0.0,0.0,0.0,0,0,0,0.0,0.0,0,0,0,0,4875.0,22241.0,2824,慢热TUO,3男3女 6.5小时 进阶 2024.10发行,日式 推理 悬疑 其他,huxiaoli_ipad_ratings.csv,huxiaoli,ipad,3,3,6,,6.5,进阶,2024,10,6,2024-10-01,6-8h,False,True
1059,大和抚子的推理日常,大和抚子的推理日常,7.5,7.3,0.0,0.0,7.5,0.0,0.0,7.4,0.0,0.0,0.0,0,0,0,0.0,0.0,0,0,0,0,1.5,33298.0,3307,进化论工作室,0男6女 7.0小时 进阶 2024.01发行,日式 还原 欢乐 都市,huxiaoli_ipad_ratings.csv,huxiaoli,ipad,0,6,6,,7.0,进阶,2024,1,6,2024-01-01,6-8h,True,False
1060,悠悠寸草心,悠悠寸草心,8.3,7.8,0.0,0.0,0.0,8.1,0.0,0.0,8.0,0.0,0.0,0,0,0,0.0,0.0,0,0,0,0,1.1,16894.0,1702,棋飞翔,3男3女 5.0小时 新手 2024.01发行,现代 情感 沉浸 乡土,huxiaoli_ipad_ratings.csv,huxiaoli,ipad,3,3,6,,5.0,新手,2024,1,6,2024-01-01,4-5h,True,False
1061,南风渡,南风渡,7.3,7.1,0.0,0.0,0.0,7.4,0.0,0.0,7.3,0.0,0.0,0,0,0,0.0,0.0,0,0,0,0,1.1,3795.0,393,时间裂缝,百本选手说剧本:剧本《南风渡》6人本 3男3女（不可反串）剧本类型:城限本 情感本 游戏时间:6.5小时左右 👬适合人群：家国脑 无脑冲 情感本 玩家 水龙头🚰...全文,民国 情感 沉浸 历史,huxiaoli_ipad_ratings.csv,huxiaoli,ipad,3,3,6,6,6.5,,,,6,,6-8h,True,False
1063,似蔷薇凋零之夜,似蔷薇凋零之夜,7.5,7.3,0.0,6.8,0.0,0.0,0.0,7.5,0.0,0.0,0.0,0,0,0,0.0,0.0,0,0,0,0,5049.0,24247.0,3116,Mr.闹剧工作室; Mr.一番工作室,4男2女 7.0小时 进阶 2024.05发行,,huxiaoli_ipad_ratings.csv,huxiaoli,ipad,4,2,6,,7.0,进阶,2024,5,6,2024-05-01,6-8h,False,True
1066,黎明小镇的怪奇日志,黎明小镇的怪奇日志,7.9,7.5,7.1,0.0,7.7,0.0,0.0,0.0,0.0,0.0,0.0,0,0,0,0.0,0.0,0,0,0,0,4877.0,18110.0,2044,司家侦探; 魔术师工作室,百本选手说剧本:剧本《黎明小镇的怪奇日志》6人本 4男2女 剧本类型:城限本 还原本 游戏时间:5小时 👬适合人群：新手玩家 ❤剧情感受：...全文,欧美 推理 欢乐 怪谈,huxiaoli_ipad_ratings.csv,huxiaoli,ipad,4,2,6,6,5.0,新手,,,6,,4-5h,False,True
1069,化蝶,化蝶,6.6,6.5,0.0,0.0,0.0,6.8,0.0,0.0,0.0,7.2,0.0,0,0,0,0.0,0.0,0,0,0,0,1.1,4548.0,431,乐活,3男3女 5.0小时 进阶 2024.09发行,古风 情感 演绎 武侠,huxiaoli_ipad_ratings.csv,huxiaoli,ipad,3,3,6,,5.0,进阶,2024,9,6,2024-09-01,4-5h,True,False
1070,满月,满月,7.5,7.1,6.9,0.0,0.0,0.0,0.0,0.0,0.0,0.0,0.0,0,0,0,7.3,0.0,0,0,0,0,1.4,5356.0,139,永发文创,3男3女 4.5小时 进阶 2021.06发行,,huxiaoli_ipad_ratings.csv,huxiaoli,ipad,3,3,6,,4.5,进阶,2021,6,6,2021-06-01,4-5h,True,False
1071,钟鸣岛的幽灵,钟鸣岛的幽灵,7.7,7.2,7.2,0.0,0.0,0.0,0.0,0.0,0.0,0.0,0.0,0,0,0,7.5,0.0,0,0,0,0,1.4,8323.0,886,表里山河创作,3男3女 6.5小时 进阶 2024.06发行,,huxiaoli_ipad_ratings.csv,huxiaoli,ipad,3,3,6,,6.5,进阶,2024,6,6,2024-06-01,6-8h,True,False
1072,以完美密室之名,以完美密室之名,7.6,7.1,7.1,0.0,7.1,0.0,0.0,0.0,0.0,0.0,0.0,0,0,0,0.0,0.0,0,0,0,0,4877.0,8538.0,763,极限推理,4男2女 5.5小时 进阶 2023.04发行,日式 推理 欢乐 都市,huxiaoli_ipad_ratings.csv,huxiaoli,ipad,4,2,6,,5.5,进阶,2023,4,6,2023-04-01,5-6h,False,True
1073,生人勿近隐门寨,生人勿近隐门寨,7.0,6.9,0.0,0.0,0.0,6.7,0.0,0.0,0.0,6.8,0.0,0,0,0,0.0,0.0,0,0,0,0,1.1,8055.0,192,DA剧本工场; 雪人剧制,3男2女 4.5小时 进阶 2021.04发行,古风 情感 演绎 神话,huxiaoli_ipad_ratings.csv,huxiaoli,ipad,3,2,5,,4.5,进阶,2021,4,5,2021-04-01,4-5h,True,False
1074,云中乱,云中乱,7.3,7.1,0.0,6.7,0.0,0.0,0.0,7.2,0.0,0.0,0.0,0,0,0,0.0,0.0,0,0,0,0,5049.0,8144.0,912,久闻,4男2女 6.0小时 进阶 2024.03发行,,huxiaoli_ipad_ratings.csv,huxiaoli,ipad,4,2,6,,6.0,进阶,2024,3,6,2024-03-01,5-6h,False,True
1076,男人女人,男人女人,8.7,7.9,0.0,0.0,0.0,8.1,0.0,0.0,8.2,0.0,0.0,0,0,0,0.0,0.0,0,0,0,0,1.1,10678.0,1071,喵嘎工作室,3男3女 4.5小时 新手 2023.04发行,中式 情感 沉浸 都市,huxiaoli_ipad_ratings.csv,huxiaoli,ipad,3,3,6,,4.5,新手,2023,4,6,2023-04-01,4-5h,True,False
1077,饭后惊奇故事·翠花,饭后惊奇故事·翠花,5.9,6.5,6.1,0.0,0.0,0.0,0.0,0.0,0.0,0.0,6.2,0,0,0,0.0,0.0,0,0,0,0,4882.0,7771.0,494,三千剧制,打了不到4个小时。 我只能说是非常糟糕的一次体验。首先是剧本，太烂了，真的太烂了，从一塌糊涂的故事再到🐶💩一样的推理，配上毫无作用的小机制和最后无语的立意和情感，简直一无是处 。然后是玩家，我们这一车4女2男，女生还好，另外两位男士，除了毫无意...全文,,huxiaoli_ipad_ratings.csv,huxiaoli,ipad,,,,,4.0,,,,,,3-4h,False,True
1078,诡言胡说,诡言胡说,8.0,7.4,0.0,7.2,0.0,0.0,0.0,7.5,0.0,0.0,0.0,0,0,0,0.0,0.0,0,0,0,0,5049.0,19365.0,2110,南昌罗生门推理室,【5小时/灰衣男子/没有明显边缘/体验分：7.5分】 ✅一句话总结：不怎么用动脑的欢乐吃瓜下班本！ 『🌟关键词：时长友好，推理逻辑较软，还原吃瓜为主，一点点黄』 『🌟角色体验：男女角色没有明...全文,,huxiaoli_ipad_ratings.csv,huxiaoli,ipad,,,,,5.0,,,,,,4-5h,False,True
1079,绝笔,绝笔,8.1,7.0,0.0,0.0,0.0,0.0,7.7,0.0,0.0,0.0,7.6,0,0,0,0.0,0.0,0,0,0,0,3160.0,29179.0,2242,小火柴工作室,百本选手说剧本:剧本《绝笔》6人本 4男2女（🉑以反串）剧本类型:盒装本 机制本 游戏时间:6小时左右 👬适合人群：新手 玩家 中二病 玩家 机制本 玩家 ❤剧情感受：我喜欢 我这个 角色 的 故事 和...全文,中式 机制 博弈 新手,huxiaoli_ipad_ratings.csv,huxiaoli,ipad,4,2,6,6,6.0,新手,,,6,,5-6h,False,True
1080,炒股,炒股,6.3,6.3,0.0,0.0,6.6,0.0,6.4,0.0,0.0,0.0,0.0,0,0,0,0.0,0.0,0,0,0,0,3.8,14151.0,518,空然新语,4男4女 4.0小时 新手 2024.06发行,港澳 机制 欢乐 豪门,huxiaoli_ipad_ratings.csv,huxiaoli,ipad,4,4,8,,4.0,新手,2024,6,8,2024-06-01,3-4h,True,False
1081,天葵之春,天葵之春,7.3,7.3,7.0,0.0,0.0,0.0,0.0,0.0,0.0,0.0,7.0,0,0,0,0.0,0.0,0,0,0,0,4882.0,7701.0,576,奇闻当铺工作室,4男2女 5.5小时 高阶 2023.04发行,日式 推理 演绎法 都市,huxiaoli_ipad_ratings.csv,huxiaoli,ipad,4,2,6,,5.5,高阶,2023,4,6,2023-04-01,5-6h,False,True
1085,芥子:弥望之川,芥子：弥望之川,8.8,8.1,0.0,0.0,0.0,0.0,0.0,8.3,0.0,0.0,8.5,0,0,0,0.0,0.0,0,0,0,0,65748.0,45492.0,5440,涟漪剧本工作室,4男4女 8.0小时 高阶 2023.09发行,,huxiaoli_ipad_ratings.csv,huxiaoli,ipad,4,4,8,,8.0,高阶,2023,9,8,2023-09-01,6-8h,False,True
1086,惊华,惊华,8.7,8.8,8.0,7.8,0.0,0.0,0.0,0.0,0.0,0.0,0.0,0,0,0,0.0,0.0,0,0,0,0,4889.0,33312.0,3095,天津剧盟发行工作室,【天子守国门，君王死社稷】 体验时长：11.5小时 体验角色：月白长衫男子 类型：历史向 大还原 推理 配置：5男1女，紫色襦裙女子不可以反串 定位：4年前的老本，想考古的玩家...全文,,huxiaoli_ipad_ratings.csv,huxiaoli,ipad,5,1,6,,11.5,,,,6,,>8h,False,True
1087,不可往生,不可往生,6.8,6.7,6.7,0.0,0.0,0.0,0.0,0.0,0.0,0.0,6.8,0,0,0,0.0,0.0,0,0,0,0,4889.0,9036.0,1050,低空飞行,3男3女 6.5小时 进阶 2024.06发行,,huxiaoli_ipad_ratings.csv,huxiaoli,ipad,3,3,6,,6.5,进阶,2024,6,6,2024-06-01,6-8h,False,True
1088,嫌疑人X没有现身,嫌疑人X没有现身2,8.5,7.6,7.8,7.6,0.0,0.0,0.0,0.0,0.0,0.0,0.0,0,0,0,0.0,0.0,0,0,0,0,4889.0,1739.0,247,K的游戏,之前体验过小卢老师的《桐花中路》和《加个V吧》，都很棒。于是这次自己买回来这个本自助（感谢我官总提供房间），不出意外的又被帅到了。 这是一个角色分配为两男一女的三人微剧本，游戏时长约3小时。剧本是标准的还原本，不涉及任...全文,,huxiaoli_ipad_ratings.csv,huxiaoli,ipad,2,1,3,3,3.0,,,,3,,<=3h,False,True
1089,在尼莫点建一座灯塔,在尼莫点建一座灯塔,8.0,7.6,0.0,0.0,0.0,7.6,0.0,0.0,7.6,0.0,0.0,0,0,0,0.0,0.0,0,0,0,0,1.1,8872.0,1134,月升剧制,百本选手说剧本:剧本《在尼莫点建一座灯塔》6人本 2男4女 剧本类型:城限本 情感本 思辨 游戏时间:7.5小时 👬适合人群：所有的 情感本 玩家 （推荐 整车 熟...全文,架空 情感 沉浸 思辨,huxiaoli_ipad_ratings.csv,huxiaoli,ipad,2,4,6,6,7.5,,,,6,,6-8h,True,False
1090,乐子人与做题家,乐子人与做题家·Z系列,6.9,6.8,0.0,0.0,7.3,0.0,0.0,7.0,0.0,0.0,0.0,0,0,0,0.0,0.0,0,0,0,0,99.0,7962.0,1297,剧游方舟,4男2女 6.5小时 进阶 2025.11发行,,huxiaoli_ipad_ratings.csv,huxiaoli,ipad,4,2,6,,6.5,进阶,2025,11,6,2025-11-01,6-8h,True,False
1091,魇月斋谋杀幻境,魇月斋谋杀幻境,7.5,6.9,7.9,0.0,0.0,0.0,0.0,0.0,0.0,0.0,7.2,0,0,0,0.0,0.0,0,0,0,0,4894.0,13510.0,2265,禾风工作室,3男3女 8.0小时 高阶 2025.11发行,日式 推理 设定 其他,huxiaoli_ipad_ratings.csv,huxiaoli,ipad,3,3,6,,8.0,高阶,2025,11,6,2025-11-01,6-8h,False,True
1093,"头等玩家,围桌谋杀",头等玩家，围桌谋杀,7.2,6.9,0.0,0.0,7.4,0.0,0.0,6.9,0.0,0.0,0.0,0,0,0,0.0,0.0,0,0,0,0,1.5,3893.0,411,谜瓜,2男2女 4.0小时 新手 2025.11发行,架空 还原 欢乐 新手,huxiaoli_ipad_ratings.csv,huxiaoli,ipad,2,2,4,,4.0,新手,2025,11,4,2025-11-01,3-4h,True,False
1094,非正常人类症候群,非正常人类症候群,7.8,7.6,0.0,0.0,0.0,0.0,0.0,0.0,0.0,0.0,0.0,0,0,0,0.0,0.0,0,0,0,0,10001.0,7817.0,1280,极道剧制,3男3女 5.5小时 进阶 2025.11发行,,huxiaoli_ipad_ratings.csv,huxiaoli,ipad,3,3,6,,5.5,进阶,2025,11,6,2025-11-01,5-6h,False,True
1095,烬火,烬火,6.9,6.7,0.0,0.0,0.0,7.1,0.0,0.0,0.0,7.6,0.0,0,0,0,0.0,0.0,0,0,0,0,1.1,7248.0,977,图书馆工作室,3男3女 6.5小时 新手 2025.11发行,架空 情感 演绎 新手,huxiaoli_ipad_ratings.csv,huxiaoli,ipad,3,3,6,,6.5,新手,2025,11,6,2025-11-01,6-8h,True,False
1097,东京怪谈·福岛原爱海洋馆,东京怪谈：福岛原爱海洋馆,7.3,7.4,0.0,0.0,0.0,0.0,0.0,7.3,0.0,0.0,0.0,0,0,0,0.0,0.0,0,0,0,0,11.3,4703.0,464,剧作时代,3男3女 6.0小时 进阶 2025.11发行,,huxiaoli_ipad_ratings.csv,huxiaoli,ipad,3,3,6,,6.0,进阶,2025,11,6,2025-11-01,5-6h,True,False
1098,于青山下长眠,于青山下长眠,9.0,0.0,0.0,0.0,0.0,0.0,0.0,0.0,0.0,0.0,0.0,0,0,0,0.0,0.0,0,0,0,0,1.1,0.0,0,灵光一闪工作室,3男3女 6.5小时 进阶 2025.10发行,,huxiaoli_ipad_ratings.csv,huxiaoli,ipad,3,3,6,,6.5,进阶,2025,10,6,2025-10-01,6-8h,True,False
1099,不负如来不负卿,不负如来不负卿,8.0,0.0,0.0,0.0,0.0,0.0,0.0,0.0,0.0,0.0,0.0,0,0,0,0.0,0.0,0,0,0,0,1.1,0.0,0,As谋杀之谜,3男3女 4.5小时 新手 2023.10发行,,huxiaoli_ipad_ratings.csv,huxiaoli,ipad,3,3,6,,4.5,新手,2023,10,6,2023-10-01,4-5h,True,False
1100,U,《U》,2.0,0.0,0.0,0.0,0.0,0.0,0.0,0.0,0.0,0.0,0.0,0,0,0,0.0,0.0,0,0,0,0,1.4,0.0,0,,4男2女 4.0小时 进阶 2021.10发行,,huxiaoli_ipad_ratings.csv,huxiaoli,ipad,4,2,6,,4.0,进阶,2021,10,6,2021-10-01,3-4h,True,False
1101,崇山乐园2小丑回魂,崇山乐园2小丑回魂,7.3,7.2,0.0,0.0,0.0,0.0,0.0,0.0,0.0,0.0,0.0,0,0,0,0.0,0.0,0,0,0,0,20391.0,17260.0,1793,剧作时代,3男4女 4.5小时 新手 2025.01发行,日式 其他 惊悚 新手,huxiaoli_ipad_ratings.csv,huxiaoli,ipad,3,4,7,,4.5,新手,2025,1,7,2025-01-01,4-5h,False,True
1102,华夏奇案录龙树菩提,华夏奇案录：龙树菩提,7.1,7.1,0.0,7.0,0.0,0.0,0.0,7.1,0.0,0.0,0.0,0,0,0,0.0,0.0,0,0,0,0,5049.0,1956.0,296,星宫夜谈,6男1女 6.0小时 进阶 2025.02发行,,huxiaoli_ipad_ratings.csv,huxiaoli,ipad,6,1,7,,6.0,进阶,2025,2,7,2025-02-01,5-6h,False,True
1103,望辰,望辰,7.6,7.5,0.0,0.0,0.0,7.5,0.0,0.0,7.3,0.0,0.0,0,0,0,0.0,0.0,0,0,0,0,1.1,5315.0,704,百川道合工作室,3男3女 6.0小时 进阶 2025.03发行,古风 情感 沉浸 武侠,huxiaoli_ipad_ratings.csv,huxiaoli,ipad,3,3,6,,6.0,进阶,2025,3,6,2025-03-01,5-6h,True,False
1104,还命,还命,7.0,0.0,0.0,0.0,0.0,0.0,0.0,0.0,0.0,0.0,0.0,0,0,0,0.0,0.0,0,0,0,0,1.1,0.0,0,本喜工作室,3男3女 6.5小时 进阶 2025.11发行,架空 情感 沉浸 其他,huxiaoli_ipad_ratings.csv,huxiaoli,ipad,3,3,6,,6.5,进阶,2025,11,6,2025-11-01,6-8h,True,False
1105,迦楼罗的往生谣,迦楼罗的往生谣,7.0,7.1,7.4,0.0,0.0,0.0,0.0,0.0,0.0,0.0,7.0,0,0,0,0.0,0.0,0,0,0,0,4894.0,2587.0,437,进化论工作室; 米可剧制,3男3女 10.0小时 进阶 2025.11发行,,huxiaoli_ipad_ratings.csv,huxiaoli,ipad,3,3,6,,10.0,进阶,2025,11,6,2025-11-01,>8h,False,True
1107,来时路,来时路,4.0,0.0,0.0,0.0,0.0,0.0,0.0,0.0,0.0,0.0,0.0,0,0,0,0.0,0.0,0,0,0,0,1.1,0.0,0,保持联络工作室,3男3女 6.0小时 进阶 2025.03发行,现代 情感 沉浸 都市,huxiaoli_ipad_ratings.csv,huxiaoli,ipad,3,3,6,,6.0,进阶,2025,3,6,2025-03-01,5-6h,True,False
1109,愚人对白,愚人对白,7.6,7.5,0.0,0.0,0.0,7.7,0.0,0.0,0.0,8.1,0.0,0,0,0,0.0,0.0,0,0,0,0,1.1,14426.0,2086,臭猴子工作室,3男3女 6.5小时 进阶 2025.11发行,,huxiaoli_ipad_ratings.csv,huxiaoli,ipad,3,3,6,,6.5,进阶,2025,11,6,2025-11-01,6-8h,True,False
1110,斑马还没睡,斑马还没睡,8.3,8.0,0.0,0.0,0.0,8.1,0.0,0.0,7.9,0.0,0.0,0,0,0,0.0,0.0,0,0,0,0,1.1,7125.0,1227,预谋剧制; 百玄文创工作室,3男3女 7.5小时 进阶 2025.10发行,现代 情感 沉浸 其他,huxiaoli_ipad_ratings.csv,huxiaoli,ipad,3,3,6,,7.5,进阶,2025,10,6,2025-10-01,6-8h,True,False
1126,"樱,再会霜汐子",樱，再会霜汐子,8.3,8.1,0.0,0.0,0.0,0.0,0.0,7.9,0.0,0.0,0.0,0,0,0,0.0,0.0,0,0,0,0,36.0,35584.0,5758,浮生梦文创,3男3女 7.5小时 进阶 2025.07发行,,huxiaoli_ipad_ratings.csv,huxiaoli,ipad,3,3,6,,7.5,进阶,2025,7,6,2025-07-01,6-8h,True,False
1128,三观失控,三观失控,6.1,6.7,0.0,0.0,0.0,0.0,0.0,0.0,0.0,7.0,0.0,0,0,0,0.0,0.0,0,0,0,0,1788.0,4260.0,459,鑫梦人生,3男3女 5.0小时 新手 2025.11发行,,huxiaoli_ipad_ratings.csv,huxiaoli,ipad,3,3,6,,5.0,新手,2025,11,6,2025-11-01,4-5h,False,True
1131,患者们の临终游戏,患者们の临终游戏,7.5,6.8,7.3,0.0,0.0,0.0,0.0,0.0,0.0,0.0,7.3,0,0,0,0.0,0.0,0,0,0,0,4936.0,1.0,1418,KEYS工作室; 司家侦探,3男3女 6.0小时 进阶 2025.10发行,日式 推理 设定 怪谈,huxiaoli_ipad_ratings.csv,huxiaoli,ipad,3,3,6,,6.0,进阶,2025,10,6,2025-10-01,5-6h,False,True
1151,本宫要上位,本宫要上位,7.2,7.3,0.0,0.0,7.5,0.0,0.0,0.0,0.0,0.0,0.0,0,0,0,0.0,7.2,0,0,0,0,5.8,1.3,914,花椒喜剧,百本选手说剧本:剧本《本宫要上位》8人本 2男6女 剧本类型:盒装本 欢乐本 游戏时间:3小时 👬适合人群：🈚️ ❤剧情感...全文,古风 阵营 欢乐 宫廷,huxiaoli_ipad_ratings.csv,huxiaoli,ipad,2,6,8,8,3.0,,,,8,,<=3h,True,False
1153,赌王之王,赌王之王,6.9,6.7,0.0,0.0,7.2,0.0,7.1,0.0,0.0,0.0,0.0,0,0,0,0.0,0.0,0,0,0,0,3.8,10050.0,550,MT麦田剧本发行社,4男3女 4.0小时 新手 2025.05发行,现代 机制 欢乐 都市,huxiaoli_ipad_ratings.csv,huxiaoli,ipad,4,3,7,,4.0,新手,2025,5,7,2025-05-01,3-4h,True,False
1154,多蟲天,多蟲天,8.9,8.5,0.0,0.0,0.0,0.0,0.0,0.0,0.0,0.0,0.0,0,0,0,0.0,0.0,0,0,0,0,32529.0,10099.0,1569,稻草人工作室,5男2女 6.5小时 进阶 2025.03发行,,huxiaoli_ipad_ratings.csv,huxiaoli,ipad,5,2,7,,6.5,进阶,2025,3,7,2025-03-01,6-8h,False,True
1155,二手名著,二手名著,7.0,0.0,0.0,0.0,0.0,0.0,0.0,0.0,0.0,0.0,0.0,0,0,0,0.0,0.0,0,0,0,0,4943.0,0.0,0,KEYS工作室,3男3女 6.5小时 新手 2025.06发行,,huxiaoli_ipad_ratings.csv,huxiaoli,ipad,3,3,6,,6.5,新手,2025,6,6,2025-06-01,6-8h,False,True
1157,海德尔战记圣战之烬,海德尔战记-圣战之烬,7.6,7.1,0.0,0.0,0.0,0.0,7.5,0.0,0.0,0.0,7.5,0,0,0,0.0,0.0,0,0,0,0,6091.0,5660.0,874,迷途羔羊,百本选手说剧本:剧本《海德尔战记－圣战之烬》6人本 4男2女 剧本类型:城限本 机制本 游戏时间:12小时？？？（测车） 👬适合人群：海德尔 系列 粉丝 喜欢 上一部的 机制...全文,,huxiaoli_ipad_ratings.csv,huxiaoli,ipad,4,2,6,6,12.0,,,,6,,>8h,False,True
1159,叫爸爸3笑里藏刀,叫爸爸3：笑里藏刀,6.9,7.1,0.0,0.0,7.2,0.0,0.0,0.0,0.0,0.0,0.0,0,0,0,0.0,0.0,0,0,0,0,11620.0,6566.0,568,雍九出品,3男3女 3.5小时 新手 2025.07发行,现代 其他 欢乐 新手,huxiaoli_ipad_ratings.csv,huxiaoli,ipad,3,3,6,,3.5,新手,2025,7,6,2025-07-01,3-4h,False,True
1160,来自告死鸟的嘲弄,来自告死鸟的嘲弄,6.7,6.6,7.2,0.0,0.0,0.0,0.0,0.0,0.0,0.0,6.9,0,0,0,0.0,0.0,0,0,0,0,4943.0,4486.0,1010,低空飞行,3男3女 7.5小时 进阶 2025.11发行,日式 推理 设定 其他,huxiaoli_ipad_ratings.csv,huxiaoli,ipad,3,3,6,,7.5,进阶,2025,11,6,2025-11-01,6-8h,False,True
1162,猫猫大作战,猫猫大作战,6.1,6.6,6.6,0.0,0.0,0.0,0.0,0.0,0.0,0.0,6.5,0,0,0,0.0,0.0,0,0,0,0,4943.0,3950.0,827,低空飞行,3男3女 7.0小时 进阶 2025.07发行,,huxiaoli_ipad_ratings.csv,huxiaoli,ipad,3,3,6,,7.0,进阶,2025,7,6,2025-07-01,6-8h,False,True
1163,青灯酒肆的百妖夜,青灯酒肆的百妖夜,5.7,6.7,6.2,0.0,0.0,0.0,0.0,0.0,0.0,0.0,5.9,0,0,0,0.0,0.0,0,0,0,0,23473.0,9508.0,1284,灰烬工作室,3男3女 8.0小时 进阶 2025.07发行,类型：硬核 设定 推理 还原 沉浸 时长：12h 难度：高阶 这本延续了前作《罗拉西里的巫女》和《安妮弗斯奇遇记》的以“核诡+沉浸”为主的风格，又进行了很多创新，从结果来看，很多创新是失败的，但是...全文,huxiaoli_ipad_ratings.csv,huxiaoli,ipad,3,3,6,,8.0,进阶,2025,7,6,2025-07-01,6-8h,False,True
1164,日月藏君,日月藏君,7.4,7.3,0.0,7.2,0.0,0.0,0.0,7.3,0.0,0.0,0.0,0,0,0,0.0,0.0,0,0,0,0,5049.0,1741.0,309,凤凰谷工作室,3男3女 6.5小时 进阶 2025.09发行,,huxiaoli_ipad_ratings.csv,huxiaoli,ipad,3,3,6,,6.5,进阶,2025,9,6,2025-09-01,6-8h,False,True
1165,上学威龙,上学威龙,10.0,0.0,0.0,0.0,0.0,0.0,0.0,0.0,0.0,0.0,0.0,0,0,0,0.0,0.0,0,0,0,0,0.0,0.0,0,万穗文创; 剧库,5男3女 4.0小时 新手 2025.07发行,,huxiaoli_ipad_ratings.csv,huxiaoli,ipad,5,3,8,,4.0,新手,2025,7,8,2025-07-01,3-4h,False,True
1168,星与囚破茧之时,星与囚破茧之时,7.3,7.3,0.0,0.0,0.0,0.0,0.0,7.2,0.0,0.0,7.2,0,0,0,0.0,0.0,0,0,0,0,3.0,3285.0,436,进化论工作室; 天地之间,5男1女 7.5小时 进阶 2025.08发行,,huxiaoli_ipad_ratings.csv,huxiaoli,ipad,5,1,6,,7.5,进阶,2025,8,6,2025-08-01,6-8h,True,False
1169,凶手的小酒酒,凶手的小酒酒,7.2,7.1,7.0,0.0,7.2,0.0,0.0,0.0,0.0,0.0,0.0,0,0,0,0.0,0.0,0,0,0,0,4944.0,3976.0,275,疯狂剧制,3男3女 4.5小时 新手 2025.09发行,架空 推理 欢乐 都市,huxiaoli_ipad_ratings.csv,huxiaoli,ipad,3,3,6,,4.5,新手,2025,9,6,2025-09-01,4-5h,False,True
1171,阳光普照,阳光普照,7.5,7.4,7.1,0.0,0.0,0.0,0.0,0.0,0.0,0.0,7.0,0,0,0,0.0,0.0,0,0,0,0,4944.0,6960.0,989,KEYS工作室,3男3女 6.0小时 进阶 2025.08发行,,huxiaoli_ipad_ratings.csv,huxiaoli,ipad,3,3,6,,6.0,进阶,2025,8,6,2025-08-01,5-6h,False,True
1172,妖怪图鉴·香港篇,妖怪图鉴：香港篇,8.6,7.7,0.0,0.0,8.0,0.0,8.4,0.0,0.0,0.0,0.0,0,0,0,0.0,0.0,0,0,0,0,3.8,15295.0,2168,BLUEBLUE,百本选手说剧本:剧本《妖怪图鉴:香港篇》6人本 4男2女 剧本类型:城限本 机制本 游戏时间:???（测车⌚️12小时） 👬适合人群：喜欢 妖怪图鉴1 的 玩家 （最后的 大机制 相似度1...全文,现代 机制 欢乐 都市,huxiaoli_ipad_ratings.csv,huxiaoli,ipad,4,2,6,6,12.0,,,,6,,>8h,True,False
1173,糟糕一不小心成了鬼,糟糕，一不小心成了鬼,8.4,7.9,7.3,0.0,0.0,0.0,0.0,0.0,8.0,0.0,0.0,0,0,0,0.0,0.0,0,0,0,0,2.8,9381.0,991,天津剧盟发行工作室,3男3女 5.0小时 新手 2025.12发行,现代 推理 沉浸 其他,huxiaoli_ipad_ratings.csv,huxiaoli,ipad,3,3,6,,5.0,新手,2025,12,6,2025-12-01,4-5h,True,False
1174,猪窝,猪窝,6.0,0.0,0.0,0.0,0.0,0.0,0.0,0.0,0.0,0.0,0.0,0,0,0,0.0,0.0,0,0,0,0,471.0,0.0,0,不染尘,3男3女 4.5小时 进阶 2025.07发行,,huxiaoli_ipad_ratings.csv,huxiaoli,ipad,3,3,6,,4.5,进阶,2025,7,6,2025-07-01,4-5h,False,True
1177,"霸总乖乖,把门开开",霸总乖乖，把门开开,7.1,7.1,0.0,0.0,7.5,0.0,7.2,0.0,0.0,0.0,0.0,0,0,0,0.0,0.0,0,0,0,0,3.8,9353.0,612,未来剧业,3男3女 4.0小时 新手 2025.12发行,现代 机制 欢乐 其他,huxiaoli_ipad_ratings.csv,huxiaoli,ipad,3,3,6,,4.0,新手,2025,12,6,2025-12-01,3-4h,True,False
1179,祠碑,祠碑,7.7,7.5,0.0,7.1,0.0,0.0,0.0,7.6,0.0,0.0,0.0,0,0,0,0.0,0.0,0,0,0,0,5049.0,10103.0,1645,猫又集; 玄念文创,3男3女 7.0小时 进阶 2025.12发行,,huxiaoli_ipad_ratings.csv,huxiaoli,ipad,3,3,6,,7.0,进阶,2025,12,6,2025-12-01,6-8h,False,True
1180,大宴之上,大宴之上,7.5,7.2,0.0,0.0,0.0,7.5,0.0,0.0,0.0,8.0,0.0,0,0,0,0.0,0.0,0,0,0,0,1.1,29816.0,4729,东方剧制,2男4女 8.0小时 进阶 2025.12发行,古风 情感 演绎 宫廷,huxiaoli_ipad_ratings.csv,huxiaoli,ipad,2,4,6,,8.0,进阶,2025,12,6,2025-12-01,6-8h,True,False
1181,怪谈事务所囚徒,怪谈事务所：囚徒,8.1,7.4,0.0,0.0,0.0,0.0,7.8,0.0,0.0,0.0,7.6,0,0,0,0.0,0.0,0,0,0,0,3160.0,15479.0,2064,百川望辰工作室,百本选手说剧本:剧本《怪谈事务所:囚徒》6人本 3男3女 剧本类型:城限本 机制本 游戏时间:14小时 👬适合人群：🈚️ ❤剧情感...全文,日式 机制 博弈 怪谈,huxiaoli_ipad_ratings.csv,huxiaoli,ipad,3,3,6,6,14.0,,,,6,,>8h,False,True
1182,怪谈事务所修罗,怪谈事务所：修罗,7.4,6.9,0.0,0.0,0.0,0.0,7.3,0.0,0.0,0.0,7.3,0,0,0,0.0,0.0,0,0,0,0,10146.0,10390.0,1587,百川望辰工作室,4男2女 8.0小时 高阶 2025.06发行,,huxiaoli_ipad_ratings.csv,huxiaoli,ipad,4,2,6,,8.0,高阶,2025,6,6,2025-06-01,6-8h,False,True
1183,怪谈事务所血宴,怪谈事务所：血宴,8.7,7.9,0.0,0.0,0.0,0.0,8.4,0.0,0.0,0.0,8.4,0,0,0,0.0,0.0,0,0,0,0,3160.0,48115.0,4890,百川望辰工作室,3男3女 10.0小时 进阶 2023.04发行,日式 机制 博弈 怪谈,huxiaoli_ipad_ratings.csv,huxiaoli,ipad,3,3,6,,10.0,进阶,2023,4,6,2023-04-01,>8h,False,True
1184,鬼知道我经历了什么,鬼知道我经历了什么,7.4,7.4,0.0,0.0,7.5,0.0,7.2,0.0,0.0,0.0,0.0,0,0,0,0.0,0.0,0,0,0,0,3.8,5608.0,727,舟楫戏剧工作室,3男3女 5.0小时 新手 2025.12发行,架空 机制 欢乐 其他,huxiaoli_ipad_ratings.csv,huxiaoli,ipad,3,3,6,,5.0,新手,2025,12,6,2025-12-01,4-5h,True,False
1185,十三间死亡失格,十三间死亡失格,7.9,7.2,7.9,7.4,0.0,0.0,0.0,0.0,0.0,0.0,0.0,0,0,0,0.0,0.0,0,0,0,0,4954.0,7597.0,1189,赤犬推理工作室,3男3女 7.0小时 进阶 2026.01发行,,huxiaoli_ipad_ratings.csv,huxiaoli,ipad,3,3,6,,7.0,进阶,2026,1,6,2026-01-01,6-8h,False,True
1186,天启诡案,天启诡案,8.0,6.7,8.4,0.0,0.0,0.0,0.0,0.0,0.0,0.0,7.6,0,0,0,0.0,0.0,0,0,0,0,4954.0,32887.0,6126,空想馆; 杰作家推理工作室,3男3女 10.0小时 高阶 2025.12发行,中式 推理 设定 武侠,huxiaoli_ipad_ratings.csv,huxiaoli,ipad,3,3,6,,10.0,高阶,2025,12,6,2025-12-01,>8h,False,True
1187,乌江叹,乌江叹,6.5,6.6,0.0,0.0,0.0,6.8,0.0,0.0,0.0,7.3,0.0,0,0,0,0.0,0.0,0,0,0,0,1.1,4271.0,560,长月文创; 莫名工作室,3男3女 7.0小时 进阶 2025.12发行,古风 情感 演绎 权谋,huxiaoli_ipad_ratings.csv,huxiaoli,ipad,3,3,6,,7.0,进阶,2025,12,6,2025-12-01,6-8h,True,False
1188,大航海2七海之主,大航海2：七海之主,7.8,7.5,0.0,0.0,0.0,0.0,7.4,0.0,0.0,0.0,7.4,0,0,0,0.0,0.0,0,0,0,0,4487.0,6062.0,995,百川望辰工作室,3男3女 8.0小时 进阶 2025.03发行,,huxiaoli_ipad_ratings.csv,huxiaoli,ipad,3,3,6,,8.0,进阶,2025,3,6,2025-03-01,6-8h,False,True
1189,妖怪图鉴东京篇,妖怪图鉴：东京篇,8.7,7.3,0.0,0.0,0.0,0.0,8.3,0.0,0.0,0.0,8.3,0,0,0,0.0,0.0,0,0,0,0,16051.0,19968.0,2689,BLUEBLUE,4男2女 7.0小时 进阶 2024.08发行,,huxiaoli_ipad_ratings.csv,huxiaoli,ipad,4,2,6,,7.0,进阶,2024,8,6,2024-08-01,6-8h,False,True
1190,开封诡事录,开封诡事录,8.0,0.0,0.0,0.0,0.0,0.0,0.0,0.0,0.0,0.0,0.0,0,0,0,0.0,0.0,0,0,0,0,0.0,0.0,0,开封府剧本工作室,4男2女 5.5小时 进阶 2025.04发行,,huxiaoli_ipad_ratings.csv,huxiaoli,ipad,4,2,6,,5.5,进阶,2025,4,6,2025-04-01,5-6h,False,True
1191,群英之战复世,群英之战·复世,6.5,6.4,0.0,0.0,0.0,0.0,6.8,0.0,0.0,0.0,6.8,0,0,0,0.0,0.0,0,0,0,0,3160.0,2390.0,415,轻轻文创,4男2女 6.5小时 进阶 2025.03发行,古风 机制 博弈 战争,huxiaoli_ipad_ratings.csv,huxiaoli,ipad,4,2,6,,6.5,进阶,2025,3,6,2025-03-01,6-8h,False,True
1192,薛定谔的魔王,薛定谔的魔王,8.2,7.7,0.0,0.0,0.0,0.0,8.0,0.0,0.0,0.0,8.0,0,0,0,0.0,0.0,0,0,0,0,7403.0,10719.0,1794,可疑的宣发工作室,百本选手说剧本:剧本《薛定谔的魔王》6人本 4男2女 剧本类型:城限本 机制本 游戏时间:8小时左右 👬适合人群：🉑疑 粉丝 机制本 进阶玩家 （剧本 ...全文,,huxiaoli_ipad_ratings.csv,huxiaoli,ipad,4,2,6,6,8.0,进阶,,,6,,6-8h,False,True
1193,呜呜,呜呜,8.2,7.7,0.0,0.0,8.5,7.7,0.0,0.0,0.0,0.0,0.0,0,0,0,0.0,0.0,0,0,0,0,25646.0,18552.0,2940,,3男3女 6.5小时 新手 2025.03发行,中式 情感 欢乐 其他,huxiaoli_ipad_ratings.csv,huxiaoli,ipad,3,3,6,,6.5,新手,2025,3,6,2025-03-01,6-8h,False,True
1194,我滴家在东北,我滴家在东北！,7.2,7.1,0.0,0.0,7.7,0.0,7.2,0.0,0.0,0.0,0.0,0,0,0,0.0,0.0,0,0,0,0,3.8,33638.0,3557,疯狂剧制,4男4女 4.0小时 新手 2025.12发行,现代 机制 欢乐 乡土,huxiaoli_ipad_ratings.csv,huxiaoli,ipad,4,4,8,,4.0,新手,2025,12,8,2025-12-01,3-4h,True,False
1195,梧桐酒馆,梧桐酒馆,8.0,0.0,0.0,0.0,0.0,0.0,0.0,0.0,0.0,0.0,0.0,0,0,0,0.0,0.0,0,0,0,0,1.1,0.0,0,清醒梦剧制,3男3女 4.5小时 进阶 2025.12发行,,huxiaoli_ipad_ratings.csv,huxiaoli,ipad,3,3,6,,4.5,进阶,2025,12,6,2025-12-01,4-5h,True,False
1198,昆仑仙踪,昆仑仙踪,7.7,6.9,0.0,0.0,0.0,0.0,7.5,0.0,0.0,0.0,7.5,0,0,0,0.0,0.0,0,0,0,0,6163.0,8837.0,1270,,5男3女 8.0小时 进阶 2025.04发行,古风 机制 跑团 玄幻,huxiaoli_ipad_ratings.csv,huxiaoli,ipad,5,3,8,,8.0,进阶,2025,4,8,2025-04-01,6-8h,False,True
1199,奈亚拉的迷宫,奈亚拉的迷宫,7.0,6.8,7.3,0.0,0.0,0.0,0.0,0.0,0.0,0.0,7.1,0,0,0,0.0,0.0,0,0,0,0,4964.0,6429.0,948,永恒文艺创作工作室,4男2女 8.0小时 进阶 2025.05发行,,huxiaoli_ipad_ratings.csv,huxiaoli,ipad,4,2,6,,8.0,进阶,2025,5,6,2025-05-01,6-8h,False,True
1201,人生海,人生海,7.0,6.9,0.0,0.0,0.0,7.2,0.0,0.0,7.1,0.0,0.0,0,0,0,0.0,0.0,0,0,0,0,1.1,12134.0,1677,大叔文创,⭐️⭐️⭐️⭐️《人生海》 📖剧本类型：现代/情感/立意/蝴蝶效应式多结局 👦🏻玩家配置：③男③女（不要反串） ⌚️体验时长：7.5小时 ❤️体验角色：...全文,现代 情感 沉浸 历史,huxiaoli_ipad_ratings.csv,huxiaoli,ipad,,,,,7.5,,,,,,6-8h,True,False
1202,坐庄,坐庄,7.4,6.8,0.0,0.0,7.3,0.0,7.1,0.0,0.0,0.0,0.0,0,0,0,0.0,0.0,0,0,0,0,3.8,16205.0,739,十库工作室,百本选手说剧本:剧本《坐庄》7人本 4男3女（🉑以反串）剧本类型:盒装本 机制本 游戏时间:5.5小时 👬适合人群：运气好的 玩家 ❤剧情感受...全文,现代 机制 欢乐 都市,huxiaoli_ipad_ratings.csv,huxiaoli,ipad,4,3,7,7,5.5,,,,7,,5-6h,True,False
1203,业火封神,业火封神,7.0,6.9,0.0,0.0,0.0,0.0,7.0,0.0,0.0,0.0,7.0,0,0,0,0.0,0.0,0,0,0,0,2962.0,3918.0,586,百川望辰工作室,百本选手说剧本:剧本《业火封神》6人本 4男2女 剧本类型:城限本 机制本 moba 游戏时间:11小时左右 👬适合人群：刀塔 爱好者（moba) ❤剧情感...全文,,huxiaoli_ipad_ratings.csv,huxiaoli,ipad,4,2,6,6,11.0,,,,6,,>8h,False,True
1204,友情出演血戮剧场的第四面墙,友情出演：血戮剧场的第四面墙,7.2,6.8,7.2,7.1,0.0,0.0,0.0,0.0,0.0,0.0,0.0,0,0,0,0.0,0.0,0,0,0,0,4964.0,5068.0,674,纸遇工作室,4男3女 7.0小时 进阶 2025.03发行,,huxiaoli_ipad_ratings.csv,huxiaoli,ipad,4,3,7,,7.0,进阶,2025,3,7,2025-03-01,6-8h,False,True
1205,在劫南桃,在劫南桃,7.4,7.1,0.0,0.0,0.0,0.0,7.2,0.0,0.0,0.0,7.2,0,0,0,0.0,0.0,0,0,0,0,10886.0,7737.0,952,可疑的宣发工作室,4男4女 4.0小时 新手 2025.01发行,古风 机制 其他 神话,huxiaoli_ipad_ratings.csv,huxiaoli,ipad,4,4,8,,4.0,新手,2025,1,8,2025-01-01,3-4h,False,True
1206,无图区,无图区,8.0,7.6,0.0,0.0,0.0,7.8,0.0,0.0,7.8,0.0,0.0,0,0,0,0.0,0.0,0,0,0,0,1.1,3278.0,429,长青工作室,3男3女 6.0小时 新手 2025.11发行,中式 情感 沉浸 历史,huxiaoli_ipad_ratings.csv,huxiaoli,ipad,3,3,6,,6.0,新手,2025,11,6,2025-11-01,5-6h,True,False
1207,观月尘影录,观月尘影录,7.0,7.3,7.2,0.0,0.0,0.0,0.0,0.0,0.0,0.0,6.8,0,0,0,0.0,0.0,0,0,0,0,4964.0,11232.0,1666,灰烬工作室,3男3女 8.0小时 进阶 2026.01发行,,huxiaoli_ipad_ratings.csv,huxiaoli,ipad,3,3,6,,8.0,进阶,2026,1,6,2026-01-01,6-8h,False,True
1208,野菩萨,野菩萨,8.6,8.5,0.0,0.0,0.0,8.6,0.0,0.0,0.0,8.7,0.0,0,0,0,0.0,0.0,0,0,0,0,1.1,15057.0,2469,一闪工作室,3男3女 6.5小时 进阶 2026.05发行,,huxiaoli_ipad_ratings.csv,huxiaoli,ipad,3,3,6,,6.5,进阶,2026,5,6,2026-05-01,6-8h,True,False
1209,破雾,破雾,7.0,7.0,0.0,0.0,0.0,7.3,0.0,0.0,7.4,0.0,0.0,0,0,0,0.0,0.0,0,0,0,0,1.1,10514.0,1253,造物工作室; 长月文创,3男3女 7.0小时 进阶 2025.09发行,架空 情感 沉浸 都市,huxiaoli_ipad_ratings.csv,huxiaoli,ipad,3,3,6,,7.0,进阶,2025,9,6,2025-09-01,6-8h,True,False
1210,青白,青白,8.7,8.4,0.0,0.0,0.0,8.4,0.0,0.0,8.4,0.0,0.0,0,0,0,0.0,0.0,0,0,0,0,1.1,59770.0,9549,热核·NBC,3男3女 6.0小时 进阶 2026.01发行,古风 情感 沉浸 穿越,huxiaoli_ipad_ratings.csv,huxiaoli,ipad,3,3,6,,6.0,进阶,2026,1,6,2026-01-01,5-6h,True,False
1211,同流合屋,同流合屋,8.6,7.8,0.0,0.0,8.3,0.0,0.0,7.9,0.0,0.0,0.0,0,0,0,0.0,0.0,0,0,0,0,1.5,12667.0,1383,谜瓜,3男2女 3.5小时 新手 2026.01发行,民国 还原 欢乐 新手,huxiaoli_ipad_ratings.csv,huxiaoli,ipad,3,2,5,,3.5,新手,2026,1,5,2026-01-01,3-4h,True,False
1212,旋转谋杀乐园,旋转谋杀乐园,8.1,7.7,7.9,0.0,0.0,0.0,0.0,0.0,0.0,0.0,7.7,0,0,0,0.0,0.0,0,0,0,0,4964.0,25607.0,4636,浮生梦文创,4男2女 8.0小时 进阶 2026.01发行,,huxiaoli_ipad_ratings.csv,huxiaoli,ipad,4,2,6,,8.0,进阶,2026,1,6,2026-01-01,6-8h,False,True
1214,赌城2077,赌城2077,6.8,6.9,0.0,0.0,7.1,0.0,7.0,0.0,0.0,0.0,0.0,0,0,0,0.0,0.0,0,0,0,0,3.8,5928.0,537,浮生梦文创,4男2女 4.5小时 新手 2026.01发行,架空 机制 欢乐 其他,huxiaoli_ipad_ratings.csv,huxiaoli,ipad,4,2,6,,4.5,新手,2026,1,6,2026-01-01,4-5h,True,False
1215,同归,同归,7.9,7.5,0.0,0.0,0.0,7.7,0.0,0.0,7.7,0.0,0.0,0,0,0,0.0,0.0,0,0,0,0,1.1,14092.0,2171,MF幕坊工作室,愿世间相爱之人，同去同归 剧本时长6个多小时 感觉设定挺新颖的，女尊男卑的设定（但并不代表男性角色没有体验感）个人觉得非常之豪玩,古风 情感 沉浸 宫廷,huxiaoli_ipad_ratings.csv,huxiaoli,ipad,,,,,,,,,,,,True,False
1219,求己,求己,7.0,6.9,0.0,0.0,0.0,7.2,0.0,0.0,7.3,0.0,0.0,0,0,0,0.0,0.0,0,0,0,0,1.1,29653.0,4280,慢热TUO; 浮生梦文创,2男4女 8.0小时 新手 2026.01发行,古风 情感 沉浸 权谋,huxiaoli_ipad_ratings.csv,huxiaoli,ipad,2,4,6,,8.0,新手,2026,1,6,2026-01-01,6-8h,True,False
1220,鹿川岛的黑发少女,鹿川岛的黑发少女,8.0,0.0,0.0,0.0,0.0,0.0,0.0,0.0,0.0,0.0,0.0,0,0,0,0.0,0.0,0,0,0,0,4965.0,0.0,0,西安七号剧制; 剧库,3男3女 4.5小时 新手 2025.12发行,日式 推理 设定 其他,huxiaoli_ipad_ratings.csv,huxiaoli,ipad,3,3,6,,4.5,新手,2025,12,6,2025-12-01,4-5h,False,True
1222,苏九宴鬼图,苏九宴鬼图,7.3,7.2,0.0,0.0,0.0,7.1,0.0,0.0,7.3,0.0,0.0,0,0,0,0.0,0.0,0,0,0,0,1.1,4737.0,639,魔术师工作室; 星川文创,3男3女 6.5小时 新手 2025.12发行,中式 情感 沉浸 其他,huxiaoli_ipad_ratings.csv,huxiaoli,ipad,3,3,6,,6.5,新手,2025,12,6,2025-12-01,6-8h,True,False
1223,多多,多多,8.8,8.2,7.3,0.0,0.0,0.0,0.0,0.0,0.0,0.0,0.0,0,0,0,0.0,0.0,0,0,0,0,4965.0,25440.0,1904,南昌罗生门推理室,4男2女 4.5小时 新手 2022.07发行,架空 推理 惊悚 新手,huxiaoli_ipad_ratings.csv,huxiaoli,ipad,4,2,6,,4.5,新手,2022,7,6,2022-07-01,4-5h,False,True
1224,分手厨房,分手厨房,7.0,6.9,0.0,0.0,7.5,0.0,7.3,0.0,0.0,0.0,0.0,0,0,0,0.0,0.0,0,0,0,0,3.8,9988.0,776,谜语剧制; 未来剧业,百本选手说剧本:剧本《分手厨房》8人本～6人本 4男4女—3男3女 （🉑反串）剧本类型:盒装本 欢乐本 🎮游戏⌚️时间:3.5小时 👬适合人群：夹筷子 比较 厉害的人 手 稳 的...全文,现代 机制 欢乐 都市,huxiaoli_ipad_ratings.csv,huxiaoli,ipad,4,4,8,8,3.5,,,,8,,3-4h,True,False
1225,逆袭吧!继承者,逆袭吧！继承者！,6.0,0.0,0.0,0.0,0.0,0.0,0.0,0.0,0.0,0.0,0.0,0,0,0,0.0,0.0,0,0,0,0,5.8,0.0,0,雍九出品,4男4女 4.5小时 新手 2026.01发行,,huxiaoli_ipad_ratings.csv,huxiaoli,ipad,4,4,8,,4.5,新手,2026,1,8,2026-01-01,4-5h,True,False
1226,传奇英雄,传奇英雄,7.0,0.0,0.0,0.0,0.0,0.0,0.0,0.0,0.0,0.0,0.0,0,0,0,0.0,0.0,0,0,0,0,3.8,0.0,0,MT麦田剧本发行社,6男3女 3.5小时 新手 2026.01发行,港澳 机制 欢乐 都市,huxiaoli_ipad_ratings.csv,huxiaoli,ipad,6,3,9,,3.5,新手,2026,1,9,2026-01-01,3-4h,True,False
1227,"分手吧,赶紧的",分手吧！赶紧的,8.0,0.0,0.0,0.0,0.0,0.0,0.0,0.0,0.0,0.0,0.0,0,0,0,0.0,0.0,0,0,0,0,0.0,0.0,0,嗷嗷原创,4男4女 5.0小时 新手 2026.01发行,现代 其他 欢乐 新手,huxiaoli_ipad_ratings.csv,huxiaoli,ipad,4,4,8,,5.0,新手,2026,1,8,2026-01-01,4-5h,False,True
1229,报告道长!有有有有鬼!,报告道长！有有有有鬼！,7.7,7.3,0.0,0.0,7.5,0.0,0.0,7.4,0.0,0.0,0.0,0,0,0,0.0,0.0,0,0,0,0,1.5,5158.0,529,南昌罗生门推理室; 未来剧业,3男3女 4.5小时 进阶 2026.01发行,,huxiaoli_ipad_ratings.csv,huxiaoli,ipad,3,3,6,,4.5,进阶,2026,1,6,2026-01-01,4-5h,True,False
1230,传奇赌徒,传奇赌徒,6.9,6.7,0.0,0.0,7.1,0.0,7.0,0.0,0.0,0.0,0.0,0,0,0,0.0,0.0,0,0,0,0,3.8,13654.0,805,MT麦田剧本发行社,5男3女 4.0小时 新手 2025.01发行,现代 机制 欢乐 都市,huxiaoli_ipad_ratings.csv,huxiaoli,ipad,5,3,8,,4.0,新手,2025,1,8,2025-01-01,3-4h,True,False
1231,王不见王,王不见王,8.8,8.0,8.7,0.0,0.0,0.0,0.0,0.0,0.0,0.0,8.6,0,0,0,0.0,0.0,0,0,0,0,4964.0,69825.0,12700,引力弹弓,3男3女 10.0小时 高阶 2026.01发行,日式 推理 设定 其他,huxiaoli_ipad_ratings.csv,huxiaoli,ipad,3,3,6,,10.0,高阶,2026,1,6,2026-01-01,>8h,False,True
1232,草台班子,草台班子,8.0,7.6,0.0,0.0,8.1,0.0,0.0,0.0,0.0,0.0,0.0,0,0,0,0.0,0.0,0,0,0,0,27183.0,15224.0,1834,北京萝卜头文化,3男3女 3.5小时 新手 2026.02发行,虚构 其他 欢乐 新手,huxiaoli_ipad_ratings.csv,huxiaoli,ipad,3,3,6,,3.5,新手,2026,2,6,2026-02-01,3-4h,False,True
1233,夜里达芬奇先生,黑夜里达芬奇先生把我在眼前的地板上铺满,7.0,0.0,0.0,0.0,0.0,0.0,0.0,0.0,0.0,0.0,0.0,0,0,0,0.0,0.0,0,0,0,0,2984.0,0.0,0,金陵轶事,3男3女 5.0小时 进阶 2023.10发行,,huxiaoli_ipad_ratings.csv,huxiaoli,ipad,3,3,6,,5.0,进阶,2023,10,6,2023-10-01,4-5h,False,True
1234,东京恐怖故事:如月车站,东京恐怖故事：如月车站,7.6,7.7,0.0,0.0,0.0,0.0,0.0,7.6,0.0,0.0,0.0,0,0,0,0.0,0.0,0,0,0,0,11.3,11861.0,1288,剧作时代,3男4女 6.0小时 进阶 2026.02发行,,huxiaoli_ipad_ratings.csv,huxiaoli,ipad,3,4,7,,6.0,进阶,2026,2,7,2026-02-01,5-6h,True,False
1235,魔女论破,魔女论破,6.9,6.7,7.3,0.0,0.0,0.0,0.0,0.0,0.0,0.0,6.8,0,0,0,0.0,0.0,0,0,0,0,11808.0,4551.0,796,低空飞行,4男3女 11.0小时 高阶 2026.01发行,,huxiaoli_ipad_ratings.csv,huxiaoli,ipad,4,3,7,,11.0,高阶,2026,1,7,2026-01-01,>8h,False,True
1236,草芥,草芥,8.1,7.8,0.0,0.0,0.0,8.1,0.0,0.0,0.0,8.4,0.0,0,0,0,0.0,0.0,0,0,0,0,1.1,43641.0,6591,裕芃工作室; 天地之间,3男3女 7.5小时 新手 2026.01发行,古风 情感 演绎 武侠,huxiaoli_ipad_ratings.csv,huxiaoli,ipad,3,3,6,,7.5,新手,2026,1,6,2026-01-01,6-8h,True,False
1237,我唯一忏悔的事,我唯一忏悔的事,6.9,6.8,0.0,0.0,0.0,7.0,0.0,0.0,7.0,0.0,0.0,0,0,0,0.0,0.0,0,0,0,0,1.1,9110.0,992,长青工作室; T.I文娱,3男3女 6.0小时 新手 2026.02发行,架空 情感 沉浸 其他,huxiaoli_ipad_ratings.csv,huxiaoli,ipad,3,3,6,,6.0,新手,2026,2,6,2026-02-01,5-6h,True,False
1239,体温,体温,7.0,6.9,0.0,0.0,0.0,7.2,0.0,0.0,0.0,7.5,0.0,0,0,0,0.0,0.0,0,0,0,0,1.1,16426.0,2146,臭猴子工作室,3男3女 6.0小时 进阶 2026.02发行,,huxiaoli_ipad_ratings.csv,huxiaoli,ipad,3,3,6,,6.0,进阶,2026,2,6,2026-02-01,5-6h,True,False
1240,祭日快乐·许愿岭在逃寿星,祭日快乐——许愿岭在逃寿星,7.5,7.5,0.0,0.0,0.0,0.0,0.0,7.6,0.0,0.0,0.0,0,0,0,0.0,0.0,0,0,0,0,11.3,9120.0,972,进化论工作室,第284本 时长：5小时 配置：4男2女 定位很精准的一个本。作为盒装夯，作为城限拉。 个人体验下来，《祭日快乐》作为一个以全类型为宣传噱头的剧本，欢乐和惊悚部分其实都可以去...全文,,huxiaoli_ipad_ratings.csv,huxiaoli,ipad,4,2,6,,5.0,,,,6,,4-5h,True,False
1241,贪欢,贪欢,8.0,7.6,0.0,0.0,0.0,7.8,0.0,0.0,7.8,0.0,0.0,0,0,0,0.0,0.0,0,0,0,0,3.4,21013.0,2888,执笔人间,3男3女 8.0小时 进阶 2026.02发行,古风 情感 沉浸 权谋,huxiaoli_ipad_ratings.csv,huxiaoli,ipad,3,3,6,,8.0,进阶,2026,2,6,2026-02-01,6-8h,True,False
1242,不容,不容,6.8,6.9,0.0,0.0,0.0,7.1,0.0,0.0,7.1,0.0,0.0,0,0,0,0.0,0.0,0,0,0,0,1.1,9108.0,1401,大亦文创工作室; KEYS工作室,3男3女 7.0小时 新手 2026.01发行,古风 情感 沉浸 家国,huxiaoli_ipad_ratings.csv,huxiaoli,ipad,3,3,6,,7.0,新手,2026,1,6,2026-01-01,6-8h,True,False
1243,叫父,叫父,6.5,6.7,0.0,0.0,7.1,0.0,6.8,0.0,0.0,0.0,0.0,0,0,0,0.0,0.0,0,0,0,0,3.8,1.7,1058,FB发行工作室; 未来剧业,6男2女 4.0小时 新手 2025.06发行,港澳 机制 欢乐 都市,huxiaoli_ipad_ratings.csv,huxiaoli,ipad,6,2,8,,4.0,新手,2025,6,8,2025-06-01,3-4h,True,False
1244,女优浮世簿,女优浮世簿,7.3,7.3,0.0,0.0,0.0,0.0,0.0,7.3,0.0,0.0,7.2,0,0,0,0.0,0.0,0,0,0,0,3.0,10013.0,1885,番外地; 百岁老人工作室,2男4女 7.0小时 进阶 2026.02发行,,huxiaoli_ipad_ratings.csv,huxiaoli,ipad,2,4,6,,7.0,进阶,2026,2,6,2026-02-01,6-8h,True,False
1245,百目原の最后夏天,百目原の最后夏天,8.2,7.4,8.5,7.7,0.0,0.0,0.0,0.0,0.0,0.0,0.0,0,0,0,0.0,0.0,0,0,0,0,30200.0,10393.0,1937,,3男3女 10.0小时 进阶 2026.01发行,日式 推理 悬疑 其他,huxiaoli_ipad_ratings.csv,huxiaoli,ipad,3,3,6,,10.0,进阶,2026,1,6,2026-01-01,>8h,False,True
1247,我闻神仙亦有死,我闻神仙亦有死,7.8,7.4,7.6,0.0,0.0,0.0,0.0,0.0,0.0,0.0,0.0,0,0,0,7.7,0.0,0,0,0,0,1.4,6252.0,1156,乱神企划工作室,百本选手说剧本:剧本《我闻神仙亦有死》6人本 3男3女 剧本类型:城限本 设定推理 游戏时间:8.5小时 👬适合人群：进阶 及以上 玩家 ❤剧情感受：说...全文,,huxiaoli_ipad_ratings.csv,huxiaoli,ipad,3,3,6,6,8.5,进阶,,,6,,>8h,True,False
1248,双烬塔疑案,双烬塔疑案,7.8,7.2,7.7,7.4,0.0,0.0,0.0,0.0,0.0,0.0,0.0,0,0,0,0.0,0.0,0,0,0,0,5000.0,6631.0,1124,极限推理; 六零六,3男3女 8.0小时 进阶 2026.02发行,,huxiaoli_ipad_ratings.csv,huxiaoli,ipad,3,3,6,,8.0,进阶,2026,2,6,2026-02-01,6-8h,False,True
1249,动画百日谈,动画百日谈,6.3,6.3,0.0,0.0,0.0,0.0,0.0,6.3,0.0,0.0,6.6,0,0,0,0.0,0.0,0,0,0,0,5787.0,2136.0,599,乱神企划工作室,百本选手说剧本:剧本《动画百日谈》6人本 3男3女 剧本类型:城限本 还原本 游戏时间:4.5小时 👬适合人群：🈚️ ❤剧情感受...全文,,huxiaoli_ipad_ratings.csv,huxiaoli,ipad,3,3,6,6,4.5,,,,6,,4-5h,False,True
1250,怪谈事务所崩坏,怪谈事务所：崩坏,8.1,7.5,0.0,0.0,0.0,0.0,7.7,0.0,0.0,0.0,7.7,0,0,0,0.0,0.0,0,0,0,0,3157.0,4609.0,639,,4男2女 10.0小时 高阶 2026.02发行,,huxiaoli_ipad_ratings.csv,huxiaoli,ipad,4,2,6,,10.0,高阶,2026,2,6,2026-02-01,>8h,False,True
1251,空心菜不是快乐的蔬菜,空心菜不是快乐的蔬菜,7.4,7.5,0.0,7.2,0.0,0.0,0.0,7.4,0.0,0.0,0.0,0,0,0,0.0,0.0,0,0,0,0,5049.0,7102.0,1114,灵感菇工作室,3男3女 7.0小时 进阶 2026.02发行,,huxiaoli_ipad_ratings.csv,huxiaoli,ipad,3,3,6,,7.0,进阶,2026,2,6,2026-02-01,6-8h,False,True
1252,未有来时,未有来时,8.1,7.6,8.0,0.0,0.0,0.0,0.0,0.0,0.0,0.0,7.4,0,0,0,0.0,0.0,0,0,0,0,5001.0,51912.0,6434,极限推理,3男3女 8.0小时 高阶 2024.03发行,,huxiaoli_ipad_ratings.csv,huxiaoli,ipad,3,3,6,,8.0,高阶,2024,3,6,2024-03-01,6-8h,False,True
1253,佼佼中学冒险,佼佼中学冒险,8.7,8.1,8.0,0.0,0.0,0.0,0.0,0.0,0.0,0.0,0.0,0,0,0,8.3,0.0,0,0,0,0,1.4,8716.0,1070,谜瓜,1男3女 4.0小时 新手 2026.03发行,架空 推理 立意 新手,huxiaoli_ipad_ratings.csv,huxiaoli,ipad,1,3,4,,4.0,新手,2026,3,4,2026-03-01,3-4h,True,False
1255,玫瑰锈病,玫瑰锈病,6.7,6.8,0.0,0.0,0.0,0.0,0.0,0.0,0.0,0.0,7.0,0,0,0,0.0,0.0,0,0,0,0,34873.0,9612.0,1426,不俗发行工作室; Siren剧本工作室,2男4女 5.0小时 新手 2026.03发行,类型：架空 情感 演绎 沉浸 配置：3男3女 ✔︎亮点：宣泄本，不是传统意义上的情感本 ❌缺点：时长有点短，一对真骨科，能接受的话问题也不大，吃强心测。 ⭕️总结：虽然是流氓家的本，但是风格跟流...全文,huxiaoli_ipad_ratings.csv,huxiaoli,ipad,2,4,6,,5.0,新手,2026,3,6,2026-03-01,4-5h,False,True
1257,归唐,归唐,6.5,6.5,0.0,0.0,0.0,6.9,0.0,0.0,0.0,7.5,0.0,0,0,0,0.0,0.0,0,0,0,0,1.1,6414.0,1117,德雾昂剧制,3男3女 6.0小时 新手 2026.01发行,古风 情感 演绎 历史,huxiaoli_ipad_ratings.csv,huxiaoli,ipad,3,3,6,,6.0,新手,2026,1,6,2026-01-01,5-6h,True,False
1258,酒神给的惩罚是第一个看见黎明,酒神给的惩罚是第一个看见黎明,8.0,7.4,0.0,0.0,0.0,7.5,0.0,0.0,0.0,8.1,0.0,0,0,0,0.0,0.0,0,0,0,0,1.1,5944.0,918,黎明工作室; 凤凰谷工作室,3男3女 6.0小时 进阶 2026.02发行,,huxiaoli_ipad_ratings.csv,huxiaoli,ipad,3,3,6,,6.0,进阶,2026,2,6,2026-02-01,5-6h,True,False
1259,腐萤哀鸣之刻,腐萤哀鸣之刻,7.5,7.4,0.0,0.0,0.0,0.0,0.0,7.5,0.0,0.0,7.2,0,0,0,0.0,0.0,0,0,0,0,3.0,5877.0,743,Mr.闹剧工作室; Mr.一番工作室,3男3女 7.0小时 新手 2025.06发行,日式 还原 设定 新手,huxiaoli_ipad_ratings.csv,huxiaoli,ipad,3,3,6,,7.0,新手,2025,6,6,2025-06-01,6-8h,True,False
1261,偷吃,偷吃,6.6,6.8,0.0,0.0,7.2,0.0,0.0,0.0,0.0,0.0,0.0,0,0,0,0.0,0.0,0,0,0,0,18095.0,10063.0,879,飞鱼探案,3男3女 4.0小时 新手 2026.03发行,现代 其他 欢乐 新手,huxiaoli_ipad_ratings.csv,huxiaoli,ipad,3,3,6,,4.0,新手,2026,3,6,2026-03-01,3-4h,False,True
1262,梦见你也梦见我,我梦见你也梦见我,6.0,0.0,0.0,0.0,0.0,0.0,0.0,0.0,0.0,0.0,0.0,0,0,0,0.0,0.0,0,0,0,0,5001.0,0.0,0,水镜出品; 集云社剧本工作室,3男3女 6.0小时 进阶 2026.03发行,,huxiaoli_ipad_ratings.csv,huxiaoli,ipad,3,3,6,,6.0,进阶,2026,3,6,2026-03-01,5-6h,False,True
1263,皮囊,皮囊,7.8,7.4,0.0,0.0,0.0,7.3,0.0,0.0,0.0,7.7,0.0,0,0,0,0.0,0.0,0,0,0,0,1.1,2405.0,305,聚幻文创工作室; 枫叶工作室,3男3女 6.5小时 进阶 2026.02发行,,huxiaoli_ipad_ratings.csv,huxiaoli,ipad,3,3,6,,6.5,进阶,2026,2,6,2026-02-01,6-8h,True,False
1264,醉凌云,醉凌云,7.5,7.3,0.0,0.0,0.0,7.6,0.0,0.0,0.0,8.1,0.0,0,0,0,0.0,0.0,0,0,0,0,1.1,39028.0,6528,海上仙山,3男3女 6.5小时 进阶 2026.03发行,中式 情感 演绎 武侠,huxiaoli_ipad_ratings.csv,huxiaoli,ipad,3,3,6,,6.5,进阶,2026,3,6,2026-03-01,6-8h,True,False
1266,赤溪,赤溪,7.5,7.2,0.0,0.0,0.0,7.4,0.0,0.0,7.3,0.0,0.0,0,0,0,0.0,0.0,0,0,0,0,1.1,9522.0,1363,小吃车工作室,剧本：《赤溪》 人数：3男3女 时长：8.5-9小时 类型：欧式 情感 沉浸 城限 他们以蜜糖之舌谄笑，却在暗处磨砺刀锋。...全文,欧美 情感 沉浸 都市,huxiaoli_ipad_ratings.csv,huxiaoli,ipad,3,3,6,,9.0,,,,6,,>8h,True,False
1268,葛韭菜,葛韭菜,10.0,0.0,0.0,0.0,0.0,0.0,0.0,0.0,0.0,0.0,0.0,0,0,0,0.0,0.0,0,0,0,0,3.8,2556.0,0,久闻,4男3女 3.5小时 新手 2026.04发行,架空 机制 欢乐 其他,huxiaoli_ipad_ratings.csv,huxiaoli,ipad,4,3,7,,3.5,新手,2026,4,7,2026-04-01,3-4h,True,False
1269,十三太保3江湖再见,十三太保3：江湖再见,7.9,7.7,0.0,0.0,0.0,0.0,7.7,0.0,0.0,0.0,7.7,0,0,0,0.0,0.0,0,0,0,0,906.0,1609.0,353,开封府剧本工作室,5男1女 8.0小时 进阶 2026.05发行,架空 机制 其他 武侠,huxiaoli_ipad_ratings.csv,huxiaoli,ipad,5,1,6,,8.0,进阶,2026,5,6,2026-05-01,6-8h,False,True
1270,八十七仙图,八十七仙图,8.7,8.8,8.0,0.0,0.0,0.0,0.0,0.0,0.0,0.0,8.3,0,0,0,0.0,0.0,0,0,0,0,5002.0,24466.0,4858,KEYS工作室,4男2女 10.0小时 进阶 2026.03发行,,huxiaoli_ipad_ratings.csv,huxiaoli,ipad,4,2,6,,10.0,进阶,2026,3,6,2026-03-01,>8h,False,True
1271,幻想诸因,幻想诸因,8.3,7.7,7.8,0.0,0.0,0.0,0.0,0.0,0.0,0.0,8.0,0,0,0,0.0,0.0,0,0,0,0,35444.0,31944.0,5503,灰烬工作室,3男3女 7.5小时 进阶 2026.04发行,日式 推理 其他 其他,huxiaoli_ipad_ratings.csv,huxiaoli,ipad,3,3,6,,7.5,进阶,2026,4,6,2026-04-01,6-8h,False,True
1272,坏孩子,坏孩子,8.2,7.7,0.0,0.0,0.0,0.0,0.0,7.6,7.8,0.0,0.0,0,0,0,0.0,0.0,0,0,0,0,1.4,11288.0,1461,有仙气工作室; 尘中谣工作室,3男3女 6.0小时 新手 2026.03发行,现代 还原 沉浸 新手,huxiaoli_ipad_ratings.csv,huxiaoli,ipad,3,3,6,,6.0,新手,2026,3,6,2026-03-01,5-6h,True,False
1273,金粉,金粉,7.1,7.0,0.0,0.0,0.0,7.1,0.0,0.0,0.0,7.8,0.0,0,0,0,0.0,0.0,0,0,0,0,1.1,21683.0,3526,浮生梦文创,3男4女 7.0小时 进阶 2026.04发行,古风 情感 演绎 其他,huxiaoli_ipad_ratings.csv,huxiaoli,ipad,3,4,7,,7.0,进阶,2026,4,7,2026-04-01,6-8h,True,False
1274,雾逝霞明,雾逝霞明,7.3,7.3,7.6,7.3,0.0,0.0,0.0,0.0,0.0,0.0,0.0,0,0,0,0.0,0.0,0,0,0,0,5002.0,4657.0,925,极限推理,百本选手说剧本:剧本《雾逝霞明》6人本 4男2女 剧本类型:城限本 推理本 游戏时间:10小时 左右 👬适合人群：喜欢 穷举法 的 玩家 ❤剧情感...全文,,huxiaoli_ipad_ratings.csv,huxiaoli,ipad,4,2,6,6,10.0,,,,6,,>8h,False,True
1275,瀚海玄兵,瀚海玄兵,8.3,7.1,0.0,0.0,0.0,0.0,8.1,0.0,0.0,0.0,8.1,0,0,0,0.0,0.0,0,0,0,0,3407.0,5447.0,849,迷途羔羊,百本选手说剧本:剧本《瀚海玄兵》6人本 4男2女 剧本类型:城限本 机制本 （砍刀本）游戏时间:10.5小时 👬适合人群：迷途羔羊 粉丝 以及 喜欢 前几部的 玩家 🈶...全文,,huxiaoli_ipad_ratings.csv,huxiaoli,ipad,4,2,6,6,10.5,,,,6,,>8h,False,True
1276,"曾经,我死去的家2",曾经我死去的家2,7.6,7.3,7.0,0.0,0.0,0.0,0.0,0.0,0.0,0.0,0.0,0,0,0,0.0,0.0,0,0,0,0,5002.0,16392.0,705,东方剧制,3男3女 4.5小时 进阶 2022.07发行,,huxiaoli_ipad_ratings.csv,huxiaoli,ipad,3,3,6,,4.5,进阶,2022,7,6,2022-07-01,4-5h,False,True
1277,梁间小话,梁间小话,7.9,7.9,0.0,0.0,0.0,0.0,0.0,0.0,0.0,0.0,0.0,0,0,0,8.3,0.0,0,0,0,0,8896.0,7868.0,1578,乱神企划工作室,3男3女 6.5小时 进阶 2026.04发行,,huxiaoli_ipad_ratings.csv,huxiaoli,ipad,3,3,6,,6.5,进阶,2026,4,6,2026-04-01,6-8h,False,True
1278,藤蔓生长的冬夜,藤蔓生长的冬夜,7.3,7.0,7.3,0.0,0.0,0.0,0.0,0.0,0.0,0.0,7.2,0,0,0,0.0,0.0,0,0,0,0,5002.0,3785.0,758,KEYS工作室,百本选手说剧本:剧本《藤蔓生长的冬夜》6人本 3男3女（不重要）剧本类型:城限本 设定推理 游戏时间:8小时左右 👬适合人群：能 玩进去 的 ...全文,日式 推理 设定 怪谈,huxiaoli_ipad_ratings.csv,huxiaoli,ipad,3,3,6,6,8.0,,,,6,,6-8h,False,True
1280,沙丘玫瑰苦月亮,沙丘，玫瑰，苦月亮,7.7,7.5,0.0,0.0,0.0,7.6,0.0,0.0,7.4,0.0,0.0,0,0,0,0.0,0.0,0,0,0,0,1.1,1.1,1356,山人文化,3男3女 5.0小时 新手 2026.04发行,欧美 情感 沉浸 成长,huxiaoli_ipad_ratings.csv,huxiaoli,ipad,3,3,6,,5.0,新手,2026,4,6,2026-04-01,4-5h,True,False
1281,寻归荒野,寻归荒野,8.1,7.2,7.8,0.0,0.0,0.0,0.0,0.0,0.0,0.0,7.4,0,0,0,0.0,0.0,0,0,0,0,5002.0,3367.0,508,九有出品,3男3女 7.0小时 进阶 2026.02发行,,huxiaoli_ipad_ratings.csv,huxiaoli,ipad,3,3,6,,7.0,进阶,2026,2,6,2026-02-01,6-8h,False,True
1282,敬余晖以哀鸣,敬余晖以哀鸣,7.8,7.4,0.0,0.0,0.0,0.0,0.0,7.7,0.0,0.0,7.3,0,0,0,0.0,0.0,0,0,0,0,3.0,13066.0,2316,集闲社文创,剧本《敬余晖以哀鸣》6人本3女3男剧本类型：城限本还原本游戏时间：7小时左右 全部还原案件都是还原轨迹 适合人群：还...全文,,huxiaoli_ipad_ratings.csv,huxiaoli,ipad,,,,6,7.0,,,,6,,6-8h,True,False
1283,"就是这个禁忌,爽!",就是这个禁忌，爽！,6.7,6.7,0.0,0.0,7.0,0.0,6.7,0.0,0.0,0.0,0.0,0,0,0,0.0,0.0,0,0,0,0,3.8,5710.0,893,疯狂剧制,4男3女 4.0小时 新手 2026.04发行,现代 机制 欢乐 都市,huxiaoli_ipad_ratings.csv,huxiaoli,ipad,4,3,7,,4.0,新手,2026,4,7,2026-04-01,3-4h,True,False
1284,神于六日后搁浅,神于六日后搁浅,7.4,6.8,7.6,0.0,0.0,0.0,0.0,0.0,0.0,0.0,7.4,0,0,0,0.0,0.0,0,0,0,0,5001.0,6528.0,1392,木屋发行工作室; 司家侦探,3男3女 7.0小时 高阶 2026.04发行,日式 推理 设定 其他,huxiaoli_ipad_ratings.csv,huxiaoli,ipad,3,3,6,,7.0,高阶,2026,4,6,2026-04-01,6-8h,False,True
1285,继承者,《继承者》,3.0,0.0,0.0,0.0,0.0,0.0,0.0,0.0,0.0,0.0,0.0,0,0,0,0.0,0.0,0,0,0,0,5001.0,0.0,0,今朝出品,3男3女 5.0小时 进阶 2022.12发行,,huxiaoli_ipad_ratings.csv,huxiaoli,ipad,3,3,6,,5.0,进阶,2022,12,6,2022-12-01,4-5h,False,True
1287,名侦探2于时之刻的尽头,名侦探2：于时之刻的尽头,7.9,8.0,7.5,0.0,0.0,0.0,0.0,0.0,0.0,0.0,7.4,0,0,0,0.0,0.0,0,0,0,0,5001.0,14968.0,2621,禾风工作室,3男3女 7.0小时 进阶 2026.04发行,日式 推理 设定 其他,huxiaoli_ipad_ratings.csv,huxiaoli,ipad,3,3,6,,7.0,进阶,2026,4,6,2026-04-01,6-8h,False,True
1290,大事不喵,大事不喵,7.0,0.0,0.0,0.0,0.0,0.0,0.0,0.0,0.0,0.0,0.0,0,0,0,0.0,0.0,0,0,0,0,3.8,0.0,0,嗷嗷原创,4男4女 5.0小时 进阶 2024.06发行,架空 机制 欢乐 其他,huxiaoli_ipad_ratings.csv,huxiaoli,ipad,4,4,8,,5.0,进阶,2024,6,8,2024-06-01,4-5h,True,False
1292,与谎言相似的前提,与谎言相似的前提,8.2,7.7,0.0,0.0,0.0,0.0,0.0,7.9,0.0,0.0,7.6,0,0,0,0.0,0.0,0,0,0,0,23328.0,18861.0,3676,东方迷雾,6男0女 6.0小时 进阶 2026.04发行,,huxiaoli_ipad_ratings.csv,huxiaoli,ipad,6,0,6,,6.0,进阶,2026,4,6,2026-04-01,5-6h,False,True
1294,画皮,画皮,5.0,0.0,0.0,0.0,0.0,0.0,0.0,0.0,0.0,0.0,0.0,0,0,0,0.0,0.0,0,0,0,0,11.4,0.0,0,剧作时代,4男3女 5.5小时 新手 2026.04发行,,huxiaoli_ipad_ratings.csv,huxiaoli,ipad,4,3,7,,5.5,新手,2026,4,7,2026-04-01,5-6h,True,False
1295,天命难违,天命难违,8.4,7.5,8.4,0.0,0.0,0.0,0.0,0.0,0.0,0.0,7.7,0,0,0,0.0,0.0,0,0,0,0,5001.0,14181.0,2543,灰烬工作室,3男3女 10.0小时 高阶 2026.05发行,古风 推理 设定 玄幻,huxiaoli_ipad_ratings.csv,huxiaoli,ipad,3,3,6,,10.0,高阶,2026,5,6,2026-05-01,>8h,False,True
1296,三角不太直,三角不太直,8.0,7.6,7.7,0.0,0.0,0.0,0.0,0.0,0.0,0.0,7.6,0,0,0,0.0,0.0,0,0,0,0,14795.0,13440.0,2087,,3男3女 7.0小时 进阶 2026.04发行,,huxiaoli_ipad_ratings.csv,huxiaoli,ipad,3,3,6,,7.0,进阶,2026,4,6,2026-04-01,6-8h,False,True
1297,SAVE,SAVE,7.8,7.1,7.8,0.0,0.0,0.0,0.0,0.0,0.0,0.0,7.5,0,0,0,0.0,0.0,0,0,0,0,5007.0,7444.0,1577,低空飞行,3男3女 7.0小时 进阶 2026.04发行,,huxiaoli_ipad_ratings.csv,huxiaoli,ipad,3,3,6,,7.0,进阶,2026,4,6,2026-04-01,6-8h,False,True
1298,鬼河怒放,鬼河怒放,9.0,8.2,8.9,0.0,0.0,0.0,0.0,0.0,0.0,0.0,8.6,0,0,0,0.0,0.0,0,0,0,0,470.0,32242.0,7900,杰作家推理工作室,3男3女 8.0小时 进阶 2026.05发行,,huxiaoli_ipad_ratings.csv,huxiaoli,ipad,3,3,6,,8.0,进阶,2026,5,6,2026-05-01,6-8h,False,True
1300,不复出焉,不复出焉,7.6,7.4,0.0,0.0,0.0,7.5,0.0,0.0,0.0,7.8,0.0,0,0,0,0.0,0.0,0,0,0,0,1.1,8137.0,1772,艺语原创; 岛屿工作室,3男3女 7.0小时 进阶 2026.05发行,古风 情感 演绎 历史,huxiaoli_ipad_ratings.csv,huxiaoli,ipad,3,3,6,,7.0,进阶,2026,5,6,2026-05-01,6-8h,True,False
1301,琳琅,琳琅,7.9,7.4,0.0,0.0,0.0,7.7,0.0,0.0,0.0,8.2,0.0,0,0,0,0.0,0.0,0,0,0,0,1.1,10400.0,1980,疑幕了然,时长8.5小时 角色江遇 阅读量250页左右 价格368（原价打本 真实体验） DM芝芝 首先我重点叠个甲，该本三女体验会远远远远优于三男，三男各吃一百补，甚至江遇应该吃两百补开局才属于平衡局。以此基础上再继续看。这是我本...全文,古风 情感 演绎 其他,huxiaoli_ipad_ratings.csv,huxiaoli,ipad,,,,,8.5,,,,,,>8h,True,False
1303,武林至尊八大派,武林至尊：八大派,7.9,7.1,0.0,0.0,0.0,0.0,7.4,0.0,0.0,0.0,7.4,0,0,0,0.0,0.0,0,0,0,0,3160.0,2284.0,363,月升剧制,百本选手说剧本:剧本《武林至尊:八大派》6人/8人 本 🉑6人 🉑8人 4女4男 3女3男 剧本类型:卡牌构筑 城限本 机制本 游戏时间:9小时 👬适合人群：卡牌构筑 卡牌对战...全文,架空 机制 博弈 武侠,huxiaoli_ipad_ratings.csv,huxiaoli,ipad,4,3,7,6,9.0,,,,7,,>8h,False,True
1306,第七囚日,第七囚日,5.0,0.0,0.0,0.0,0.0,0.0,0.0,0.0,0.0,0.0,0.0,0,0,0,0.0,0.0,0,0,0,0,3275.0,0.0,0,大裤衩子工作室,4男3女 6.5小时 新手 2026.06发行,,huxiaoli_ipad_ratings.csv,huxiaoli,ipad,4,3,7,,6.5,新手,2026,6,7,2026-06-01,6-8h,False,True
1307,绿洲,绿洲,9.0,0.0,0.0,0.0,0.0,0.0,0.0,0.0,0.0,0.0,0.0,0,0,0,0.0,0.0,0,0,0,0,1.1,0.0,0,有棱有角工作室,2男4女 7.0小时 新手 2026.06发行,架空 情感 沉浸 其他,huxiaoli_ipad_ratings.csv,huxiaoli,ipad,2,4,6,,7.0,新手,2026,6,6,2026-06-01,6-8h,True,False
1308,小人得志,小人得志,7.8,7.6,0.0,0.0,0.0,0.0,0.0,7.4,0.0,0.0,0.0,0,0,0,7.5,0.0,0,0,0,0,2984.0,4190.0,731,西番推理; 舟楫戏剧工作室,3男3女 7.5小时 进阶 2026.05发行,,huxiaoli_ipad_ratings.csv,huxiaoli,ipad,3,3,6,,7.5,进阶,2026,5,6,2026-05-01,6-8h,False,True
1309,西子花朝,西子花朝,5.0,0.0,0.0,0.0,0.0,0.0,0.0,0.0,0.0,0.0,0.0,0,0,0,0.0,0.0,0,0,0,0,3.4,0.0,0,东方剧制,1男4女 6.0小时 新手 2026.06发行,古风 情感 沉浸 仙侠,huxiaoli_ipad_ratings.csv,huxiaoli,ipad,1,4,5,,6.0,新手,2026,6,5,2026-06-01,5-6h,True,False
1310,谁是小辣鸡,谁是小辣鸡,7.0,0.0,0.0,0.0,0.0,0.0,0.0,0.0,0.0,0.0,0.0,0,0,0,0.0,0.0,0,0,0,0,3.8,0.0,0,MT麦田剧本发行社,4男3女 3.5小时 新手 2026.04发行,现代 机制 欢乐 都市,huxiaoli_ipad_ratings.csv,huxiaoli,ipad,4,3,7,,3.5,新手,2026,4,7,2026-04-01,3-4h,True,False
1311,牢友记,牢友记,6.0,0.0,0.0,0.0,0.0,0.0,0.0,0.0,0.0,0.0,0.0,0,0,0,0.0,0.0,0,0,0,0,5.8,1837.0,0,司家侦探,5男3女 4.0小时 新手 2026.06发行,古风 阵营 欢乐 其他,huxiaoli_ipad_ratings.csv,huxiaoli,ipad,5,3,8,,4.0,新手,2026,6,8,2026-06-01,3-4h,True,False
1314,她在后宫杀疯了,她在后宫杀疯了,7.0,0.0,0.0,0.0,0.0,0.0,0.0,0.0,0.0,0.0,0.0,0,0,0,0.0,0.0,0,0,0,0,9890.0,0.0,0,十库工作室,4男4女 4.0小时 新手 2026.06发行,古风 其他 欢乐 宫廷,huxiaoli_ipad_ratings.csv,huxiaoli,ipad,4,4,8,,4.0,新手,2026,6,8,2026-06-01,3-4h,False,True
1315,食为天,食为天,6.9,6.5,0.0,0.0,7.3,0.0,7.0,0.0,0.0,0.0,0.0,0,0,0,0.0,0.0,0,0,0,0,9.5,42391.0,1805,疯狂剧制,5男5女 4.5小时 新手 2023.07发行,古风 机制 欢乐 其他,huxiaoli_ipad_ratings.csv,huxiaoli,ipad,5,5,10,,4.5,新手,2023,7,10,2023-07-01,4-5h,True,False
1316,绣春刀,绣春刀,7.1,7.1,0.0,0.0,0.0,7.1,6.9,0.0,0.0,0.0,0.0,0,0,0,0.0,0.0,0,0,0,0,7609.0,3477.0,62,一闪工作室; 草庐,3男4女 4.5小时 新手,古风 机制 沉浸 武侠,miquan_ipad_ratings.csv,miquan,ipad,3,4,7,,4.5,新手,,,7,,4-5h,False,True
1317,克里塔斯,克里塔斯,6.9,6.7,0.0,0.0,0.0,6.9,0.0,6.4,0.0,0.0,0.0,0,0,0,0.0,0.0,0,0,0,0,1.4,4499.0,370,呓语剧本创作,3男3女 5.5小时 进阶 2023.01发行,,miquan_ipad_ratings.csv,miquan,ipad,3,3,6,,5.5,进阶,2023,1,6,2023-01-01,5-6h,True,False
1322,月亮是指路牌,月亮是指路牌,8.5,7.9,0.0,0.0,0.0,8.3,0.0,0.0,8.1,0.0,0.0,0,0,0,0.0,0.0,0,0,0,0,10570.0,11817.0,572,,3男3女 4.0小时 进阶 2022.06发行,架空 情感 沉浸 童话,miquan_ipad_ratings.csv,miquan,ipad,3,3,6,,4.0,进阶,2022,6,6,2022-06-01,3-4h,False,True
1323,SEVEN,seven,6.3,6.6,6.4,0.0,0.0,0.0,0.0,0.0,0.0,0.0,0.0,0,0,0,6.4,0.0,0,0,0,0,1.4,4872.0,301,归途工作室,"第59本 时长：4.5小时 配置：4男2女 店家：景德镇三仟世界 近期最踩雷的一个本,能感觉到作者从形式到内容上的用力,但是真的不好玩。好像还把我一个第一次...全文",,miquan_ipad_ratings.csv,miquan,ipad,4,2,6,,4.5,,,,6,,4-5h,True,False
1329,误入杀手镇的0和1,误入杀手镇的0和1,6.1,6.3,0.0,0.0,6.9,0.0,6.6,0.0,0.0,0.0,0.0,0,0,0,0.0,0.0,0,0,0,0,3.8,33680.0,1104,飞鱼探案,3男3女 4.5小时 进阶 2022.11发行,架空 机制 欢乐 都市,miquan_ipad_ratings.csv,miquan,ipad,3,3,6,,4.5,进阶,2022,11,6,2022-11-01,4-5h,True,False
1330,黑白,黑白,6.0,0.0,0.0,0.0,0.0,0.0,0.0,0.0,0.0,0.0,0.0,0,0,0,0.0,0.0,0,0,0,0,0.0,0.0,0,秦探工作室,5男2女 4.0小时 进阶,,miquan_ipad_ratings.csv,miquan,ipad,5,2,7,,4.0,进阶,,,7,,3-4h,False,True
1331,如期,如期,7.9,7.3,0.0,0.0,0.0,7.4,0.0,0.0,0.0,7.7,0.0,0,0,0,0.0,0.0,0,0,0,0,6674.0,7847.0,371,又川文化; 大桶互娱,3男3女 4.5小时 进阶 2021.12发行,,miquan_ipad_ratings.csv,miquan,ipad,3,3,6,,4.5,进阶,2021,12,6,2021-12-01,4-5h,False,True
1334,猎人笔记雪夜,猎人笔记：雪夜,8.2,8.0,0.0,0.0,0.0,0.0,0.0,0.0,7.7,0.0,0.0,0,0,0,8.0,0.0,0,0,0,0,22574.0,19846.0,1026,雪碧工作室,4男3女 4.0小时 进阶 2022.05发行,,miquan_ipad_ratings.csv,miquan,ipad,4,3,7,,4.0,进阶,2022,5,7,2022-05-01,3-4h,False,True
1335,东京恐怖故事铃兰女校,东京恐怖故事：铃兰女校,7.8,7.6,0.0,0.0,0.0,0.0,0.0,0.0,7.2,0.0,0.0,0,0,0,0.0,0.0,0,0,0,0,36230.0,150241.0,9509,剧作时代,新手恐怖必玩儿本！很多人的东恐入坑本。 4个多小时，全程尖叫，没有尿点。 开头找名字，找床铺破冰，紧接着几个不是很核心的本格案件，有双搜，单搜，全程恐怖氛围围绕，总线又有情感抉择，后遗症一周左右。 一男6女玩儿的，带妹恐搜很欢乐。,日式 推理 惊悚 校园,miquan_ipad_ratings.csv,miquan,ipad,,,,,,新手,,,,,,False,True
1336,怪谈事务所诡楼,怪谈事务所：诡楼,8.7,7.6,0.0,0.0,0.0,0.0,8.5,0.0,0.0,0.0,8.2,0,0,0,0.0,0.0,0,0,0,0,3161.0,53888.0,4944,百川望辰工作室,3男3女 8.0小时 进阶 2023.02发行,日式 机制 博弈 怪谈,miquan_ipad_ratings.csv,miquan,ipad,3,3,6,,8.0,进阶,2023,2,6,2023-02-01,6-8h,False,True
1337,长生祭（cs祭）,长生祭,6.8,7.0,6.9,0.0,0.0,0.0,0.0,0.0,0.0,0.0,0.0,0,0,0,0.0,0.0,0,0,0,0,304.0,1848.0,101,K的游戏,3男1女 3.0小时 新手 2021.02发行,架空 推理 惊悚 武侠,miquan_ipad_ratings.csv,miquan,ipad,3,1,4,,3.0,新手,2021,2,4,2021-02-01,<=3h,False,True
1338,往事thepast,ThePast往事,8.8,8.0,8.5,0.0,0.0,0.0,0.0,0.0,0.0,0.0,7.9,0,0,0,0.0,0.0,0,0,0,0,43738.0,29041.0,2469,KEYS工作室,4男2女 6.0小时 高阶 2020.11发行,,miquan_ipad_ratings.csv,miquan,ipad,4,2,6,,6.0,高阶,2020,11,6,2020-11-01,5-6h,False,True
1339,暗黑者惩罚,暗黑者：惩罚,8.2,7.6,0.0,7.6,0.0,0.0,7.3,0.0,0.0,0.0,0.0,0,0,0,0.0,0.0,0,0,0,0,2.6,46762.0,2048,隐证剧本工作室,4男2女 6.0小时 高阶 2021.04发行,,miquan_ipad_ratings.csv,miquan,ipad,4,2,6,,6.0,高阶,2021,4,6,2021-04-01,5-6h,True,False
1340,Hi老妖婆,HI！老妖婆,7.4,7.2,0.0,0.0,7.4,0.0,0.0,0.0,0.0,0.0,0.0,0,0,0,0.0,0.0,0,0,0,0,16909.0,18609.0,808,气球文娱,3男3女 4.0小时 新手 2023.02发行,【剧本杀测评】 📖剧本名称：HI！老妖婆 👫🏼游戏人数：3男3女（可反串） ⏰游戏时长：4h 🧩剧本类型：欢乐 机制 情感 🙀难易程...全文,miquan_ipad_ratings.csv,miquan,ipad,3,3,6,,4.0,新手,2023,2,6,2023-02-01,3-4h,False,True
1341,vr伐木累2冰封的太阳,vr伐木累2：冰封的太阳,7.5,7.2,0.0,0.0,7.0,0.0,0.0,0.0,7.2,0.0,0.0,0,0,0,0.0,0.0,0,0,0,0,5.8,4101.0,102,云珂工作室,百本选手说剧本:剧本《VR伐木累2:冰封的太阳》6人本 4男2女 剧本类型:城限本 欢乐 机制 情感本 游戏时间:5小时左右 家国情怀 爱情 亲情 友情 情感本 完全 带入不了 角色 一上来的游戏 玩的还可以 然后就开始 割裂了 有一种 剧本 不是一个人 写的感觉 而且 作者 文笔一般 读不下去 读着读着 睡着了💤 最后的沉浸 是啥...全文,架空 阵营 欢乐 新手,miquan_ipad_ratings.csv,miquan,ipad,4,2,6,6,5.0,,,,6,,4-5h,True,False
1342,东京恐怖故事自杀森林,东京恐怖故事：自杀森林,6.9,7.1,6.8,0.0,0.0,0.0,0.0,0.0,0.0,0.0,0.0,0,0,0,0.0,0.0,0,0,0,0,13091.0,12177.0,663,剧作时代,2男4女 4.5小时 进阶 2022.05发行,日式 推理 惊悚 怪谈,miquan_ipad_ratings.csv,miquan,ipad,2,4,6,,4.5,进阶,2022,5,6,2022-05-01,4-5h,False,True
1343,极乐都市,THUGS！极乐都市,8.0,7.2,0.0,0.0,8.0,0.0,7.8,0.0,0.0,0.0,0.0,0,0,0,0.0,0.0,0,0,0,0,3161.0,23548.0,1283,绯色剧制,4男3女 5.5小时 进阶 2022.05发行,,miquan_ipad_ratings.csv,miquan,ipad,4,3,7,,5.5,进阶,2022,5,7,2022-05-01,5-6h,False,True
1344,冥河2天道,冥河2：天道,10.0,0.0,0.0,0.0,0.0,0.0,0.0,0.0,0.0,0.0,0.0,0,0,0,0.0,0.0,0,0,0,0,6682.0,0.0,0,九月天工作室,3男3女 4.5小时 进阶 2021.03发行,古风 情感 演绎 都市,miquan_ipad_ratings.csv,miquan,ipad,3,3,6,,4.5,进阶,2021,3,6,2021-03-01,4-5h,False,True
1345,雪松郡公立医院,K的游戏：雪松郡公立医院,6.0,0.0,0.0,0.0,0.0,0.0,0.0,0.0,0.0,0.0,0.0,0,0,0,0.0,0.0,0,0,0,0,2125.0,0.0,0,K的游戏,1男0女 2.0小时 新手 2020.09发行,中式 机制 惊悚 新手,miquan_ipad_ratings.csv,miquan,ipad,1,0,1,,2.0,新手,2020,9,1,2020-09-01,<=3h,False,True
1347,吾自齐天2奉君天阙客,吾自齐天2：奉君天阙客,7.7,7.3,0.0,0.0,0.0,7.4,0.0,0.0,0.0,7.7,0.0,0,0,0,0.0,0.0,0,0,0,0,6683.0,3591.0,179,翰林院工作室,3男3女 4.5小时 新手 2022.07发行,古风 情感 演绎 神话,miquan_ipad_ratings.csv,miquan,ipad,3,3,6,,4.5,新手,2022,7,6,2022-07-01,4-5h,False,True
1348,吨吨吨2淘金盛宴,吨吨吨2：淘金盛宴,6.5,6.3,0.0,0.0,7.0,0.0,6.7,0.0,0.0,0.0,0.0,0,0,0,0.0,0.0,0,0,0,0,3.8,11283.0,283,壹直爽,"第61本 时长：4.5小时 配置：5男2女 店家：景德镇三仟世界 其实前面还好,普普通通的欢乐本,各方面都中规中矩。整体看下来就是弹圆片小游戏外加各种不...全文",架空 机制 欢乐 玄幻,miquan_ipad_ratings.csv,miquan,ipad,5,2,7,,4.5,,,,7,,4-5h,True,False
1349,贤者之石2请不要吃我,贤者之石2：请不要吃我,7.7,7.6,7.9,7.3,0.0,0.0,0.0,0.0,0.0,0.0,0.0,0,0,0,0.0,0.0,0,0,0,0,19975.0,11038.0,695,第七诫工作室,4男3女 12.0小时 高阶 2021.11发行,,miquan_ipad_ratings.csv,miquan,ipad,4,3,7,,12.0,高阶,2021,11,7,2021-11-01,>8h,False,True
1350,死囚失控伦敦,死囚·失控伦敦,8.3,8.1,7.5,0.0,0.0,0.0,0.0,0.0,0.0,0.0,0.0,0,0,0,7.8,0.0,0,0,0,0,1.4,35083.0,3324,低空飞行,百本选手说剧本:剧本《死囚•失控伦敦》6人本 3男3女 剧本类型:独家本 还原本 游戏时间:5小时左右 实话实说 今天上午 我 手欠了 把自己 死囚 的测评 给 删除了 完全是 失误的操作 咋办？ 在写一次呗 弥补一下 👬适合人群：苏...全文,,miquan_ipad_ratings.csv,miquan,ipad,3,3,6,6,5.0,,,,6,,4-5h,True,False
1351,逃离疯人院,逃离疯人院2：无声悲鸣,7.8,7.5,0.0,0.0,0.0,7.3,0.0,0.0,0.0,0.0,0.0,0,0,0,7.9,0.0,0,0,0,0,6683.0,21832.0,2058,有仙气工作室,3男3女 5.5小时 新手 2024.01发行,中式 情感 立意 新手,miquan_ipad_ratings.csv,miquan,ipad,3,3,6,,5.5,新手,2024,1,6,2024-01-01,5-6h,False,True
1352,归墟子语,归墟子语,8.0,7.4,0.0,7.3,0.0,0.0,0.0,7.7,0.0,0.0,0.0,0,0,0,0.0,0.0,0,0,0,0,5043.0,86314.0,5738,疯狂剧制; 铭思文化,3男3女 5.5小时 进阶 2023.01发行,,miquan_ipad_ratings.csv,miquan,ipad,3,3,6,,5.5,进阶,2023,1,6,2023-01-01,5-6h,False,True
1354,麻衣神探狄公案,麻衣神探·狄公案,6.7,6.3,6.9,6.6,0.0,0.0,0.0,0.0,0.0,0.0,0.0,0,0,0,0.0,0.0,0,0,0,0,3628.0,4302.0,323,叁叁零制片厂,4男3女 6.0小时 进阶 2023.02发行,,miquan_ipad_ratings.csv,miquan,ipad,4,3,7,,6.0,进阶,2023,2,7,2023-02-01,5-6h,False,True
1356,不再见,不再见，_,9.0,0.0,0.0,0.0,0.0,0.0,0.0,0.0,0.0,0.0,0.0,0,0,0,0.0,0.0,0,0,0,0,3.4,0.0,0,茉蔻文化,3男3女 4.5小时 新手 2023.02发行,中式 情感 沉浸 都市,miquan_ipad_ratings.csv,miquan,ipad,3,3,6,,4.5,新手,2023,2,6,2023-02-01,4-5h,True,False
1358,春花秋月何时了,春花秋月何时了,6.9,6.9,0.0,0.0,0.0,7.1,0.0,0.0,7.1,0.0,0.0,0,0,0,0.0,0.0,0,0,0,0,3.4,13513.0,1119,指尖探案,3男3女 5.5小时 进阶 2023.01发行,古风 情感 沉浸 其他,miquan_ipad_ratings.csv,miquan,ipad,3,3,6,,5.5,进阶,2023,1,6,2023-01-01,5-6h,True,False
1359,灵魂缓刑,灵魂缓刑,6.2,6.5,6.5,6.2,0.0,0.0,0.0,0.0,0.0,0.0,0.0,0,0,0,0.0,0.0,0,0,0,0,7947.0,7518.0,454,未经允许工作室,3男3女 6.0小时 高阶 2023.01发行,,miquan_ipad_ratings.csv,miquan,ipad,3,3,6,,6.0,高阶,2023,1,6,2023-01-01,5-6h,False,True
1360,春秋,春秋,8.0,7.4,0.0,0.0,7.0,0.0,7.8,0.0,0.0,0.0,0.0,0,0,0,0.0,0.0,0,0,0,0,3.8,13141.0,1151,Mr.一番工作室,5男2女 7.0小时 进阶 2022.10发行,架空 机制 欢乐 权谋,miquan_ipad_ratings.csv,miquan,ipad,5,2,7,,7.0,进阶,2022,10,7,2022-10-01,6-8h,True,False
1361,青山,青山,7.3,7.4,7.1,7.2,0.0,0.0,0.0,0.0,0.0,0.0,0.0,0,0,0,0.0,0.0,0,0,0,0,30525.0,40887.0,2597,羲和工作室,4男2女 6.0小时 进阶 2022.10发行,,miquan_ipad_ratings.csv,miquan,ipad,4,2,6,,6.0,进阶,2022,10,6,2022-10-01,5-6h,False,True
1362,re新纪元,Re：新纪元,8.1,7.8,0.0,0.0,0.0,7.7,0.0,0.0,7.8,0.0,0.0,0,0,0,0.0,0.0,0,0,0,0,7609.0,31420.0,2058,草庐,3男3女 4.5小时 进阶 2022.10发行,架空 机制 沉浸 二次元,miquan_ipad_ratings.csv,miquan,ipad,3,3,6,,4.5,进阶,2022,10,6,2022-10-01,4-5h,False,True
1363,少女的诡局,少女的诡局,7.6,7.3,7.1,0.0,0.0,0.0,0.0,0.0,0.0,0.0,0.0,0,0,0,0.0,0.0,0,0,0,0,6513.0,9537.0,371,百川望辰工作室,3男3女 4.0小时 进阶,日式 推理 惊悚 其他,miquan_ipad_ratings.csv,miquan,ipad,3,3,6,,4.0,进阶,,,6,,3-4h,False,True
1364,金瓯缺,金瓯缺,7.0,7.1,0.0,0.0,0.0,7.1,0.0,0.0,0.0,7.2,0.0,0,0,0,0.0,0.0,0,0,0,0,6688.0,3563.0,206,粉蒸肉文创工作室,4男3女 5.0小时 进阶 2022.07发行,古风 情感 演绎 权谋,miquan_ipad_ratings.csv,miquan,ipad,4,3,7,,5.0,进阶,2022,7,7,2022-07-01,4-5h,False,True
1366,成人童话,成人童话,5.8,6.4,6.4,6.3,0.0,0.0,0.0,0.0,0.0,0.0,0.0,0,0,0,0.0,0.0,0,0,0,0,21439.0,10497.0,805,北京枫叶工作室,3男3女 8.0小时 高阶 2022.10发行,,miquan_ipad_ratings.csv,miquan,ipad,3,3,6,,8.0,高阶,2022,10,6,2022-10-01,6-8h,False,True
1367,Zooooo进化大作战,Zooooo！进化大作战！,7.6,6.9,0.0,0.0,7.7,0.0,7.2,0.0,0.0,0.0,0.0,0,0,0,0.0,0.0,0,0,0,0,3.8,46238.0,2408,可疑的宣发工作室; 帽子戏法工作室,4男3女 5.0小时 进阶 2023.01发行,架空 机制 欢乐 拟人,miquan_ipad_ratings.csv,miquan,ipad,4,3,7,,5.0,进阶,2023,1,7,2023-01-01,4-5h,True,False
1368,两不疑,两不疑,6.6,6.7,0.0,0.0,0.0,7.0,0.0,0.0,0.0,7.9,0.0,0,0,0,0.0,0.0,0,0,0,0,6688.0,6129.0,506,梦墨绘梦馆; 山海间工作室,3男4女 4.5小时 进阶 2023.02发行,古风 情感 演绎 武侠,miquan_ipad_ratings.csv,miquan,ipad,3,4,7,,4.5,进阶,2023,2,7,2023-02-01,4-5h,False,True
1369,幻灵侦探,幻灵侦探,7.2,7.1,7.0,6.9,0.0,0.0,0.0,0.0,0.0,0.0,0.0,0,0,0,0.0,0.0,0,0,0,0,6043.0,4475.0,314,折夜文化; 禾风工作室,4男2女 5.5小时 进阶 2023.02发行,,miquan_ipad_ratings.csv,miquan,ipad,4,2,6,,5.5,进阶,2023,2,6,2023-02-01,5-6h,False,True
1370,六障目诡丁,六障目诡丁,5.8,6.1,6.3,6.1,0.0,0.0,0.0,0.0,0.0,0.0,0.0,0,0,0,0.0,0.0,0,0,0,0,9842.0,6547.0,524,山橘推理,3男3女 6.0小时 高阶 2023.01发行,日式 推理 悬疑 怪谈,miquan_ipad_ratings.csv,miquan,ipad,3,3,6,,6.0,高阶,2023,1,6,2023-01-01,5-6h,False,True
1372,茫茫,茫茫,8.2,7.7,0.0,0.0,0.0,7.9,0.0,0.0,7.9,0.0,0.0,0,0,0,0.0,0.0,0,0,0,0,3.4,2995.0,147,夜归人工作室,3男3女 4.5小时 新手,中式 情感 沉浸 都市,miquan_ipad_ratings.csv,miquan,ipad,3,3,6,,4.5,新手,,,6,,4-5h,True,False
1373,浮云万里青鸟迟,浮云万里青鸟迟,8.0,7.7,0.0,0.0,0.0,7.8,0.0,0.0,7.7,0.0,0.0,0,0,0,0.0,0.0,0,0,0,0,3.4,71574.0,6234,德雾昂剧制; 慢热TUO,3男3女 4.5小时 新手 2023.01发行,民国 情感 沉浸 历史,miquan_ipad_ratings.csv,miquan,ipad,3,3,6,,4.5,新手,2023,1,6,2023-01-01,4-5h,True,False
1374,再见如故,再见如故,6.2,6.6,0.0,0.0,0.0,6.5,0.0,0.0,6.6,0.0,0.0,0,0,0,0.0,0.0,0,0,0,0,3.4,6138.0,450,LARP原创工作室,3男3女 4.5小时 新手 2023.01发行,中式 情感 沉浸 都市,miquan_ipad_ratings.csv,miquan,ipad,3,3,6,,4.5,新手,2023,1,6,2023-01-01,4-5h,True,False
1375,比莉尔公约,比莉尔公约,7.9,6.7,8.0,6.9,0.0,0.0,0.0,0.0,0.0,0.0,0.0,0,0,0,0.0,0.0,0,0,0,0,17912.0,26289.0,1894,梧桐剧制,【比莉尔公约】推理／还原／悬疑／变格 【角色时长】角色C／7小时 【人数配置】3男2女／可反串 【推荐角色】角色A核心C位 【选店建议】找熟店吧，熟悉你的DM才知道你喜欢的节奏和游戏时长，不然极...全文,,miquan_ipad_ratings.csv,miquan,ipad,3,2,5,,7.0,,,,5,,6-8h,False,True
1376,归鸿游,归鸿游,7.0,7.1,0.0,0.0,0.0,7.3,0.0,0.0,7.3,0.0,0.0,0,0,0,0.0,0.0,0,0,0,0,3.4,4959.0,395,糖果发行工作室; LARP原创工作室,3男3女 5.0小时 进阶 2023.01发行,古风 情感 沉浸 其他,miquan_ipad_ratings.csv,miquan,ipad,3,3,6,,5.0,进阶,2023,1,6,2023-01-01,4-5h,True,False
1377,十里樱花,十里樱花,7.0,0.0,0.0,0.0,0.0,0.0,0.0,0.0,0.0,0.0,0.0,0,0,0,0.0,0.0,0,0,0,0,3083.0,0.0,0,,3男3女 5.0小时 进阶,古风 还原 沉浸 仙侠,miquan_ipad_ratings.csv,miquan,ipad,3,3,6,,5.0,进阶,,,6,,4-5h,False,True
1378,九个女人一出戏,九个女人一出戏,7.0,0.0,0.0,0.0,0.0,0.0,0.0,0.0,0.0,0.0,0.0,0,0,0,0.0,0.0,0,0,0,0,3.8,0.0,0,不计成本工作室,0男9女 4.0小时 新手,现代 机制 欢乐 其他,miquan_ipad_ratings.csv,miquan,ipad,0,9,9,,4.0,新手,,,9,,3-4h,True,False
1380,寒门,寒门,8.2,7.8,0.0,0.0,0.0,8.2,0.0,0.0,8.3,0.0,0.0,0,0,0,0.0,0.0,0,0,0,0,3.4,154684.0,14403,月影工作室,3男3女 5.0小时 进阶 2023.01发行,古风 情感 沉浸 仙侠,miquan_ipad_ratings.csv,miquan,ipad,3,3,6,,5.0,进阶,2023,1,6,2023-01-01,4-5h,True,False
1382,如囚鸟挣脱之痛,如囚鸟挣脱之痛,8.5,8.2,7.7,0.0,0.0,0.0,0.0,0.0,0.0,0.0,7.7,0,0,0,0.0,0.0,0,0,0,0,76841.0,139999.0,12291,KEYS工作室,3男3女 7.0小时 进阶 2023.01发行,日式 推理 演绎法 其他,miquan_ipad_ratings.csv,miquan,ipad,3,3,6,,7.0,进阶,2023,1,6,2023-01-01,6-8h,False,True
1384,沙哭,沙哭,8.5,8.2,0.0,0.0,0.0,7.8,7.5,0.0,0.0,0.0,0.0,0,0,0,0.0,0.0,0,0,0,0,3161.0,24489.0,2010,表里山河创作,4男3女 4.5小时 进阶 2022.09发行,古风 机制 博弈 历史,miquan_ipad_ratings.csv,miquan,ipad,4,3,7,,4.5,进阶,2022,9,7,2022-09-01,4-5h,False,True
1388,百鬼夜行,HASAKI！百鬼夜行,8.0,7.0,0.0,0.0,7.7,0.0,7.8,0.0,0.0,0.0,0.0,0,0,0,0.0,0.0,0,0,0,0,3161.0,57979.0,3876,绯色剧制,5男3女 5.5小时 进阶 2022.12发行,日式 机制 博弈 二次元,miquan_ipad_ratings.csv,miquan,ipad,5,3,8,,5.5,进阶,2022,12,8,2022-12-01,5-6h,False,True
1390,将雪,将雪,6.7,6.7,0.0,0.0,0.0,6.9,0.0,0.0,6.8,0.0,0.0,0,0,0,0.0,0.0,0,0,0,0,3.4,28907.0,1693,火车头联合工作室; 不言月剧本研究室,3男3女 4.5小时 新手 2022.12发行,古风 情感 沉浸 仙侠,miquan_ipad_ratings.csv,miquan,ipad,3,3,6,,4.5,新手,2022,12,6,2022-12-01,4-5h,True,False
1391,立方馆谋杀始末,立方馆谋杀始末,8.7,7.7,8.3,0.0,0.0,0.0,0.0,0.0,0.0,0.0,8.0,0,0,0,0.0,0.0,0,0,0,0,82960.0,157322.0,16847,隐匿角色,3男3女 7.0小时 高阶 2023.01发行,日式 推理 设定 都市,miquan_ipad_ratings.csv,miquan,ipad,3,3,6,,7.0,高阶,2023,1,6,2023-01-01,6-8h,False,True
1392,巴四五的手札,巴四五的手札,6.4,6.2,7.0,6.4,0.0,0.0,0.0,0.0,0.0,0.0,0.0,0,0,0,0.0,0.0,0,0,0,0,9487.0,11444.0,840,小鱼干工作室,4男3女 6.0小时 高阶 2023.07发行,,miquan_ipad_ratings.csv,miquan,ipad,4,3,7,,6.0,高阶,2023,7,7,2023-07-01,5-6h,False,True
1393,先生,先生,4.7,5.0,0.0,0.0,0.0,5.1,0.0,0.0,5.2,0.0,0.0,0,0,0,0.0,0.0,0,0,0,0,3.4,11072.0,653,狸猫文创,2男4女 4.5小时 新手 2022.09发行,中式 情感 沉浸 都市,miquan_ipad_ratings.csv,miquan,ipad,2,4,6,,4.5,新手,2022,9,6,2022-09-01,4-5h,True,False
1394,启元克莱因囚笼,启元：克莱因囚笼,8.5,7.5,8.1,0.0,0.0,0.0,0.0,0.0,0.0,0.0,7.7,0,0,0,0.0,0.0,0,0,0,0,19018.0,17455.0,1742,二类人生剧制,百本选手说剧本:剧本《启元:克莱因囚笼》6人本 4男2女 剧本类型:城限本 推理本 游戏时间:5.5小时左右 👬适合人群：逻辑流 玩家 ❤剧情感受：🈶 ...全文,,miquan_ipad_ratings.csv,miquan,ipad,4,2,6,6,5.5,,,,6,,5-6h,False,True
1397,悲欢,悲欢,7.4,7.2,0.0,0.0,0.0,7.2,0.0,0.0,7.1,0.0,0.0,0,0,0,0.0,0.0,0,0,0,0,3.4,985.0,104,暮影工作室,类型: 现代/情感/沉浸 人数: 3男3女 不可反串 时长: 5个小时 体验角色:我不能讲会剧透， 开场及沉浸，每个人都有自己在乎的东西，这个本可以完全的让你抒发出自己的感情，卸...全文,现代 情感 沉浸 成长,miquan_ipad_ratings.csv,miquan,ipad,3,3,6,,5.0,,,,6,,4-5h,True,False
1398,西游释厄传,西游释厄传ll,6.9,7.2,0.0,0.0,0.0,0.0,7.0,0.0,0.0,0.0,7.0,0,0,0,0.0,0.0,0,0,0,0,16381.0,25005.0,2177,可疑的宣发工作室; LARP原创工作室,百本选手说剧本:剧本《西游释厄传ll》8人本 5男3女（🉑以反串）剧本类型:城限本 机制本 游戏时间:11小时左右 👬适合人群：机制本玩家 🉑疑的宣发工作室...全文,古风 机制 其他 神话,miquan_ipad_ratings.csv,miquan,ipad,5,3,8,8,11.0,,,,8,,>8h,False,True
1400,叫爸爸2你个死鬼,叫爸爸2：你个死鬼,7.3,7.0,0.0,0.0,7.5,0.0,6.8,0.0,0.0,0.0,0.0,0,0,0,0.0,0.0,0,0,0,0,3.8,14007.0,512,联合趣玩UF,3男4女 4.0小时 新手 2023.01发行,中式 机制 欢乐 都市,miquan_ipad_ratings.csv,miquan,ipad,3,4,7,,4.0,新手,2023,1,7,2023-01-01,3-4h,True,False
1401,燃烧,燃烧,8.5,8.0,0.0,0.0,0.0,8.1,0.0,0.0,8.1,0.0,0.0,0,0,0,0.0,0.0,0,0,0,0,43570.0,54344.0,4122,,3男3女 4.5小时 进阶 2022.12发行,中式 情感 沉浸 都市,miquan_ipad_ratings.csv,miquan,ipad,3,3,6,,4.5,进阶,2022,12,6,2022-12-01,4-5h,False,True
1402,红豆,红豆,9.1,8.8,0.0,0.0,0.0,8.8,0.0,0.0,8.8,0.0,0.0,0,0,0,0.0,0.0,0,0,0,0,3.4,206040.0,32422,仲夏清晨; 团剧文创工作室,3男3女 5.5小时 进阶 2023.01发行,民国 情感 沉浸 家国,miquan_ipad_ratings.csv,miquan,ipad,3,3,6,,5.5,进阶,2023,1,6,2023-01-01,5-6h,True,False
1403,深圳今夜请将我遗忘,中华龙组2：深圳今夜请将我遗忘,7.5,7.3,0.0,0.0,7.6,0.0,7.1,0.0,0.0,0.0,0.0,0,0,0,0.0,0.0,0,0,0,0,3.8,1752.0,163,银河制片厂,百本选手说剧本:剧本《中华龙组2:深圳今夜请将我遗忘》6人本 3男3女（不建议反串）剧本类型:独家本 欢乐 机制本 立意 情感本 游戏时间:8.5小时 实话实说 测车 大家 都对 剧本 提出了 自己的 宝贵 建议 我只能说 剧本还有 改动的空间 推荐人群:公司团建 新手玩家 ...全文,现代 机制 欢乐 二次元,miquan_ipad_ratings.csv,miquan,ipad,3,3,6,6,8.5,新手,,,6,,>8h,True,False
1405,岁月神偷,岁月神偷,5.8,6.0,0.0,0.0,0.0,6.2,0.0,0.0,6.1,0.0,0.0,0,0,0,0.0,0.0,0,0,0,0,3.4,3285.0,158,古余工作室,3男3女 4.5小时 进阶 2023.01发行,中式 情感 沉浸 都市,miquan_ipad_ratings.csv,miquan,ipad,3,3,6,,4.5,进阶,2023,1,6,2023-01-01,4-5h,True,False
1406,江山辞,江山辞,6.4,6.4,0.0,0.0,0.0,6.7,0.0,0.0,6.7,0.0,0.0,0,0,0,0.0,0.0,0,0,0,0,3.4,9562.0,634,海上仙山,3男3女 5.5小时 进阶 2022.10发行,古风 情感 沉浸 家国,miquan_ipad_ratings.csv,miquan,ipad,3,3,6,,5.5,进阶,2022,10,6,2022-10-01,5-6h,True,False
1407,厄鸦之轮,厄鸦之轮,7.9,7.5,0.0,0.0,0.0,0.0,0.0,7.4,0.0,0.0,0.0,0,0,0,0.0,0.0,0,0,0,0,11.3,13720.0,578,集闲社文创,4男2女 5.0小时 进阶 2022.05发行,,miquan_ipad_ratings.csv,miquan,ipad,4,2,6,,5.0,进阶,2022,5,6,2022-05-01,4-5h,True,False
1410,小山重叠金明灭,小山重叠金明灭,7.0,6.6,0.0,6.7,0.0,0.0,0.0,6.8,0.0,0.0,0.0,0,0,0,0.0,0.0,0,0,0,0,5043.0,8785.0,182,鹿鸣工作室,4男4女 4.5小时 进阶 2021.03发行,,miquan_ipad_ratings.csv,miquan,ipad,4,4,8,,4.5,进阶,2021,3,8,2021-03-01,4-5h,False,True
1412,过期少年,过期少年,7.0,7.1,0.0,0.0,0.0,7.1,0.0,6.8,0.0,0.0,0.0,0,0,0,0.0,0.0,0,0,0,0,6577.0,16170.0,821,脑力觉醒,3男4女 4.0小时 新手 2022.12发行,,miquan_ipad_ratings.csv,miquan,ipad,3,4,7,,4.0,新手,2022,12,7,2022-12-01,3-4h,False,True
1413,三点半,三点半,6.5,6.7,0.0,0.0,0.0,0.0,0.0,6.6,0.0,0.0,0.0,0,0,0,0.0,0.0,0,0,0,0,11.3,43796.0,1361,空山工作室,3男3女 4.5小时 进阶 2022.11发行,,miquan_ipad_ratings.csv,miquan,ipad,3,3,6,,4.5,进阶,2022,11,6,2022-11-01,4-5h,True,False
1414,晚秋,晚秋,6.9,6.9,0.0,0.0,0.0,7.1,0.0,0.0,0.0,7.8,0.0,0,0,0,0.0,0.0,0,0,0,0,6707.0,17027.0,1060,枫叶工作室; 向阳岛工作室,3男3女 5.5小时 进阶 2022.09发行,古风 情感 演绎 武侠,miquan_ipad_ratings.csv,miquan,ipad,3,3,6,,5.5,进阶,2022,9,6,2022-09-01,5-6h,False,True
1416,WwW创伤废土世界,WwW创伤废土世界,7.4,7.3,0.0,0.0,0.0,0.0,0.0,7.4,0.0,0.0,0.0,0,0,0,7.3,0.0,0,0,0,0,6577.0,5879.0,363,武汉未蓝原创,3男3女 5.0小时 进阶 2022.12发行,,miquan_ipad_ratings.csv,miquan,ipad,3,3,6,,5.0,进阶,2022,12,6,2022-12-01,4-5h,False,True
1418,未名,未名,6.8,6.8,0.0,0.0,0.0,7.0,0.0,0.0,7.0,0.0,0.0,0,0,0,0.0,0.0,0,0,0,0,3.4,6834.0,501,诸葛发行工作室; 逍山文创,百本选手说剧本:剧本《未名》6人本 3男3女（不可反串）剧本类型:城限本 情感本 游戏时间:5小时左右 实话实说 这个本 不行 不好玩 剧情 也不行 🈶边缘角色 主 家国线 亲情 爱情 一共🈶 三个本 前面你🈶多欢乐 后面你就🈶 多难受 这个本 🈚️凶案 🈶演绎 是一个传统意义上的 复古情感本 作者文笔一般 剧情不行 人...全文,古风 情感 沉浸 家国,miquan_ipad_ratings.csv,miquan,ipad,3,3,6,6,5.0,,,,6,,4-5h,True,False
1419,离家出走,离家出走,8.7,8.5,7.9,0.0,0.0,0.0,0.0,0.0,0.0,0.0,8.2,0,0,0,0.0,0.0,0,0,0,0,64968.0,49103.0,4829,子夜推理工作室,5男2女 10.0小时 高阶 2022.06发行,,miquan_ipad_ratings.csv,miquan,ipad,5,2,7,,10.0,高阶,2022,6,7,2022-06-01,>8h,False,True
1420,沈园外,沈园外,6.4,6.5,0.0,0.0,0.0,0.0,6.2,0.0,6.4,0.0,0.0,0,0,0,0.0,0.0,0,0,0,0,7609.0,3874.0,167,苍山剧社,3男3女 4.0小时 进阶,中式 机制 沉浸 都市,miquan_ipad_ratings.csv,miquan,ipad,3,3,6,,4.0,进阶,,,6,,3-4h,False,True
1421,月色里的塞纳河,月色里的塞纳河,7.4,7.1,6.8,0.0,0.0,0.0,0.0,0.0,0.0,0.0,0.0,0,0,0,7.3,0.0,0,0,0,0,2021.0,6510.0,149,风月发行,4男3女 4.0小时 进阶 2021.05发行,,miquan_ipad_ratings.csv,miquan,ipad,4,3,7,,4.0,进阶,2021,5,7,2021-05-01,3-4h,False,True
1422,木叶动秋声,木叶动秋声,7.0,6.9,6.3,0.0,0.0,0.0,0.0,0.0,0.0,0.0,0.0,0,0,0,7.0,0.0,0,0,0,0,1.4,1625.0,56,白昼剧制,3男3女 4.0小时 进阶 2021.12发行,,miquan_ipad_ratings.csv,miquan,ipad,3,3,6,,4.0,进阶,2021,12,6,2021-12-01,3-4h,True,False
1424,追光者,追光者,5.0,0.0,0.0,0.0,0.0,0.0,0.0,0.0,0.0,0.0,0.0,0,0,0,0.0,0.0,0,0,0,0,6712.0,0.0,0,乌鸦工作室,3男3女 4.0小时 新手,,miquan_ipad_ratings.csv,miquan,ipad,3,3,6,,4.0,新手,,,6,,3-4h,False,True
1425,硬币的第四面,硬币的第四面,8.1,7.6,7.4,0.0,0.0,0.0,0.0,0.0,0.0,0.0,0.0,0,0,0,7.9,0.0,0,0,0,0,1.4,19975.0,1680,唱唱反调剧本工作室,百本选手说剧本:剧本《硬币的第四面》6人本 3男3女（可以反串）剧本类型:城限本 刑侦 还原本 游戏时间:6小时左右 👬适合人群：喜欢 跟着 DM 的 指引 走的 玩家 喜欢 最后 超级 大还原 的 玩家 喜欢 故事分享大会 ...全文,,miquan_ipad_ratings.csv,miquan,ipad,3,3,6,6,6.0,,,,6,,5-6h,True,False
1426,除却巫山,除却巫山,6.3,6.5,0.0,0.0,0.0,6.8,0.0,0.0,6.7,0.0,0.0,0,0,0,0.0,0.0,0,0,0,0,3.4,2131.0,141,天恩院; 山间月工作室,3男3女 4.5小时 进阶 2022.10发行,古风 情感 沉浸 仙侠,miquan_ipad_ratings.csv,miquan,ipad,3,3,6,,4.5,进阶,2022,10,6,2022-10-01,4-5h,True,False
1428,电话亭,电话亭,7.3,7.3,0.0,0.0,0.0,0.0,0.0,0.0,7.4,0.0,0.0,0,0,0,7.2,0.0,0,0,0,0,3.4,12316.0,792,瓦特工作室,3男3女 5.0小时 进阶 2022.10发行,民国 情感 沉浸 都市,miquan_ipad_ratings.csv,miquan,ipad,3,3,6,,5.0,进阶,2022,10,6,2022-10-01,4-5h,True,False
1429,一座城2,一座城2,8.7,8.6,8.0,7.8,0.0,0.0,0.0,0.0,0.0,0.0,0.0,0,0,0,0.0,0.0,0,0,0,0,57410.0,43663.0,3995,老姜剧本,2男2女 9.0小时 进阶 2022.09发行,,miquan_ipad_ratings.csv,miquan,ipad,2,2,4,,9.0,进阶,2022,9,4,2022-09-01,>8h,False,True
1431,北上南下,北上南下往复东西,6.8,6.6,0.0,0.0,0.0,6.8,6.5,0.0,0.0,0.0,0.0,0,0,0,0.0,0.0,0,0,0,0,7609.0,7709.0,410,归途工作室,3男3女 4.0小时 进阶 2022.10发行,中式 机制 沉浸 都市,miquan_ipad_ratings.csv,miquan,ipad,3,3,6,,4.0,进阶,2022,10,6,2022-10-01,3-4h,False,True
1432,花园与夜莺,花园与夜莺,8.5,8.1,0.0,0.0,0.0,8.1,7.5,0.0,0.0,0.0,0.0,0,0,0,0.0,0.0,0,0,0,0,49170.0,46600.0,4096,,3男4女 5.0小时 进阶 2022.08发行,未来 机制 沉浸 科幻,miquan_ipad_ratings.csv,miquan,ipad,3,4,7,,5.0,进阶,2022,8,7,2022-08-01,4-5h,False,True
1433,三国封神,三国封神,8.6,7.7,0.0,0.0,8.0,0.0,8.4,0.0,0.0,0.0,0.0,0,0,0,0.0,0.0,0,0,0,0,3161.0,75432.0,5480,FB发行工作室,5男3女 7.0小时 进阶 2022.10发行,,miquan_ipad_ratings.csv,miquan,ipad,5,3,8,,7.0,进阶,2022,10,8,2022-10-01,6-8h,False,True
1434,坏家伙们犯罪事件始末,坏家伙们犯罪事件始末,7.5,7.2,0.0,6.9,0.0,0.0,0.0,7.8,0.0,0.0,0.0,0,0,0,0.0,0.0,0,0,0,0,5043.0,7435.0,509,山山而川,3男3女 6.0小时 进阶 2022.07发行,,miquan_ipad_ratings.csv,miquan,ipad,3,3,6,,6.0,进阶,2022,7,6,2022-07-01,5-6h,False,True
1435,海底,海底,6.4,6.7,6.4,0.0,0.0,6.8,0.0,0.0,0.0,0.0,0.0,0,0,0,0.0,0.0,0,0,0,0,3.4,1933.0,60,归一工作室,3男3女 4.5小时 进阶 2022.02发行,架空 情感 沉浸 都市,miquan_ipad_ratings.csv,miquan,ipad,3,3,6,,4.5,进阶,2022,2,6,2022-02-01,4-5h,True,False
1437,Re新世界,Re：新世界,8.2,7.9,0.0,0.0,0.0,7.7,0.0,0.0,7.6,0.0,0.0,0,0,0,0.0,0.0,0,0,0,0,7609.0,39323.0,2110,草庐,全程约6小时，比较中二，在这个本里体验情感那就大可不必了，女性角色体验会比男性角色好。基本无感的一个本。 机制部分也比较无聊，比较简单，就算没你也一样，没有参与的动力，只...全文,架空 机制 沉浸 二次元,miquan_ipad_ratings.csv,miquan,ipad,,,,,6.0,,,,,,5-6h,False,True
1438,东方美人,东方美人2：天下大同,10.0,0.0,0.0,0.0,0.0,0.0,0.0,0.0,0.0,0.0,0.0,0,0,0,0.0,0.0,0,0,0,0,7609.0,0.0,0,南燕工作室,4男3女 5.0小时 进阶 2022.07发行,古风 机制 沉浸 历史,miquan_ipad_ratings.csv,miquan,ipad,4,3,7,,5.0,进阶,2022,7,7,2022-07-01,4-5h,False,True
1439,天机不可泄露,天机不可泄露,7.3,7.0,0.0,0.0,0.0,0.0,0.0,6.7,0.0,0.0,0.0,0,0,0,6.8,0.0,0,0,0,0,6577.0,4198.0,85,九有出品,剧本名称：《天机不可泄露》 角色配置：4男2女 剧本类型：民国/情感/演绎/城限 剧本时长：6小时 剧本杀店：...全文,,miquan_ipad_ratings.csv,miquan,ipad,4,2,6,,6.0,,,,6,,5-6h,False,True
1440,怪谈事务所破界,怪谈事务所：破界,9.0,8.1,0.0,7.5,0.0,0.0,8.8,0.0,0.0,0.0,0.0,0,0,0,0.0,0.0,0,0,0,0,3161.0,110545.0,10071,百川望辰工作室,3男3女 10.0小时 进阶 2022.09发行,日式 机制 博弈 怪谈,miquan_ipad_ratings.csv,miquan,ipad,3,3,6,,10.0,进阶,2022,9,6,2022-09-01,>8h,False,True
1441,内卷,内卷,6.4,0.0,0.0,0.0,6.7,0.0,0.0,0.0,6.8,0.0,0.0,0,0,0,7.1,0.0,0,0,0,0,3.8,8996.0,230,开封府剧本工作室; 臭猴子工作室,4男3女 4.5小时 进阶 2022.01发行,架空 机制 欢乐 都市,miquan_ipad_ratings.csv,miquan,ipad,4,3,7,,4.5,进阶,2022,1,7,2022-01-01,4-5h,True,False
1442,奈亚拉美术馆,奈亚拉美术馆,7.1,7.0,6.8,0.0,0.0,0.0,0.0,7.0,0.0,0.0,0.0,0,0,0,0.0,0.0,0,0,0,0,4.5,12307.0,536,未经允许工作室,4男2女 5.5小时 高阶 2022.02发行,,miquan_ipad_ratings.csv,miquan,ipad,4,2,6,,5.5,高阶,2022,2,6,2022-02-01,5-6h,True,False
1443,南屏晚钟,南屏晚钟,7.1,7.0,0.0,0.0,0.0,7.3,0.0,0.0,7.3,0.0,0.0,0,0,0,0.0,0.0,0,0,0,0,3.4,15487.0,1009,入界文创,3男4女 4.5小时 进阶 2022.09发行,中式 情感 沉浸 历史,miquan_ipad_ratings.csv,miquan,ipad,3,4,7,,4.5,进阶,2022,9,7,2022-09-01,4-5h,True,False
1444,如果回忆记得,如果回忆记得,6.3,6.7,0.0,0.0,0.0,6.6,0.0,0.0,6.6,0.0,0.0,0,0,0,0.0,0.0,0,0,0,0,3.4,1141.0,66,萧氏剧盟,3男3女 4.5小时 新手 2022.09发行,中式 情感 沉浸 都市,miquan_ipad_ratings.csv,miquan,ipad,3,3,6,,4.5,新手,2022,9,6,2022-09-01,4-5h,True,False
1446,恋爱洗牌,恋爱洗牌,5.7,5.8,0.0,0.0,6.4,0.0,5.9,0.0,0.0,0.0,0.0,0,0,0,0.0,0.0,0,0,0,0,3.8,8328.0,296,玩剧自由工作室,4男4女 4.5小时 进阶 2022.07发行,架空 机制 欢乐 都市,miquan_ipad_ratings.csv,miquan,ipad,4,4,8,,4.5,进阶,2022,7,8,2022-07-01,4-5h,True,False
1447,晴天,晴天,7.0,6.7,0.0,0.0,0.0,7.2,0.0,0.0,7.3,0.0,0.0,0,0,0,0.0,0.0,0,0,0,0,3.4,10209.0,420,狸猫文创,3男3女 4.5小时 进阶 2022.06发行,中式 情感 沉浸 都市,miquan_ipad_ratings.csv,miquan,ipad,3,3,6,,4.5,进阶,2022,6,6,2022-06-01,4-5h,True,False
1448,夏日奇想,夏日奇想,7.0,7.3,6.9,0.0,0.0,0.0,0.0,0.0,0.0,0.0,0.0,0,0,0,6.8,0.0,0,0,0,0,1.4,16626.0,798,剧格工厂,4男3女 5.0小时 高阶 2022.01发行,日式 推理 立意 二次元,miquan_ipad_ratings.csv,miquan,ipad,4,3,7,,5.0,高阶,2022,1,7,2022-01-01,4-5h,True,False
1452,长安一片月,长安一片月,6.8,7.1,0.0,0.0,0.0,6.3,0.0,0.0,6.8,0.0,0.0,0,0,0,0.0,0.0,0,0,0,0,3.4,914.0,68,破釜沉舟,剧本：《长安一片月》 类型：古风、情感、沉浸、还原、历史 人物：3男3女 时常：4.5-5小时 总评：①推理⭐️⭐️⭐️⭐️ ②剧情⭐️⭐️⭐️⭐...全文,古风 情感 沉浸 历史,miquan_ipad_ratings.csv,miquan,ipad,3,3,6,,5.0,,,,6,,4-5h,True,False
1454,九霄2,九霄2,7.3,7.0,0.0,0.0,0.0,7.4,0.0,6.9,0.0,0.0,0.0,0,0,0,0.0,0.0,0,0,0,0,3083.0,16815.0,852,武汉呱剧本工作室; 葫芦巷发行工作室,今晚打完二讲实话是有点生气的，此本70%演绎都是男主&npc和女主&npc的故事，2个主角很嗨，4个陪玩大眼瞪小眼！这个本的c位太明显了，没拿到的人可能就是干坐7小时，我作为一个边边，中间一度都会有点困（全程演绎的情况下犯困也是少见），此外文笔之烂我也不想...全文,古风 还原 沉浸 玄幻,miquan_ipad_ratings.csv,miquan,ipad,,,,,7.0,,,,,,6-8h,False,True
1456,不夜城,不夜城,2.0,0.0,0.0,0.0,0.0,0.0,0.0,0.0,0.0,0.0,0.0,0,0,0,0.0,0.0,0,0,0,0,3.8,0.0,0,jio滑的工作室,3男3女 4.5小时 进阶 2024.08发行,现代 机制 欢乐 其他,miquan_ipad_ratings.csv,miquan,ipad,3,3,6,,4.5,进阶,2024,8,6,2024-08-01,4-5h,True,False
1457,克塔尼德的安全守则,克塔尼德的安全守则,9.0,0.0,0.0,0.0,0.0,0.0,0.0,0.0,0.0,0.0,0.0,0,0,0,0.0,0.0,0,0,0,0,1.4,0.0,0,入局文化,3男3女 4.0小时 进阶 2022.07发行,,miquan_ipad_ratings.csv,miquan,ipad,3,3,6,,4.0,进阶,2022,7,6,2022-07-01,3-4h,True,False
1458,家长会2爱丽丝的最后一次漫游,家长会2：爱丽丝的最后一次漫游,6.9,7.0,0.0,0.0,0.0,0.0,0.0,0.0,6.9,0.0,0.0,0,0,0,7.2,0.0,0,0,0,0,6718.0,5474.0,214,核桃剧本工作室,3男3女 4.5小时 进阶,,miquan_ipad_ratings.csv,miquan,ipad,3,3,6,,4.5,进阶,,,6,,4-5h,False,True
1459,乌骨,乌骨,7.7,7.6,0.0,0.0,0.0,7.6,0.0,7.3,0.0,0.0,0.0,0,0,0,0.0,0.0,0,0,0,0,3.4,66401.0,4493,树人工作室,百本选手说剧本:剧本《乌骨》6人本 4女2男 剧本类型:城限本 情感本 游戏时间:6.5小时左右 👬适合人群：情感本玩家 ❤剧情感受：...全文,古风 情感 沉浸 武侠,miquan_ipad_ratings.csv,miquan,ipad,,,,6,6.5,,,,6,,6-8h,True,False
1461,卖快乐的人,卖快乐的人,7.6,7.4,0.0,0.0,0.0,0.0,0.0,0.0,7.3,0.0,0.0,0,0,0,0.0,0.0,0,0,0,0,5322.0,21657.0,975,橘·剧本实验室,2男3女 4.5小时 新手 2022.07发行,日式 情感 治愈 都市,miquan_ipad_ratings.csv,miquan,ipad,2,3,5,,4.5,新手,2022,7,5,2022-07-01,4-5h,False,True
1462,吟梦集,吟梦集,6.0,6.2,5.8,0.0,0.0,6.6,0.0,0.0,0.0,0.0,0.0,0,0,0,0.0,0.0,0,0,0,0,2.8,7675.0,163,婳张工作室,3男3女 5.0小时 进阶 2021.06发行,古风 推理 沉浸 家国,miquan_ipad_ratings.csv,miquan,ipad,3,3,6,,5.0,进阶,2021,6,6,2021-06-01,4-5h,True,False
1464,帕拉丁,帕拉丁（PALADIN）,7.3,6.6,0.0,0.0,7.0,0.0,0.0,0.0,0.0,0.0,0.0,0,0,0,0.0,7.4,0,0,0,0,9517.0,17790.0,782,知道剧行,4男3女 6.0小时 进阶 2022.05发行,,miquan_ipad_ratings.csv,miquan,ipad,4,3,7,,6.0,进阶,2022,5,7,2022-05-01,5-6h,False,True
1467,丁达尔克的神奇夜,丁达尔克的神奇夜,7.7,7.7,7.2,6.6,0.0,0.0,0.0,0.0,0.0,0.0,0.0,0,0,0,0.0,0.0,0,0,0,0,47598.0,122322.0,6922,灰烬工作室,3男3女 6.0小时 进阶 2022.07发行,架空 机制 沉浸 进阶,miquan_ipad_ratings.csv,miquan,ipad,3,3,6,,6.0,进阶,2022,7,6,2022-07-01,5-6h,False,True
1470,蜀山传之人间篇,蜀山传之人间篇,7.6,7.4,0.0,0.0,0.0,7.0,7.0,0.0,0.0,0.0,0.0,0,0,0,0.0,0.0,0,0,0,0,3161.0,11691.0,225,小本买卖工作室; FB发行工作室,3男3女 4.0小时 进阶,古风 机制 博弈 仙侠,miquan_ipad_ratings.csv,miquan,ipad,3,3,6,,4.0,进阶,,,6,,3-4h,False,True
1471,地狱收音机,青川怪谈：地狱收音机,6.6,6.8,6.6,0.0,0.0,0.0,0.0,0.0,0.0,0.0,0.0,0,0,0,6.5,0.0,0,0,0,0,1.4,7493.0,319,白夜追熊工作室,3男3女 4.5小时 进阶 2022.06发行,,miquan_ipad_ratings.csv,miquan,ipad,3,3,6,,4.5,进阶,2022,6,6,2022-06-01,4-5h,True,False
1472,回家2远方,回家2远方,7.6,7.2,0.0,0.0,0.0,7.5,0.0,0.0,7.5,0.0,0.0,0,0,0,0.0,0.0,0,0,0,0,3.4,12517.0,505,枫叶工作室; 北京BIG,3男3女 4.5小时 进阶 2022.04发行,中式 情感 沉浸 都市,miquan_ipad_ratings.csv,miquan,ipad,3,3,6,,4.5,进阶,2022,4,6,2022-04-01,4-5h,True,False
1474,将死未死的thx,将死未死的THX,6.1,6.5,6.4,6.3,0.0,0.0,0.0,0.0,0.0,0.0,0.0,0,0,0,0.0,0.0,0,0,0,0,14084.0,33466.0,1143,满分工作室; DA剧本工场,【将死未死的THX】反转／推理／还原／悬疑 【角色时长】眼镜男／7小时 【人数配置】4男2女／可反串 【推荐角色】无边缘位，确实想上车体验的话推荐衬衫男／卫衣女 【选店建议】该本对DM要求极高！不是演...全文,,miquan_ipad_ratings.csv,miquan,ipad,4,2,6,,7.0,,,,6,,6-8h,False,True
1476,鲸落,鲸落,8.5,8.0,0.0,0.0,0.0,0.0,0.0,0.0,0.0,0.0,7.8,0,0,0,8.4,0.0,0,0,0,0,6090.0,107402.0,5860,表里山河创作; 疯狂剧制,2男3女 4.5小时 进阶 2022.06发行,,miquan_ipad_ratings.csv,miquan,ipad,2,3,5,,4.5,进阶,2022,6,5,2022-06-01,4-5h,False,True
1477,归途花开,归途花开,6.8,7.0,0.0,0.0,0.0,6.7,0.0,0.0,7.0,0.0,0.0,0,0,0,0.0,0.0,0,0,0,0,3.4,3336.0,115,扶摇文创工作室,3男3女 4.5小时 进阶,中式 情感 沉浸 都市,miquan_ipad_ratings.csv,miquan,ipad,3,3,6,,4.5,进阶,,,6,,4-5h,True,False
1479,吉田花屋山田洋子2,山田洋子2：吉田花屋,6.9,7.0,6.7,0.0,0.0,0.0,0.0,0.0,0.0,0.0,0.0,0,0,0,0.0,0.0,0,0,0,0,9655.0,21404.0,513,水镜出品,3男3女 4.5小时 进阶 2022.05发行,日式 推理 惊悚 怪谈,miquan_ipad_ratings.csv,miquan,ipad,3,3,6,,4.5,进阶,2022,5,6,2022-05-01,4-5h,False,True
1481,哈哈哈哈哈哈,哈哈哈哈哈哈哈,6.1,6.0,0.0,0.0,6.8,0.0,6.1,0.0,0.0,0.0,0.0,0,0,0,0.0,0.0,0,0,0,0,3.8,17941.0,446,帽子戏法工作室,3男4女 4.0小时 进阶 2022.05发行,架空 机制 欢乐 都市,miquan_ipad_ratings.csv,miquan,ipad,3,4,7,,4.0,进阶,2022,5,7,2022-05-01,3-4h,True,False
1485,余生,《余生》,2.0,0.0,0.0,0.0,0.0,0.0,0.0,0.0,0.0,0.0,0.0,0,0,0,0.0,0.0,0,0,0,0,5322.0,0.0,0,ActionGame·沉浸式剧场,4男4女 3.5小时 新手 2023.11发行,,miquan_ipad_ratings.csv,miquan,ipad,4,4,8,,3.5,新手,2023,11,8,2023-11-01,3-4h,False,True
1486,死刑犯的独白,死刑犯的独白,7.9,7.4,0.0,7.1,0.0,0.0,0.0,7.5,0.0,0.0,0.0,0,0,0,0.0,0.0,0,0,0,0,5043.0,31872.0,1760,小鱼干工作室,【5小时/马小斌/有明显c位/体验分：3分】 ❎一句话总结：非刑侦本玩家真天牢系列 『🌟关键词：味同嚼蜡，猪肉味的鸡肉干，c位明显，叙诡生硬，2024年不用再补课』 『🌟角色体验：男女体验没有明显偏差。...全文,,miquan_ipad_ratings.csv,miquan,ipad,,,,,5.0,,2024,,,2024-01-01,4-5h,False,True
1487,元德十三年,元德十三年：京师之乱,7.1,7.0,0.0,0.0,0.0,6.9,0.0,6.6,0.0,0.0,0.0,0,0,0,0.0,0.0,0,0,0,0,3083.0,6404.0,308,惊查局文创工作室,3男4女 4.5小时 进阶,古风 还原 沉浸 家国,miquan_ipad_ratings.csv,miquan,ipad,3,4,7,,4.5,进阶,,,7,,4-5h,False,True
1488,嘉禾望岗,芳华2：嘉禾望岗,7.7,7.5,0.0,0.0,0.0,7.6,0.0,0.0,0.0,7.5,0.0,0,0,0,0.0,0.0,0,0,0,0,6718.0,12150.0,445,燃点工作室,3男3女 4.0小时 进阶 2021.11发行,,miquan_ipad_ratings.csv,miquan,ipad,3,3,6,,4.0,进阶,2021,11,6,2021-11-01,3-4h,False,True
1489,恶名昭著3杀手没有假期,恶名昭著3：杀手没有假期,7.7,7.7,6.8,6.6,0.0,0.0,0.0,0.0,0.0,0.0,0.0,0,0,0,0.0,0.0,0,0,0,0,11092.0,16936.0,640,东方剧制,4男2女 4.5小时 进阶 2022.04发行,,miquan_ipad_ratings.csv,miquan,ipad,4,2,6,,4.5,进阶,2022,4,6,2022-04-01,4-5h,False,True
1490,十分之一,十分之一1/10,7.4,7.3,0.0,0.0,0.0,7.3,6.7,0.0,0.0,0.0,0.0,0,0,0,0.0,0.0,0,0,0,0,7609.0,16445.0,592,砝码文创工作室,3男3女 4.0小时 进阶 2022.05发行,架空 机制 沉浸 都市,miquan_ipad_ratings.csv,miquan,ipad,3,3,6,,4.0,进阶,2022,5,6,2022-05-01,3-4h,False,True
1491,你还有遗憾吗？,你还有遗憾吗,6.7,6.3,0.0,0.0,0.0,6.4,0.0,0.0,0.0,6.1,0.0,0,0,0,0.0,0.0,0,0,0,0,6718.0,3110.0,101,西安如约而至; 天津剧盟发行工作室,2男4女 4.5小时 新手 2021.08发行,,miquan_ipad_ratings.csv,miquan,ipad,2,4,6,,4.5,新手,2021,8,6,2021-08-01,4-5h,False,True
1492,怪闻夜行惊奇卷,怪闻！夜行惊奇卷,7.5,7.2,7.4,0.0,0.0,0.0,0.0,0.0,0.0,0.0,0.0,0,0,0,0.0,0.0,0,0,0,0,38394.0,60271.0,3528,葵花工作室; 咪咕挑灯工作室,3男3女 5.5小时 高阶 2022.06发行,,miquan_ipad_ratings.csv,miquan,ipad,3,3,6,,5.5,高阶,2022,6,6,2022-06-01,5-6h,False,True
1494,金箍,金箍,8.2,7.7,0.0,0.0,0.0,7.8,0.0,0.0,0.0,8.6,0.0,0,0,0,0.0,0.0,0,0,0,0,6718.0,48154.0,2639,道友留步; 卡卡工作室,3男3女 5.0小时 进阶 2022.01发行,古风 情感 演绎 神话,miquan_ipad_ratings.csv,miquan,ipad,3,3,6,,5.0,进阶,2022,1,6,2022-01-01,4-5h,False,True
1495,达摩克利斯之剑,达摩克利斯之剑,7.4,7.6,6.8,0.0,0.0,0.0,0.0,0.0,0.0,0.0,0.0,0,0,0,7.0,0.0,0,0,0,0,1.4,19292.0,996,口袋发行,4男2女 6.0小时 高阶 2022.01发行,,miquan_ipad_ratings.csv,miquan,ipad,4,2,6,,6.0,高阶,2022,1,6,2022-01-01,5-6h,True,False
1496,浮生梦余烬,浮生梦·余烬,8.0,7.8,0.0,0.0,0.0,7.7,0.0,0.0,0.0,8.2,0.0,0,0,0,0.0,0.0,0,0,0,0,6718.0,43042.0,2114,浮生梦文创,3男3女 4.5小时 进阶 2022.02发行,,miquan_ipad_ratings.csv,miquan,ipad,3,3,6,,4.5,进阶,2022,2,6,2022-02-01,4-5h,False,True
1499,横行加勒比.无人之海,横行加勒比：无人之海,7.0,6.8,0.0,0.0,0.0,0.0,7.3,0.0,0.0,0.0,0.0,0,0,0,6.9,0.0,0,0,0,0,748.0,5099.0,128,山橘推理,4男2女 4.0小时 新手 2021.11发行,欧美 机制 立意 新手,miquan_ipad_ratings.csv,miquan,ipad,4,2,6,,4.0,新手,2021,11,6,2021-11-01,3-4h,False,True
1500,老骗子俱乐部2,老骗子俱乐部2,7.0,6.8,0.0,0.0,7.3,0.0,7.0,0.0,0.0,0.0,0.0,0,0,0,0.0,0.0,0,0,0,0,3.8,34719.0,789,飞鱼探案,百本选手说剧本:剧本《老骗子俱乐部2》6人本 3男3女 剧本类型:盒装本 欢乐 机制本 游戏时间:5.5小时左右 这个本 还挺不错的 少有的 第二部作品 超越第一部的 适合 戏精玩家 阳光开朗的玩家 （我获得了最后的CEO）特别开心😊 🈶 跑团 🈶凶案 🈶私聊 🈶公聊 🈶投票 🈶技能 总结一句话 就是 开开心心 随便打的 一个本,中式 机制 欢乐 都市,miquan_ipad_ratings.csv,miquan,ipad,3,3,6,6,5.5,,,,6,,5-6h,True,False
1501,神乐汤,神乐汤,7.9,7.5,7.2,0.0,7.2,0.0,0.0,0.0,0.0,0.0,0.0,0,0,0,0.0,0.0,0,0,0,0,30910.0,79633.0,4320,黑马剧制; 元宇宙故事局,3男2女 4.5小时 进阶 2022.03发行,日式 推理 欢乐 玄幻,miquan_ipad_ratings.csv,miquan,ipad,3,2,5,,4.5,进阶,2022,3,5,2022-03-01,4-5h,False,True
1502,你不知道的事,你不知道的事,7.3,7.1,6.8,0.0,0.0,0.0,0.0,0.0,7.0,0.0,0.0,0,0,0,0.0,0.0,0,0,0,0,2.8,4340.0,89,墨得创意; 山橘推理,3男3女 4.0小时 新手 2021.06发行,中式 推理 沉浸 家国,miquan_ipad_ratings.csv,miquan,ipad,3,3,6,,4.0,新手,2021,6,6,2021-06-01,3-4h,True,False
1503,月亮沉入海底时,月亮沉入海底时,7.3,7.1,0.0,0.0,0.0,7.4,6.2,0.0,0.0,0.0,0.0,0,0,0,0.0,0.0,0,0,0,0,7609.0,44177.0,1576,书凝出品,3男3女 4.0小时 进阶 2022.03发行,中式 机制 沉浸 校园,miquan_ipad_ratings.csv,miquan,ipad,3,3,6,,4.0,进阶,2022,3,6,2022-03-01,3-4h,False,True
1504,关于北原千夜的一切,关于北原千夜的一切,8.6,8.3,0.0,0.0,0.0,0.0,0.0,8.2,0.0,0.0,7.7,0,0,0,0.0,0.0,0,0,0,0,1.1,170819.0,16216,禾风工作室,4男2女 4.5小时 进阶 2022.04发行,,miquan_ipad_ratings.csv,miquan,ipad,4,2,6,,4.5,进阶,2022,4,6,2022-04-01,4-5h,True,False
1506,风华,风华,6.4,6.6,6.2,0.0,0.0,0.0,0.0,0.0,6.7,0.0,0.0,0,0,0,0.0,0.0,0,0,0,0,2.8,1599.0,48,DA剧本工场,3男3女 4.0小时 进阶,古风 推理 沉浸 武侠,miquan_ipad_ratings.csv,miquan,ipad,3,3,6,,4.0,进阶,,,6,,3-4h,True,False
1507,世纪末最后的萤火侦探,世纪末最后的萤火侦探,7.3,7.5,6.8,0.0,0.0,7.4,0.0,0.0,0.0,0.0,0.0,0,0,0,0.0,0.0,0,0,0,0,19231.0,26478.0,1534,江东剧制,4男2女 6.0小时 高阶 2021.11发行,日式 推理 演绎法 都市,miquan_ipad_ratings.csv,miquan,ipad,4,2,6,,6.0,高阶,2021,11,6,2021-11-01,5-6h,False,True
1509,青楼2,青楼2,6.0,6.3,0.0,0.0,6.7,0.0,6.3,0.0,0.0,0.0,0.0,0,0,0,0.0,0.0,0,0,0,0,3.8,85287.0,2128,西昆仑发行工作室,4男3女 4.0小时 进阶 2022.04发行,架空 机制 欢乐 武侠,miquan_ipad_ratings.csv,miquan,ipad,4,3,7,,4.0,进阶,2022,4,7,2022-04-01,3-4h,True,False
1510,盛夏白瓷梅子汤,盛夏白瓷梅子汤,7.5,7.2,5.8,0.0,0.0,0.0,0.0,0.0,7.1,0.0,0.0,0,0,0,0.0,0.0,0,0,0,0,3.4,13390.0,384,白昼剧制,《盛夏白瓷梅子汤》⭐️⭐️⭐️⭐️ 📖剧本类型：中式/治愈/情感/新手 👦🏻玩家配置：③男④女 ⌚️体验时长：⑤小时 ❤️体验角色：慕长风（这个角色像我...全文,中式 情感 沉浸 都市,miquan_ipad_ratings.csv,miquan,ipad,,,,,,新手,,,,,,True,False
1511,神注视着你,神注视着你,8.0,7.7,7.1,0.0,0.0,0.0,0.0,0.0,0.0,0.0,0.0,0,0,0,0.0,0.0,0,0,0,0,16230.0,24319.0,879,南昌罗生门推理室,3男3女 4.5小时 进阶 2021.05发行,,miquan_ipad_ratings.csv,miquan,ipad,3,3,6,,4.5,进阶,2021,5,6,2021-05-01,4-5h,False,True
1512,帕佐庄园,帕佐庄园,8.0,7.4,7.5,7.2,0.0,0.0,0.0,0.0,0.0,0.0,0.0,0,0,0,0.0,0.0,0,0,0,0,29945.0,51982.0,2295,老玉米联合工作室; PUZZLER工作室,4男2女 5.0小时 高阶 2021.08发行,,miquan_ipad_ratings.csv,miquan,ipad,4,2,6,,5.0,高阶,2021,8,6,2021-08-01,4-5h,False,True
1514,冷宫,冷宫,6.1,6.2,0.0,0.0,6.6,0.0,5.9,0.0,0.0,0.0,0.0,0,0,0,0.0,0.0,0,0,0,0,3.8,3901.0,104,传送门工作室,1男5女 3.0小时 进阶 2021.07发行,架空 机制 欢乐 科幻,miquan_ipad_ratings.csv,miquan,ipad,1,5,6,,3.0,进阶,2021,7,6,2021-07-01,<=3h,True,False
1515,桑北花杀2月隐西凌,桑北花杀2：月隐西凌,6.9,6.6,0.0,6.1,0.0,0.0,0.0,0.0,0.0,0.0,0.0,0,0,0,0.0,6.9,0,0,0,0,9517.0,20935.0,641,老玉米联合工作室,4男4女 5.0小时 进阶 2021.11发行,,miquan_ipad_ratings.csv,miquan,ipad,4,4,8,,5.0,进阶,2021,11,8,2021-11-01,4-5h,False,True
1516,向日葵之家,向日葵之家,7.9,7.4,6.8,0.0,0.0,0.0,0.0,0.0,7.3,0.0,0.0,0,0,0,0.0,0.0,0,0,0,0,2.8,10813.0,303,预谋剧制,“哪有什么岁月静好，只是有人在替你负重前行” 单纯为了哲男上的车，体验真的特别好，体量不大时长4小时，但是需要两位男dm演绎再搭配一个女演员. 感谢哲男、梓新、冰冰的...全文,中式 推理 沉浸 都市,miquan_ipad_ratings.csv,miquan,ipad,,,,,4.0,,,,,,3-4h,True,False
1517,霜华引2,霜华引2：沉星赋,6.3,6.3,6.1,0.0,0.0,0.0,0.0,0.0,6.8,0.0,0.0,0,0,0,0.0,0.0,0,0,0,0,3161.0,4802.0,125,剧满楼创意工作室,4男3女 4.5小时 进阶 2021.10发行,古风 机制 博弈 仙侠,miquan_ipad_ratings.csv,miquan,ipad,4,3,7,,4.5,进阶,2021,10,7,2021-10-01,4-5h,False,True
1518,谭山高校怪谈,K的游戏：诡寓实录2谭山高校怪谈,6.0,0.0,0.0,0.0,0.0,0.0,0.0,0.0,0.0,0.0,0.0,0,0,0,0.0,0.0,0,0,0,0,0.0,0.0,0,K的游戏,1男0女 2.0小时 新手 2021.09发行,,miquan_ipad_ratings.csv,miquan,ipad,1,0,1,,2.0,新手,2021,9,1,2021-09-01,<=3h,False,True
1519,杀猪,杀猪,6.0,6.2,0.0,0.0,6.8,0.0,6.4,0.0,0.0,0.0,0.0,0,0,0,0.0,0.0,0,0,0,0,3.8,78941.0,2055,十库工作室,5男3女 4.5小时 进阶 2022.03发行,架空 机制 欢乐 都市,miquan_ipad_ratings.csv,miquan,ipad,5,3,8,,4.5,进阶,2022,3,8,2022-03-01,4-5h,True,False
1523,三十二年春,三十二年春,7.2,7.0,0.0,0.0,0.0,6.9,0.0,0.0,0.0,6.6,0.0,0,0,0,0.0,0.0,0,0,0,0,6718.0,16847.0,561,树人工作室,4男3女 5.0小时 进阶,古风 情感 演绎 家国,miquan_ipad_ratings.csv,miquan,ipad,4,3,7,,5.0,进阶,,,7,,4-5h,False,True
1524,逃脱艺术家,逃脱艺术家2：叙弗涅密契,8.8,7.9,8.6,0.0,0.0,0.0,0.0,0.0,0.0,0.0,8.3,0,0,0,0.0,0.0,0,0,0,0,39113.0,24149.0,3867,山橘推理; 为雨发行工作室,3男3女 10.0小时 进阶 2025.03发行,,miquan_ipad_ratings.csv,miquan,ipad,3,3,6,,10.0,进阶,2025,3,6,2025-03-01,>8h,False,True
1526,大唐秘史神龙劫,大唐秘史·神龙劫,5.7,6.6,0.0,6.1,0.0,0.0,0.0,0.0,0.0,0.0,0.0,0,0,0,0.0,6.4,0,0,0,0,9517.0,8061.0,209,老玉米联合工作室; 九根香工作室,【类型】：阵营、机制、情感、还原、古风 【人数】：8人（4男4女） 【时长】：5.5小时 【关键词：盒装价格! 城限质量! 】 玩之前没有了解过这个本，被朋友拉上车的。开始玩了以后发现剧本的故事线完整，人物关系看似...全文,,miquan_ipad_ratings.csv,miquan,ipad,4,4,8,8,5.5,,,,8,,5-6h,False,True
1528,遇见寰宇,遇见寰宇,5.6,6.1,6.4,6.0,0.0,0.0,0.0,0.0,0.0,0.0,0.0,0,0,0,0.0,0.0,0,0,0,0,11953.0,24686.0,798,灰烬工作室,3男3女 6.0小时 高阶 2022.01发行,,miquan_ipad_ratings.csv,miquan,ipad,3,3,6,,6.0,高阶,2022,1,6,2022-01-01,5-6h,False,True
1529,甜蜜的家,甜蜜的家,7.6,7.2,7.3,0.0,0.0,0.0,0.0,0.0,0.0,0.0,0.0,0,0,0,0.0,0.0,0,0,0,0,11542.0,34494.0,1560,凡几剧制,3男2女 4.0小时 进阶 2022.01发行,,miquan_ipad_ratings.csv,miquan,ipad,3,2,5,,4.0,进阶,2022,1,5,2022-01-01,3-4h,False,True
1530,下凡神仙的悲惨生活,下凡神仙的悲惨生活,5.9,6.2,0.0,0.0,7.0,0.0,6.6,0.0,0.0,0.0,0.0,0,0,0,0.0,0.0,0,0,0,0,3.8,10125.0,217,铭思文化,4男3女 3.0小时 新手 2021.11发行,架空 机制 欢乐 玄幻,miquan_ipad_ratings.csv,miquan,ipad,4,3,7,,3.0,新手,2021,11,7,2021-11-01,<=3h,True,False
1531,星之子,星之子,7.3,7.1,0.0,0.0,0.0,6.9,0.0,0.0,7.3,0.0,0.0,0,0,0,0.0,0.0,0,0,0,0,6718.0,3975.0,144,相骏诗工作室,3男3女 4.0小时 进阶 2021.08发行,,miquan_ipad_ratings.csv,miquan,ipad,3,3,6,,4.0,进阶,2021,8,6,2021-08-01,3-4h,False,True
1532,晚安风铃草,晚安风铃草,7.5,7.2,7.0,0.0,0.0,0.0,0.0,0.0,7.4,0.0,0.0,0,0,0,0.0,0.0,0,0,0,0,7609.0,6182.0,215,梦境岭剧本工作室,补测系列《晚安风铃草》⭐️⭐️⭐️ 📖剧本类型：现代/情感/欢乐/新手 👦🏻玩家配置：③男③女 ⌚️体验时长：4.5小时 ❤️体验角色...全文,中式 机制 沉浸 都市,miquan_ipad_ratings.csv,miquan,ipad,,,,,4.5,新手,,,,,4-5h,False,True
1534,涂川2：三生契,涂川2：三生契,8.2,7.5,0.0,0.0,0.0,7.9,0.0,0.0,0.0,8.7,0.0,0,0,0,0.0,0.0,0,0,0,0,45302.0,96993.0,4857,,3男3女 4.5小时 新手 2021.12发行,古风 情感 演绎 玄幻,miquan_ipad_ratings.csv,miquan,ipad,3,3,6,,4.5,新手,2021,12,6,2021-12-01,4-5h,False,True
1535,猎人笔记正午,猎人笔记：正午,8.5,8.0,0.0,0.0,0.0,0.0,0.0,0.0,7.8,0.0,0.0,0,0,0,8.0,0.0,0,0,0,0,34591.0,61149.0,2919,雪碧工作室,百本选手说剧本:剧本《猎人笔记:正午》7人本 4男3女（最好不反串）剧本类型:城限本 立意本 游戏时间:5小时左右 👬适合人群：考...全文,,miquan_ipad_ratings.csv,miquan,ipad,4,3,7,7,5.0,,,,7,,4-5h,False,True
1536,聆听者2：密语人,聆听者2：密语人,10.0,0.0,0.0,0.0,0.0,0.0,0.0,0.0,0.0,0.0,0.0,0,0,0,0.0,0.0,0,0,0,0,0.0,0.0,0,伊一工作室,3男4女 4.5小时 新手 2022.03发行,,miquan_ipad_ratings.csv,miquan,ipad,3,4,7,,4.5,新手,2022,3,7,2022-03-01,4-5h,False,True
1537,七日囚徒,七日囚徒,7.8,7.6,0.0,0.0,0.0,0.0,0.0,7.5,0.0,0.0,0.0,0,0,0,0.0,0.0,0,0,0,0,11.3,47103.0,2418,武汉Top剧本工作,3男3女 5.5小时 进阶 2022.09发行,,miquan_ipad_ratings.csv,miquan,ipad,3,3,6,,5.5,进阶,2022,9,6,2022-09-01,5-6h,True,False
1538,林记凉茶铺1996,林记凉茶铺：1996,8.5,7.9,0.0,0.0,0.0,8.1,0.0,0.0,0.0,8.2,0.0,0,0,0,0.0,0.0,0,0,0,0,6718.0,35054.0,2531,国家地理探测室,3男3女 4.5小时 进阶 2022.03发行,,miquan_ipad_ratings.csv,miquan,ipad,3,3,6,,4.5,进阶,2022,3,6,2022-03-01,4-5h,False,True
1540,虚构推理2狩猎,虚构推理2：狩猎,8.0,7.6,7.6,7.5,0.0,0.0,0.0,0.0,0.0,0.0,0.0,0,0,0,0.0,0.0,0,0,0,0,33232.0,43613.0,2666,曼彻斯特書局,百本选手说剧本:剧本《虚构推理2:狩猎》6人本 4男2女（可以反串）剧本类型:城限本 刑侦本 游戏时间:4.5小时 👬适合人群：火舞猫...全文,,miquan_ipad_ratings.csv,miquan,ipad,4,2,6,6,4.5,,,,6,,4-5h,False,True
1541,还钱,还钱！,7.1,6.7,0.0,0.0,7.4,0.0,6.9,0.0,0.0,0.0,0.0,0,0,0,0.0,0.0,0,0,0,0,3.8,38902.0,1101,十库工作室; 咪咕挑灯工作室,4男2女 4.0小时 新手 2022.11发行,中式 机制 欢乐 都市,miquan_ipad_ratings.csv,miquan,ipad,4,2,6,,4.0,新手,2022,11,6,2022-11-01,3-4h,True,False
1542,九州四海入镜来,九州四海入镜来,8.5,8.1,0.0,0.0,0.0,8.1,0.0,0.0,0.0,8.5,0.0,0,0,0,0.0,0.0,0,0,0,0,6718.0,103243.0,8181,天地之间,3男3女 5.0小时 新手 2022.07发行,古风 情感 演绎 家国,miquan_ipad_ratings.csv,miquan,ipad,3,3,6,,5.0,新手,2022,7,6,2022-07-01,4-5h,False,True
1543,告白,告白,7.0,0.0,0.0,0.0,0.0,0.0,0.0,0.0,0.0,0.0,0.0,0,0,0,0.0,0.0,0,0,0,0,6718.0,0.0,0,赛博天空剧本杀工作室,2男4女 4.5小时 进阶 2023.03发行,,miquan_ipad_ratings.csv,miquan,ipad,2,4,6,,4.5,进阶,2023,3,6,2023-03-01,4-5h,False,True
1544,枯百合,枯百合,6.3,6.8,0.0,0.0,0.0,0.0,0.0,6.6,0.0,0.0,0.0,0,0,0,0.0,0.0,0,0,0,0,11.3,9006.0,268,三寸空间,3男3女 4.5小时 进阶 2022.04发行,,miquan_ipad_ratings.csv,miquan,ipad,3,3,6,,4.5,进阶,2022,4,6,2022-04-01,4-5h,True,False
1545,斯特拉的法则,斯特拉的法则,7.8,7.2,7.4,7.0,0.0,0.0,0.0,0.0,0.0,0.0,0.0,0,0,0,0.0,0.0,0,0,0,0,10572.0,18879.0,917,起源ORIGIN工作室,5男2女 5.0小时 高阶 2021.10发行,,miquan_ipad_ratings.csv,miquan,ipad,5,2,7,,5.0,高阶,2021,10,7,2021-10-01,4-5h,False,True
1546,失聪十二秒,失聪十二秒：2046,7.4,6.9,6.7,0.0,0.0,7.4,0.0,0.0,0.0,0.0,0.0,0,0,0,0.0,0.0,0,0,0,0,2.8,13645.0,366,国家地理探测室; 桌立方,4男3女 4.5小时 进阶 2021.04发行,港澳 推理 沉浸 家国,miquan_ipad_ratings.csv,miquan,ipad,4,3,7,,4.5,进阶,2021,4,7,2021-04-01,4-5h,True,False
1547,无人犯罪,无人犯罪,8.0,7.5,0.0,7.2,0.0,0.0,7.1,0.0,0.0,0.0,0.0,0,0,0,0.0,0.0,0,0,0,0,2.6,37341.0,1586,疯狂剧制,3男3女 4.5小时 进阶 2022.04发行,,miquan_ipad_ratings.csv,miquan,ipad,3,3,6,,4.5,进阶,2022,4,6,2022-04-01,4-5h,True,False
1548,日落大道,日落大道,6.4,6.9,7.0,0.0,0.0,0.0,0.0,0.0,6.9,0.0,0.0,0,0,0,0.0,0.0,0,0,0,0,7609.0,3774.0,177,呓语剧本创作,3男3女 4.5小时 进阶 2022.03发行,架空 机制 沉浸 都市,miquan_ipad_ratings.csv,miquan,ipad,3,3,6,,4.5,进阶,2022,3,6,2022-03-01,4-5h,False,True
1549,大鱼海棠,大鱼海棠·前传,5.8,6.2,0.0,0.0,0.0,6.3,0.0,0.0,0.0,6.5,0.0,0,0,0,0.0,0.0,0,0,0,0,6718.0,2565.0,77,月球旅行,2男4女 4.0小时 新手,,miquan_ipad_ratings.csv,miquan,ipad,2,4,6,,4.0,新手,,,6,,3-4h,False,True
1550,消沉的神明,消沉的神明,5.7,6.3,6.4,0.0,0.0,0.0,0.0,0.0,0.0,0.0,0.0,0,0,0,6.6,0.0,0,0,0,0,1.4,6698.0,96,东方剧制,3男3女 4.5小时 高阶 2021.05发行,,miquan_ipad_ratings.csv,miquan,ipad,3,3,6,,4.5,高阶,2021,5,6,2021-05-01,4-5h,True,False
1553,一探纠镜,一探纠镜,7.7,7.0,7.4,0.0,0.0,0.0,0.0,0.0,0.0,0.0,0.0,0,0,0,0.0,0.0,0,0,0,0,25240.0,60520.0,2694,武汉未蓝原创,3男3女 4.5小时 进阶 2022.01发行,,miquan_ipad_ratings.csv,miquan,ipad,3,3,6,,4.5,进阶,2022,1,6,2022-01-01,4-5h,False,True
1554,悟空,悟空,6.1,6.4,0.0,0.0,0.0,6.6,0.0,0.0,0.0,6.6,0.0,0,0,0,0.0,0.0,0,0,0,0,6718.0,4532.0,74,TEEMO谋杀之谜工作室,3男3女 4.5小时 进阶 2020.11发行,古风 情感 演绎 神话,miquan_ipad_ratings.csv,miquan,ipad,3,3,6,,4.5,进阶,2020,11,6,2020-11-01,4-5h,False,True
1557,三谢世涂,三谢世涂,8.0,7.6,0.0,0.0,0.0,8.0,7.4,0.0,0.0,0.0,0.0,0,0,0,0.0,0.0,0,0,0,0,3.4,98503.0,4844,山海间工作室,3男3女 4.5小时 新手,中式 情感 沉浸 都市,miquan_ipad_ratings.csv,miquan,ipad,3,3,6,,4.5,新手,,,6,,4-5h,True,False
1558,壬辰倭乱,壬辰倭乱,8.4,8.0,0.0,0.0,0.0,7.6,7.4,0.0,0.0,0.0,0.0,0,0,0,0.0,0.0,0,0,0,0,3161.0,36194.0,1535,百川望辰工作室,百本选手说剧本:剧本《壬辰倭乱》7人本 4男3女（不可反串）剧本类型:城限本 情感机制本 游戏时间:5小时左右 👬适合人群：...全文,,miquan_ipad_ratings.csv,miquan,ipad,4,3,7,7,5.0,,,,7,,4-5h,False,True
1559,红夷海乱,红夷海乱,8.4,8.1,0.0,0.0,0.0,7.8,7.5,0.0,0.0,0.0,0.0,0,0,0,0.0,0.0,0,0,0,0,3161.0,50072.0,2366,百川望辰工作室,4男3女 4.0小时 进阶 2021.06发行,,miquan_ipad_ratings.csv,miquan,ipad,4,3,7,,4.0,进阶,2021,6,7,2021-06-01,3-4h,False,True
1560,昼尽夜阳时,昼尽夜阳时,4.6,6.1,6.2,0.0,0.0,0.0,0.0,0.0,0.0,0.0,0.0,0,0,0,6.0,0.0,0,0,0,0,1.4,8726.0,142,游趣剧本工作室,4男2女 5.5小时 进阶 2021.10发行,,miquan_ipad_ratings.csv,miquan,ipad,4,2,6,,5.5,进阶,2021,10,6,2021-10-01,5-6h,True,False
1562,罪名成立,罪名成立,6.4,0.0,0.0,0.0,0.0,0.0,0.0,7.0,0.0,7.1,0.0,0,0,0,7.0,0.0,0,0,0,0,2.8,54420.0,1922,西安蛛丝马迹,4男4女 4.5小时 进阶 2021.12发行,中式 推理 沉浸 刑侦,miquan_ipad_ratings.csv,miquan,ipad,4,4,8,,4.5,进阶,2021,12,8,2021-12-01,4-5h,True,False
1563,我于海底之城窥视神明,我于海底之城窥视神明,6.4,6.8,7.0,6.9,0.0,0.0,0.0,0.0,0.0,0.0,0.0,0,0,0,0.0,0.0,0,0,0,0,525.0,3935.0,79,预谋剧制,4男2女 5.0小时 进阶 2021.10发行,,miquan_ipad_ratings.csv,miquan,ipad,4,2,6,,5.0,进阶,2021,10,6,2021-10-01,4-5h,False,True
1564,印斯茅斯（无码）,印斯茅斯,7.8,7.4,7.2,7.2,0.0,0.0,0.0,0.0,0.0,0.0,0.0,0,0,0,0.0,0.0,0,0,0,0,21061.0,45276.0,1739,外星人,百本选手说剧本:剧本《印斯茅斯》7人本 4男3女 剧本类型:盒装本 还原本 微恐+跑团 游戏时间:5小时左右 这个本 是 2年前的剧本 质量还是 挺不错的 剧本中 🈶 凶案 🈶密室 🈶许多可以盘的东西 剧本 阅读量 适中 难度 也还可以 说回剧本 ...全文,,miquan_ipad_ratings.csv,miquan,ipad,4,3,7,7,5.0,,,,7,,4-5h,False,True
1565,汴京梦,汴京梦,6.8,6.8,6.1,0.0,0.0,6.9,0.0,0.0,0.0,0.0,0.0,0,0,0,0.0,0.0,0,0,0,0,2.8,15255.0,459,高冷小盒工作室; 团剧文创工作室,3男3女 4.0小时 进阶 2021.08发行,古风 推理 沉浸 都市,miquan_ipad_ratings.csv,miquan,ipad,3,3,6,,4.0,进阶,2021,8,6,2021-08-01,3-4h,True,False
1566,神的孩子在跳舞,神的孩子在跳舞,6.9,7.0,7.1,0.0,0.0,0.0,0.0,0.0,0.0,0.0,0.0,0,0,0,0.0,0.0,0,0,0,0,6360.0,19492.0,581,镜花水月工作室,3男3女 4.5小时 进阶 2022.01发行,,miquan_ipad_ratings.csv,miquan,ipad,3,3,6,,4.5,进阶,2022,1,6,2022-01-01,4-5h,False,True
1568,亡灵序章,亡灵序章,7.0,7.0,0.0,6.7,0.0,0.0,6.9,0.0,0.0,0.0,0.0,0,0,0,0.0,0.0,0,0,0,0,2.6,4358.0,122,鲜焰文化,第126本，亡灵序章 综合评分:7 剧本类型:机制推理还原 人物角色:3男3女 时长:4小时 角...全文,,miquan_ipad_ratings.csv,miquan,ipad,3,3,6,,4.0,,,,6,,3-4h,True,False
1569,暗贱难防,暗贱难防,5.2,5.3,0.0,0.0,5.9,0.0,5.2,0.0,0.0,0.0,0.0,0,0,0,0.0,0.0,0,0,0,0,3.8,10303.0,242,猛龙有家剧本发行工作室,3男3女 3.5小时 进阶 2022.01发行,中式 机制 欢乐 都市,miquan_ipad_ratings.csv,miquan,ipad,3,3,6,,3.5,进阶,2022,1,6,2022-01-01,3-4h,True,False
1570,彼岸2雪花绽放的那天风车转动,彼岸2·雪花绽放的那天风车转动,7.3,7.2,6.5,0.0,0.0,0.0,0.0,0.0,7.3,0.0,0.0,0,0,0,0.0,0.0,0,0,0,0,7609.0,7248.0,220,拾柒工作室,4男3女 4.5小时 进阶,中式 机制 沉浸 童话,miquan_ipad_ratings.csv,miquan,ipad,4,3,7,,4.5,进阶,,,7,,4-5h,False,True
1571,你好2她说,你好2：她说,6.4,6.6,0.0,0.0,0.0,7.0,6.6,0.0,0.0,0.0,0.0,0,0,0,0.0,0.0,0,0,0,0,7609.0,8967.0,245,梦墨绘梦馆,3男3女 4.0小时 进阶 2022.01发行,中式 机制 沉浸 都市,miquan_ipad_ratings.csv,miquan,ipad,3,3,6,,4.0,进阶,2022,1,6,2022-01-01,3-4h,False,True
1572,梨花织梦,谪仙遥·梨花织梦,6.4,6.7,0.0,0.0,0.0,6.6,0.0,0.0,0.0,7.0,0.0,0,0,0,0.0,0.0,0,0,0,0,6719.0,2833.0,60,魔都谜羽工作室,3男3女 4.0小时 新手 2021.07发行,古风 情感 演绎 神话,miquan_ipad_ratings.csv,miquan,ipad,3,3,6,,4.0,新手,2021,7,6,2021-07-01,3-4h,False,True
1573,红昭愿,红昭愿,5.1,5.5,0.0,0.0,0.0,5.4,0.0,0.0,0.0,5.4,0.0,0,0,0,0.0,0.0,0,0,0,0,6719.0,9310.0,188,盛世剧制,3男3女 4.0小时 进阶 2022.01发行,古风 情感 演绎 武侠,miquan_ipad_ratings.csv,miquan,ipad,3,3,6,,4.0,进阶,2022,1,6,2022-01-01,3-4h,False,True
1574,马力恋梦露,马力恋梦露,7.3,7.1,6.7,0.0,7.2,0.0,0.0,0.0,0.0,0.0,0.0,0,0,0,0.0,0.0,0,0,0,0,1170.0,6633.0,197,肆言良语,3男3女 4.0小时 新手 2021.10发行,架空 推理 欢乐 都市,miquan_ipad_ratings.csv,miquan,ipad,3,3,6,,4.0,新手,2021,10,6,2021-10-01,3-4h,False,True
1575,傻子,傻子,7.0,6.9,0.0,0.0,0.0,0.0,0.0,0.0,7.2,0.0,0.0,0,0,0,7.1,0.0,0,0,0,0,6719.0,14927.0,410,枫叶工作室,3男3女 4.5小时 进阶 2021.11发行,,miquan_ipad_ratings.csv,miquan,ipad,3,3,6,,4.5,进阶,2021,11,6,2021-11-01,4-5h,False,True
1576,梦巴比妥,梦巴比妥,4.1,5.1,4.7,0.0,0.0,0.0,0.0,0.0,0.0,0.0,0.0,0,0,0,5.2,0.0,0,0,0,0,1.4,12609.0,364,梦巴文化,4男3女 5.0小时 高阶 2021.12发行,,miquan_ipad_ratings.csv,miquan,ipad,4,3,7,,5.0,高阶,2021,12,7,2021-12-01,4-5h,True,False
1577,谍影·瞒天过海,谍影：瞒天过海,8.1,7.6,0.0,0.0,0.0,0.0,0.0,0.0,0.0,0.0,7.5,0,0,0,0.0,7.7,0,0,0,0,9517.0,41575.0,1730,西番推理; 嘿咔文创,4男3女 4.5小时 进阶 2021.10发行,,miquan_ipad_ratings.csv,miquan,ipad,4,3,7,,4.5,进阶,2021,10,7,2021-10-01,4-5h,False,True
1578,逢山遇鬼2：知命,逢山遇鬼2：知命,7.2,7.1,0.0,0.0,0.0,7.1,0.0,6.6,0.0,0.0,0.0,0,0,0,0.0,0.0,0,0,0,0,3083.0,24531.0,657,沧之溟工作室,3男4女 3.5小时 新手 2021.12发行,古风 还原 沉浸 玄幻,miquan_ipad_ratings.csv,miquan,ipad,3,4,7,,3.5,新手,2021,12,7,2021-12-01,3-4h,False,True
1579,雪乡连环杀人事件,雪乡连环杀人事件,7.7,7.6,7.0,0.0,0.0,0.0,0.0,0.0,0.0,0.0,0.0,0,0,0,0.0,0.0,0,0,0,0,64326.0,278113.0,26771,李白工作室,3男3女 4.0小时 进阶 2022.01发行,大年三十的除夕夜这几个小孩在干什么？ 类型：推理 还原 欢乐 机制 微恐 剧评：时长4h，体量小，阅读量小，推理难度低；前期真的很欢乐，剧情就是一群小孩吃年夜饭玩游戏，有吃有喝；中期氛围会变的惊悚紧张，共两个案...全文,miquan_ipad_ratings.csv,miquan,ipad,3,3,6,,4.0,进阶,2022,1,6,2022-01-01,3-4h,False,True
1580,群星,群星,7.8,7.5,0.0,0.0,0.0,0.0,7.0,0.0,0.0,0.0,0.0,0,0,0,7.9,0.0,0,0,0,0,26248.0,60520.0,2625,表里山河创作; 西安蛛丝马迹,百本选手说剧本:剧本《群星》6人本 3男3女 剧本类型:盒装本 科幻 立意本 游戏时间:4.5小时左右 👬适合人群：新手玩家 表里山河 粉丝 ❤剧情感受：星际穿越 流...全文,架空 机制 立意 新手,miquan_ipad_ratings.csv,miquan,ipad,3,3,6,6,4.5,新手,,,6,,4-5h,False,True
1581,愿爱无忧,愿爱无忧,7.9,7.5,5.8,0.0,0.0,7.8,0.0,0.0,0.0,0.0,0.0,0,0,0,0.0,0.0,0,0,0,0,2.8,48233.0,2391,火车头联合工作室,3男3女 4.0小时 新手 2021.09发行,中式 推理 沉浸 都市,miquan_ipad_ratings.csv,miquan,ipad,3,3,6,,4.0,新手,2021,9,6,2021-09-01,3-4h,True,False
1582,挣扎,挣扎,7.0,6.6,0.0,0.0,0.0,7.0,0.0,0.0,0.0,7.4,0.0,0,0,0,0.0,0.0,0,0,0,0,6719.0,37581.0,1583,啃大瓜,3男3女 4.0小时 进阶 2022.03发行,,miquan_ipad_ratings.csv,miquan,ipad,3,3,6,,4.0,进阶,2022,3,6,2022-03-01,3-4h,False,True
1583,九不思议街,九不思议街,8.5,8.2,7.4,0.0,0.0,0.0,0.0,0.0,7.7,0.0,0.0,0,0,0,0.0,0.0,0,0,0,0,1.3,107640.0,6797,乱神企划工作室,3男3女 5.0小时 进阶 2021.12发行,欧美 推理 沉浸 怪谈,miquan_ipad_ratings.csv,miquan,ipad,3,3,6,,5.0,进阶,2021,12,6,2021-12-01,4-5h,True,False
1584,所爱隔山海,所爱隔山海,7.9,7.3,6.0,0.0,0.0,7.3,0.0,0.0,0.0,0.0,0.0,0,0,0,0.0,0.0,0,0,0,0,3.4,37306.0,1416,彼岸花; 造梦人文创,3男3女 4.0小时 进阶 2021.09发行,中式 情感 沉浸 都市,miquan_ipad_ratings.csv,miquan,ipad,3,3,6,,4.0,进阶,2021,9,6,2021-09-01,3-4h,True,False
1585,三十一年,三十一年,7.6,7.2,0.0,0.0,0.0,0.0,6.1,0.0,7.6,0.0,0.0,0,0,0,0.0,0.0,0,0,0,0,7609.0,30158.0,1280,棋飞翔,4男3女 4.0小时 新手 2021.10发行,古风 机制 沉浸 其他,miquan_ipad_ratings.csv,miquan,ipad,4,3,7,,4.0,新手,2021,10,7,2021-10-01,3-4h,False,True
1587,踏雪寻梅,踏雪寻梅,6.4,6.8,6.5,0.0,0.0,6.9,0.0,0.0,0.0,0.0,0.0,0,0,0,0.0,0.0,0,0,0,0,2.8,1156.0,41,BIGGIE剧本工作室,4男3女 4.0小时 进阶 2021.05发行,古风 推理 沉浸 权谋,miquan_ipad_ratings.csv,miquan,ipad,4,3,7,,4.0,进阶,2021,5,7,2021-05-01,3-4h,True,False
1588,大话西游,大话西游,7.0,6.8,0.0,0.0,0.0,7.0,0.0,0.0,0.0,7.7,0.0,0,0,0,0.0,0.0,0,0,0,0,6719.0,0.0,422,臭猴子工作室; 梦墨绘梦馆,4男4女 4.5小时 进阶 2021.10发行,古风 情感 演绎 神话,miquan_ipad_ratings.csv,miquan,ipad,4,4,8,,4.5,进阶,2021,10,8,2021-10-01,4-5h,False,True
1589,麻衣神探,麻衣神探,6.8,6.6,7.1,6.6,0.0,0.0,0.0,0.0,0.0,0.0,0.0,0,0,0,0.0,0.0,0,0,0,0,10866.0,21397.0,898,叁叁零制片厂,3男3女 7.0小时 高阶 2021.12发行,架空 推理 演绎法 武侠,miquan_ipad_ratings.csv,miquan,ipad,3,3,6,,7.0,高阶,2021,12,6,2021-12-01,6-8h,False,True
1590,情书第九页,情书第九页,7.0,6.8,0.0,0.0,0.0,0.0,6.3,0.0,6.7,0.0,0.0,0,0,0,0.0,0.0,0,0,0,0,7609.0,16069.0,444,鑫梦人生,3男2女 4.5小时 进阶 2022.01发行,中式 机制 沉浸 都市,miquan_ipad_ratings.csv,miquan,ipad,3,2,5,,4.5,进阶,2022,1,5,2022-01-01,4-5h,False,True
1591,金陵有座东君书院前传,金陵有座东君书院前传,7.8,7.6,0.0,0.0,0.0,7.4,0.0,0.0,7.5,0.0,0.0,0,0,0,0.0,0.0,0,0,0,0,3.4,106197.0,3542,LARP原创工作室,3男3女 4.5小时 新手 2021.12发行,古风 情感 沉浸 家国,miquan_ipad_ratings.csv,miquan,ipad,3,3,6,,4.5,新手,2021,12,6,2021-12-01,4-5h,True,False
1592,莫思归,莫思归,6.7,6.4,0.0,0.0,0.0,6.7,0.0,0.0,0.0,7.6,0.0,0,0,0,0.0,0.0,0,0,0,0,6719.0,21811.0,682,漢滿楼工作室,3男3女 4.0小时 进阶 2021.08发行,古风 情感 演绎 武侠,miquan_ipad_ratings.csv,miquan,ipad,3,3,6,,4.0,进阶,2021,8,6,2021-08-01,3-4h,False,True
1593,鸡鸣暮鼓,鸡鸣暮鼓,6.4,6.3,0.0,6.5,0.0,0.0,0.0,0.0,0.0,0.0,0.0,0,0,0,0.0,6.6,0,0,0,0,9517.0,6497.0,127,漫灵剧制,6男2女 4.5小时 新手 2021.10发行,,miquan_ipad_ratings.csv,miquan,ipad,6,2,8,,4.5,新手,2021,10,8,2021-10-01,4-5h,False,True
1594,乐坊旧事,乐坊旧事,7.3,7.1,0.0,0.0,0.0,7.2,0.0,0.0,0.0,7.2,0.0,0,0,0,0.0,0.0,0,0,0,0,6719.0,18903.0,753,不俗发行工作室,4男3女 5.0小时 进阶 2021.10发行,古风 情感 演绎 其他,miquan_ipad_ratings.csv,miquan,ipad,4,3,7,,5.0,进阶,2021,10,7,2021-10-01,4-5h,False,True
1595,二十四桥明月夜,二十四桥明月夜,8.2,7.9,6.5,0.0,0.0,8.0,0.0,0.0,0.0,0.0,0.0,0,0,0,0.0,0.0,0,0,0,0,3.4,73133.0,3873,天地之间,3男3女 4.5小时 进阶 2021.11发行,古风 情感 沉浸 权谋,miquan_ipad_ratings.csv,miquan,ipad,3,3,6,,4.5,进阶,2021,11,6,2021-11-01,4-5h,True,False
1596,无羁,无羁,6.9,6.7,0.0,0.0,0.0,6.7,0.0,0.0,7.1,0.0,0.0,0,0,0,0.0,0.0,0,0,0,0,7609.0,10069.0,252,时间裂缝,3男3女 4.0小时 进阶 2021.06发行,古风 机制 沉浸 都市,miquan_ipad_ratings.csv,miquan,ipad,3,3,6,,4.0,进阶,2021,6,6,2021-06-01,3-4h,False,True
1597,国士,国士,7.2,6.9,0.0,0.0,0.0,6.9,0.0,0.0,0.0,0.0,0.0,0,0,0,0.0,6.9,0,0,0,0,2.3,15297.0,384,老玉米联合工作室,百本选手说剧本:剧本《国士》8人本 4男4女 剧本类型:城限本 阵营 机制本 游戏时间:4.5小时左右 这个本 是 老玉米发行的本 我 真心觉得 这个本 一般 故事 还可以 最后的机制 比较简单 剧本 美工 真不错 2年前的老本了 现在玩 可能觉得 比较一般 同车的玩家 相当的不错 DM 也专业 无奈 剧本一般,古风 阵营 沉浸 家国,miquan_ipad_ratings.csv,miquan,ipad,4,4,8,8,4.5,,,,8,,4-5h,True,False
1598,卧底模拟训练,卧底模拟训练,6.1,6.3,6.4,0.0,0.0,5.6,0.0,0.0,0.0,0.0,0.0,0,0,0,0.0,0.0,0,0,0,0,2.8,14564.0,328,老玉米联合工作室; 帽哥工作室,7男0女 4.5小时 进阶 2021.12发行,港澳 推理 沉浸 刑侦,miquan_ipad_ratings.csv,miquan,ipad,7,0,7,,4.5,进阶,2021,12,7,2021-12-01,4-5h,True,False
1599,一米光年,一米光年,7.5,7.0,0.0,0.0,0.0,7.0,0.0,0.0,0.0,6.8,0.0,0,0,0,0.0,0.0,0,0,0,0,6719.0,4174.0,87,口袋发行,2男3女 5.0小时 进阶 2021.06发行,,miquan_ipad_ratings.csv,miquan,ipad,2,3,5,,5.0,进阶,2021,6,5,2021-06-01,4-5h,False,True
1600,非正式访谈,非正式访谈,6.7,6.9,6.9,0.0,0.0,0.0,0.0,0.0,6.8,0.0,0.0,0,0,0,0.0,0.0,0,0,0,0,2.8,4355.0,80,子不肴工作室,3男3女 4.5小时 高阶 2020.06发行,中式 推理 沉浸 都市,miquan_ipad_ratings.csv,miquan,ipad,3,3,6,,4.5,高阶,2020,6,6,2020-06-01,4-5h,True,False
1601,回家,回家,8.0,7.3,5.9,0.0,0.0,7.5,0.0,0.0,0.0,0.0,0.0,0,0,0,0.0,0.0,0,0,0,0,2.8,34836.0,1208,北京Q&A侦探推理社; 枫叶工作室,可能因为比较老，所以体量特别小，3个小时就能搞定的本，弊端就是剧情内容不太丰满，但文笔很不错，代入感特别强，人性互相的纠缠展现的淋漓尽致，感觉整体女玩家体验要高于男玩家…后期把列车上的6个玩家爱恨情仇全部展开，对很多玩家都可以直击...全文,中式 推理 沉浸 其他,miquan_ipad_ratings.csv,miquan,ipad,,,,,3.0,,,,,,<=3h,True,False
1602,少年游,少年游,6.1,6.2,0.0,0.0,0.0,6.5,0.0,0.0,0.0,6.9,0.0,0,0,0,0.0,0.0,0,0,0,0,6719.0,7541.0,151,贰叁工作室,3男3女 4.0小时 新手 2021.09发行,古风 情感 演绎 武侠,miquan_ipad_ratings.csv,miquan,ipad,3,3,6,,4.0,新手,2021,9,6,2021-09-01,3-4h,False,True
1603,今夜无人离岛,今夜无人离岛,7.8,7.3,7.1,0.0,0.0,0.0,0.0,0.0,0.0,0.0,0.0,0,0,0,0.0,0.0,0,0,0,0,2866.0,6497.0,278,K的游戏,第36本 时长：4.5小时 配置：4男2女 剧本体量不大，但是可盘的东西可真不少。推凶基本上靠时间线就可解，注意目击证词中的障眼法即可。其中有一个制造不在场证明的小诡计有点惊艳，...全文,,miquan_ipad_ratings.csv,miquan,ipad,4,2,6,,4.5,,,,6,,4-5h,False,True
1604,永夜序章,永夜序章,8.0,0.0,0.0,0.0,0.0,0.0,0.0,0.0,0.0,0.0,0.0,0,0,0,0.0,0.0,0,0,0,0,2.8,0.0,0,多米互娱·SSS,3男2女 4.5小时 进阶,架空 推理 沉浸 都市,miquan_ipad_ratings.csv,miquan,ipad,3,2,5,,4.5,进阶,,,5,,4-5h,True,False
1605,尔娱我诈,尔娱我诈,5.0,5.5,0.0,0.0,6.4,0.0,5.5,0.0,0.0,0.0,0.0,0,0,0,0.0,0.0,0,0,0,0,3.8,28358.0,700,云珂工作室,4男4女 4.0小时 新手 2021.11发行,现代 机制 欢乐 其他,miquan_ipad_ratings.csv,miquan,ipad,4,4,8,,4.0,新手,2021,11,8,2021-11-01,3-4h,True,False
1606,死者档案,死者档案,8.2,7.8,0.0,0.0,0.0,0.0,7.4,0.0,0.0,0.0,0.0,0,0,0,0.0,0.0,0,0,0,0,1833.0,7693.0,289,胖哒剧制,3男3女 4.0小时 新手 2021.11发行,,miquan_ipad_ratings.csv,miquan,ipad,3,3,6,,4.0,新手,2021,11,6,2021-11-01,3-4h,False,True
1607,彩票,彩票,6.2,6.5,0.0,0.0,6.7,0.0,6.5,0.0,0.0,0.0,0.0,0,0,0,0.0,0.0,0,0,0,0,3.8,5005.0,105,,4男3女 4.0小时 新手 2021.11发行,现代 机制 欢乐 其他,miquan_ipad_ratings.csv,miquan,ipad,4,3,7,,4.0,新手,2021,11,7,2021-11-01,3-4h,True,False
1608,将月,将月,7.0,0.0,0.0,0.0,0.0,0.0,0.0,0.0,0.0,0.0,0.0,0,0,0,0.0,0.0,0,0,0,0,7609.0,0.0,0,时光玩剧,3男3女 4.0小时 进阶 2021.09发行,古风 机制 沉浸 都市,miquan_ipad_ratings.csv,miquan,ipad,3,3,6,,4.0,进阶,2021,9,6,2021-09-01,3-4h,False,True
1609,六角笼,六角笼,5.5,6.3,6.5,0.0,0.0,0.0,0.0,0.0,0.0,0.0,0.0,0,0,0,6.2,0.0,0,0,0,0,1.4,10915.0,198,万物可爱,4男2女 4.0小时 进阶 2021.07发行,,miquan_ipad_ratings.csv,miquan,ipad,4,2,6,,4.0,进阶,2021,7,6,2021-07-01,3-4h,True,False
1610,上坟静点,魂系列：上坟静点,6.5,6.7,6.7,0.0,0.0,6.7,0.0,0.0,0.0,0.0,0.0,0,0,0,0.0,0.0,0,0,0,0,2.8,4644.0,67,音派文化工作室,4男2女 5.0小时 进阶 2020.09发行,架空 推理 沉浸 校园,miquan_ipad_ratings.csv,miquan,ipad,4,2,6,,5.0,进阶,2020,9,6,2020-09-01,4-5h,True,False
1611,欢迎来到我的世界,欢迎来到我的世界,8.0,0.0,0.0,0.0,0.0,0.0,0.0,0.0,0.0,0.0,0.0,0,0,0,0.0,0.0,0,0,0,0,0.0,0.0,0,,4男2女 4.0小时 新手 2021.08发行,,miquan_ipad_ratings.csv,miquan,ipad,4,2,6,,4.0,新手,2021,8,6,2021-08-01,3-4h,False,True
1612,拱墅驾校,拱墅驾校,6.4,6.6,0.0,0.0,6.9,0.0,6.8,0.0,0.0,0.0,0.0,0,0,0,0.0,0.0,0,0,0,0,3.8,6374.0,97,妙妙屋剧制,补测🌟《拱墅驾校》🌟 📖剧本类型:中式｜都市｜机制｜欢乐 🕰体验时长:5小时 👦玩家配置:五男四女 一个题材很有意思的本，都是很多人亲身经...全文,中式 机制 欢乐 都市,miquan_ipad_ratings.csv,miquan,ipad,5,4,9,,5.0,,,,9,,4-5h,True,False
1613,枭鸾并栖,枭鸾并栖,6.1,6.6,0.0,6.7,0.0,0.0,0.0,6.7,0.0,0.0,0.0,0,0,0,0.0,0.0,0,0,0,0,5043.0,1478.0,49,故事作坊,4男2女 5.0小时 高阶 2021.05发行,,miquan_ipad_ratings.csv,miquan,ipad,4,2,6,,5.0,高阶,2021,5,6,2021-05-01,4-5h,False,True
1614,迷雾中的圣保罗,迷雾中的圣保罗,5.6,6.5,6.4,0.0,6.5,0.0,0.0,0.0,0.0,0.0,0.0,0,0,0,0.0,0.0,0,0,0,0,368.0,4015.0,77,东方剧制,4男2女 4.5小时 高阶 2021.01发行,欧美 推理 欢乐 其他,miquan_ipad_ratings.csv,miquan,ipad,4,2,6,,4.5,高阶,2021,1,6,2021-01-01,4-5h,False,True
1615,万有引力,万有引力,6.7,6.9,0.0,0.0,0.0,7.2,0.0,0.0,0.0,6.8,0.0,0,0,0,0.0,0.0,0,0,0,0,6719.0,4440.0,77,剧堆,4男4女 4.0小时 新手 2021.05发行,中式 情感 演绎 新手,miquan_ipad_ratings.csv,miquan,ipad,4,4,8,,4.0,新手,2021,5,8,2021-05-01,3-4h,False,True
1616,噩梦娃娃屋,噩梦娃娃屋,7.0,0.0,0.0,0.0,0.0,0.0,0.0,0.0,0.0,0.0,0.0,0,0,0,0.0,0.0,0,0,0,0,0.0,0.0,0,月球旅行,3男2女 5.0小时 高阶 2021.01发行,,miquan_ipad_ratings.csv,miquan,ipad,3,2,5,,5.0,高阶,2021,1,5,2021-01-01,4-5h,False,True
1617,沧笙踏歌,沧笙踏歌,6.0,0.0,0.0,0.0,0.0,0.0,0.0,0.0,0.0,0.0,0.0,0,0,0,0.0,0.0,0,0,0,0,2.8,0.0,0,又森文创工作室,3男3女 4.5小时 新手,古风 推理 沉浸 武侠,miquan_ipad_ratings.csv,miquan,ipad,3,3,6,,4.5,新手,,,6,,4-5h,True,False
1618,九门,九门,5.0,0.0,0.0,0.0,0.0,0.0,0.0,0.0,0.0,0.0,0.0,0,0,0,0.0,0.0,0,0,0,0,0.0,0.0,0,安小白剧本工作室,5男2女 4.5小时 高阶,,miquan_ipad_ratings.csv,miquan,ipad,5,2,7,,4.5,高阶,,,7,,4-5h,False,True
1619,先秦异闻录,先秦异闻录,6.7,6.8,6.4,6.4,0.0,0.0,0.0,0.0,0.0,0.0,0.0,0,0,0,0.0,0.0,0,0,0,0,4314.0,18930.0,547,大象剧制,4男3女 4.5小时 进阶 2021.12发行,架空 推理 悬疑 武侠,miquan_ipad_ratings.csv,miquan,ipad,4,3,7,,4.5,进阶,2021,12,7,2021-12-01,4-5h,False,True
1620,野生,野生,7.2,6.8,6.6,0.0,0.0,0.0,0.0,0.0,0.0,0.0,0.0,0,0,0,7.1,0.0,0,0,0,0,1.4,25032.0,919,葵花工作室,2男3女 4.0小时 进阶 2021.11发行,,miquan_ipad_ratings.csv,miquan,ipad,2,3,5,,4.0,进阶,2021,11,5,2021-11-01,3-4h,True,False
1621,至暗时刻,《至暗时刻》,6.3,6.3,0.0,0.0,0.0,0.0,6.8,0.0,0.0,0.0,0.0,0,0,0,6.4,0.0,0,0,0,0,3547.0,12481.0,261,千禧发行工作室,5男3女 4.5小时 进阶 2021.11发行,,miquan_ipad_ratings.csv,miquan,ipad,5,3,8,,4.5,进阶,2021,11,8,2021-11-01,4-5h,False,True
1622,当海风吹过我的坟墓,当海风吹过我的坟墓,6.5,6.5,0.0,0.0,0.0,6.7,6.5,0.0,0.0,0.0,0.0,0,0,0,0.0,0.0,0,0,0,0,7609.0,88685.0,2551,壹直爽,3男4女 4.0小时 新手 2021.11发行,中式 机制 沉浸 都市,miquan_ipad_ratings.csv,miquan,ipad,3,4,7,,4.0,新手,2021,11,7,2021-11-01,3-4h,False,True
1623,余月与你,余月与你,5.5,6.2,6.2,0.0,0.0,0.0,0.0,0.0,0.0,0.0,0.0,0,0,0,0.0,0.0,0,0,0,0,360.0,3280.0,57,笙笙剧制,3男2女 4.0小时 进阶 2021.10发行,,miquan_ipad_ratings.csv,miquan,ipad,3,2,5,,4.0,进阶,2021,10,5,2021-10-01,3-4h,False,True
1624,尸落之城,尸落之城,3.0,0.0,0.0,0.0,0.0,0.0,0.0,0.0,0.0,0.0,0.0,0,0,0,0.0,0.0,0,0,0,0,1833.0,0.0,0,王剧工作室,3男3女 4.0小时 进阶 2021.01发行,,miquan_ipad_ratings.csv,miquan,ipad,3,3,6,,4.0,进阶,2021,1,6,2021-01-01,3-4h,False,True
1625,异想天开的三刀两毒杀人事件,异想天开的三刀两毒杀人事件,7.4,7.3,7.4,0.0,6.6,0.0,0.0,0.0,0.0,0.0,0.0,0,0,0,0.0,0.0,0,0,0,0,10596.0,21306.0,848,铭思文化,4男3女 5.5小时 高阶 2021.09发行,,miquan_ipad_ratings.csv,miquan,ipad,4,3,7,,5.5,高阶,2021,9,7,2021-09-01,5-6h,False,True
1628,收获日,收获日,7.2,6.5,0.0,0.0,6.7,0.0,6.7,0.0,0.0,0.0,0.0,0,0,0,0.0,0.0,0,0,0,0,3.8,10072.0,270,出山工作室,4男1女 4.0小时 新手 2021.11发行,欧美 机制 欢乐 都市,miquan_ipad_ratings.csv,miquan,ipad,4,1,5,,4.0,新手,2021,11,5,2021-11-01,3-4h,True,False
1630,娘娘千千岁,娘娘千千岁,6.7,6.6,6.6,0.0,7.1,0.0,0.0,0.0,0.0,0.0,0.0,0,0,0,0.0,0.0,0,0,0,0,5785.0,13727.0,303,K的游戏,配置：四男一女（全男反串换装） 游玩时长：5小时 游玩角色：米奇妙（妙屋） 剧本打分：7分 推理部分：前面的案件都挺无语的，不知道咋捋，甚至感觉可以用烂来说了！但是千千岁的最后...全文,架空 推理 欢乐 宫廷,miquan_ipad_ratings.csv,miquan,ipad,4,1,5,,5.0,,,,5,,4-5h,False,True
1631,城南花已开,城南花已开,7.6,7.1,0.0,0.0,0.0,7.2,0.0,0.0,0.0,7.5,0.0,0,0,0,0.0,0.0,0,0,0,0,6719.0,22794.0,779,大锤文创,3男3女 4.5小时 进阶 2021.09发行,,miquan_ipad_ratings.csv,miquan,ipad,3,3,6,,4.5,进阶,2021,9,6,2021-09-01,4-5h,False,True
1632,吾栖之瞳,吾栖之瞳,8.0,7.6,7.2,0.0,0.0,0.0,0.0,0.0,0.0,0.0,0.0,0,0,0,0.0,0.0,0,0,0,0,26171.0,54561.0,2161,武汉Top剧本工作; 装蒜剧本工作室,3男3女 4.5小时 进阶 2021.11发行,,miquan_ipad_ratings.csv,miquan,ipad,3,3,6,,4.5,进阶,2021,11,6,2021-11-01,4-5h,False,True
1633,你我他,你我他,7.1,6.8,0.0,0.0,0.0,0.0,6.2,0.0,7.2,0.0,0.0,0,0,0,0.0,0.0,0,0,0,0,7609.0,16906.0,508,糖果发行工作室,3男3女 4.0小时 进阶 2021.09发行,中式 机制 沉浸 都市,miquan_ipad_ratings.csv,miquan,ipad,3,3,6,,4.0,进阶,2021,9,6,2021-09-01,3-4h,False,True
1635,逆光而行,逆光而行,6.0,6.1,0.0,0.0,0.0,6.7,0.0,0.0,0.0,6.9,0.0,0,0,0,0.0,0.0,0,0,0,0,6719.0,14618.0,364,羲和工作室,3男3女 4.0小时 新手 2021.11发行,架空 情感 演绎 新手,miquan_ipad_ratings.csv,miquan,ipad,3,3,6,,4.0,新手,2021,11,6,2021-11-01,3-4h,False,True
1637,NARAKA,NARAKA,7.7,7.2,0.0,0.0,0.0,0.0,7.2,0.0,0.0,0.0,0.0,0,0,0,7.4,0.0,0,0,0,0,18142.0,36515.0,1127,Two-World剧制; 苍山剧社,6男0女 5.0小时 进阶,,miquan_ipad_ratings.csv,miquan,ipad,6,0,6,,5.0,进阶,,,6,,4-5h,False,True
1638,欺诈游戏,欺诈游戏,6.9,7.0,0.0,6.6,0.0,0.0,6.9,0.0,0.0,0.0,0.0,0,0,0,0.0,0.0,0,0,0,0,2.6,1026.0,51,昊家剧制,4男3女 4.5小时 进阶 2021.12发行,,miquan_ipad_ratings.csv,miquan,ipad,4,3,7,,4.5,进阶,2021,12,7,2021-12-01,4-5h,True,False
1639,初恋,初恋,6.0,6.3,6.3,0.0,0.0,0.0,0.0,0.0,6.7,0.0,0.0,0,0,0,0.0,0.0,0,0,0,0,3.4,3574.0,63,一目工作室,4男3女 4.0小时 新手 2021.10发行,现代 情感 沉浸 其他,miquan_ipad_ratings.csv,miquan,ipad,4,3,7,,4.0,新手,2021,10,7,2021-10-01,3-4h,True,False
1640,五个阿道夫,五个阿道夫,7.2,7.1,7.2,0.0,6.9,0.0,0.0,0.0,0.0,0.0,0.0,0,0,0,0.0,0.0,0,0,0,0,563.0,3779.0,89,,3男2女 4.5小时 高阶 2021.01发行,未来 推理 欢乐 科幻,miquan_ipad_ratings.csv,miquan,ipad,3,2,5,,4.5,高阶,2021,1,5,2021-01-01,4-5h,False,True
1641,山田洋子,山田洋子,7.4,7.1,6.9,0.0,0.0,0.0,0.0,0.0,0.0,0.0,0.0,0,0,0,0.0,0.0,0,0,0,0,28012.0,0.0,3887,水镜出品,2男4女 4.0小时 进阶 2021.12发行,日式 推理 惊悚 怪谈,miquan_ipad_ratings.csv,miquan,ipad,2,4,6,,4.0,进阶,2021,12,6,2021-12-01,3-4h,False,True
1645,神鹿,神鹿,7.5,7.3,0.0,0.0,0.0,7.2,0.0,0.0,0.0,7.2,0.0,0,0,0,0.0,0.0,0,0,0,0,9356.0,13305.0,336,,3男3女 4.0小时 进阶 2021.06发行,,miquan_ipad_ratings.csv,miquan,ipad,3,3,6,,4.0,进阶,2021,6,6,2021-06-01,3-4h,False,True
1646,衔尾蛇,衔尾蛇,6.2,5.9,5.9,6.5,0.0,0.0,0.0,0.0,0.0,0.0,0.0,0,0,0,0.0,0.0,0,0,0,0,634.0,3226.0,85,妙妙屋剧制,4男2女 6.0小时 高阶 2021.07发行,,miquan_ipad_ratings.csv,miquan,ipad,4,2,6,,6.0,高阶,2021,7,6,2021-07-01,5-6h,False,True
1647,深林（森林）,深林,7.7,6.9,0.0,6.8,0.0,0.0,7.6,0.0,0.0,0.0,0.0,0,0,0,0.0,0.0,0,0,0,0,2.6,24380.0,737,無花果工作室,5男0女 4.5小时 进阶 2021.04发行,,miquan_ipad_ratings.csv,miquan,ipad,5,0,5,,4.5,进阶,2021,4,5,2021-04-01,4-5h,True,False
1649,看海,看海,8.0,7.5,6.9,0.0,0.0,0.0,0.0,0.0,7.6,0.0,0.0,0,0,0,0.0,0.0,0,0,0,0,2.8,6326.0,207,谜鹿文化,3男3女 4.0小时 新手 2021.06发行,中式 推理 沉浸 都市,miquan_ipad_ratings.csv,miquan,ipad,3,3,6,,4.0,新手,2021,6,6,2021-06-01,3-4h,True,False
1650,雾隐,雾隐,7.0,0.0,0.0,0.0,0.0,0.0,0.0,0.0,0.0,0.0,0.0,0,0,0,0.0,0.0,0,0,0,0,0.0,0.0,0,海棠无香,3男2女 4.5小时 进阶 2021.06发行,日式 推理 惊悚 校园,miquan_ipad_ratings.csv,miquan,ipad,3,2,5,,4.5,进阶,2021,6,5,2021-06-01,4-5h,False,True
1651,海龟浓汤,海龟浓汤,6.1,6.3,6.5,0.0,0.0,0.0,0.0,0.0,0.0,0.0,0.0,0,0,0,0.0,0.0,0,0,0,0,552.0,6657.0,136,司家侦探,时间：1.5小时 人数：2-10人（5男5女） 类型：现代，架空，惊悚，推理，新本格，还原，封闭 是，不是组成的推理小游戏，打发时间听故事真是一绝，小体量剧本，形式新颖灵活有创意。海龟汤还可以一直换着来，体验比较好适合和好朋友一起...全文,,miquan_ipad_ratings.csv,miquan,ipad,5,5,10,10,1.5,,,,10,,<=3h,False,True
1652,退出群聊,退出群聊,6.2,6.4,6.5,6.4,0.0,0.0,0.0,0.0,0.0,0.0,0.0,0,0,0,0.0,0.0,0,0,0,0,807.0,5925.0,157,剧游方舟,3男3女 4.5小时 进阶 2021.11发行,,miquan_ipad_ratings.csv,miquan,ipad,3,3,6,,4.5,进阶,2021,11,6,2021-11-01,4-5h,False,True
1654,五好市民,五好市民,6.2,6.5,0.0,6.6,0.0,0.0,6.6,0.0,0.0,0.0,0.0,0,0,0,0.0,0.0,0,0,0,0,2.6,4556.0,81,猛萌猛萌,3男3女 4.0小时 新手 2021.10发行,,miquan_ipad_ratings.csv,miquan,ipad,3,3,6,,4.0,新手,2021,10,6,2021-10-01,3-4h,True,False
1655,汇通天下,汇通天下,6.0,5.9,0.0,0.0,6.6,0.0,6.6,0.0,0.0,0.0,0.0,0,0,0,0.0,0.0,0,0,0,0,3.8,8607.0,138,探案笔记,13男7女 4.5小时 新手 2021.08发行,架空 机制 欢乐 都市,miquan_ipad_ratings.csv,miquan,ipad,13,7,20,,4.5,新手,2021,8,20,2021-08-01,4-5h,True,False
1656,人形师,人形师,5.9,6.5,0.0,0.0,0.0,0.0,0.0,0.0,0.0,0.0,0.0,0,0,0,0.0,6.2,0,0,0,0,31.0,10909.0,194,镰月剧本发行工作室,3男2女 4.5小时 进阶 2020.05发行,,miquan_ipad_ratings.csv,miquan,ipad,3,2,5,,4.5,进阶,2020,5,5,2020-05-01,4-5h,True,False
1657,平行刺杀,平行刺杀·超凡盛会,6.6,6.7,0.0,6.7,0.0,0.0,0.0,6.9,0.0,0.0,0.0,0,0,0,0.0,0.0,0,0,0,0,5043.0,3283.0,86,夜幕辰星,4男3女 4.0小时 进阶 2021.07发行,,miquan_ipad_ratings.csv,miquan,ipad,4,3,7,,4.0,进阶,2021,7,7,2021-07-01,3-4h,False,True
1658,光与暗,光与暗,6.3,6.7,0.0,6.9,0.0,0.0,7.1,0.0,0.0,0.0,0.0,0,0,0,0.0,0.0,0,0,0,0,2.6,2921.0,50,黑白猫工作室,5男1女 4.0小时 进阶 2021.06发行,,miquan_ipad_ratings.csv,miquan,ipad,5,1,6,,4.0,进阶,2021,6,6,2021-06-01,3-4h,True,False
1660,漪月幽澜,漪月幽澜,6.5,6.7,0.0,0.0,0.0,6.8,0.0,0.0,6.8,0.0,0.0,0,0,0,0.0,0.0,0,0,0,0,9517.0,2670.0,45,卡卡工作室,3男3女 4.5小时 进阶,古风 阵营 博弈 武侠,miquan_ipad_ratings.csv,miquan,ipad,3,3,6,,4.5,进阶,,,6,,4-5h,False,True
1661,小兔儿乖乖,小兔儿乖乖,7.8,7.4,0.0,0.0,0.0,0.0,6.4,0.0,7.5,0.0,0.0,0,0,0,0.0,0.0,0,0,0,0,7609.0,49341.0,1577,神域文化,3男4女 4.0小时 新手 2021.11发行,架空 机制 沉浸 童话,miquan_ipad_ratings.csv,miquan,ipad,3,4,7,,4.0,新手,2021,11,7,2021-11-01,3-4h,False,True
1662,六日书社,六日书社,6.8,6.5,0.0,0.0,0.0,6.5,5.9,0.0,0.0,0.0,0.0,0,0,0,0.0,0.0,0,0,0,0,7609.0,10835.0,250,橘·剧本实验室; 水镜出品,3男3女 4.0小时 进阶 2021.02发行,架空 机制 沉浸 都市,miquan_ipad_ratings.csv,miquan,ipad,3,3,6,,4.0,进阶,2021,2,6,2021-02-01,3-4h,False,True
1663,风树之碑,风树之碑,6.7,6.4,0.0,0.0,0.0,6.7,0.0,0.0,0.0,6.7,0.0,0,0,0,0.0,0.0,0,0,0,0,6724.0,5027.0,95,大连全民侦探,3男3女 4.5小时 进阶 2021.06发行,,miquan_ipad_ratings.csv,miquan,ipad,3,3,6,,4.5,进阶,2021,6,6,2021-06-01,4-5h,False,True
1664,月见草,月见草,6.5,6.5,0.0,0.0,0.0,6.7,5.7,0.0,0.0,0.0,0.0,0,0,0,0.0,0.0,0,0,0,0,7609.0,40093.0,1124,瓦特工作室,3男3女 4.5小时 进阶 2021.11发行,架空 机制 沉浸 都市,miquan_ipad_ratings.csv,miquan,ipad,3,3,6,,4.5,进阶,2021,11,6,2021-11-01,4-5h,False,True
1665,能力有限公司,能力有限公司,5.9,6.0,0.0,0.0,6.7,0.0,6.4,0.0,0.0,0.0,0.0,0,0,0,0.0,0.0,0,0,0,0,3.8,15986.0,322,DA剧本工场,3男4女 4.0小时 进阶 2021.11发行,中式 机制 欢乐 都市,miquan_ipad_ratings.csv,miquan,ipad,3,4,7,,4.0,进阶,2021,11,7,2021-11-01,3-4h,True,False
1666,备忘录2第六日,备忘录2：第六日,6.7,6.8,6.9,6.7,0.0,0.0,0.0,0.0,0.0,0.0,0.0,0,0,0,0.0,0.0,0,0,0,0,1831.0,9201.0,215,司家侦探,3男2女 5.0小时 高阶 2021.11发行,,miquan_ipad_ratings.csv,miquan,ipad,3,2,5,,5.0,高阶,2021,11,5,2021-11-01,4-5h,False,True
1667,相思骨,相思骨,6.0,6.4,0.0,0.0,0.0,6.5,0.0,0.0,0.0,6.5,0.0,0,0,0,0.0,0.0,0,0,0,0,6724.0,3699.0,58,灰帆文化,3男3女 4.0小时 进阶 2021.05发行,古风 情感 演绎 都市,miquan_ipad_ratings.csv,miquan,ipad,3,3,6,,4.0,进阶,2021,5,6,2021-05-01,3-4h,False,True
1669,小吊梨汤,小吊梨汤,8.3,7.6,6.0,0.0,0.0,7.8,0.0,0.0,0.0,0.0,0.0,0,0,0,0.0,0.0,0,0,0,0,2.1,73798.0,2976,时间裂缝,3男3女 4.5小时 进阶 2021.09发行,,miquan_ipad_ratings.csv,miquan,ipad,3,3,6,,4.5,进阶,2021,9,6,2021-09-01,4-5h,True,False
1671,像个小孩啃西瓜,像个小孩啃西瓜,7.4,7.0,6.4,0.0,7.0,0.0,0.0,0.0,0.0,0.0,0.0,0,0,0,0.0,0.0,0,0,0,0,3938.0,7288.0,166,末晗文化,3男3女 4.0小时 新手 2021.08发行,中式 推理 欢乐 都市,miquan_ipad_ratings.csv,miquan,ipad,3,3,6,,4.0,新手,2021,8,6,2021-08-01,3-4h,False,True
1672,十年灯,十年灯,7.4,7.0,0.0,0.0,0.0,7.2,0.0,0.0,0.0,7.1,0.0,0,0,0,0.0,0.0,0,0,0,0,6724.0,14248.0,321,LARP原创工作室,【十年灯】我心中排名第一古风情感本 类型：古风 情感 沉浸 城市限定 人数：4男2女 时长：4个多小时 推荐程度：🌟🌟🌟...全文,古风 情感 演绎 都市,miquan_ipad_ratings.csv,miquan,ipad,4,2,6,,,,,,6,,,False,True
1673,二十四夜的祷告,二十四夜的祷告,6.9,6.8,6.8,7.0,0.0,0.0,0.0,0.0,0.0,0.0,0.0,0,0,0,0.0,0.0,0,0,0,0,14762.0,24058.0,694,稻草人工作室,5男2女 4.5小时 进阶 2021.07发行,日式 推理 演绎法 都市,miquan_ipad_ratings.csv,miquan,ipad,5,2,7,,4.5,进阶,2021,7,7,2021-07-01,4-5h,False,True
1674,我们都将死于29岁,我们都将死于29岁,6.7,6.6,6.1,0.0,0.0,0.0,0.0,0.0,6.9,0.0,0.0,0,0,0,0.0,0.0,0,0,0,0,2.8,14003.0,355,W-工作室,4男4女 4.5小时 进阶 2021.08发行,中式 推理 沉浸 都市,miquan_ipad_ratings.csv,miquan,ipad,4,4,8,,4.5,进阶,2021,8,8,2021-08-01,4-5h,True,False
1675,梅芙罗尔号,梅芙罗尔号,8.0,7.7,0.0,0.0,0.0,7.4,0.0,0.0,0.0,0.0,0.0,0,0,0,0.0,7.0,0,0,0,0,9517.0,51903.0,1744,老玉米联合工作室,4男3女 5.0小时 进阶 2021.01发行,,miquan_ipad_ratings.csv,miquan,ipad,4,3,7,,5.0,进阶,2021,1,7,2021-01-01,4-5h,False,True
1676,大唠天宫,大唠天宫,5.4,6.2,0.0,0.0,6.6,0.0,6.1,0.0,0.0,0.0,0.0,0,0,0,0.0,0.0,0,0,0,0,3.8,9648.0,175,木西原创,4男3女 3.5小时 新手 2021.10发行,架空 机制 欢乐 神话,miquan_ipad_ratings.csv,miquan,ipad,4,3,7,,3.5,新手,2021,10,7,2021-10-01,3-4h,True,False
1677,凤泣华翎2归墟,凤泣华翎2：归墟,6.8,6.7,6.0,0.0,0.0,0.0,0.0,0.0,7.1,0.0,0.0,0,0,0,0.0,0.0,0,0,0,0,2.8,13059.0,329,拾里文化,3男3女 4.0小时 进阶 2021.06发行,古风 推理 沉浸 武侠,miquan_ipad_ratings.csv,miquan,ipad,3,3,6,,4.0,进阶,2021,6,6,2021-06-01,3-4h,True,False
1679,今夜没有北极星,今夜没有北极星,5.6,6.2,0.0,0.0,0.0,0.0,5.9,0.0,6.6,0.0,0.0,0,0,0,0.0,0.0,0,0,0,0,7609.0,11224.0,188,幽林咕咕,4男2女 3.0小时 新手 2021.10发行,现代 机制 沉浸 都市,miquan_ipad_ratings.csv,miquan,ipad,4,2,6,,3.0,新手,2021,10,6,2021-10-01,<=3h,False,True
1680,花木兰,花木兰,6.7,6.9,0.0,0.0,0.0,7.1,0.0,0.0,0.0,0.0,0.0,0,0,0,0.0,6.5,0,0,0,0,9517.0,6151.0,95,忆拾玖发行工作室,3男3女 4.5小时 进阶 2021.01发行,古风 阵营 博弈 武侠,miquan_ipad_ratings.csv,miquan,ipad,3,3,6,,4.5,进阶,2021,1,6,2021-01-01,4-5h,False,True
1681,第一次送你花,第一次送你花,8.0,7.5,0.0,0.0,0.0,7.6,0.0,0.0,0.0,7.5,0.0,0,0,0,0.0,0.0,0,0,0,0,6724.0,66538.0,2610,二类人生剧制,3男3女 4.0小时 新手 2021.07发行,古风 情感 演绎 都市,miquan_ipad_ratings.csv,miquan,ipad,3,3,6,,4.0,新手,2021,7,6,2021-07-01,3-4h,False,True
1682,王座,王座,7.9,7.2,0.0,6.4,0.0,0.0,0.0,0.0,0.0,0.0,0.0,0,0,0,0.0,7.6,0,0,0,0,9517.0,83522.0,2755,KOYI可以工作室,4男3女 4.5小时 进阶,,miquan_ipad_ratings.csv,miquan,ipad,4,3,7,,4.5,进阶,,,7,,4-5h,False,True
1683,白衣倾城2青山云海,白衣倾城2：青山云海,8.1,7.9,0.0,0.0,0.0,7.4,7.4,0.0,0.0,0.0,0.0,0,0,0,0.0,0.0,0,0,0,0,3161.0,31443.0,1057,树人工作室,4男3女 10.0小时 进阶 2022.04发行,古风 机制 博弈 权谋,miquan_ipad_ratings.csv,miquan,ipad,4,3,7,,10.0,进阶,2022,4,7,2022-04-01,>8h,False,True
1684,甜蜜蜜,甜蜜蜜,7.5,7.0,6.0,0.0,0.0,7.1,0.0,0.0,0.0,0.0,0.0,0,0,0,0.0,0.0,0,0,0,0,3.4,84262.0,2533,九州长歌工作室,3男3女 4.0小时 进阶 2021.11发行,中式 情感 沉浸 都市,miquan_ipad_ratings.csv,miquan,ipad,3,3,6,,4.0,进阶,2021,11,6,2021-11-01,3-4h,True,False
1685,有间客栈,有间客栈,5.5,6.1,0.0,0.0,6.5,0.0,0.0,0.0,0.0,0.0,0.0,0,0,0,0.0,6.2,0,0,0,0,5.8,67310.0,1524,盛世剧制,剧本类型:古风欢乐阵营新手 剧本人数:6️⃣（3男3女） 剧本时长:4～5小时 体验角色:宁月 了无牵挂者，忘生；心有所爱者，忘死。 剧本感受:老玩家建议别玩！新手玩家，可以...全文,架空 阵营 欢乐 武侠,miquan_ipad_ratings.csv,miquan,ipad,3,3,6,,5.0,新手,,,6,,4-5h,True,False
1686,星落五丈原,星落五丈原,8.1,7.5,7.6,7.2,0.0,0.0,0.0,0.0,0.0,0.0,0.0,0,0,0,0.0,0.0,0,0,0,0,36085.0,74358.0,3284,隐证剧本工作室,【5小时/冯悠子/没有边缘/体验分：6.5分】 ✅一句话总结：适合新手的老推理本 『🌟关键词：新本格，科幻题材，故事精彩，线索卡很多，机制多余，时长友好』 『🌟角色体验：男女角色体验没有明...全文,,miquan_ipad_ratings.csv,miquan,ipad,,,,,5.0,新手,,,,,4-5h,False,True
1687,作者不详,作者不详,7.9,7.1,8.1,0.0,0.0,0.0,0.0,0.0,0.0,0.0,0.0,0,0,0,0.0,0.0,0,0,0,0,68679.0,158712.0,9199,灰烬工作室,0男6女 4.5小时 进阶 2022.02发行,日式 推理 惊悚 都市,miquan_ipad_ratings.csv,miquan,ipad,0,6,6,,4.5,进阶,2022,2,6,2022-02-01,4-5h,False,True
1688,周公游记2食梦记,周公游记2：食梦记,8.7,7.7,8.3,0.0,0.0,0.0,0.0,0.0,0.0,0.0,7.7,0,0,0,0.0,0.0,0,0,0,0,54712.0,54681.0,3258,妄想剧场工作室,4男2女 5.0小时 高阶 2021.07发行,,miquan_ipad_ratings.csv,miquan,ipad,4,2,6,,5.0,高阶,2021,7,6,2021-07-01,4-5h,False,True
1689,归去来兮,归去来兮,5.5,6.2,0.0,0.0,0.0,6.6,0.0,0.0,0.0,6.7,0.0,0,0,0,0.0,0.0,0,0,0,0,6724.0,4469.0,62,弥安般偌工作室,3男3女 4.0小时 进阶 2020.08发行,古风 情感 演绎 武侠,miquan_ipad_ratings.csv,miquan,ipad,3,3,6,,4.0,进阶,2020,8,6,2020-08-01,3-4h,False,True
1691,辞君歌,辞君歌,7.2,6.9,0.0,6.3,0.0,0.0,0.0,0.0,0.0,0.0,0.0,0,0,0,0.0,7.0,0,0,0,0,9517.0,13297.0,313,矩阵工作室,4男3女 4.0小时 新手 2021.10发行,,miquan_ipad_ratings.csv,miquan,ipad,4,3,7,,4.0,新手,2021,10,7,2021-10-01,3-4h,False,True
1692,唐人街探案3,唐人街探案3：七星迷踪,5.4,6.5,6.4,0.0,6.5,0.0,0.0,0.0,0.0,0.0,0.0,0,0,0,0.0,0.0,0,0,0,0,340.0,4637.0,66,万梦园工作室,4男3女 4.0小时 进阶,中式 推理 欢乐 都市,miquan_ipad_ratings.csv,miquan,ipad,4,3,7,,4.0,进阶,,,7,,3-4h,False,True
1693,逍遥赋,逍遥赋,6.5,6.4,0.0,0.0,0.0,6.5,0.0,0.0,0.0,7.0,0.0,0,0,0,0.0,0.0,0,0,0,0,6724.0,10124.0,187,朋来仙境工作室,3男3女 4.0小时 进阶 2020.09发行,古风 情感 演绎 武侠,miquan_ipad_ratings.csv,miquan,ipad,3,3,6,,4.0,进阶,2020,9,6,2020-09-01,3-4h,False,True
1694,奔丧,奔丧,7.2,7.1,7.1,0.0,0.0,0.0,0.0,0.0,0.0,0.0,0.0,0,0,0,0.0,0.0,0,0,0,0,456.0,4517.0,138,三喵工作室,3男3女 4.0小时 进阶 2021.08发行,,miquan_ipad_ratings.csv,miquan,ipad,3,3,6,,4.0,进阶,2021,8,6,2021-08-01,3-4h,False,True
1695,马丁内斯死在惊奇馆,马丁内斯死在惊奇馆,8.7,8.2,8.4,0.0,0.0,0.0,0.0,0.0,0.0,0.0,7.9,0,0,0,0.0,0.0,0,0,0,0,148924.0,212870.0,17623,灰烬工作室,3男3女 6.0小时 高阶 2021.11发行,架空 机制 沉浸 进阶,miquan_ipad_ratings.csv,miquan,ipad,3,3,6,,6.0,高阶,2021,11,6,2021-11-01,5-6h,False,True
1696,小丑,小丑,7.1,6.8,0.0,0.0,0.0,6.8,0.0,0.0,0.0,7.8,0.0,0,0,0,0.0,0.0,0,0,0,0,6724.0,16426.0,320,造梦人文创,3男3女 4.0小时 高阶 2020.07发行,,miquan_ipad_ratings.csv,miquan,ipad,3,3,6,,4.0,高阶,2020,7,6,2020-07-01,3-4h,False,True
1700,七窍,七窍,7.0,0.0,0.0,0.0,0.0,0.0,0.0,0.0,0.0,0.0,0.0,0,0,0,0.0,0.0,0,0,0,0,0.0,0.0,0,夜幕辰星,3男3女 4.0小时 进阶 2021.07发行,,miquan_ipad_ratings.csv,miquan,ipad,3,3,6,,4.0,进阶,2021,7,6,2021-07-01,3-4h,False,True
1701,真香,真香,2.0,0.0,0.0,0.0,0.0,0.0,0.0,0.0,0.0,0.0,0.0,0,0,0,0.0,0.0,0,0,0,0,3.8,0.0,0,岁寒工作室,4男2女 4.0小时 进阶 2021.08发行,架空 机制 欢乐 都市,miquan_ipad_ratings.csv,miquan,ipad,4,2,6,,4.0,进阶,2021,8,6,2021-08-01,3-4h,True,False
1702,来日纵使千千阙歌,来日纵使千千阙歌,6.0,0.0,0.0,0.0,0.0,0.0,0.0,0.0,0.0,0.0,0.0,0,0,0,0.0,0.0,0,0,0,0,2.8,0.0,0,笙悦文化传媒,12男0女 3.0小时 新手,中式 推理 沉浸 其他,miquan_ipad_ratings.csv,miquan,ipad,12,0,12,,3.0,新手,,,12,,<=3h,True,False
1703,怪诞童话镇,怪诞童话镇,6.7,6.8,6.3,0.0,6.7,0.0,0.0,0.0,0.0,0.0,0.0,0,0,0,0.0,0.0,0,0,0,0,7252.0,17919.0,463,SKY,3男3女 4.5小时 进阶 2021.09发行,中式 推理 欢乐 童话,miquan_ipad_ratings.csv,miquan,ipad,3,3,6,,4.5,进阶,2021,9,6,2021-09-01,4-5h,False,True
1704,老不死,老不死,6.8,7.1,6.7,0.0,0.0,0.0,0.0,0.0,7.3,0.0,0.0,0,0,0,0.0,0.0,0,0,0,0,2.8,13979.0,276,云深不知处,4男1女 4.0小时 进阶 2021.06发行,中式 推理 沉浸 都市,miquan_ipad_ratings.csv,miquan,ipad,4,1,5,,4.0,进阶,2021,6,5,2021-06-01,3-4h,True,False
1705,蜡烛镇,蜡烛镇,6.9,6.9,6.7,0.0,0.0,0.0,0.0,0.0,0.0,0.0,0.0,0,0,0,0.0,0.0,0,0,0,0,193.0,1997.0,52,无相工作室,3男3女 4.5小时 进阶 2021.04发行,,miquan_ipad_ratings.csv,miquan,ipad,3,3,6,,4.5,进阶,2021,4,6,2021-04-01,4-5h,False,True
1706,悬崖之下,悬崖之下,6.0,0.0,0.0,0.0,0.0,0.0,0.0,0.0,0.0,0.0,0.0,0,0,0,0.0,0.0,0,0,0,0,7609.0,0.0,0,益本剧制,4男3女 4.5小时 进阶 2021.10发行,民国 机制 沉浸 其他,miquan_ipad_ratings.csv,miquan,ipad,4,3,7,,4.5,进阶,2021,10,7,2021-10-01,4-5h,False,True
1708,差评,差评,3.7,4.5,0.0,0.0,5.2,0.0,5.1,0.0,0.0,0.0,0.0,0,0,0,0.0,0.0,0,0,0,0,3.8,19515.0,371,黑马剧制,5男5女 4.5小时 新手 2021.10发行,中式 机制 欢乐 都市,miquan_ipad_ratings.csv,miquan,ipad,5,5,10,,4.5,新手,2021,10,10,2021-10-01,4-5h,True,False
1709,晴天神社,晴天神社,8.2,7.5,0.0,0.0,0.0,7.7,0.0,0.0,7.6,0.0,0.0,0,0,0,0.0,0.0,0,0,0,0,3.4,46685.0,1720,橘·剧本实验室,4男2女 3.5小时 新手 2021.10发行,日式 情感 沉浸 都市,miquan_ipad_ratings.csv,miquan,ipad,4,2,6,,3.5,新手,2021,10,6,2021-10-01,3-4h,True,False
1711,拜庙,拜庙,6.2,6.5,6.2,0.0,0.0,0.0,0.0,0.0,0.0,0.0,0.0,0,0,0,0.0,0.0,0,0,0,0,473.0,6766.0,206,天津第一现场,3男3女 4.0小时 进阶 2021.07发行,,miquan_ipad_ratings.csv,miquan,ipad,3,3,6,,4.0,进阶,2021,7,6,2021-07-01,3-4h,False,True
1712,锦灰堆,锦灰堆,6.7,7.2,0.0,0.0,0.0,7.1,0.0,0.0,0.0,0.0,0.0,0,0,0,0.0,6.7,0,0,0,0,2.3,3300.0,57,真富贵工作室,3男3女 4.0小时 进阶 2021.06发行,古风 阵营 沉浸 家国,miquan_ipad_ratings.csv,miquan,ipad,3,3,6,,4.0,进阶,2021,6,6,2021-06-01,3-4h,True,False
1714,第八宗罪,第八宗罪,7.5,7.1,0.0,0.0,0.0,6.9,0.0,0.0,0.0,6.5,0.0,0,0,0,0.0,0.0,0,0,0,0,6725.0,12933.0,368,司家侦探,3男3女 4.0小时 进阶 2021.08发行,,miquan_ipad_ratings.csv,miquan,ipad,3,3,6,,4.0,进阶,2021,8,6,2021-08-01,3-4h,False,True
1715,要听神明的话,要听神明的话,6.8,6.8,6.2,0.0,0.0,6.8,0.0,0.0,0.0,0.0,0.0,0,0,0,0.0,0.0,0,0,0,0,2.8,25618.0,645,初心剧制,3男3女 4.0小时 新手 2021.09发行,未来 推理 沉浸 都市,miquan_ipad_ratings.csv,miquan,ipad,3,3,6,,4.0,新手,2021,9,6,2021-09-01,3-4h,True,False
1716,失控病毒,失控病毒,7.5,7.0,6.8,0.0,0.0,0.0,0.0,0.0,0.0,0.0,0.0,0,0,0,6.9,0.0,0,0,0,0,1.4,8248.0,160,跃文工作室,3男3女 4.0小时 进阶 2021.10发行,,miquan_ipad_ratings.csv,miquan,ipad,3,3,6,,4.0,进阶,2021,10,6,2021-10-01,3-4h,True,False
1718,点名,点名,7.5,7.3,7.0,0.0,0.0,0.0,0.0,0.0,0.0,0.0,0.0,0,0,0,0.0,0.0,0,0,0,0,8833.0,44203.0,1544,ATM文创,4男4女 4.0小时 进阶 2021.08发行,日式 推理 惊悚 都市,miquan_ipad_ratings.csv,miquan,ipad,4,4,8,,4.0,进阶,2021,8,8,2021-08-01,3-4h,False,True
1719,幽灵船,幽灵船,7.0,6.8,7.0,6.9,0.0,0.0,0.0,0.0,0.0,0.0,0.0,0,0,0,0.0,0.0,0,0,0,0,715.0,7440.0,129,天津剧盟发行工作室,3男3女 4.0小时 高阶 2021.06发行,,miquan_ipad_ratings.csv,miquan,ipad,3,3,6,,4.0,高阶,2021,6,6,2021-06-01,3-4h,False,True
1720,孽子,孽子,8.0,0.0,0.0,0.0,0.0,0.0,0.0,0.0,0.0,0.0,0.0,0,0,0,0.0,0.0,0,0,0,0,1.4,0.0,0,西安如约而至,4男2女 5.0小时 高阶 2021.04发行,,miquan_ipad_ratings.csv,miquan,ipad,4,2,6,,5.0,高阶,2021,4,6,2021-04-01,4-5h,True,False
1721,别上楼,别上楼,5.0,0.0,0.0,0.0,0.0,0.0,0.0,0.0,0.0,0.0,0.0,0,0,0,0.0,0.0,0,0,0,0,1833.0,0.0,0,烤生蚝剧制,3男3女 4.0小时 进阶 2021.06发行,,miquan_ipad_ratings.csv,miquan,ipad,3,3,6,,4.0,进阶,2021,6,6,2021-06-01,3-4h,False,True
1723,天上的星星睡着了,天上的星星睡着了,7.6,6.8,0.0,0.0,0.0,0.0,0.0,0.0,0.0,6.8,0.0,0,0,0,0.0,0.0,0,0,0,0,5322.0,40557.0,1052,黑桃皇后工作室,4男3女 4.0小时 进阶 2021.10发行,,miquan_ipad_ratings.csv,miquan,ipad,4,3,7,,4.0,进阶,2021,10,7,2021-10-01,3-4h,False,True
1724,病娇男孩的恋爱日记,病娇男孩的恋爱日记,6.8,6.9,6.3,0.0,0.0,0.0,0.0,0.0,0.0,0.0,0.0,0,0,0,0.0,0.0,0,0,0,0,63539.0,155213.0,3665,鑫梦人生,3男3女 4.5小时 进阶 2021.10发行,,miquan_ipad_ratings.csv,miquan,ipad,3,3,6,,4.5,进阶,2021,10,6,2021-10-01,4-5h,False,True
1727,SILENCE白昼,SILENCE：白昼,7.1,6.9,7.1,6.8,0.0,0.0,0.0,0.0,0.0,0.0,0.0,0,0,0,0.0,0.0,0,0,0,0,2595.0,6629.0,162,新蜂工作室,5男3女 5.0小时 高阶 2021.10发行,,miquan_ipad_ratings.csv,miquan,ipad,5,3,8,,5.0,高阶,2021,10,8,2021-10-01,4-5h,False,True
1728,还不可以死,还不可以死,6.2,6.2,0.0,0.0,6.6,0.0,6.6,0.0,0.0,0.0,0.0,0,0,0,0.0,0.0,0,0,0,0,3.8,16256.0,370,剧幕工坊,4男3女 4.0小时 进阶 2021.11发行,架空 机制 欢乐 武侠,miquan_ipad_ratings.csv,miquan,ipad,4,3,7,,4.0,进阶,2021,11,7,2021-11-01,3-4h,True,False
1729,后来的我们,后来的我们,7.2,6.9,6.0,0.0,0.0,7.0,0.0,0.0,0.0,0.0,0.0,0,0,0,0.0,0.0,0,0,0,0,3.4,28972.0,595,拾柒工作室,3男3女 3.0小时 新手 2021.04发行,中式 情感 沉浸 校园,miquan_ipad_ratings.csv,miquan,ipad,3,3,6,,3.0,新手,2021,4,6,2021-04-01,<=3h,True,False
1730,周公游记,周公游记,8.9,8.2,0.0,0.0,0.0,0.0,0.0,8.4,0.0,0.0,8.3,0,0,0,0.0,0.0,0,0,0,0,3.0,129763.0,9065,妄想剧场工作室,3男3女 5.0小时 高阶 2020.11发行,,miquan_ipad_ratings.csv,miquan,ipad,3,3,6,,5.0,高阶,2020,11,6,2020-11-01,4-5h,True,False
1731,阔别,阔别,8.0,7.4,0.0,0.0,0.0,7.4,0.0,0.0,7.9,0.0,0.0,0,0,0,0.0,0.0,0,0,0,0,6725.0,29427.0,978,弥新工作室,3男3女 4.5小时 进阶 2021.05发行,,miquan_ipad_ratings.csv,miquan,ipad,3,3,6,,4.5,进阶,2021,5,6,2021-05-01,4-5h,False,True
1732,泰坦绿林号,泰坦绿林号,6.6,6.8,6.8,0.0,0.0,0.0,0.0,0.0,0.0,0.0,0.0,0,0,0,0.0,0.0,0,0,0,0,281.0,2061.0,57,奶凶奶凶剧本工作室,4男3女 4.5小时 进阶 2021.06发行,,miquan_ipad_ratings.csv,miquan,ipad,4,3,7,,4.5,进阶,2021,6,7,2021-06-01,4-5h,False,True
1733,血玲珑,血玲珑,6.1,6.3,0.0,0.0,6.5,0.0,6.5,0.0,0.0,0.0,0.0,0,0,0,0.0,0.0,0,0,0,0,3.8,23409.0,543,星环剧制,3男3女 4.5小时 进阶 2021.09发行,架空 机制 欢乐 武侠,miquan_ipad_ratings.csv,miquan,ipad,3,3,6,,4.5,进阶,2021,9,6,2021-09-01,4-5h,True,False
1734,瑞轩酒店,瑞轩酒店,4.8,5.8,5.8,0.0,0.0,5.8,0.0,0.0,0.0,0.0,0.0,0,0,0,0.0,0.0,0,0,0,0,2.8,8690.0,165,禾必工作室,3男3女 5.0小时 高阶 2021.07发行,中式 推理 沉浸 都市,miquan_ipad_ratings.csv,miquan,ipad,3,3,6,,5.0,高阶,2021,7,6,2021-07-01,4-5h,True,False
1735,犯罪创意馆-基本演绎,犯罪创意馆：基本演绎,5.7,6.1,6.3,6.2,0.0,0.0,0.0,0.0,0.0,0.0,0.0,0,0,0,0.0,0.0,0,0,0,0,706.0,5576.0,126,剧作时代,4男3女 4.5小时 高阶 2021.08发行,,miquan_ipad_ratings.csv,miquan,ipad,4,3,7,,4.5,高阶,2021,8,7,2021-08-01,4-5h,False,True
1736,少女的祈祷,少女的祈祷,6.1,6.6,6.4,0.0,0.0,0.0,0.0,0.0,6.8,0.0,0.0,0,0,0,0.0,0.0,0,0,0,0,2.8,6912.0,135,剧游方舟,3男3女 4.0小时 进阶 2021.09发行,日式 推理 沉浸 都市,miquan_ipad_ratings.csv,miquan,ipad,3,3,6,,4.0,进阶,2021,9,6,2021-09-01,3-4h,True,False
1737,三途长夜,三途长夜,7.0,6.7,6.4,0.0,0.0,0.0,0.0,6.9,0.0,0.0,0.0,0,0,0,0.0,0.0,0,0,0,0,5043.0,12509.0,419,烫猩猩工作室,4男2女 5.0小时 进阶 2021.09发行,,miquan_ipad_ratings.csv,miquan,ipad,4,2,6,,5.0,进阶,2021,9,6,2021-09-01,4-5h,False,True
1738,贺兰山庄杀人事件,贺兰山庄杀人事件,5.7,6.7,6.7,6.6,0.0,0.0,0.0,0.0,0.0,0.0,0.0,0,0,0,0.0,0.0,0,0,0,0,337.0,3622.0,73,上海馨茗园文化发展有限公司,4男2女 4.0小时 进阶 2021.06发行,,miquan_ipad_ratings.csv,miquan,ipad,4,2,6,,4.0,进阶,2021,6,6,2021-06-01,3-4h,False,True
1740,AB,AB,7.2,7.1,7.1,6.7,0.0,0.0,0.0,0.0,0.0,0.0,0.0,0,0,0,0.0,0.0,0,0,0,0,19520.0,52110.0,1691,鱼玄机工作室,百本选手说剧本:剧本《AB》8人本 4男4女 剧本类型:盒装本 刑侦本 游戏时间:6小时左右 这个本 我只能说 不行🙅‍♂️ 海龟汤 太多了 我记得是 2年前 在 丰台 打的这个本 橘猫 带的本 同车的玩家 都觉得这个本 不行 下午17点开始游戏的 晚上 23点多 打完的 这个本 剧本 线索比较 乱 不推...全文,,miquan_ipad_ratings.csv,miquan,ipad,4,4,8,8,6.0,,,,8,,5-6h,False,True
1741,再也不见,再也不见,7.0,6.7,0.0,0.0,0.0,0.0,6.4,0.0,7.0,0.0,0.0,0,0,0,0.0,0.0,0,0,0,0,7609.0,13407.0,442,空然新语,百本选手说剧本:剧本《再也不见》6人本 3男3女（不可反串）剧本类型:盒装本 ？？？ 游戏时间:4小时 👬适合人群：🈚️ ❤剧情感...全文,中式 机制 沉浸 都市,miquan_ipad_ratings.csv,miquan,ipad,3,3,6,6,4.0,,,,6,,3-4h,False,True
1742,消失的学号,消失的学号,6.6,6.7,6.6,0.0,0.0,0.0,0.0,0.0,0.0,0.0,0.0,0,0,0,0.0,0.0,0,0,0,0,1133.0,6178.0,205,大胡子工作室,第37本 时长：3小时 配置：2男3女 小体量微恐变格本。第一幕是自我介绍式的背景还原，没有任何的推凶。 第二幕是对应尸体身份、凶手和手法。细节...全文,现代 推理 惊悚 新手,miquan_ipad_ratings.csv,miquan,ipad,2,3,5,,3.0,,,,5,,<=3h,False,True
1743,雾中行舟,雾中行舟,7.0,7.0,6.6,0.0,0.0,0.0,0.0,0.0,7.0,0.0,0.0,0,0,0,0.0,0.0,0,0,0,0,2.8,18917.0,445,慢热TUO,3男4女 4.5小时 进阶 2021.12发行,中式 推理 沉浸 都市,miquan_ipad_ratings.csv,miquan,ipad,3,4,7,,4.5,进阶,2021,12,7,2021-12-01,4-5h,True,False
1744,再少年,再少年,6.7,6.7,0.0,0.0,0.0,6.7,0.0,0.0,0.0,6.6,0.0,0,0,0,0.0,0.0,0,0,0,0,6726.0,6878.0,133,禁止薅葱; 世无剧戏工作室,补测系列《再少年》 📖剧本类型:校园｜现代｜情感 👦玩家配置:三男三女 🕰体验时长:4.5小时 ❤️体验角色...全文,,miquan_ipad_ratings.csv,miquan,ipad,3,3,6,,4.5,,,,6,,4-5h,False,True
1745,两点半,两点半,6.2,6.4,6.3,0.0,0.0,0.0,0.0,0.0,0.0,0.0,0.0,0,0,0,0.0,0.0,0,0,0,0,31318.0,112040.0,2367,空山工作室,3男3女 4.5小时 进阶 2021.10发行,,miquan_ipad_ratings.csv,miquan,ipad,3,3,6,,4.5,进阶,2021,10,6,2021-10-01,4-5h,False,True
1746,大人物,大人物,6.0,0.0,0.0,0.0,0.0,0.0,0.0,0.0,0.0,0.0,0.0,0,0,0,0.0,0.0,0,0,0,0,3.8,0.0,0,草庐,大人物 综合评分：3 金剧本类型：欢乐机制还原 一人物角色：5男3女 *时长：3小时 角色...全文,中式 机制 欢乐 都市,miquan_ipad_ratings.csv,miquan,ipad,5,3,8,1,3.0,,,,8,,<=3h,True,False
1747,记事本,记事本,5.0,0.0,0.0,0.0,0.0,0.0,0.0,0.0,0.0,0.0,0.0,0,0,0,0.0,0.0,0,0,0,0,3083.0,0.0,0,青一涩工作室,3男3女 4.0小时 新手 2021.08发行,,miquan_ipad_ratings.csv,miquan,ipad,3,3,6,,4.0,新手,2021,8,6,2021-08-01,3-4h,False,True
1748,水镜八奇,水镜八奇,8.4,7.5,0.0,0.0,7.7,0.0,0.0,0.0,0.0,0.0,0.0,0,0,0,0.0,8.2,0,0,0,0,9517.0,144556.0,5648,FB发行工作室,6男2女 4.5小时 进阶 2021.06发行,,miquan_ipad_ratings.csv,miquan,ipad,6,2,8,,4.5,进阶,2021,6,8,2021-06-01,4-5h,False,True
1749,虚构推理,虚构推理,8.8,8.1,8.3,8.0,0.0,0.0,0.0,0.0,0.0,0.0,0.0,0,0,0,0.0,0.0,0,0,0,0,115379.0,153717.0,10040,曼彻斯特書局,百本选手说剧本:剧本《虚构推理》6人本 3男3女 剧本类型:城限本 推理 还原本 游戏时间:5小时左右 👬适合人群：补课+考古 ❤DM:吉祥 ...全文,经典硬核本？推理玩家盛宴？天花板？ 先别急着下定论，建议把期待值先降一降 类型：硬核 推理 还原 本格 机制 剧评：时长5.5h，本的评价两极分化较严重，无聊机制冗长，故事分享大会2h，核诡老套贴脸，内...全文,miquan_ipad_ratings.csv,miquan,ipad,3,3,6,6,5.0,,,,6,,4-5h,False,True
1752,信简,信简,5.7,6.6,0.0,0.0,0.0,6.4,0.0,0.0,6.5,0.0,0.0,0,0,0,0.0,0.0,0,0,0,0,3.4,17132.0,382,3101原创剧本工作室,3男3女 4.0小时 进阶 2021.08发行,中式 情感 沉浸 都市,miquan_ipad_ratings.csv,miquan,ipad,3,3,6,,4.0,进阶,2021,8,6,2021-08-01,3-4h,True,False
1753,开始的地方,【......】开始的地方,6.4,6.1,5.3,0.0,0.0,0.0,0.0,0.0,6.6,0.0,0.0,0,0,0,0.0,0.0,0,0,0,0,2.8,10821.0,195,逻集研究所; 剧鱼,3男3女 3.0小时 进阶 2021.10发行,中式 推理 沉浸 都市,miquan_ipad_ratings.csv,miquan,ipad,3,3,6,,3.0,进阶,2021,10,6,2021-10-01,<=3h,True,False
1754,月光下的持刀者,月光下的持刀者,8.2,7.6,7.7,7.3,0.0,0.0,0.0,0.0,0.0,0.0,0.0,0,0,0,0.0,0.0,0,0,0,0,0.0,194741.0,13181,七一工作室,《月光下的持刀者》 剧本类型:现代、还原、本格、推理、刑侦玩家人数:6人(3男3女)推荐指数: 剧本时长:4-5小时亲测角色:李克所...全文,,miquan_ipad_ratings.csv,miquan,ipad,3,3,6,6,5.0,,,,6,,4-5h,False,True
1756,斗天,斗天,7.9,7.4,0.0,7.0,0.0,0.0,7.4,0.0,0.0,0.0,0.0,0,0,0,0.0,0.0,0,0,0,0,3161.0,52155.0,1646,半子文娱,5男3女 4.5小时 进阶 2021.06发行,,miquan_ipad_ratings.csv,miquan,ipad,5,3,8,,4.5,进阶,2021,6,8,2021-06-01,4-5h,False,True
1757,天字卷,天字卷,7.6,7.0,6.2,0.0,0.0,7.2,0.0,0.0,0.0,0.0,0.0,0,0,0,0.0,0.0,0,0,0,0,6829.0,19705.0,644,DA剧本工场,3男3女 4.0小时 进阶 2021.08发行,古风 情感 演绎 仙侠,miquan_ipad_ratings.csv,miquan,ipad,3,3,6,,4.0,进阶,2021,8,6,2021-08-01,3-4h,False,True
1758,间谍,间谍,7.2,7.1,0.0,0.0,7.2,0.0,7.1,0.0,0.0,0.0,0.0,0,0,0,0.0,0.0,0,0,0,0,3.8,4876.0,141,十二月栗,4男4女 4.0小时 进阶 2021.08发行,民国 机制 欢乐 战争,miquan_ipad_ratings.csv,miquan,ipad,4,4,8,,4.0,进阶,2021,8,8,2021-08-01,3-4h,True,False
1759,致命合约,致命合约,4.0,0.0,0.0,0.0,0.0,0.0,0.0,0.0,0.0,0.0,0.0,0,0,0,0.0,0.0,0,0,0,0,1.4,0.0,0,狂徒娱乐,3男2女 4.5小时 进阶 2021.09发行,,miquan_ipad_ratings.csv,miquan,ipad,3,2,5,,4.5,进阶,2021,9,5,2021-09-01,4-5h,True,False
1760,南京1937,南京1937,6.7,7.0,6.4,0.0,0.0,0.0,0.0,0.0,0.0,0.0,0.0,0,0,0,7.3,0.0,0,0,0,0,1.4,10455.0,119,黑桃皇后工作室,4男3女 4.0小时 进阶 2020.10发行,,miquan_ipad_ratings.csv,miquan,ipad,4,3,7,,4.0,进阶,2020,10,7,2020-10-01,3-4h,True,False
1761,冬夜长,冬夜长,5.9,6.5,6.2,0.0,0.0,0.0,0.0,0.0,6.6,0.0,0.0,0,0,0,0.0,0.0,0,0,0,0,2.8,3405.0,57,阿斯巴甜,2男4女 4.0小时 进阶 2021.06发行,中式 推理 沉浸 校园,miquan_ipad_ratings.csv,miquan,ipad,2,4,6,,4.0,进阶,2021,6,6,2021-06-01,3-4h,True,False
1762,桃花国,桃花国,6.4,6.4,0.0,0.0,6.9,0.0,6.4,0.0,0.0,0.0,0.0,0,0,0,0.0,0.0,0,0,0,0,3.8,6506.0,137,十库工作室,3男4女 4.5小时 进阶 2021.10发行,架空 机制 欢乐 武侠,miquan_ipad_ratings.csv,miquan,ipad,3,4,7,,4.5,进阶,2021,10,7,2021-10-01,4-5h,True,False
1763,vr伐木累,vr伐木累,8.3,7.6,0.0,0.0,0.0,7.5,7.5,0.0,0.0,0.0,0.0,0,0,0,0.0,0.0,0,0,0,0,7609.0,31140.0,1022,云珂工作室,3男3女 4.0小时 新手 2021.07发行,中式 机制 沉浸 都市,miquan_ipad_ratings.csv,miquan,ipad,3,3,6,,4.0,新手,2021,7,6,2021-07-01,3-4h,False,True
1764,无羡,无羡,6.3,6.5,0.0,0.0,0.0,6.7,0.0,0.0,0.0,6.6,0.0,0,0,0,0.0,0.0,0,0,0,0,6830.0,14557.0,261,桌立方; 归一工作室,3男3女 4.5小时 进阶 2021.01发行,古风 情感 演绎 玄幻,miquan_ipad_ratings.csv,miquan,ipad,3,3,6,,4.5,进阶,2021,1,6,2021-01-01,4-5h,False,True
1765,老骗子俱乐部,老骗子俱乐部4·逛窑,6.4,6.8,0.0,0.0,7.0,0.0,0.0,0.0,0.0,0.0,0.0,0,0,0,0.0,6.9,0,0,0,0,5.8,9903.0,722,飞鱼探案,3男3女 4.0小时 新手 2025.07发行,日式 阵营 欢乐 都市,miquan_ipad_ratings.csv,miquan,ipad,3,3,6,,4.0,新手,2025,7,6,2025-07-01,3-4h,True,False
1766,中餐馆,中餐馆,6.3,6.3,0.0,0.0,6.4,0.0,6.4,0.0,0.0,0.0,0.0,0,0,0,0.0,0.0,0,0,0,0,3.8,7988.0,127,FB发行工作室,5男4女 3.0小时 新手 2021.09发行,欧美 机制 欢乐 都市,miquan_ipad_ratings.csv,miquan,ipad,5,4,9,,3.0,新手,2021,9,9,2021-09-01,<=3h,True,False
1767,弥留,弥留,8.8,8.1,8.2,0.0,0.0,0.0,0.0,0.0,0.0,0.0,0.0,0,0,0,0.0,0.0,0,0,0,0,70082.0,80393.0,5126,涟漪剧本工作室,4男3女 6.0小时 高阶 2019.11发行,,miquan_ipad_ratings.csv,miquan,ipad,4,3,7,,6.0,高阶,2019,11,7,2019-11-01,5-6h,False,True
1768,大橘为重,大橘为重,6.8,6.8,0.0,0.0,6.9,0.0,6.2,0.0,0.0,0.0,0.0,0,0,0,0.0,0.0,0,0,0,0,3.8,93406.0,1797,桌立方,4男3女 4.0小时 进阶 2021.09发行,架空 机制 欢乐 拟人,miquan_ipad_ratings.csv,miquan,ipad,4,3,7,,4.0,进阶,2021,9,7,2021-09-01,3-4h,True,False
1769,祸起穷奇,祸起穷奇,8.2,7.7,0.0,7.2,0.0,0.0,0.0,7.6,0.0,0.0,0.0,0,0,0,0.0,0.0,0,0,0,0,5043.0,27919.0,1020,一席之地,3男3女 4.0小时 进阶 2021.08发行,,miquan_ipad_ratings.csv,miquan,ipad,3,3,6,,4.0,进阶,2021,8,6,2021-08-01,3-4h,False,True
1771,请将我深埋,请将我深埋,8.5,8.0,7.7,0.0,0.0,0.0,0.0,0.0,0.0,0.0,0.0,0,0,0,7.8,0.0,0,0,0,0,1.4,154729.0,8075,西番推理,3男3女 4.0小时 进阶 2021.08发行,日式 推理 立意 都市,miquan_ipad_ratings.csv,miquan,ipad,3,3,6,,4.0,进阶,2021,8,6,2021-08-01,3-4h,True,False
1772,你听,你听,7.4,7.1,6.6,0.0,0.0,0.0,0.0,0.0,0.0,0.0,0.0,0,0,0,0.0,0.0,0,0,0,0,19186.0,42103.0,1102,水镜出品,3男3女 4.5小时 进阶 2020.06发行,,miquan_ipad_ratings.csv,miquan,ipad,3,3,6,,4.5,进阶,2020,6,6,2020-06-01,4-5h,False,True
1773,桑北花杀,桑北花杀,7.3,7.2,0.0,0.0,0.0,7.0,0.0,0.0,0.0,0.0,0.0,0,0,0,0.0,6.8,0,0,0,0,9517.0,38190.0,1056,老玉米联合工作室,4男4女 6.0小时 进阶 2021.04发行,,miquan_ipad_ratings.csv,miquan,ipad,4,4,8,,6.0,进阶,2021,4,8,2021-04-01,5-6h,False,True
1774,修复师,修复师,7.2,7.2,0.0,0.0,0.0,7.1,0.0,0.0,0.0,7.5,0.0,0,0,0,0.0,0.0,0,0,0,0,6830.0,32324.0,648,空然新语,〖补测评〗 类型：历史 情感 推理 还原 演绎 时长：4小时 人数：四男三女（总要有一个倒霉蛋） 体验角色：谷如云（现代名字，...全文,古风 情感 演绎 历史,miquan_ipad_ratings.csv,miquan,ipad,4,3,7,,4.0,,,,7,,3-4h,False,True
1775,凤泣华翎,凤泣华翎,6.1,6.8,6.3,0.0,0.0,6.9,0.0,0.0,0.0,0.0,0.0,0,0,0,0.0,0.0,0,0,0,0,3.4,16280.0,251,拾里文化,3男3女 4.0小时 新手 2020.07发行,古风 情感 沉浸 神话,miquan_ipad_ratings.csv,miquan,ipad,3,3,6,,4.0,新手,2020,7,6,2020-07-01,3-4h,True,False
1776,老手,老手,5.9,5.7,5.5,0.0,0.0,0.0,0.0,0.0,0.0,0.0,0.0,0,0,0,5.8,0.0,0,0,0,0,1.4,18619.0,327,剧堆,4男3女 4.5小时 进阶 2021.09发行,【剧本基本信息】 📖剧本名称：老手 👫🏼游戏人数：4男3女（可反串） ⏰游戏时长：4.5h 🧩剧本类型：现代 欢乐 机制 🙀难易程...全文,miquan_ipad_ratings.csv,miquan,ipad,4,3,7,,4.5,进阶,2021,9,7,2021-09-01,4-5h,True,False
1777,极盗大师,极盗大师,10.0,0.0,0.0,0.0,0.0,0.0,0.0,0.0,0.0,0.0,0.0,0,0,0,0.0,0.0,0,0,0,0,2.6,0.0,0,神之剧制,4男3女 4.0小时 新手 2021.09发行,架空 机制 悬疑 新手,miquan_ipad_ratings.csv,miquan,ipad,4,3,7,,4.0,新手,2021,9,7,2021-09-01,3-4h,True,False
1778,梦马之城,梦马之城,7.8,7.3,0.0,0.0,0.0,7.4,7.1,0.0,0.0,0.0,0.0,0,0,0,0.0,0.0,0,0,0,0,7609.0,17754.0,501,预谋剧制,3男3女 4.0小时 进阶 2021.05发行,中式 机制 沉浸 其他,miquan_ipad_ratings.csv,miquan,ipad,3,3,6,,4.0,进阶,2021,5,6,2021-05-01,3-4h,False,True
1779,桔梗,桔梗,6.1,6.4,0.0,0.0,0.0,6.5,0.0,0.0,6.5,0.0,0.0,0,0,0,0.0,0.0,0,0,0,0,3.4,10746.0,240,婳张工作室,3男3女 4.0小时 进阶 2021.01发行,中式 情感 沉浸 都市,miquan_ipad_ratings.csv,miquan,ipad,3,3,6,,4.0,进阶,2021,1,6,2021-01-01,3-4h,True,False
1780,梅花洲,梅花洲,6.2,6.4,6.4,0.0,0.0,6.4,0.0,0.0,0.0,0.0,0.0,0,0,0,0.0,0.0,0,0,0,0,2.8,3269.0,54,葵花工作室,3男3女 5.0小时 高阶 2021.05发行,架空 推理 沉浸 都市,miquan_ipad_ratings.csv,miquan,ipad,3,3,6,,5.0,高阶,2021,5,6,2021-05-01,4-5h,True,False
1781,彼岸,彼岸,7.3,7.3,6.3,0.0,0.0,7.2,0.0,0.0,0.0,0.0,0.0,0,0,0,0.0,0.0,0,0,0,0,3.4,22453.0,564,拾柒工作室,4男3女 4.0小时 进阶 2021.01发行,中式 情感 沉浸 都市,miquan_ipad_ratings.csv,miquan,ipad,4,3,7,,4.0,进阶,2021,1,7,2021-01-01,3-4h,True,False
1782,裁员滚滚,软饭2：裁员！滚！滚！,5.7,6.5,0.0,0.0,6.7,0.0,6.6,0.0,0.0,0.0,0.0,0,0,0,0.0,0.0,0,0,0,0,3.8,4011.0,56,沧之溟工作室,3男3女 3.0小时 新手 2021.09发行,中式 机制 欢乐 都市,miquan_ipad_ratings.csv,miquan,ipad,3,3,6,,3.0,新手,2021,9,6,2021-09-01,<=3h,True,False
1784,骗过死神的影子,骗过死神的影子,5.3,6.0,0.0,0.0,0.0,5.7,5.7,0.0,0.0,0.0,0.0,0,0,0,0.0,0.0,0,0,0,0,7609.0,23555.0,490,灰烬工作室,4男2女 4.5小时 进阶 2021.09发行,架空 机制 沉浸 玄幻,miquan_ipad_ratings.csv,miquan,ipad,4,2,6,,4.5,进阶,2021,9,6,2021-09-01,4-5h,False,True
1787,戏精的诞生,戏精的诞生,6.6,6.3,5.8,0.0,7.4,0.0,0.0,0.0,0.0,0.0,0.0,0,0,0,0.0,0.0,0,0,0,0,1122.0,12304.0,230,伍陆柒捌推理工作室,4男4女 4.0小时 新手 2020.12发行,中式 推理 欢乐 都市,miquan_ipad_ratings.csv,miquan,ipad,4,4,8,,4.0,新手,2020,12,8,2020-12-01,3-4h,False,True
1788,向阳花,向阳花,7.0,7.1,6.7,0.0,0.0,0.0,0.0,0.0,0.0,0.0,0.0,0,0,0,7.2,0.0,0,0,0,0,1.4,14762.0,359,灰烬工作室,4男2女 4.0小时 进阶 2021.08发行,,miquan_ipad_ratings.csv,miquan,ipad,4,2,6,,4.0,进阶,2021,8,6,2021-08-01,3-4h,True,False
1789,沙漠里的向日葵,沙漠里的向日葵,5.9,6.1,5.9,0.0,0.0,6.5,0.0,0.0,0.0,0.0,0.0,0,0,0,0.0,0.0,0,0,0,0,2.8,5545.0,136,万游文创,史上最狗血最垃圾三观的本，大c位是个和有夫之妇上床还要为他们夫妻的女儿割肾相救然后自己去死的小三，死也不让夫妻知道去找自己的舔狗养，男1要在家庭和小三之间选择，和小3在一起还只是为了享受拥有的快乐，男2大舔狗，男3四小时本就半小时有戏份，还不如dm角色有用，通篇被人辱骂气死自己...全文,中式 推理 沉浸 都市,miquan_ipad_ratings.csv,miquan,ipad,,,,,4.0,,,,,,3-4h,True,False
1790,信,《信》,7.7,7.2,6.2,0.0,0.0,7.4,0.0,0.0,0.0,0.0,0.0,0,0,0,0.0,0.0,0,0,0,0,3.4,12804.0,300,大事件调查馆,3男3女 4.5小时 进阶 2021.06发行,中式 情感 沉浸 家国,miquan_ipad_ratings.csv,miquan,ipad,3,3,6,,4.5,进阶,2021,6,6,2021-06-01,4-5h,True,False
1791,好帅的吨吨吨冒险,好帅的吨吨吨冒险,7.3,6.9,0.0,0.0,7.6,0.0,7.0,0.0,0.0,0.0,0.0,0,0,0,0.0,0.0,0,0,0,0,3.8,40689.0,769,壹直爽,3男3女 4.0小时 新手 2021.08发行,架空 机制 欢乐 童话,miquan_ipad_ratings.csv,miquan,ipad,3,3,6,,4.0,新手,2021,8,6,2021-08-01,3-4h,True,False
1793,伴生,伴生,7.9,7.4,6.6,0.0,0.0,0.0,0.0,0.0,7.3,0.0,0.0,0,0,0,0.0,0.0,0,0,0,0,2.8,13639.0,346,实迷文化,3男3女 4.0小时 进阶 2020.09发行,架空 推理 沉浸 都市,miquan_ipad_ratings.csv,miquan,ipad,3,3,6,,4.0,进阶,2020,9,6,2020-09-01,3-4h,True,False
1794,晴天梦到北京城,晴天梦到北京城,7.1,7.1,5.9,0.0,6.8,0.0,0.0,0.0,0.0,0.0,0.0,0,0,0,0.0,0.0,0,0,0,0,12895.0,19301.0,443,南昌罗生门推理室,4男3女 4.5小时 进阶 2021.01发行,中式 推理 欢乐 都市,miquan_ipad_ratings.csv,miquan,ipad,4,3,7,,4.5,进阶,2021,1,7,2021-01-01,4-5h,False,True
1795,miss致我们的旧时光,MISS致我们的旧时光,6.5,6.4,6.1,0.0,0.0,6.7,0.0,0.0,0.0,0.0,0.0,0,0,0,0.0,0.0,0,0,0,0,3.4,16314.0,281,天地之间,3男3女 4.5小时 进阶,中式 情感 沉浸 都市,miquan_ipad_ratings.csv,miquan,ipad,3,3,6,,4.5,进阶,,,6,,4-5h,True,False
1796,路灯屠夫,路灯屠夫,5.6,6.1,6.2,0.0,0.0,0.0,0.0,0.0,0.0,0.0,0.0,0,0,0,0.0,0.0,0,0,0,0,1617.0,22443.0,369,黑马剧制,百本选手说剧本:剧本《路灯屠夫》6人本 4男2女 剧本类型:盒装本 日式 推理本 游戏时间:5小时左右 这个剧本 给我的感觉就是 作者 没有写好 剧情 特别乱 还有一点惊悚 最后的视频 也是引起了 我的不适 设定 也不清楚 就很 突兀的一个 推理本,日式 推理 惊悚 都市,miquan_ipad_ratings.csv,miquan,ipad,4,2,6,6,5.0,,,,6,,4-5h,False,True
1797,扫黄,扫黄,5.7,6.1,6.4,0.0,6.1,0.0,0.0,0.0,0.0,0.0,0.0,0,0,0,0.0,0.0,0,0,0,0,996.0,17486.0,329,梦境岭剧本工作室,3男3女 4.0小时 新手 2021.08发行,港澳 推理 欢乐 都市,miquan_ipad_ratings.csv,miquan,ipad,3,3,6,,4.0,新手,2021,8,6,2021-08-01,3-4h,False,True
1798,福音,福音,6.0,0.0,0.0,0.0,0.0,0.0,0.0,0.0,0.0,0.0,0.0,0,0,0,0.0,0.0,0,0,0,0,2.6,0.0,0,屈指工作室,4男3女 4.0小时 高阶 2021.09发行,,miquan_ipad_ratings.csv,miquan,ipad,4,3,7,,4.0,高阶,2021,9,7,2021-09-01,3-4h,True,False
1799,玉龙吟,玉龙吟,6.2,6.7,0.0,0.0,0.0,6.6,0.0,0.0,0.0,0.0,0.0,0,0,0,0.0,6.3,0,0,0,0,9517.0,17611.0,303,葵花工作室,4男3女 4.0小时 进阶 2021.08发行,古风 阵营 博弈 武侠,miquan_ipad_ratings.csv,miquan,ipad,4,3,7,,4.0,进阶,2021,8,7,2021-08-01,3-4h,False,True
1800,无上,无上,7.8,7.1,0.0,0.0,7.3,0.0,0.0,0.0,0.0,0.0,0.0,0,0,0,0.0,7.3,0,0,0,0,5.8,42447.0,1288,浮生文宝工作室,5男3女 4.0小时 进阶 2021.01发行,架空 阵营 欢乐 武侠,miquan_ipad_ratings.csv,miquan,ipad,5,3,8,,4.0,进阶,2021,1,8,2021-01-01,3-4h,True,False
1801,朝花夕拾,朝花夕拾,7.2,6.9,0.0,0.0,0.0,7.1,6.6,0.0,0.0,0.0,0.0,0,0,0,0.0,0.0,0,0,0,0,7609.0,18096.0,321,羲和工作室,3男3女 4.5小时 新手 2020.11发行,架空 机制 沉浸 都市,miquan_ipad_ratings.csv,miquan,ipad,3,3,6,,4.5,新手,2020,11,6,2020-11-01,4-5h,False,True
1802,送你一朵小花花,送你一朵小花花,6.6,6.5,0.0,0.0,0.0,6.7,0.0,0.0,6.5,0.0,0.0,0,0,0,0.0,0.0,0,0,0,0,3.4,30528.0,577,笙笙剧制,类型：新手 情感 现代 微演绎 随机凶手（一个问题推理） 人数：4两男两女（私以为可以反串） 时长：2小时（画画占一半，半小时看本，...全文,中式 情感 沉浸 都市,miquan_ipad_ratings.csv,miquan,ipad,2,2,4,,2.0,新手,,,4,,<=3h,True,False
1803,让蝉声渐响,让蝉声渐响,6.6,6.8,6.7,0.0,0.0,0.0,0.0,0.0,0.0,0.0,0.0,0,0,0,6.7,0.0,0,0,0,0,1.4,79888.0,2251,隐匿角色,3男3女 4.5小时 进阶 2021.08发行,,miquan_ipad_ratings.csv,miquan,ipad,3,3,6,,4.5,进阶,2021,8,6,2021-08-01,4-5h,True,False
1804,十年,十年,7.2,7.0,0.0,0.0,0.0,0.0,6.5,0.0,6.8,0.0,0.0,0,0,0,0.0,0.0,0,0,0,0,7609.0,8352.0,158,無悟剧制,3男3女 4.0小时 进阶 2021.05发行,中式 机制 沉浸 都市,miquan_ipad_ratings.csv,miquan,ipad,3,3,6,,4.0,进阶,2021,5,6,2021-05-01,3-4h,False,True
1805,无耻之徒,恶名昭著2：无耻之徒,8.1,7.8,7.2,0.0,0.0,7.5,0.0,0.0,0.0,0.0,0.0,0,0,0,0.0,0.0,0,0,0,0,29823.0,58291.0,2521,东方剧制,4男3女 4.5小时 进阶 2021.07发行,,miquan_ipad_ratings.csv,miquan,ipad,4,3,7,,4.5,进阶,2021,7,7,2021-07-01,4-5h,False,True
1806,自杀派对,自杀派对,5.0,0.0,0.0,0.0,0.0,0.0,0.0,0.0,0.0,0.0,0.0,0,0,0,0.0,0.0,0,0,0,0,0.0,0.0,0,,3男3女 4.0小时 进阶,架空 推理 沉浸 校园,miquan_ipad_ratings.csv,miquan,ipad,3,3,6,,4.0,进阶,,,6,,3-4h,False,True
1808,山百合怒放的冬夜,山百合怒放的冬夜,8.5,7.9,7.7,7.5,0.0,0.0,0.0,0.0,0.0,0.0,0.0,0,0,0,0.0,0.0,0,0,0,0,41785.0,54217.0,3385,秘密档案馆,4男2女 4.0小时 高阶 2021.05发行,日式 推理 悬疑 都市,miquan_ipad_ratings.csv,miquan,ipad,4,2,6,,4.0,高阶,2021,5,6,2021-05-01,3-4h,False,True
1809,我一个人挺好,我一个人挺好,6.8,6.8,6.5,0.0,0.0,0.0,0.0,0.0,7.0,0.0,0.0,0,0,0,0.0,0.0,0,0,0,0,7609.0,6076.0,97,小宇宙工作室,3男4女 4.5小时 进阶,中式 机制 沉浸 都市,miquan_ipad_ratings.csv,miquan,ipad,3,4,7,,4.5,进阶,,,7,,4-5h,False,True
1810,诡书启示录,诡书启示录,6.9,6.8,0.0,6.7,0.0,0.0,6.5,0.0,0.0,0.0,0.0,0,0,0,0.0,0.0,0,0,0,0,2.6,9010.0,205,阿斯巴甜,2男3女 4.5小时 进阶 2021.07发行,,miquan_ipad_ratings.csv,miquan,ipad,2,3,5,,4.5,进阶,2021,7,5,2021-07-01,4-5h,True,False
1811,安娜前传 荼蘼花开,安娜前传：荼蘼花开,2.0,0.0,0.0,0.0,0.0,0.0,0.0,0.0,0.0,0.0,0.0,0,0,0,0.0,0.0,0,0,0,0,0.0,0.0,0,雲深工作室,3男3女 4.5小时 进阶 2021.09发行,,miquan_ipad_ratings.csv,miquan,ipad,3,3,6,,4.5,进阶,2021,9,6,2021-09-01,4-5h,False,True
1812,千佛梦,千佛梦,8.7,8.2,0.0,0.0,0.0,0.0,7.3,0.0,0.0,0.0,0.0,0,0,0,8.8,0.0,0,0,0,0,117132.0,168131.0,9718,表里山河创作,3男3女 4.5小时 新手 2021.08发行,古风 机制 立意 历史,miquan_ipad_ratings.csv,miquan,ipad,3,3,6,,4.5,新手,2021,8,6,2021-08-01,4-5h,False,True
1813,北京爱情图鉴,北京爱情图鉴,5.7,6.3,6.2,0.0,0.0,6.5,0.0,0.0,0.0,0.0,0.0,0,0,0,0.0,0.0,0,0,0,0,3.4,3235.0,46,司家侦探,3男3女 4.5小时 进阶 2021.03发行,中式 情感 沉浸 都市,miquan_ipad_ratings.csv,miquan,ipad,3,3,6,,4.5,进阶,2021,3,6,2021-03-01,4-5h,True,False
1814,世界上最美的溺水者,世界上最美的溺水者,8.0,7.6,6.3,0.0,0.0,7.6,0.0,0.0,0.0,0.0,0.0,0,0,0,0.0,0.0,0,0,0,0,6837.0,28968.0,839,SSR推理发行工作室,4男2女 4.0小时 进阶 2021.04发行,,miquan_ipad_ratings.csv,miquan,ipad,4,2,6,,4.0,进阶,2021,4,6,2021-04-01,3-4h,False,True
1815,燕书,燕书,6.2,6.4,5.9,0.0,0.0,0.0,0.0,0.0,6.5,0.0,0.0,0,0,0,0.0,0.0,0,0,0,0,2.8,8721.0,178,两级反转发行工作室,4男3女 4.0小时 进阶 2021.06发行,古风 推理 沉浸 都市,miquan_ipad_ratings.csv,miquan,ipad,4,3,7,,4.0,进阶,2021,6,7,2021-06-01,3-4h,True,False
1816,子时已到,子时已到,7.0,7.0,6.6,0.0,0.0,0.0,0.0,0.0,0.0,0.0,0.0,0,0,0,0.0,0.0,0,0,0,0,32908.0,106074.0,2701,津门探案; 水镜出品,4男2女 4.0小时 新手 2021.08发行,架空 推理 惊悚 新手,miquan_ipad_ratings.csv,miquan,ipad,4,2,6,,4.0,新手,2021,8,6,2021-08-01,3-4h,False,True
1817,案件重演,案件重演,7.8,7.3,0.0,0.0,7.5,0.0,6.9,0.0,0.0,0.0,0.0,0,0,0,0.0,0.0,0,0,0,0,3.8,195005.0,10197,A+剧本工作室,4男3女 4.0小时 进阶 2021.06发行,未来 机制 欢乐 刑侦,miquan_ipad_ratings.csv,miquan,ipad,4,3,7,,4.0,进阶,2021,6,7,2021-06-01,3-4h,True,False
1818,话事人,话事人,5.3,5.9,0.0,0.0,6.5,0.0,5.9,0.0,0.0,0.0,0.0,0,0,0,0.0,0.0,0,0,0,0,3.8,45227.0,809,两级反转发行工作室,4男2女 4.5小时 进阶 2021.08发行,港澳 机制 欢乐 都市,miquan_ipad_ratings.csv,miquan,ipad,4,2,6,,4.5,进阶,2021,8,6,2021-08-01,4-5h,True,False
1819,再见叶美娟,再见叶美娟,7.3,6.9,6.1,0.0,0.0,7.2,0.0,0.0,0.0,0.0,0.0,0,0,0,0.0,0.0,0,0,0,0,3.4,54211.0,1204,贱贱与杰西卡工作室,2男4女 4.0小时 进阶 2021.06发行,中式 情感 沉浸 都市,miquan_ipad_ratings.csv,miquan,ipad,2,4,6,,4.0,进阶,2021,6,6,2021-06-01,3-4h,True,False
1820,神奇的罗斯塔特先生,神奇的罗斯塔特先生,6.4,6.4,0.0,0.0,6.9,0.0,6.6,0.0,0.0,0.0,0.0,0,0,0,0.0,0.0,0,0,0,0,3.8,25166.0,472,子夜推理工作室,4男3女 4.0小时 进阶 2021.07发行,架空 机制 欢乐 动物,miquan_ipad_ratings.csv,miquan,ipad,4,3,7,,4.0,进阶,2021,7,7,2021-07-01,3-4h,True,False
1821,布达佩斯大饭店,布达佩斯大饭店2,8.2,7.8,7.4,7.4,0.0,0.0,0.0,0.0,0.0,0.0,0.0,0,0,0,0.0,0.0,0,0,0,0,17148.0,26164.0,1642,SSR推理发行工作室,4男2女 4.5小时 进阶,,miquan_ipad_ratings.csv,miquan,ipad,4,2,6,,4.5,进阶,,,6,,4-5h,False,True
1822,阎王不高兴,阎王不高兴,5.5,6.0,0.0,0.0,6.4,0.0,6.1,0.0,0.0,0.0,0.0,0,0,0,0.0,0.0,0,0,0,0,3.8,10090.0,172,空然新语,3男4女 4.0小时 进阶 2021.08发行,架空 机制 欢乐 动物,miquan_ipad_ratings.csv,miquan,ipad,3,4,7,,4.0,进阶,2021,8,7,2021-08-01,3-4h,True,False
1823,我从云中来,我从云中来,7.0,7.1,6.6,0.0,0.0,6.8,0.0,0.0,0.0,0.0,0.0,0,0,0,0.0,0.0,0,0,0,0,2.8,6247.0,114,云深不知处,4男3女 5.0小时 进阶 2021.02发行,古风 推理 沉浸 武侠,miquan_ipad_ratings.csv,miquan,ipad,4,3,7,,5.0,进阶,2021,2,7,2021-02-01,4-5h,True,False
1824,曦和失焰,曦和失焰,8.8,8.4,8.1,8.3,0.0,0.0,0.0,0.0,0.0,0.0,0.0,0,0,0,0.0,0.0,0,0,0,0,91999.0,122136.0,7845,稻草人工作室,4男3女 5.0小时 高阶 2020.09发行,架空 推理 悬疑 武侠,miquan_ipad_ratings.csv,miquan,ipad,4,3,7,,5.0,高阶,2020,9,7,2020-09-01,4-5h,False,True
1826,粟米苍生,粟米苍生,8.1,7.7,0.0,0.0,0.0,7.5,7.2,0.0,0.0,0.0,0.0,0,0,0,0.0,0.0,0,0,0,0,6842.0,32046.0,882,汽水互娱,补测系列🌟《粟米苍生》🌟 📖剧本类型：民国/沉浸/情感/高阶 👦玩家配置：三男三女 ⌚️体验时长：6-7小时 🧡体验角色：...全文,,miquan_ipad_ratings.csv,miquan,ipad,3,3,6,,7.0,高阶,,,6,,6-8h,False,True
1827,搞钱,搞钱！,7.4,6.8,0.0,0.0,7.7,0.0,7.2,0.0,0.0,0.0,0.0,0,0,0,0.0,0.0,0,0,0,0,3.8,199991.0,7510,知否文化,5男5女 4.0小时 新手 2021.07发行,架空 机制 欢乐 都市,miquan_ipad_ratings.csv,miquan,ipad,5,5,10,,4.0,新手,2021,7,10,2021-07-01,3-4h,True,False
1828,新倩女幽魂,新倩女幽魂,7.1,6.9,6.0,0.0,0.0,6.8,0.0,0.0,0.0,0.0,0.0,0,0,0,0.0,0.0,0,0,0,0,3.4,15903.0,318,我是谜剧制,3男3女 4.0小时 进阶 2021.08发行,古风 情感 沉浸 神话,miquan_ipad_ratings.csv,miquan,ipad,3,3,6,,4.0,进阶,2021,8,6,2021-08-01,3-4h,True,False
1829,末班车,末班车,8.2,7.6,0.0,0.0,0.0,0.0,0.0,0.0,7.2,0.0,0.0,0,0,0,0.0,7.8,0,0,0,0,6759.0,112882.0,4084,剧游方舟,5男2女 4.0小时 进阶 2021.08发行,,miquan_ipad_ratings.csv,miquan,ipad,5,2,7,,4.0,进阶,2021,8,7,2021-08-01,3-4h,False,True
1830,高级动物,高级动物,5.8,6.4,6.3,0.0,0.0,0.0,0.0,0.0,0.0,0.0,0.0,0,0,0,6.4,0.0,0,0,0,0,1.4,12675.0,230,叱鲸文化,4男2女 4.0小时 高阶 2021.08发行,,miquan_ipad_ratings.csv,miquan,ipad,4,2,6,,4.0,高阶,2021,8,6,2021-08-01,3-4h,True,False
1831,美丽新世界,美丽新世界,8.0,0.0,0.0,0.0,0.0,0.0,0.0,0.0,0.0,0.0,0.0,0,0,0,0.0,0.0,0,0,0,0,2.8,0.0,0,灰烬工作室,4男3女 6.0小时 高阶,中式 推理 沉浸 都市,miquan_ipad_ratings.csv,miquan,ipad,4,3,7,,6.0,高阶,,,7,,5-6h,True,False
1832,上仙请就位,上仙请就位,5.7,5.8,0.0,0.0,6.3,0.0,6.1,0.0,0.0,0.0,0.0,0,0,0,0.0,0.0,0,0,0,0,3.8,10556.0,207,两级反转发行工作室,5男4女 4.0小时 进阶 2021.07发行,架空 机制 欢乐 都市,miquan_ipad_ratings.csv,miquan,ipad,5,4,9,,4.0,进阶,2021,7,9,2021-07-01,3-4h,True,False
1833,嫁衣,嫁衣,6.4,6.7,0.0,0.0,6.9,0.0,0.0,0.0,0.0,0.0,0.0,0,0,0,0.0,6.9,0,0,0,0,5.8,10225.0,173,贵阳久弥工作室,5男3女 4.5小时 进阶 2021.04发行,,miquan_ipad_ratings.csv,miquan,ipad,5,3,8,,4.5,进阶,2021,4,8,2021-04-01,4-5h,True,False
1835,大山,大山,8.1,7.8,7.1,0.0,0.0,0.0,0.0,0.0,0.0,0.0,0.0,0,0,0,8.0,0.0,0,0,0,0,1.4,111723.0,4215,云深不知处,6男2女 4.0小时 进阶 2021.05发行,,miquan_ipad_ratings.csv,miquan,ipad,6,2,8,,4.0,进阶,2021,5,8,2021-05-01,3-4h,True,False
1836,尼克拉岛派对,尼克拉岛派对,4.0,4.9,0.0,0.0,5.8,0.0,5.2,0.0,0.0,0.0,0.0,0,0,0,0.0,0.0,0,0,0,0,3.8,10707.0,175,阿斯巴甜,百本选手说剧本:剧本《尼克拉岛派对》10人本 1男9女本 剧本类型:盒装本 团建欢乐本游戏时间:4小时左右 这个本 说的通俗一点 团建本 新手本 可以说是 剧本杀 最低的门槛了 再差点 就不行了 能玩 不建议玩 就是 公司 团建 或者 新手 第一个本 就挺一般的一个本 没有剧情 就是 胡闹 不推荐 不好玩,中式 机制 欢乐 都市,miquan_ipad_ratings.csv,miquan,ipad,1,9,10,10,4.0,新手,,,10,,3-4h,True,False
1838,恶魔诞生于午夜,恶魔诞生于午夜,6.0,6.5,6.7,0.0,0.0,0.0,0.0,0.0,0.0,0.0,0.0,0,0,0,6.3,0.0,0,0,0,0,1.4,10729.0,219,十库工作室,〖补测评〗 类型：推理 立意 微恐 人数：四男三女可反串 时长：4小时 体验角色...全文,,miquan_ipad_ratings.csv,miquan,ipad,4,3,7,,4.0,,,,7,,3-4h,True,False
1839,春昼短2,春昼短2,5.3,5.9,5.7,0.0,0.0,6.1,0.0,0.0,0.0,0.0,0.0,0,0,0,0.0,0.0,0,0,0,0,3.4,18253.0,255,阿斯巴甜,3男3女 4.0小时 进阶 2021.08发行,中式 情感 沉浸 都市,miquan_ipad_ratings.csv,miquan,ipad,3,3,6,,4.0,进阶,2021,8,6,2021-08-01,3-4h,True,False
1841,将至,将至,8.0,7.7,0.0,0.0,0.0,0.0,0.0,0.0,0.0,0.0,0.0,0,0,0,7.0,7.4,0,0,0,0,31622.0,53331.0,1799,老玉米联合工作室,5男4女 4.0小时 进阶 2020.12发行,,miquan_ipad_ratings.csv,miquan,ipad,5,4,9,,4.0,进阶,2020,12,9,2020-12-01,3-4h,False,True
1842,极昼之下,极昼之下,8.6,8.0,8.0,0.0,0.0,0.0,0.0,0.0,0.0,0.0,7.7,0,0,0,0.0,0.0,0,0,0,0,6.0,105506.0,6135,乱神企划工作室,4男3女 5.0小时 高阶 2021.04发行,,miquan_ipad_ratings.csv,miquan,ipad,4,3,7,,5.0,高阶,2021,4,7,2021-04-01,4-5h,True,False
1843,光阴,光阴,7.8,7.3,6.0,0.0,0.0,7.3,0.0,0.0,0.0,0.0,0.0,0,0,0,0.0,0.0,0,0,0,0,2.8,16775.0,318,长月文创,3男3女 4.0小时 进阶,中式 推理 沉浸 都市,miquan_ipad_ratings.csv,miquan,ipad,3,3,6,,4.0,进阶,,,6,,3-4h,True,False
1844,某某,某某,6.0,5.9,5.2,0.0,0.0,6.2,0.0,0.0,0.0,0.0,0.0,0,0,0,0.0,0.0,0,0,0,0,3.4,23370.0,565,半个谎言工作室,3男3女 4.0小时 新手 2021.06发行,中式 情感 沉浸 校园,miquan_ipad_ratings.csv,miquan,ipad,3,3,6,,4.0,新手,2021,6,6,2021-06-01,3-4h,True,False
1845,酒转乾坤,酒转乾坤,5.6,6.2,5.8,0.0,0.0,0.0,0.0,0.0,6.3,0.0,0.0,0,0,0,0.0,0.0,0,0,0,0,2.8,11468.0,167,三岁工作室,3男2女 3.5小时 新手 2021.05发行,中式 推理 沉浸 都市,miquan_ipad_ratings.csv,miquan,ipad,3,2,5,,3.5,新手,2021,5,5,2021-05-01,3-4h,True,False
1846,疑是星河落九天,疑是星河落九天,5.2,6.2,0.0,0.0,0.0,0.0,6.3,0.0,6.4,0.0,0.0,0,0,0,0.0,0.0,0,0,0,0,7609.0,7016.0,82,葵花工作室,5男3女 4.0小时 进阶 2021.07发行,古风 机制 沉浸 战争,miquan_ipad_ratings.csv,miquan,ipad,5,3,8,,4.0,进阶,2021,7,8,2021-07-01,3-4h,False,True
1848,什么是快乐星球,什么是快乐星球,6.3,6.5,6.2,0.0,6.6,0.0,0.0,0.0,0.0,0.0,0.0,0,0,0,0.0,0.0,0,0,0,0,573.0,9525.0,151,动物园发行工作室; 星探联盟工作室,3男2女 4.0小时 进阶 2021.06发行,中式 推理 欢乐 都市,miquan_ipad_ratings.csv,miquan,ipad,3,2,5,,4.0,进阶,2021,6,5,2021-06-01,3-4h,False,True
1849,我在明朝当海盗,我在明朝当海盗,5.8,5.9,0.0,0.0,6.2,0.0,0.0,0.0,0.0,0.0,0.0,0,0,0,0.0,6.0,0,0,0,0,5.8,16441.0,299,羲和工作室,6男2女 4.0小时 进阶 2021.07发行,古风 阵营 欢乐 战争,miquan_ipad_ratings.csv,miquan,ipad,6,2,8,,4.0,进阶,2021,7,8,2021-07-01,3-4h,True,False
1850,云上有个供销社,云上有个供销社,5.2,6.0,5.7,0.0,0.0,6.2,0.0,0.0,0.0,0.0,0.0,0,0,0,0.0,0.0,0,0,0,0,2.8,13908.0,224,九州长歌工作室,3男4女 4.0小时 进阶 2021.08发行,中式 推理 沉浸 都市,miquan_ipad_ratings.csv,miquan,ipad,3,4,7,,4.0,进阶,2021,8,7,2021-08-01,3-4h,True,False
1851,岳飞,岳飞,6.0,6.6,6.0,0.0,0.0,6.8,0.0,0.0,0.0,0.0,0.0,0,0,0,0.0,0.0,0,0,0,0,2.8,9781.0,109,非羽工作室,4男3女 4.0小时 进阶 2021.05发行,古风 推理 沉浸 武侠,miquan_ipad_ratings.csv,miquan,ipad,4,3,7,,4.0,进阶,2021,5,7,2021-05-01,3-4h,True,False
1852,奶茶冰淇淋,奶茶冰淇淋,5.7,6.1,5.6,0.0,0.0,6.4,0.0,0.0,0.0,0.0,0.0,0,0,0,0.0,0.0,0,0,0,0,2.8,7071.0,102,3101原创剧本工作室,3男4女 4.5小时 新手 2021.01发行,中式 推理 沉浸 都市,miquan_ipad_ratings.csv,miquan,ipad,3,4,7,,4.5,新手,2021,1,7,2021-01-01,4-5h,True,False
1853,骑在星河背上,骑在星河背上,6.0,6.3,0.0,0.0,0.0,6.5,0.0,0.0,0.0,6.5,0.0,0,0,0,0.0,0.0,0,0,0,0,6846.0,3872.0,59,剧游方舟,3男3女 4.0小时 新手 2021.06发行,,miquan_ipad_ratings.csv,miquan,ipad,3,3,6,,4.0,新手,2021,6,6,2021-06-01,3-4h,False,True
1854,洛阳东风几时来,洛阳东风几时来,5.3,5.8,5.9,0.0,0.0,5.9,0.0,0.0,0.0,0.0,0.0,0,0,0,0.0,0.0,0,0,0,0,3.4,7857.0,104,鑫鑫向上工作室,4男4女 4.5小时 新手 2021.04发行,古风 情感 沉浸 武侠,miquan_ipad_ratings.csv,miquan,ipad,4,4,8,,4.5,新手,2021,4,8,2021-04-01,4-5h,True,False
1855,兴·夜宴之乱,兴·夜宴之乱,6.0,0.0,0.0,0.0,0.0,0.0,0.0,0.0,0.0,0.0,0.0,0,0,0,0.0,0.0,0,0,0,0,7609.0,0.0,0,北京侦相大白工作室,3男3女 4.0小时 进阶 2020.08发行,古风 机制 沉浸 武侠,miquan_ipad_ratings.csv,miquan,ipad,3,3,6,,4.0,进阶,2020,8,6,2020-08-01,3-4h,False,True
1856,世界的尽头,世界的尽头,6.6,6.6,0.0,0.0,6.2,0.0,6.3,0.0,0.0,0.0,0.0,0,0,0,0.0,0.0,0,0,0,0,3.8,16110.0,310,剧游方舟,4男3女 4.5小时 进阶 2020.12发行,中式 机制 欢乐 都市,miquan_ipad_ratings.csv,miquan,ipad,4,3,7,,4.5,进阶,2020,12,7,2020-12-01,4-5h,True,False
1857,上帝不在的那一天,上帝不在的那一天,5.6,0.0,0.0,0.0,0.0,0.0,0.0,6.9,6.6,0.0,0.0,0,0,0,0.0,7.0,0,0,0,0,1.4,7828.0,127,DA剧本工场,4男3女 4.0小时 进阶 2021.07发行,,miquan_ipad_ratings.csv,miquan,ipad,4,3,7,,4.0,进阶,2021,7,7,2021-07-01,3-4h,True,False
1858,匹夫,匹夫,6.0,0.0,0.0,0.0,0.0,0.0,0.0,0.0,0.0,0.0,0.0,0,0,0,0.0,0.0,0,0,0,0,7609.0,0.0,0,X剧本工作室,3男2女 4.5小时 新手 2020.11发行,中式 机制 沉浸 都市,miquan_ipad_ratings.csv,miquan,ipad,3,2,5,,4.5,新手,2020,11,5,2020-11-01,4-5h,False,True
1859,庆余年,庆余年,4.3,5.5,0.0,0.0,5.5,0.0,5.5,0.0,0.0,0.0,0.0,0,0,0,0.0,0.0,0,0,0,0,3.8,11158.0,155,探案笔记,百本选手说剧本:剧本《庆余年》6人本 4男2女 剧本类型:盒装本 欢乐 机制本 游戏时间:4小时左右 第一次 打 剧本杀 坐牢 🈶一种 牢底坐穿的感觉 这个本 应该是 ip本 求求了 太离谱了 什么本呀？ 你敢让 一个玩家 一直原地不动的坐牢 机制本 就别写了 关键是 欢乐本 还 不欢乐 最后一翻页 啥呀？科幻 外星人👽 不想...全文,架空 机制 欢乐 都市,miquan_ipad_ratings.csv,miquan,ipad,4,2,6,6,4.0,,,,6,,3-4h,True,False
1860,似灵寺2,似灵寺2,7.2,6.6,0.0,0.0,0.0,6.9,6.6,0.0,0.0,0.0,0.0,0,0,0,0.0,0.0,0,0,0,0,2.1,62094.0,1238,鲸语文创,3男3女 4.0小时 新手 2021.07发行,中式 情感 食玩 新手,miquan_ipad_ratings.csv,miquan,ipad,3,3,6,,4.0,新手,2021,7,6,2021-07-01,3-4h,True,False
1861,千秋赋,千秋赋,7.3,7.1,0.0,0.0,0.0,7.3,0.0,0.0,0.0,7.0,0.0,0,0,0,0.0,0.0,0,0,0,0,6846.0,82745.0,2862,百转千回工作室,3男3女 5.0小时 进阶,古风 情感 演绎 家国,miquan_ipad_ratings.csv,miquan,ipad,3,3,6,,5.0,进阶,,,6,,4-5h,False,True
1862,你的礼物,你的礼物,4.9,6.1,5.7,0.0,0.0,6.6,0.0,0.0,0.0,0.0,0.0,0,0,0,0.0,0.0,0,0,0,0,6847.0,18471.0,199,梧桐监制工作室,4男3女 5.0小时 进阶 2021.05发行,,miquan_ipad_ratings.csv,miquan,ipad,4,3,7,,5.0,进阶,2021,5,7,2021-05-01,4-5h,False,True
1863,阿姐鼓,阿姐鼓,7.3,7.3,7.0,0.0,0.0,0.0,0.0,0.0,0.0,0.0,0.0,0,0,0,0.0,0.0,0,0,0,0,30257.0,110296.0,3527,老玉米联合工作室,百本选手说剧本:剧本《阿姐鼓》7人本 4女3男（可以反串）剧本类型:盒装本 推理本（微恐）变格本 游戏时间:4小时左右 👬适合人群：新...全文,,miquan_ipad_ratings.csv,miquan,ipad,,,,7,4.0,,,,7,,3-4h,False,True
1865,不负,不负,5.2,6.1,5.9,0.0,0.0,6.5,0.0,0.0,0.0,0.0,0.0,0,0,0,0.0,0.0,0,0,0,0,2.8,25136.0,482,山橘推理,2男3女 4.0小时 新手 2021.07发行,古风 推理 沉浸 武侠,miquan_ipad_ratings.csv,miquan,ipad,2,3,5,,4.0,新手,2021,7,5,2021-07-01,3-4h,True,False
1866,一口鸡腿子,一口鸡腿子,6.2,6.5,0.0,0.0,7.0,0.0,6.4,0.0,0.0,0.0,0.0,0,0,0,0.0,0.0,0,0,0,0,3.8,18584.0,338,这是家大发行工作室,4男3女 4.0小时 新手 2021.06发行,架空 机制 欢乐 动物,miquan_ipad_ratings.csv,miquan,ipad,4,3,7,,4.0,新手,2021,6,7,2021-06-01,3-4h,True,False
1867,求签,求签,7.0,0.0,0.0,0.0,0.0,0.0,0.0,0.0,0.0,0.0,0.0,0,0,0,0.0,0.0,0,0,0,0,0.0,0.0,0,乐克乐克工作室,4男2女 5.0小时 高阶,,miquan_ipad_ratings.csv,miquan,ipad,4,2,6,,5.0,高阶,,,6,,4-5h,False,True
1868,一夜暴富,一夜暴富,6.0,0.0,0.0,0.0,0.0,0.0,0.0,0.0,0.0,0.0,0.0,0,0,0,0.0,0.0,0,0,0,0,3.8,0.0,0,幻境剧本杀,4男3女 4.0小时 新手 2021.04发行,中式 机制 欢乐 都市,miquan_ipad_ratings.csv,miquan,ipad,4,3,7,,4.0,新手,2021,4,7,2021-04-01,3-4h,True,False
1869,盲点,盲点,8.0,7.5,7.7,7.2,0.0,0.0,0.0,0.0,0.0,0.0,0.0,0,0,0,0.0,0.0,0,0,0,0,40277.0,74978.0,2809,天津剧盟发行工作室,3男2女 5.0小时 高阶 2021.07发行,,miquan_ipad_ratings.csv,miquan,ipad,3,2,5,,5.0,高阶,2021,7,5,2021-07-01,4-5h,False,True
1870,白衣倾城,白衣倾城,8.6,8.3,0.0,0.0,0.0,7.5,7.6,0.0,0.0,0.0,0.0,0,0,0,0.0,0.0,0,0,0,0,3161.0,96569.0,4013,树人工作室,5男3女 7.0小时 进阶 2019.10发行,古风 机制 博弈 武侠,miquan_ipad_ratings.csv,miquan,ipad,5,3,8,,7.0,进阶,2019,10,8,2019-10-01,6-8h,False,True
1872,好名昭著,好名昭著,5.9,6.2,6.0,0.0,6.4,0.0,0.0,0.0,0.0,0.0,0.0,0,0,0,0.0,0.0,0,0,0,0,14608.0,31997.0,586,SSR推理发行工作室,3男3女 4.0小时 新手 2021.07发行,中式 推理 欢乐 都市,miquan_ipad_ratings.csv,miquan,ipad,3,3,6,,4.0,新手,2021,7,6,2021-07-01,3-4h,False,True
1874,silence天国,SILENCE：天国,5.5,6.1,6.2,6.1,0.0,0.0,0.0,0.0,0.0,0.0,0.0,0,0,0,0.0,0.0,0,0,0,0,7862.0,14732.0,285,新蜂工作室,3男3女 5.0小时 高阶 2020.06发行,,miquan_ipad_ratings.csv,miquan,ipad,3,3,6,,5.0,高阶,2020,6,6,2020-06-01,4-5h,False,True
1876,那皇军不是白来了吗,那皇军不是白来了吗,4.8,5.5,0.0,0.0,6.0,0.0,0.0,0.0,0.0,0.0,0.0,0,0,0,0.0,5.9,0,0,0,0,5.8,5017.0,67,打个鸡蛋文创剧制,5男3女 4.0小时 新手 2021.06发行,,miquan_ipad_ratings.csv,miquan,ipad,5,3,8,,4.0,新手,2021,6,8,2021-06-01,3-4h,True,False
1877,鬼计,鬼计,6.5,6.7,6.5,0.0,0.0,0.0,0.0,0.0,0.0,0.0,0.0,0,0,0,0.0,0.0,0,0,0,0,1405.0,15154.0,295,黑羽毛工作室; LARP原创工作室,2男3女 4.0小时 进阶 2021.06发行,,miquan_ipad_ratings.csv,miquan,ipad,2,3,5,,4.0,进阶,2021,6,5,2021-06-01,3-4h,False,True
1878,一言为定,一言为定,7.1,6.8,0.0,0.0,0.0,7.0,6.9,0.0,0.0,0.0,0.0,0,0,0,0.0,0.0,0,0,0,0,7609.0,33469.0,838,山橘推理; 西番推理,3男3女 4.0小时 新手 2021.06发行,日式 机制 沉浸 都市,miquan_ipad_ratings.csv,miquan,ipad,3,3,6,,4.0,新手,2021,6,6,2021-06-01,3-4h,False,True
1879,上元不禁夜,上元不禁夜,6.7,6.6,6.3,0.0,0.0,0.0,0.0,0.0,6.8,0.0,0.0,0,0,0,0.0,0.0,0,0,0,0,2.8,7186.0,127,灰帆文化,〖考古老本系列〗 剧本类型：古风 情感 演绎 微机制 还原 剧本人数：三男三女 体验时长：3-4小时 体验角...全文,古风 推理 沉浸 武侠,miquan_ipad_ratings.csv,miquan,ipad,3,3,6,,4.0,,,,6,,3-4h,True,False
1880,黑色麻花辫,黑色麻花辫,7.5,7.2,6.8,0.0,0.0,0.0,0.0,0.0,0.0,0.0,0.0,0,0,0,0.0,0.0,0,0,0,0,2673.0,22515.0,533,头号文创工作室; 奶凶奶凶剧本工作室,3男3女 4.5小时 新手 2021.06发行,港澳 推理 惊悚 新手,miquan_ipad_ratings.csv,miquan,ipad,3,3,6,,4.5,新手,2021,6,6,2021-06-01,4-5h,False,True
1881,心慌慌,心慌慌,4.5,5.4,0.0,0.0,0.0,0.0,0.0,5.6,0.0,0.0,0.0,0,0,0,0.0,0.0,0,0,0,0,11.3,41275.0,814,盛世剧制,3男4女 4.0小时 进阶 2021.07发行,,miquan_ipad_ratings.csv,miquan,ipad,3,4,7,,4.0,进阶,2021,7,7,2021-07-01,3-4h,True,False
1882,家长会,家长会,8.2,7.6,0.0,0.0,0.0,7.7,6.7,0.0,0.0,0.0,0.0,0,0,0,0.0,0.0,0,0,0,0,7609.0,45019.0,1466,核桃剧本工作室; 谜里文创工作室,4男2女 4.5小时 进阶 2021.01发行,中式 机制 沉浸 都市,miquan_ipad_ratings.csv,miquan,ipad,4,2,6,,4.5,进阶,2021,1,6,2021-01-01,4-5h,False,True
1884,山之神,山之神,7.8,7.4,6.1,0.0,0.0,7.7,0.0,0.0,0.0,0.0,0.0,0,0,0,0.0,0.0,0,0,0,0,3.4,153345.0,3768,白鹿书院,3男4女 4.0小时 新手 2021.07发行,中式 情感 沉浸 都市,miquan_ipad_ratings.csv,miquan,ipad,3,4,7,,4.0,新手,2021,7,7,2021-07-01,3-4h,True,False
1885,独木不成林,独木不成林,7.3,7.2,6.4,0.0,0.0,7.4,0.0,0.0,0.0,0.0,0.0,0,0,0,0.0,0.0,0,0,0,0,3.4,15168.0,271,LARP原创工作室,4男3女 4.0小时 进阶 2021.02发行,民国 情感 沉浸 战争,miquan_ipad_ratings.csv,miquan,ipad,4,3,7,,4.0,进阶,2021,2,7,2021-02-01,3-4h,True,False
1886,青灯引,青灯引,5.6,6.1,5.8,0.0,0.0,0.0,0.0,0.0,6.6,0.0,0.0,0,0,0,0.0,0.0,0,0,0,0,2.8,10235.0,143,草庐,4男2女 4.0小时 进阶,民国 推理 沉浸 都市,miquan_ipad_ratings.csv,miquan,ipad,4,2,6,,4.0,进阶,,,6,,3-4h,True,False
1887,星愿,星愿,6.4,6.4,5.5,0.0,0.0,6.6,0.0,0.0,0.0,0.0,0.0,0,0,0,0.0,0.0,0,0,0,0,5322.0,19619.0,373,FB发行工作室,3男3女 4.0小时 新手 2020.11发行,中式 情感 治愈 新手,miquan_ipad_ratings.csv,miquan,ipad,3,3,6,,4.0,新手,2020,11,6,2020-11-01,3-4h,False,True
1888,人偶之匣,人偶之匣,7.1,6.8,7.2,6.7,0.0,0.0,0.0,0.0,0.0,0.0,0.0,0,0,0,0.0,0.0,0,0,0,0,35135.0,78778.0,2216,灰烬工作室,4男3女 5.0小时 高阶 2021.06发行,日式 推理 悬疑 怪谈,miquan_ipad_ratings.csv,miquan,ipad,4,3,7,,5.0,高阶,2021,6,7,2021-06-01,4-5h,False,True
1889,青城山下,青城山下,5.5,6.2,0.0,0.0,6.2,0.0,0.0,0.0,0.0,0.0,0.0,0,0,0,0.0,6.1,0,0,0,0,5.8,34491.0,523,西昆仑发行工作室,百本选手说剧本:剧本《青城山下》7人本 4男3女 剧本类型:盒装本 欢乐 阵营本 游戏时间4.5小时左右 实话实说 我是冲着 青楼 第二部 来的 不过我 略显失望 我感觉 这个本 根本就 不好玩 一点也不 白蛇 也不欢乐 有点四不像的 感觉 🈶音频 🈶剧情 就是 不好玩 比 青楼 差远了 一个 不好玩的本 不推荐,,miquan_ipad_ratings.csv,miquan,ipad,4,3,7,7,4.5,,,,7,,4-5h,True,False
1890,海国图志,海国图志,5.8,6.7,0.0,0.0,0.0,0.0,6.4,0.0,0.0,0.0,0.0,0,0,0,6.7,0.0,0,0,0,0,387.0,3655.0,64,司家侦探,3男3女 4.5小时 进阶 2021.06发行,,miquan_ipad_ratings.csv,miquan,ipad,3,3,6,,4.5,进阶,2021,6,6,2021-06-01,4-5h,False,True
1891,当撒旦在犯罪,当撒旦在犯罪,6.6,6.7,6.8,0.0,0.0,0.0,0.0,0.0,0.0,0.0,0.0,0,0,0,6.3,0.0,0,0,0,0,1.4,32279.0,743,闲顽工作室; 山橘推理,第163本 时长：5小时 配置：5男1女 我现在打这种老明凶非豪门盒装本的水平简直菜得抠脚。即便所有评价都说是只适合新手的本，在我这里也属于推不出来扣头皮。这回玩下来更是再创...全文,日式 推理 立意 都市,miquan_ipad_ratings.csv,miquan,ipad,5,1,6,,5.0,新手,,,6,,4-5h,True,False
1892,死神，癫狂与逻辑学家,死神癫狂与逻辑学家,4.5,5.3,5.4,0.0,0.0,0.0,0.0,0.0,0.0,0.0,0.0,0,0,0,5.2,0.0,0,0,0,0,1.4,28240.0,474,松火推理; 东方剧制,3男3女 4.5小时 进阶 2021.07发行,,miquan_ipad_ratings.csv,miquan,ipad,3,3,6,,4.5,进阶,2021,7,6,2021-07-01,4-5h,True,False
1893,极夜,极夜,8.6,8.1,0.0,0.0,0.0,0.0,7.9,0.0,0.0,0.0,0.0,0,0,0,8.5,0.0,0,0,0,0,50762.0,76212.0,3802,表里山河创作,6男0女 4.0小时 新手 2021.03发行,欧美 机制 立意 新手,miquan_ipad_ratings.csv,miquan,ipad,6,0,6,,4.0,新手,2021,3,6,2021-03-01,3-4h,False,True
1896,逢山遇鬼,逢山遇鬼,7.5,7.5,0.0,0.0,0.0,0.0,0.0,7.2,0.0,0.0,0.0,0,0,0,0.0,0.0,0,0,0,0,11.3,155834.0,5039,沧之溟工作室,3男4女 4.0小时 新手 2021.05发行,,miquan_ipad_ratings.csv,miquan,ipad,3,4,7,,4.0,新手,2021,5,7,2021-05-01,3-4h,True,False
1897,银子那点事,银子那点事,5.8,6.2,0.0,0.0,6.5,0.0,6.2,0.0,0.0,0.0,0.0,0,0,0,0.0,0.0,0,0,0,0,3.8,3742.0,72,半子文娱,人数：（4人本）3男1女，可反串！ 类型：古风 欢乐|撕逼 游玩时间：1.5-3小时 角色： 布脱脱，男，烤肉摊摊主。 扈扈，女，...全文,架空 机制 欢乐 都市,miquan_ipad_ratings.csv,miquan,ipad,3,1,4,4,3.0,,,,4,,<=3h,True,False
1898,绝命赌局2命运摆渡,绝命赌局2：命运摆渡,5.3,5.7,5.7,0.0,6.8,0.0,0.0,0.0,0.0,0.0,0.0,0,0,0,0.0,0.0,0,0,0,0,983.0,15217.0,276,谜里文创工作室,4男3女 4.0小时 进阶 2021.06发行,中式 推理 欢乐 都市,miquan_ipad_ratings.csv,miquan,ipad,4,3,7,,4.0,进阶,2021,6,7,2021-06-01,3-4h,False,True
1899,月下孟婆汤,月下孟婆汤,6.5,6.3,0.0,0.0,0.0,6.6,0.0,0.0,0.0,6.8,0.0,0,0,0,0.0,0.0,0,0,0,0,6854.0,27693.0,538,红剧文化,3男3女 4.0小时 进阶 2020.09发行,古风 情感 演绎 玄幻,miquan_ipad_ratings.csv,miquan,ipad,3,3,6,,4.0,进阶,2020,9,6,2020-09-01,3-4h,False,True
1900,有钱能使鬼推磨,有钱能使鬼推磨,6.1,6.4,0.0,0.0,7.0,0.0,6.5,0.0,0.0,0.0,0.0,0,0,0,0.0,0.0,0,0,0,0,3.8,9262.0,127,ATM文创; 闲顽工作室,4男3女 4.0小时 进阶 2021.04发行,中式 机制 欢乐 都市,miquan_ipad_ratings.csv,miquan,ipad,4,3,7,,4.0,进阶,2021,4,7,2021-04-01,3-4h,True,False
1901,罪城之下,罪城之下,6.6,6.7,0.0,6.8,0.0,0.0,0.0,0.0,0.0,0.0,0.0,0,0,0,0.0,6.7,0,0,0,0,9517.0,4667.0,58,狂徒娱乐,5男2女 4.5小时 进阶 2021.06发行,,miquan_ipad_ratings.csv,miquan,ipad,5,2,7,,4.5,进阶,2021,6,7,2021-06-01,4-5h,False,True
1902,明天也是小春日和,明天也是小春日和,5.9,6.4,6.3,0.0,0.0,0.0,0.0,0.0,0.0,0.0,0.0,0,0,0,6.4,0.0,0,0,0,0,1.4,10175.0,166,水镜出品,4男3女 4.5小时 进阶 2021.06发行,日式 推理 立意 神话,miquan_ipad_ratings.csv,miquan,ipad,4,3,7,,4.5,进阶,2021,6,7,2021-06-01,4-5h,True,False
1903,兵临城下2你好新天津,兵临城下2：你好，新天津,6.2,6.6,0.0,0.0,0.0,6.6,0.0,0.0,0.0,0.0,0.0,0,0,0,0.0,5.9,0,0,0,0,3.4,85431.0,1576,老玉米联合工作室,4男4女 4.0小时 进阶 2021.06发行,民国 情感 沉浸 战争,miquan_ipad_ratings.csv,miquan,ipad,4,4,8,,4.0,进阶,2021,6,8,2021-06-01,3-4h,True,False
1904,黑子迷局2：无光诡局,黑子迷局2：无光诡局,6.1,6.4,0.0,6.5,0.0,0.0,6.6,0.0,0.0,0.0,0.0,0,0,0,0.0,0.0,0,0,0,0,2.6,7928.0,109,燃工作室,4男4女 4.0小时 高阶,,miquan_ipad_ratings.csv,miquan,ipad,4,4,8,,4.0,高阶,,,8,,3-4h,True,False
1905,打工人不讲武德 耗子尾汁,打工人不讲武德，耗子尾汁,2.0,0.0,0.0,0.0,0.0,0.0,0.0,0.0,0.0,0.0,0.0,0,0,0,0.0,0.0,0,0,0,0,3.8,0.0,0,推理大师,1男6女 4.0小时 新手 2020.12发行,中式 机制 欢乐 都市,miquan_ipad_ratings.csv,miquan,ipad,1,6,7,,4.0,新手,2020,12,7,2020-12-01,3-4h,True,False
1907,如月街7号,如月街7号,7.4,7.3,7.2,0.0,0.0,0.0,0.0,0.0,0.0,0.0,0.0,0,0,0,0.0,0.0,0,0,0,0,3843.0,2.3,595,肆言良语; 灯火阑珊,4男2女 4.5小时 进阶 2021.04发行,日式 推理 惊悚 都市,miquan_ipad_ratings.csv,miquan,ipad,4,2,6,,4.5,进阶,2021,4,6,2021-04-01,4-5h,False,True
1908,瓶中恶灵,瓶中恶灵,6.4,6.4,6.9,6.3,0.0,0.0,0.0,0.0,0.0,0.0,0.0,0,0,0,0.0,0.0,0,0,0,0,13551.0,21556.0,561,灰烬工作室,4男1女 4.5小时 进阶 2021.06发行,,miquan_ipad_ratings.csv,miquan,ipad,4,1,5,,4.5,进阶,2021,6,5,2021-06-01,4-5h,False,True
1909,死者在幻夜中醒来,死者在幻夜中醒来,8.9,8.4,8.7,0.0,0.0,0.0,0.0,0.0,0.0,0.0,0.0,0,0,0,0.0,0.0,0,0,0,0,181913.0,267256.0,29273,灰烬工作室,4男3女 5.5小时 高阶 2021.05发行,日式 推理 惊悚 怪谈,miquan_ipad_ratings.csv,miquan,ipad,4,3,7,,5.5,高阶,2021,5,7,2021-05-01,5-6h,False,True
1910,风中有朵雨做的云2-好春光,风中有朵雨做的云2：好春光,5.9,6.5,6.1,0.0,0.0,6.4,0.0,0.0,0.0,0.0,0.0,0,0,0,0.0,0.0,0,0,0,0,3.4,31785.0,449,西安蛛丝马迹,3男3女 4.0小时 进阶 2021.05发行,港澳 情感 沉浸 校园,miquan_ipad_ratings.csv,miquan,ipad,3,3,6,,4.0,进阶,2021,5,6,2021-05-01,3-4h,True,False
1911,遗容,遗容,6.6,6.7,6.6,0.0,0.0,0.0,0.0,0.0,0.0,0.0,0.0,0,0,0,0.0,0.0,0,0,0,0,592.0,5153.0,110,卡卡工作室,2男4女 4.0小时 进阶 2021.05发行,,miquan_ipad_ratings.csv,miquan,ipad,2,4,6,,4.0,进阶,2021,5,6,2021-05-01,3-4h,False,True
1912,打劫了之比惨大会,打劫了之比惨大会,6.4,6.8,0.0,0.0,7.0,0.0,6.5,0.0,0.0,0.0,0.0,0,0,0,0.0,0.0,0,0,0,0,3.8,3186.0,63,惊蛰推理,3男3女 4.5小时 进阶 2021.05发行,架空 机制 欢乐 都市,miquan_ipad_ratings.csv,miquan,ipad,3,3,6,,4.5,进阶,2021,5,6,2021-05-01,4-5h,True,False
1913,破晓,破晓,8.0,7.5,6.6,0.0,0.0,7.8,0.0,0.0,0.0,0.0,0.0,0,0,0,0.0,0.0,0,0,0,0,3.4,165142.0,9085,KEYS工作室; 青门引工作室,4男2女 4.0小时 新手 2021.01发行,中式 情感 沉浸 都市,miquan_ipad_ratings.csv,miquan,ipad,4,2,6,,4.0,新手,2021,1,6,2021-01-01,3-4h,True,False
1914,结婚大作战,结婚大作战,7.0,6.9,0.0,0.0,7.2,0.0,6.8,0.0,0.0,0.0,0.0,0,0,0,0.0,0.0,0,0,0,0,3.8,11944.0,205,3101原创剧本工作室,3男3女 4.0小时 新手 2021.05发行,中式 机制 欢乐 都市,miquan_ipad_ratings.csv,miquan,ipad,3,3,6,,4.0,新手,2021,5,6,2021-05-01,3-4h,True,False
1915,遗产2弱肉强食,遗产2：弱肉强食,3.0,0.0,0.0,0.0,0.0,0.0,0.0,0.0,0.0,0.0,0.0,0,0,0,0.0,0.0,0,0,0,0,3.8,0.0,0,壹月剧制,4男3女 4.5小时 进阶 2021.05发行,中式 机制 欢乐 都市,miquan_ipad_ratings.csv,miquan,ipad,4,3,7,,4.5,进阶,2021,5,7,2021-05-01,4-5h,True,False
1916,雨落赤城山,雨落赤城山,6.3,6.6,6.5,0.0,0.0,0.0,0.0,0.0,0.0,0.0,0.0,0,0,0,0.0,0.0,0,0,0,0,2910.0,35857.0,897,葵花工作室; 白夜梦发行工作室,3男3女 4.5小时 进阶 2021.06发行,日式 推理 惊悚 神话,miquan_ipad_ratings.csv,miquan,ipad,3,3,6,,4.5,进阶,2021,6,6,2021-06-01,4-5h,False,True
1917,纸帆,纸帆,7.2,6.8,6.3,0.0,0.0,6.9,0.0,0.0,0.0,0.0,0.0,0,0,0,0.0,0.0,0,0,0,0,3.4,23421.0,536,寒鸦工作室,3男3女 4.0小时 进阶 2021.02发行,中式 情感 沉浸 都市,miquan_ipad_ratings.csv,miquan,ipad,3,3,6,,4.0,进阶,2021,2,6,2021-02-01,3-4h,True,False
1919,外交官,外交官,7.5,7.1,0.0,0.0,0.0,0.0,0.0,0.0,0.0,0.0,0.0,0,0,0,7.7,6.6,0,0,0,0,17454.0,31637.0,701,Diary剧制,6男1女 4.5小时 进阶 2021.06发行,,miquan_ipad_ratings.csv,miquan,ipad,6,1,7,,4.5,进阶,2021,6,7,2021-06-01,4-5h,False,True
1921,病娇男孩的精分日记,病娇男孩的精分日记,8.9,8.5,8.0,0.0,0.0,0.0,0.0,0.0,0.0,0.0,0.0,0,0,0,0.0,0.0,0,0,0,0,199506.0,344824.0,33926,鑫梦人生,7男0女 5.0小时 进阶 2021.06发行,,miquan_ipad_ratings.csv,miquan,ipad,7,0,7,,5.0,进阶,2021,6,7,2021-06-01,4-5h,False,True
1922,蚊子血,蚊子血,6.0,6.5,0.0,0.0,6.7,0.0,6.6,0.0,0.0,0.0,0.0,0,0,0,0.0,0.0,0,0,0,0,308.0,4855.0,72,,3男3女 4.0小时 进阶 2021.04发行,中式 机制 欢乐 都市,miquan_ipad_ratings.csv,miquan,ipad,3,3,6,,4.0,进阶,2021,4,6,2021-04-01,3-4h,False,True
1923,请君入瓮,请君入瓮,7.9,7.6,0.0,0.0,0.0,7.8,0.0,0.0,0.0,8.2,0.0,0,0,0,0.0,0.0,0,0,0,0,6855.0,59308.0,8658,东方剧制; 玩物立志发行工作室,3男3女 7.0小时 新手 2025.10发行,古风 情感 演绎 其他,miquan_ipad_ratings.csv,miquan,ipad,3,3,6,,7.0,新手,2025,10,6,2025-10-01,6-8h,False,True
1924,在逃公主,在逃公主,7.2,7.0,5.9,0.0,0.0,6.9,0.0,0.0,0.0,0.0,0.0,0,0,0,0.0,0.0,0,0,0,0,3.4,36200.0,738,三宝殿,3男3女 4.0小时 新手 2021.03发行,欧美 情感 沉浸 童话,miquan_ipad_ratings.csv,miquan,ipad,3,3,6,,4.0,新手,2021,3,6,2021-03-01,3-4h,True,False
1925,越狱,越狱,5.5,5.8,0.0,0.0,6.6,0.0,6.2,0.0,0.0,0.0,0.0,0,0,0,0.0,0.0,0,0,0,0,3.8,20554.0,355,万物可爱,4男3女 4.0小时 新手 2021.04发行,中式 机制 欢乐 都市,miquan_ipad_ratings.csv,miquan,ipad,4,3,7,,4.0,新手,2021,4,7,2021-04-01,3-4h,True,False
1926,梦幻金银岛,梦幻金银岛,5.0,6.1,0.0,0.0,6.6,0.0,6.4,0.0,0.0,0.0,0.0,0,0,0,0.0,0.0,0,0,0,0,3.8,10925.0,121,Siren剧本工作室,第70本，梦幻金银岛 综合评分:1 剧本类型:机制阵营欢乐立意 人物角色:5男2女 时长:3.5小时 角色...全文,中式 机制 欢乐 都市,miquan_ipad_ratings.csv,miquan,ipad,5,2,7,,3.5,,,,7,,3-4h,True,False
1927,桔梗物语,桔梗物语,6.6,6.9,6.7,6.7,0.0,0.0,0.0,0.0,0.0,0.0,0.0,0,0,0,0.0,0.0,0,0,0,0,2836.0,22232.0,571,阿斯巴甜,【类型】：日式/ 情感/还原/ 变格 【人数】：4人2男2女 【时长】：3小时 人物介绍： 【新垣千鹤】 女，29岁，尚发开朗，家庭主妇，与渡边翔...全文,日式 推理 悬疑 都市,miquan_ipad_ratings.csv,miquan,ipad,2,2,4,4,3.0,,,,4,,<=3h,False,True
1929,闺蜜,闺蜜,8.0,0.0,0.0,0.0,0.0,0.0,0.0,0.0,0.0,0.0,0.0,0,0,0,0.0,0.0,0,0,0,0,2.8,0.0,0,梦境岭剧本工作室,1男4女 4.0小时 进阶 2021.02发行,中式 推理 沉浸 都市,miquan_ipad_ratings.csv,miquan,ipad,1,4,5,,4.0,进阶,2021,2,5,2021-02-01,3-4h,True,False
1930,我亲爱的老同学,Oh！我亲爱的老同学,8.0,0.0,0.0,0.0,0.0,0.0,0.0,0.0,0.0,0.0,0.0,0,0,0,0.0,0.0,0,0,0,0,0.0,0.0,0,沧之溟工作室,4男4女 4.5小时 进阶 2021.04发行,中式 推理 欢乐 都市,miquan_ipad_ratings.csv,miquan,ipad,4,4,8,,4.5,进阶,2021,4,8,2021-04-01,4-5h,False,True
1932,富婆,富婆,4.7,5.6,0.0,0.0,6.3,0.0,0.0,0.0,0.0,0.0,0.0,0,0,0,0.0,5.8,0,0,0,0,5.8,11585.0,173,久闻,4男4女 4.0小时 进阶 2021.04发行,,miquan_ipad_ratings.csv,miquan,ipad,4,4,8,,4.0,进阶,2021,4,8,2021-04-01,3-4h,True,False
1933,地府办事处,地府办事处,5.2,5.7,0.0,0.0,6.2,0.0,5.6,0.0,0.0,0.0,0.0,0,0,0,0.0,0.0,0,0,0,0,3.8,32195.0,549,羲和工作室,3男3女 4.0小时 新手 2021.05发行,架空 机制 欢乐 神话,miquan_ipad_ratings.csv,miquan,ipad,3,3,6,,4.0,新手,2021,5,6,2021-05-01,3-4h,True,False
1934,来电,来电,7.6,7.5,0.0,0.0,7.7,0.0,7.0,0.0,0.0,0.0,0.0,0,0,0,0.0,0.0,0,0,0,0,3.8,287862.0,17807,剧堆,3男3女 3.5小时 新手 2021.05发行,中式 机制 欢乐 都市,miquan_ipad_ratings.csv,miquan,ipad,3,3,6,,3.5,新手,2021,5,6,2021-05-01,3-4h,True,False
1936,神明酒局,游戏：神明酒局,6.7,6.9,0.0,0.0,7.1,0.0,0.0,0.0,0.0,0.0,0.0,0,0,0,0.0,6.9,0,0,0,0,5.8,3102.0,50,新物推理,3男3女 4.0小时 进阶 2021.05发行,,miquan_ipad_ratings.csv,miquan,ipad,3,3,6,,4.0,进阶,2021,5,6,2021-05-01,3-4h,True,False
1937,一枝红杏,一枝红杏,5.4,5.9,0.0,0.0,6.7,0.0,0.0,0.0,0.0,0.0,0.0,0,0,0,0.0,6.0,0,0,0,0,5.8,23074.0,397,盛世剧制,4男4女 4.0小时 新手 2021.04发行,古风 阵营 欢乐 都市,miquan_ipad_ratings.csv,miquan,ipad,4,4,8,,4.0,新手,2021,4,8,2021-04-01,3-4h,True,False
1938,它是龙,它是龙,5.9,6.3,0.0,0.0,0.0,0.0,6.2,0.0,0.0,0.0,0.0,0,0,0,6.5,0.0,0,0,0,0,10779.0,17837.0,239,SSR推理发行工作室,3男3女 4.0小时 进阶 2021.05发行,,miquan_ipad_ratings.csv,miquan,ipad,3,3,6,,4.0,进阶,2021,5,6,2021-05-01,3-4h,False,True
1939,备忘录死后即阅,备忘录：死后即阅,6.7,6.8,0.0,6.8,0.0,0.0,6.4,0.0,0.0,0.0,0.0,0,0,0,0.0,0.0,0,0,0,0,1.8,52425.0,1304,司家侦探,3男2女 5.0小时 高阶 2021.04发行,,miquan_ipad_ratings.csv,miquan,ipad,3,2,5,,5.0,高阶,2021,4,5,2021-04-01,4-5h,True,False
1940,赴国忧,赴国忧,6.3,6.6,0.0,0.0,0.0,0.0,0.0,0.0,6.2,0.0,0.0,0,0,0,0.0,6.7,0,0,0,0,2.3,25226.0,514,黑马剧制,3男3女 4.0小时 进阶 2021.05发行,,miquan_ipad_ratings.csv,miquan,ipad,3,3,6,,4.0,进阶,2021,5,6,2021-05-01,3-4h,True,False
1941,寅时一刻,寅时一刻之虚耗,4.0,0.0,0.0,0.0,0.0,0.0,0.0,0.0,0.0,0.0,0.0,0,0,0,0.0,0.0,0,0,0,0,0.0,0.0,0,打个鸡蛋文创剧制,3男3女 4.0小时 进阶,,miquan_ipad_ratings.csv,miquan,ipad,3,3,6,,4.0,进阶,,,6,,3-4h,False,True
1942,绿皮火车,绿皮火车,6.9,6.5,7.0,6.5,0.0,0.0,0.0,0.0,0.0,0.0,0.0,0,0,0,0.0,0.0,0,0,0,0,7555.0,12972.0,330,某部长工作室,4男2女 4.5小时 进阶 2020.04发行,,miquan_ipad_ratings.csv,miquan,ipad,4,2,6,,4.5,进阶,2020,4,6,2020-04-01,4-5h,False,True
1943,惠子2百鬼,惠子2：百鬼,5.8,6.5,0.0,0.0,0.0,0.0,6.1,0.0,0.0,0.0,0.0,0,0,0,0.0,0.0,0,0,0,0,471.0,23161.0,359,东方剧制,3男3女 4.0小时 进阶 2021.05发行,日式 机制 惊悚 校园,miquan_ipad_ratings.csv,miquan,ipad,3,3,6,,4.0,进阶,2021,5,6,2021-05-01,3-4h,False,True
1944,虫儿飞,虫儿飞,7.6,7.2,0.0,0.0,7.3,0.0,0.0,0.0,0.0,0.0,0.0,0,0,0,0.0,6.6,0,0,0,0,5.8,15816.0,237,卡卡工作室,3男3女 4.0小时 新手 2021.04发行,架空 阵营 欢乐 新手,miquan_ipad_ratings.csv,miquan,ipad,3,3,6,,4.0,新手,2021,4,6,2021-04-01,3-4h,True,False
1946,沙雕王国,沙雕王国,5.5,6.1,0.0,0.0,6.6,0.0,6.1,0.0,0.0,0.0,0.0,0,0,0,0.0,0.0,0,0,0,0,3.8,13748.0,170,2077剧本工作室; 千人千面剧本工作室,3男4女 4.0小时 进阶 2020.12发行,架空 机制 欢乐 童话,miquan_ipad_ratings.csv,miquan,ipad,3,4,7,,4.0,进阶,2020,12,7,2020-12-01,3-4h,True,False
1947,富士山下,富士山下,6.6,6.6,6.0,0.0,0.0,7.1,0.0,0.0,0.0,0.0,0.0,0,0,0,0.0,0.0,0,0,0,0,3.4,17058.0,287,FB发行工作室,4男2女 4.0小时 新手 2020.09发行,日式 情感 沉浸 都市,miquan_ipad_ratings.csv,miquan,ipad,4,2,6,,4.0,新手,2020,9,6,2020-09-01,3-4h,True,False
1949,竹书纪年,竹书纪年,6.8,6.8,0.0,0.0,0.0,6.7,0.0,0.0,0.0,6.7,0.0,0,0,0,0.0,0.0,0,0,0,0,6856.0,6057.0,81,白鹿书院,3男3女 4.0小时 进阶 2021.02发行,古风 情感 演绎 都市,miquan_ipad_ratings.csv,miquan,ipad,3,3,6,,4.0,进阶,2021,2,6,2021-02-01,3-4h,False,True
1950,七日怪谈,七日怪谈,6.1,6.4,6.5,0.0,5.9,0.0,0.0,0.0,0.0,0.0,0.0,0,0,0,0.0,0.0,0,0,0,0,11113.0,19932.0,386,黑眼圈工作室; 剧格工厂,4男3女 4.0小时 进阶 2021.04发行,日式 推理 欢乐 二次元,miquan_ipad_ratings.csv,miquan,ipad,4,3,7,,4.0,进阶,2021,4,7,2021-04-01,3-4h,False,True
1951,闹鬼的地下室,闹鬼的地下室,6.2,6.4,6.2,0.0,0.0,0.0,0.0,0.0,0.0,0.0,0.0,0,0,0,0.0,0.0,0,0,0,0,26798.0,66200.0,1304,水镜出品,4男3女 4.5小时 进阶 2020.04发行,,miquan_ipad_ratings.csv,miquan,ipad,4,3,7,,4.5,进阶,2020,4,7,2020-04-01,4-5h,False,True
1953,人间星火,人间星火,7.3,7.3,0.0,0.0,0.0,7.1,0.0,0.0,0.0,7.4,0.0,0,0,0,0.0,0.0,0,0,0,0,6856.0,31818.0,652,跳东湖工作室,3男2女 4.5小时 进阶 2021.01发行,,miquan_ipad_ratings.csv,miquan,ipad,3,2,5,,4.5,进阶,2021,1,5,2021-01-01,4-5h,False,True
1954,千千晚星,千千晚星,7.5,7.5,7.0,7.2,0.0,0.0,0.0,0.0,0.0,0.0,0.0,0,0,0,0.0,0.0,0,0,0,0,47034.0,70673.0,3608,稻草人工作室,5男3女 4.0小时 进阶 2020.01发行,,miquan_ipad_ratings.csv,miquan,ipad,5,3,8,,4.0,进阶,2020,1,8,2020-01-01,3-4h,False,True
1955,热搜,热搜,4.1,5.4,5.5,0.0,0.0,0.0,0.0,0.0,0.0,0.0,0.0,0,0,0,5.3,0.0,0,0,0,0,1.4,41748.0,787,隐匿角色,5男3女 5.0小时 高阶 2021.05发行,,miquan_ipad_ratings.csv,miquan,ipad,5,3,8,,5.0,高阶,2021,5,8,2021-05-01,4-5h,True,False
1958,别来无恙,别来无恙,5.9,6.0,5.1,0.0,0.0,6.2,0.0,0.0,0.0,0.0,0.0,0,0,0,0.0,0.0,0,0,0,0,3.4,48996.0,1166,曼珠沙华; 帽子戏法工作室,3男3女 4.0小时 进阶 2021.04发行,中式 情感 沉浸 都市,miquan_ipad_ratings.csv,miquan,ipad,3,3,6,,4.0,进阶,2021,4,6,2021-04-01,3-4h,True,False
1960,篆妖书,篆妖书,9.0,0.0,0.0,0.0,0.0,0.0,0.0,0.0,0.0,0.0,0.0,0,0,0,0.0,0.0,0,0,0,0,2.8,0.0,0,朋来仙境工作室,3男3女 4.0小时 进阶 2020.05发行,古风 推理 沉浸 玄幻,miquan_ipad_ratings.csv,miquan,ipad,3,3,6,,4.0,进阶,2020,5,6,2020-05-01,3-4h,True,False
1962,桃夭,桃夭,5.0,0.0,0.0,0.0,0.0,0.0,0.0,0.0,0.0,0.0,0.0,0,0,0,0.0,0.0,0,0,0,0,2.8,0.0,0,逍遥剧制,no.18 桃夭 dm对对对道长 kk推荐说这是个快车dm 均速两小时 确实也就2h搞定了 而且一个恐怖本完成了欢乐本 蛮开心的[坏笑] ​教主（不是原教主）：祭祀（原教主 男扮女装）你这个变态强暴自己的女儿 为了正义 我帮你毁灭证据吧,古风 推理 沉浸 仙侠,miquan_ipad_ratings.csv,miquan,ipad,,,,,2.0,,,,,,<=3h,True,False
1964,初雪,初雪,9.0,0.0,0.0,0.0,0.0,0.0,0.0,0.0,0.0,0.0,0.0,0,0,0,0.0,0.0,0,0,0,0,2.8,0.0,0,柒墨剧本发行工作室,2男2女 5.0小时 高阶,中式 推理 沉浸 都市,miquan_ipad_ratings.csv,miquan,ipad,2,2,4,,5.0,高阶,,,4,,4-5h,True,False
1966,冈比亚之死,冈比亚之死,5.0,0.0,0.0,0.0,0.0,0.0,0.0,0.0,0.0,0.0,0.0,0,0,0,0.0,0.0,0,0,0,0,0.0,0.0,0,,7男3女 4.5小时 进阶,,miquan_ipad_ratings.csv,miquan,ipad,7,3,10,,4.5,进阶,,,10,,4-5h,False,True
1967,当你熟睡时,当你熟睡时,9.0,0.0,0.0,0.0,0.0,0.0,0.0,0.0,0.0,0.0,0.0,0,0,0,0.0,0.0,0,0,0,0,2.8,0.0,0,A+剧本工作室,3男3女 4.5小时 进阶,中式 推理 沉浸 怪谈,miquan_ipad_ratings.csv,miquan,ipad,3,3,6,,4.5,进阶,,,6,,4-5h,True,False
1968,凤求凰,凤求凰,7.0,0.0,0.0,0.0,0.0,0.0,0.0,0.0,0.0,0.0,0.0,0,0,0,0.0,0.0,0,0,0,0,2.8,0.0,0,折子戏工作室,5男2女 4.5小时 进阶,古风 推理 沉浸 玄幻,miquan_ipad_ratings.csv,miquan,ipad,5,2,7,,4.5,进阶,,,7,,4-5h,True,False
1969,十三先生,十三先生,6.4,6.6,6.6,6.8,0.0,0.0,0.0,0.0,0.0,0.0,0.0,0,0,0,0.0,0.0,0,0,0,0,306.0,2274.0,43,迷雾学派,5男4女 4.0小时 进阶 2020.11发行,,miquan_ipad_ratings.csv,miquan,ipad,5,4,9,,4.0,进阶,2020,11,9,2020-11-01,3-4h,False,True
1971,小团圆,小团圆,9.0,0.0,0.0,0.0,0.0,0.0,0.0,0.0,0.0,0.0,0.0,0,0,0,0.0,0.0,0,0,0,0,2.8,0.0,0,春树工作室,2男3女 4.5小时 进阶,中式 推理 沉浸 都市,miquan_ipad_ratings.csv,miquan,ipad,2,3,5,,4.5,进阶,,,5,,4-5h,True,False
1972,你咋是个这,你咋是个这,5.0,0.0,0.0,0.0,0.0,0.0,0.0,0.0,0.0,0.0,0.0,0,0,0,0.0,0.0,0,0,0,0,3161.0,0.0,0,不止发行工作室,3男4女 4.0小时 进阶,,miquan_ipad_ratings.csv,miquan,ipad,3,4,7,,4.0,进阶,,,7,,3-4h,False,True
1973,贺兰宴,贺兰宴,5.5,6.7,0.0,0.0,0.0,6.8,0.0,0.0,0.0,0.0,0.0,0,0,0,0.0,6.6,0,0,0,0,2.3,6606.0,81,侦心不改,4男3女 4.5小时 进阶 2021.04发行,古风 阵营 沉浸 都市,miquan_ipad_ratings.csv,miquan,ipad,4,3,7,,4.5,进阶,2021,4,7,2021-04-01,4-5h,True,False
1974,追龙,追龙,6.2,6.7,0.0,0.0,6.5,0.0,6.7,0.0,0.0,0.0,0.0,0,0,0,0.0,0.0,0,0,0,0,3.8,9984.0,107,本匠; 低空飞行,6男2女 4.0小时 进阶 2021.01发行,港澳 机制 欢乐 都市,miquan_ipad_ratings.csv,miquan,ipad,6,2,8,,4.0,进阶,2021,1,8,2021-01-01,3-4h,True,False
1975,御镖行,御镖行,5.8,6.5,0.0,0.0,0.0,6.5,6.6,0.0,0.0,0.0,0.0,0,0,0,0.0,0.0,0,0,0,0,7609.0,3499.0,48,北京墨者文化,4男3女 4.0小时 进阶 2020.09发行,古风 机制 沉浸 武侠,miquan_ipad_ratings.csv,miquan,ipad,4,3,7,,4.0,进阶,2020,9,7,2020-09-01,3-4h,False,True
1976,金玉良缘,金玉良缘,5.6,5.8,0.0,0.0,6.5,0.0,0.0,0.0,0.0,0.0,0.0,0,0,0,0.0,6.1,0,0,0,0,5.8,39197.0,578,LARP原创工作室,4男4女 4.0小时 新手 2020.04发行,古风 阵营 欢乐 都市,miquan_ipad_ratings.csv,miquan,ipad,4,4,8,,4.0,新手,2020,4,8,2020-04-01,3-4h,True,False
1977,日日是好日,日日是好日,8.6,8.0,0.0,0.0,0.0,7.9,0.0,0.0,7.8,0.0,0.0,0,0,0,0.0,0.0,0,0,0,0,3.4,118196.0,5106,西安蛛丝马迹,《日日是好日》爱意不会消失，思念不会停止📽 （欢乐 情感 治愈·3男3女） ⏳：4.5小时 这是我一直很想打的本，身边朋友极力推荐...全文,日式 情感 沉浸 都市,miquan_ipad_ratings.csv,miquan,ipad,3,3,6,,4.5,,,,6,,4-5h,True,False
1979,那时的我们,那时的我们,6.1,6.2,5.4,0.0,0.0,6.3,0.0,0.0,0.0,0.0,0.0,0,0,0,0.0,0.0,0,0,0,0,3.4,87288.0,1454,壹直爽,【5小时/林泽/有略c位置/体验分：2分】 ❎一句话总结：免费都不建议玩 『🌟关键词：青春文学，剧情天雷，情感平淡，角色行为降智』 『🌟角色体验：男女角色没有明...全文,中式 情感 沉浸 校园,miquan_ipad_ratings.csv,miquan,ipad,,,,,5.0,,,,,,4-5h,True,False
1981,九霄,九霄,7.9,7.3,0.0,0.0,0.0,7.5,0.0,0.0,0.0,8.4,0.0,0,0,0,0.0,0.0,0,0,0,0,42562.0,81981.0,2647,,3男3女 4.0小时 进阶 2021.01发行,古风 情感 演绎 神话,miquan_ipad_ratings.csv,miquan,ipad,3,3,6,,4.0,进阶,2021,1,6,2021-01-01,3-4h,False,True
1982,刁民2,刁民2,5.6,5.8,0.0,0.0,6.6,0.0,5.5,0.0,0.0,0.0,0.0,0,0,0,0.0,0.0,0,0,0,0,3.8,65731.0,1127,好琦工作室,4男4女 4.0小时 新手 2021.04发行,现代 机制 欢乐 都市,miquan_ipad_ratings.csv,miquan,ipad,4,4,8,,4.0,新手,2021,4,8,2021-04-01,3-4h,True,False
1983,约本,约本,5.5,6.1,0.0,0.0,6.3,0.0,6.1,0.0,0.0,0.0,0.0,0,0,0,0.0,0.0,0,0,0,0,3.8,13251.0,190,嘿咔文创,5男3女 4.0小时 进阶 2021.04发行,中式 机制 欢乐 都市,miquan_ipad_ratings.csv,miquan,ipad,5,3,8,,4.0,进阶,2021,4,8,2021-04-01,3-4h,True,False
1984,如何杀死500万人,如何杀死500万人,5.9,6.2,6.0,0.0,0.0,0.0,0.0,0.0,0.0,0.0,0.0,0,0,0,6.5,0.0,0,0,0,0,500.0,11106.0,155,东方剧制,3男3女 4.5小时 进阶 2021.04发行,日式 推理 立意 都市,miquan_ipad_ratings.csv,miquan,ipad,3,3,6,,4.5,进阶,2021,4,6,2021-04-01,4-5h,False,True
1985,市井狂人,市井狂人,7.1,6.7,0.0,0.0,7.7,0.0,6.4,0.0,0.0,0.0,0.0,0,0,0,0.0,0.0,0,0,0,0,3.8,189686.0,6001,外星人,补测系列🌟《市井狂人》🌟 📖剧本类型:中式｜机制｜欢乐｜新手 👦玩家配置:五男两女（可以反串） 🕰体验时长:4-5小时 一部中式撕逼欢乐本，人物立绘有点港风漫...全文,中式 机制 欢乐 都市,miquan_ipad_ratings.csv,miquan,ipad,5,2,7,,5.0,新手,,,7,,4-5h,True,False
1986,老狗必须死,老狗必须死,6.3,6.8,0.0,0.0,7.0,0.0,6.8,0.0,0.0,0.0,0.0,0,0,0,0.0,0.0,0,0,0,0,3.8,4384.0,47,入戏文化,✨人数:3男3女 ✨类型:酒本 推理 欢乐 ✨时长:3～4小时 ✨剧本难度:⭐️⭐️ ✨剧情:⭐️⭐️ ✨情感:...全文,中式 机制 欢乐 都市,miquan_ipad_ratings.csv,miquan,ipad,3,3,6,,4.0,,,,6,,3-4h,True,False
1987,催婚,催婚,4.9,5.6,0.0,0.0,6.3,0.0,0.0,0.0,0.0,0.0,0.0,0,0,0,0.0,5.5,0,0,0,0,5.8,58452.0,869,空然新语; 非凡大陆工作室,4男4女 4.0小时 进阶 2021.04发行,,miquan_ipad_ratings.csv,miquan,ipad,4,4,8,,4.0,进阶,2021,4,8,2021-04-01,3-4h,True,False
1988,喜丧,喜丧,5.5,6.4,6.5,0.0,0.0,0.0,0.0,0.0,0.0,0.0,0.0,0,0,0,0.0,0.0,0,0,0,0,705.0,10022.0,153,卡卡工作室,2男3女 4.0小时 进阶 2021.03发行,,miquan_ipad_ratings.csv,miquan,ipad,2,3,5,,4.0,进阶,2021,3,5,2021-03-01,3-4h,False,True
1989,赘婿,赘婿,4.7,5.3,0.0,0.0,6.2,0.0,5.3,0.0,0.0,0.0,0.0,0,0,0,0.0,0.0,0,0,0,0,3.8,58805.0,1032,三岁工作室,3男3女 4.0小时 新手,架空 机制 欢乐 都市,miquan_ipad_ratings.csv,miquan,ipad,3,3,6,,4.0,新手,,,6,,3-4h,True,False
1991,与妻书,与妻书,5.5,6.3,0.0,0.0,0.0,6.4,5.7,0.0,0.0,0.0,0.0,0,0,0,0.0,0.0,0,0,0,0,7609.0,43055.0,630,探案笔记,4男3女 4.0小时 新手 2021.01发行,民国 机制 沉浸 家国,miquan_ipad_ratings.csv,miquan,ipad,4,3,7,,4.0,新手,2021,1,7,2021-01-01,3-4h,False,True
1992,宿醉2,宿醉2,5.1,5.7,0.0,0.0,6.2,0.0,5.5,0.0,0.0,0.0,0.0,0,0,0,0.0,0.0,0,0,0,0,33833.0,53362.0,779,小本买卖工作室,百本选手说剧本：剧本《宿醉2》6人本 3男3女 剧本类型：盒装本 新手本 欢乐本 游戏时间：2.5小时左右 避雷本 又一个 真的是 活久见 这个本 不如 第一部 最后的推凶 太牵强了 一部 不合格的 盒装本 1本 就5页 几百个字 2本 又是一个 通读本 盘凶🈚️证据 故事 比较简单 这个本 不好玩 且 什么乱七八糟的剧情 大家 注意...全文,中式 推理 欢乐 都市,miquan_ipad_ratings.csv,miquan,ipad,3,3,6,6,2.5,新手,,,6,,<=3h,False,True
1995,分手勿语,分手勿语,5.7,6.1,5.5,0.0,0.0,6.3,0.0,0.0,0.0,0.0,0.0,0,0,0,0.0,0.0,0,0,0,0,3.4,21806.0,339,跳！大神工作室,3男3女 4.5小时 进阶 2021.01发行,中式 情感 沉浸 都市,miquan_ipad_ratings.csv,miquan,ipad,3,3,6,,4.5,进阶,2021,1,6,2021-01-01,4-5h,True,False
1996,余温,余温,6.3,6.6,6.2,0.0,0.0,6.8,0.0,0.0,0.0,0.0,0.0,0,0,0,0.0,0.0,0,0,0,0,3.4,9135.0,135,XY侦探工作室,3男3女 4.0小时 进阶,中式 情感 沉浸 都市,miquan_ipad_ratings.csv,miquan,ipad,3,3,6,,4.0,进阶,,,6,,3-4h,True,False
1997,龙宴2旱城,龙宴2：旱城,6.3,6.5,0.0,0.0,6.5,0.0,0.0,0.0,0.0,0.0,0.0,0,0,0,0.0,6.6,0,0,0,0,5.8,95531.0,1639,黑马剧制,5男3女 4.0小时 进阶 2021.04发行,古风 阵营 欢乐 宫廷,miquan_ipad_ratings.csv,miquan,ipad,5,3,8,,4.0,进阶,2021,4,8,2021-04-01,3-4h,True,False
1998,漓川怪谈簿,漓川怪谈簿,8.9,8.5,0.0,8.0,0.0,0.0,0.0,8.4,0.0,0.0,0.0,0,0,0,0.0,0.0,0,0,0,0,5043.0,262727.0,26008,灰烬工作室,3男4女 4.0小时 进阶 2021.04发行,架空 机制 沉浸 进阶,miquan_ipad_ratings.csv,miquan,ipad,3,4,7,,4.0,进阶,2021,4,7,2021-04-01,3-4h,False,True
1999,反对无效,反对无效,4.4,5.5,0.0,5.5,0.0,0.0,5.5,0.0,0.0,0.0,0.0,0,0,0,0.0,0.0,0,0,0,0,2.6,30231.0,529,梦境岭剧本工作室,10男0女 5.0小时 高阶 2021.03发行,,miquan_ipad_ratings.csv,miquan,ipad,10,0,10,,5.0,高阶,2021,3,10,2021-03-01,4-5h,True,False
2000,忘川葬,忘川葬,6.7,6.9,0.0,0.0,0.0,0.0,6.7,0.0,0.0,0.0,0.0,0,0,0,0.0,0.0,0,0,0,0,1833.0,3710.0,72,佛言剧本工作室,5男3女 4.5小时 进阶 2020.09发行,,miquan_ipad_ratings.csv,miquan,ipad,5,3,8,,4.5,进阶,2020,9,8,2020-09-01,4-5h,False,True
2001,虚拟游戏,虚拟游戏,8.4,7.8,8.0,7.6,0.0,0.0,0.0,0.0,0.0,0.0,0.0,0,0,0,0.0,0.0,0,0,0,0,72015.0,114308.0,4270,慢热TUO,3男3女 5.0小时 进阶 2021.03发行,恐惧在蔓延，信任在崩塌！ 类型：科幻 硬核 还原 机制 设定 剧评：巧妙的手法，紧密的逻辑，一环扣一环的证据链，互相穿插的角色都能使玩家深陷其中 故事非常精彩，结构完整，实打实的硬核，...全文,miquan_ipad_ratings.csv,miquan,ipad,3,3,6,,5.0,进阶,2021,3,6,2021-03-01,4-5h,False,True
2002,诡计博物馆,诡计博物馆,5.7,6.1,6.4,6.0,0.0,0.0,0.0,0.0,0.0,0.0,0.0,0,0,0,0.0,0.0,0,0,0,0,30246.0,67239.0,1167,贵阳·不二,4男3女 5.0小时 进阶 2021.01发行,,miquan_ipad_ratings.csv,miquan,ipad,4,3,7,,5.0,进阶,2021,1,7,2021-01-01,4-5h,False,True
2003,时光博物馆,时光博物馆,8.4,7.6,7.5,0.0,0.0,7.2,0.0,0.0,0.0,0.0,0.0,0,0,0,0.0,0.0,0,0,0,0,2289.0,21846.0,565,小本买卖工作室,3男3女 4.0小时 进阶,,miquan_ipad_ratings.csv,miquan,ipad,3,3,6,,4.0,进阶,,,6,,3-4h,False,True
2004,国立第七中学,国立第七中学,9.0,0.0,0.0,0.0,0.0,0.0,0.0,0.0,0.0,0.0,0.0,0,0,0,0.0,0.0,0,0,0,0,0.0,0.0,0,海狸原创,3男2女 3.0小时 进阶 2020.10发行,日式 推理 惊悚 校园,miquan_ipad_ratings.csv,miquan,ipad,3,2,5,,3.0,进阶,2020,10,5,2020-10-01,<=3h,False,True
2005,暖阳,暖阳,10.0,0.0,0.0,0.0,0.0,0.0,0.0,0.0,0.0,0.0,0.0,0,0,0,0.0,0.0,0,0,0,0,2.8,0.0,0,荆棘博物馆,2男4女 4.0小时 进阶 2020.11发行,中式 推理 沉浸 都市,miquan_ipad_ratings.csv,miquan,ipad,2,4,6,,4.0,进阶,2020,11,6,2020-11-01,3-4h,True,False
2006,雀神,雀神,3.0,0.0,0.0,0.0,0.0,0.0,0.0,0.0,0.0,0.0,0.0,0,0,0,0.0,0.0,0,0,0,0,5.8,0.0,0,红中工作室,4男2女 3.0小时 新手 2019.11发行,,miquan_ipad_ratings.csv,miquan,ipad,4,2,6,,3.0,新手,2019,11,6,2019-11-01,<=3h,True,False
2007,请不要忘记我,请不要忘记我,10.0,0.0,0.0,0.0,0.0,0.0,0.0,0.0,0.0,0.0,0.0,0,0,0,0.0,0.0,0,0,0,0,2.8,0.0,0,北京侦相大白工作室,4男2女 4.0小时 新手 2020.11发行,中式 推理 沉浸 校园,miquan_ipad_ratings.csv,miquan,ipad,4,2,6,,4.0,新手,2020,11,6,2020-11-01,3-4h,True,False
2008,谁杀了大光头,谁杀了大光头,5.0,0.0,0.0,0.0,0.0,0.0,0.0,0.0,0.0,0.0,0.0,0,0,0,0.0,0.0,0,0,0,0,3.8,0.0,0,黑马剧制,5男1女 4.5小时 进阶 2020.12发行,架空 机制 欢乐 都市,miquan_ipad_ratings.csv,miquan,ipad,5,1,6,,4.5,进阶,2020,12,6,2020-12-01,4-5h,True,False
2009,涂川,涂川,7.3,0.0,0.0,0.0,0.0,7.3,0.0,0.0,7.3,7.3,0.0,0,0,0,0.0,0.0,0,0,0,0,6865.0,155660.0,4140,月影工作室,4男3女 4.5小时 进阶 2021.02发行,古风 情感 演绎 玄幻,miquan_ipad_ratings.csv,miquan,ipad,4,3,7,,4.5,进阶,2021,2,7,2021-02-01,4-5h,False,True
2010,死亡邀请函,死亡邀请函,6.6,6.5,6.5,0.0,0.0,0.0,0.0,0.0,0.0,0.0,0.0,0,0,0,0.0,0.0,0,0,0,0,312.0,3006.0,61,剧开心剧本杀工作室,4男3女 4.5小时 进阶,,miquan_ipad_ratings.csv,miquan,ipad,4,3,7,,4.5,进阶,,,7,,4-5h,False,True
2012,就像水消失在水中,就像水消失在水中,8.2,7.8,6.6,0.0,0.0,7.9,0.0,0.0,0.0,0.0,0.0,0,0,0,0.0,0.0,0,0,0,0,3.4,152658.0,5985,麻心汤圆; 杭州七分之三推理馆,3男3女 4.5小时 新手 2021.01发行,现代 情感 沉浸 其他,miquan_ipad_ratings.csv,miquan,ipad,3,3,6,,4.5,新手,2021,1,6,2021-01-01,4-5h,True,False
2013,七月十三,七月十三日,8.9,8.3,8.5,0.0,0.0,0.0,0.0,0.0,0.0,0.0,0.0,0,0,0,0.0,0.0,0,0,0,0,115994.0,118786.0,8005,灰烬工作室,4男2女 6.0小时 高阶 2019.11发行,日式 推理 惊悚 都市,miquan_ipad_ratings.csv,miquan,ipad,4,2,6,,6.0,高阶,2019,11,6,2019-11-01,5-6h,False,True
2015,答案,答案,7.1,6.9,6.8,0.0,0.0,6.7,0.0,0.0,0.0,0.0,0.0,0,0,0,0.0,0.0,0,0,0,0,2.8,4039.0,76,山南文创,4男2女 4.0小时 进阶 2020.04发行,架空 推理 沉浸 都市,miquan_ipad_ratings.csv,miquan,ipad,4,2,6,,4.0,进阶,2020,4,6,2020-04-01,3-4h,True,False
2016,尘哀,尘哀,6.6,6.7,6.4,0.0,0.0,6.6,0.0,0.0,0.0,0.0,0.0,0,0,0,0.0,0.0,0,0,0,0,2.8,28149.0,382,草庐,3男3女 4.0小时 进阶 2021.01发行,中式 推理 沉浸 都市,miquan_ipad_ratings.csv,miquan,ipad,3,3,6,,4.0,进阶,2021,1,6,2021-01-01,3-4h,True,False
2018,大雪满弓刀,大雪满弓刀,7.3,7.2,0.0,0.0,0.0,0.0,6.6,0.0,7.1,0.0,0.0,0,0,0,0.0,0.0,0,0,0,0,7608.0,7025.0,113,剧然工作室,5男1女 4.5小时 进阶 2020.09发行,古风 机制 沉浸 武侠,miquan_ipad_ratings.csv,miquan,ipad,5,1,6,,4.5,进阶,2020,9,6,2020-09-01,4-5h,False,True
2020,酒剑山河,酒剑山河,7.0,0.0,0.0,0.0,0.0,0.0,0.0,0.0,0.0,0.0,0.0,0,0,0,0.0,0.0,0,0,0,0,2.8,0.0,0,朋来仙境工作室,3男3女 4.0小时 进阶,古风 推理 沉浸 武侠,miquan_ipad_ratings.csv,miquan,ipad,3,3,6,,4.0,进阶,,,6,,3-4h,True,False
2021,暗剑,暗剑,6.6,6.4,0.0,0.0,6.6,0.0,0.0,0.0,0.0,0.0,0.0,0,0,0,0.0,6.6,0,0,0,0,5.8,3953.0,53,猫眼原创剧本,5男2女 4.0小时 进阶 2020.11发行,架空 阵营 欢乐 武侠,miquan_ipad_ratings.csv,miquan,ipad,5,2,7,,4.0,进阶,2020,11,7,2020-11-01,3-4h,True,False
2023,叫魂,叫魂,9.0,0.0,0.0,0.0,0.0,0.0,0.0,0.0,0.0,0.0,0.0,0,0,0,0.0,0.0,0,0,0,0,9517.0,0.0,0,谜团工作室,3男3女 4.0小时 进阶,,miquan_ipad_ratings.csv,miquan,ipad,3,3,6,,4.0,进阶,,,6,,3-4h,False,True
2024,都挺好,都挺好,7.0,0.0,0.0,0.0,0.0,0.0,0.0,0.0,0.0,0.0,0.0,0,0,0,0.0,0.0,0,0,0,0,6866.0,0.0,0,面游时代,2男4女 4.0小时 进阶 2021.01发行,,miquan_ipad_ratings.csv,miquan,ipad,2,4,6,,4.0,进阶,2021,1,6,2021-01-01,3-4h,False,True
2025,雕塑里的曼陀罗花,雕塑里的曼陀罗花,6.8,6.8,7.0,6.8,0.0,0.0,0.0,0.0,0.0,0.0,0.0,0,0,0,0.0,0.0,0,0,0,0,10491.0,18105.0,345,不计成本工作室,补测系列🌟《雕塑里的曼陀罗花》🌟 📖剧本类型:｜都市｜悬疑｜推理 🕰体验时长:5-6小时 👦玩家配置:四男三女 很早玩的一个推理本，应该是是我玩的第一...全文,,miquan_ipad_ratings.csv,miquan,ipad,4,3,7,,6.0,,,,7,,5-6h,False,True
2027,圈里圈外,圈里圈外,2.0,0.0,0.0,0.0,0.0,0.0,0.0,0.0,0.0,0.0,0.0,0,0,0,0.0,0.0,0,0,0,0,0.0,0.0,0,不挑事原创工作室,3男3女 4.0小时 进阶 2020.09发行,,miquan_ipad_ratings.csv,miquan,ipad,3,3,6,,4.0,进阶,2020,9,6,2020-09-01,3-4h,False,True
2028,十里荒村,十里荒村,6.0,6.4,6.3,0.0,0.0,0.0,0.0,0.0,0.0,0.0,0.0,0,0,0,0.0,0.0,0,0,0,0,1051.0,17171.0,299,葵花工作室,5男2女 4.0小时 进阶 2021.01发行,,miquan_ipad_ratings.csv,miquan,ipad,5,2,7,,4.0,进阶,2021,1,7,2021-01-01,3-4h,False,True
2029,挟剑惊风,挟剑惊风,7.6,7.3,0.0,0.0,0.0,7.5,0.0,0.0,0.0,7.5,0.0,0,0,0,0.0,0.0,0,0,0,0,6866.0,121355.0,5258,正阳工作室; 青门引工作室,4男3女 4.5小时 进阶,古风 情感 演绎 武侠,miquan_ipad_ratings.csv,miquan,ipad,4,3,7,,4.5,进阶,,,7,,4-5h,False,True
2030,野火,野火,6.8,7.0,0.0,0.0,6.5,0.0,0.0,0.0,0.0,0.0,0.0,0,0,0,0.0,6.5,0,0,0,0,5.8,9488.0,149,阿斯巴甜,3男3女 4.5小时 进阶 2021.01发行,,miquan_ipad_ratings.csv,miquan,ipad,3,3,6,,4.5,进阶,2021,1,6,2021-01-01,4-5h,True,False
2031,我要当顶流,我要当顶流,5.7,6.1,0.0,0.0,6.7,0.0,6.3,0.0,0.0,0.0,0.0,0,0,0,0.0,0.0,0,0,0,0,3.8,9990.0,138,灰帆文化,3男4女 4.0小时 进阶 2021.02发行,中式 机制 欢乐 都市,miquan_ipad_ratings.csv,miquan,ipad,3,4,7,,4.0,进阶,2021,2,7,2021-02-01,3-4h,True,False
2032,魂归,魂归,6.0,0.0,0.0,0.0,0.0,0.0,0.0,0.0,0.0,0.0,0.0,0,0,0,0.0,0.0,0,0,0,0,0.0,0.0,0,旖旎文化,4男2女 4.5小时 进阶,,miquan_ipad_ratings.csv,miquan,ipad,4,2,6,,4.5,进阶,,,6,,4-5h,False,True
2033,月落岛之影,月落岛之影,6.1,6.5,6.7,6.6,0.0,0.0,0.0,0.0,0.0,0.0,0.0,0,0,0,0.0,0.0,0,0,0,0,530.0,9612.0,162,Q糖文创,3男2女 5.0小时 高阶 2021.03发行,,miquan_ipad_ratings.csv,miquan,ipad,3,2,5,,5.0,高阶,2021,3,5,2021-03-01,4-5h,False,True
2034,年少不知软饭香,年少不知软饭香,5.3,5.3,0.0,0.0,6.0,0.0,5.1,0.0,0.0,0.0,0.0,0,0,0,0.0,0.0,0,0,0,0,3.8,44838.0,709,沧之溟工作室,4男3女 4.0小时 新手 2021.03发行,中式 机制 欢乐 都市,miquan_ipad_ratings.csv,miquan,ipad,4,3,7,,4.0,新手,2021,3,7,2021-03-01,3-4h,True,False
2035,被遗忘的时光,被遗忘的时光,6.6,6.8,6.4,0.0,0.0,6.6,0.0,0.0,0.0,0.0,0.0,0,0,0,0.0,0.0,0,0,0,0,2.8,29568.0,608,灰烬工作室,3男3女 5.0小时 高阶 2021.01发行,中式 推理 沉浸 都市,miquan_ipad_ratings.csv,miquan,ipad,3,3,6,,5.0,高阶,2021,1,6,2021-01-01,4-5h,True,False
2036,狐狸旅馆,狐狸旅馆,7.8,7.4,6.3,0.0,0.0,7.5,0.0,0.0,0.0,0.0,0.0,0,0,0,0.0,0.0,0,0,0,0,5322.0,38441.0,1281,折子戏工作室,3男4女 4.5小时 进阶,日式 情感 治愈 二次元,miquan_ipad_ratings.csv,miquan,ipad,3,4,7,,4.5,进阶,,,7,,4-5h,False,True
2037,特拉多亚,特拉多亚,6.8,6.8,6.6,0.0,0.0,0.0,0.0,0.0,0.0,0.0,0.0,0,0,0,6.6,0.0,0,0,0,0,1.4,23379.0,477,森罗万象剧本工作室,4男2女 5.0小时 高阶 2020.12发行,,miquan_ipad_ratings.csv,miquan,ipad,4,2,6,,5.0,高阶,2020,12,6,2020-12-01,4-5h,True,False
2039,最后的低语,最后的低语,7.2,7.2,0.0,0.0,0.0,0.0,6.7,0.0,0.0,0.0,0.0,0,0,0,0.0,0.0,0,0,0,0,1833.0,19454.0,408,慢热TUO,4男3女 4.5小时 进阶 2021.04发行,,miquan_ipad_ratings.csv,miquan,ipad,4,3,7,,4.5,进阶,2021,4,7,2021-04-01,4-5h,False,True
2041,成化十四年,成化十四年之暮雨洒江天,6.8,6.9,6.3,0.0,0.0,6.8,0.0,0.0,0.0,0.0,0.0,0,0,0,0.0,0.0,0,0,0,0,6868.0,28632.0,576,桌立方,3男3女 4.5小时 进阶 2020.09发行,古风 情感 演绎 武侠,miquan_ipad_ratings.csv,miquan,ipad,3,3,6,,4.5,进阶,2020,9,6,2020-09-01,4-5h,False,True
2042,恶名昭著,恶名昭著2：无耻之徒,8.1,7.8,7.2,0.0,0.0,7.5,0.0,0.0,0.0,0.0,0.0,0,0,0,0.0,0.0,0,0,0,0,29823.0,58291.0,2521,东方剧制,4男3女 4.5小时 进阶 2021.07发行,,miquan_ipad_ratings.csv,miquan,ipad,4,3,7,,4.5,进阶,2021,7,7,2021-07-01,4-5h,False,True
2043,归途,归途,8.0,7.1,0.0,0.0,0.0,7.1,6.4,0.0,0.0,0.0,0.0,0,0,0,0.0,0.0,0,0,0,0,7608.0,20708.0,395,归途工作室,4男3女 4.0小时 进阶 2020.03发行,中式 机制 沉浸 都市,miquan_ipad_ratings.csv,miquan,ipad,4,3,7,,4.0,进阶,2020,3,7,2020-03-01,3-4h,False,True
2044,云使,云使,8.8,8.5,7.8,0.0,0.0,8.1,0.0,0.0,0.0,0.0,0.0,0,0,0,0.0,0.0,0,0,0,0,3.4,128616.0,6014,慢热TUO,3男3女 4.5小时 进阶 2021.02发行,古风 情感 沉浸 历史,miquan_ipad_ratings.csv,miquan,ipad,3,3,6,,4.5,进阶,2021,2,6,2021-02-01,4-5h,True,False
2045,一点半,一点半,7.5,7.2,6.8,0.0,0.0,0.0,0.0,0.0,0.0,0.0,0.0,0,0,0,0.0,0.0,0,0,0,0,93681.0,240748.0,12788,空山工作室,3男3女 4.5小时 进阶 2021.02发行,,miquan_ipad_ratings.csv,miquan,ipad,3,3,6,,4.5,进阶,2021,2,6,2021-02-01,4-5h,False,True
2046,眠梦不老泉,眠梦不老泉,7.5,7.2,7.3,6.8,0.0,0.0,0.0,0.0,0.0,0.0,0.0,0,0,0,0.0,0.0,0,0,0,0,61407.0,150559.0,3438,阿斯巴甜,3男3女 5.0小时 高阶 2021.03发行,,miquan_ipad_ratings.csv,miquan,ipad,3,3,6,,5.0,高阶,2021,3,6,2021-03-01,4-5h,False,True
2047,月下沙利叶,月下沙利叶,8.9,8.4,0.0,8.6,0.0,0.0,0.0,8.3,0.0,0.0,0.0,0,0,0,0.0,0.0,0,0,0,0,5043.0,188310.0,16460,稻草人工作室,百本选手说剧本:剧本《月下沙利叶》6人本 3男3女（🉑以反串）剧本类型:独家本 变革本 还原本 微恐本（🉑加麻加辣）游戏时间:4小时左右（4小时～5小时） 👬适合人群：考古 ...全文,,miquan_ipad_ratings.csv,miquan,ipad,3,3,6,6,4.0,,,,6,,3-4h,False,True
2048,雾起云浮,雾起云浮,8.9,8.3,8.5,8.2,0.0,0.0,0.0,0.0,0.0,0.0,0.0,0,0,0,0.0,0.0,0,0,0,0,72969.0,115857.0,8258,智乐源文化,2男3女 5.0小时 进阶 2021.02发行,,miquan_ipad_ratings.csv,miquan,ipad,2,3,5,,5.0,进阶,2021,2,5,2021-02-01,4-5h,False,True
2049,怪物之家,怪物之家,6.1,6.7,0.0,0.0,0.0,0.0,0.0,0.0,0.0,0.0,0.0,0,0,0,6.5,6.5,0,0,0,0,613.0,7918.0,119,鑫梦人生,补测系列🌟《怪物之家》🌟 📖剧本类型:架空｜都市｜阵营｜立意 👦玩家配置:五男四女 🕰体验时长:4-5小时 这个本故事构架还是不错的，架空的背景人...全文,定位：阵营 机制 推理 人数：9人～ 时长：3...全文,miquan_ipad_ratings.csv,miquan,ipad,5,4,9,,5.0,,,,9,,4-5h,False,True
2050,演员,演员,5.9,6.6,5.9,0.0,0.0,6.7,0.0,0.0,0.0,0.0,0.0,0,0,0,0.0,0.0,0,0,0,0,3.4,23739.0,364,低空飞行,3男3女 4.0小时 新手 2020.09发行,中式 情感 沉浸 都市,miquan_ipad_ratings.csv,miquan,ipad,3,3,6,,4.0,新手,2020,9,6,2020-09-01,3-4h,True,False
2052,星火,《星火》,10.0,0.0,0.0,0.0,0.0,0.0,0.0,0.0,0.0,0.0,0.0,0,0,0,0.0,0.0,0,0,0,0,2.8,0.0,0,弥安般偌工作室,4男2女 4.5小时 新手 2020.12发行,民国 推理 沉浸 家国,miquan_ipad_ratings.csv,miquan,ipad,4,2,6,,4.5,新手,2020,12,6,2020-12-01,4-5h,True,False
2053,童心未泯,童心未泯,10.0,0.0,0.0,0.0,0.0,0.0,0.0,0.0,0.0,0.0,0.0,0,0,0,0.0,0.0,0,0,0,0,0.0,0.0,0,剧堆,百本选手说剧本:剧本《童心未泯》6人本 3男3女 剧本类型:盒装本 都市 推理本 游戏时间:3小时左右 实话实说 这个本 是我 第一次 接触 全息 投影 剧本杀 用 爱派 打本 大荧幕 投影 我是 大姑娘 上花轿 我头一回 我 记得 特别清楚 那天下午 我正在 电影院 看 魏君子 导演 的电影 《龙虎武师》然后 在某一个 群里说 ...全文,,miquan_ipad_ratings.csv,miquan,ipad,3,3,6,6,3.0,,,,6,,<=3h,False,True
2054,乱世巨星,乱世巨星,6.2,6.6,6.3,0.0,6.9,0.0,0.0,0.0,0.0,0.0,0.0,0,0,0,0.0,0.0,0,0,0,0,333.0,5760.0,89,戏班子发行工作室,3男2女 4.0小时 进阶 2020.12发行,中式 推理 欢乐 都市,miquan_ipad_ratings.csv,miquan,ipad,3,2,5,,4.0,进阶,2020,12,5,2020-12-01,3-4h,False,True
2055,八荒,八荒,6.1,6.7,0.0,6.6,0.0,0.0,0.0,0.0,0.0,0.0,0.0,0,0,0,0.0,6.6,0,0,0,0,9517.0,4454.0,69,戏精推理发行工作室,4男3女 4.5小时 进阶 2021.01发行,,miquan_ipad_ratings.csv,miquan,ipad,4,3,7,,4.5,进阶,2021,1,7,2021-01-01,4-5h,False,True
2057,幸好,幸好,8.0,0.0,0.0,0.0,0.0,0.0,0.0,0.0,0.0,0.0,0.0,0,0,0,0.0,0.0,0,0,0,0,2.8,0.0,0,老酒旧茶原创剧本工作室,3男2女 4.0小时 进阶,中式 推理 沉浸 都市,miquan_ipad_ratings.csv,miquan,ipad,3,2,5,,4.0,进阶,,,5,,3-4h,True,False
2058,许愿,许愿,8.3,7.5,7.7,0.0,0.0,0.0,0.0,0.0,0.0,0.0,0.0,0,0,0,0.0,0.0,0,0,0,0,2289.0,33565.0,1298,麻心汤圆,3男2女 4.5小时 进阶 2020.08发行,,miquan_ipad_ratings.csv,miquan,ipad,3,2,5,,4.5,进阶,2020,8,5,2020-08-01,4-5h,False,True
2059,珠光宝气2,珠光宝气2,4.5,5.6,0.0,0.0,6.3,0.0,5.9,0.0,0.0,0.0,0.0,0,0,0,0.0,0.0,0,0,0,0,3.8,12317.0,125,3101原创剧本工作室,4男3女 4.0小时 进阶 2020.12发行,中式 机制 欢乐 都市,miquan_ipad_ratings.csv,miquan,ipad,4,3,7,,4.0,进阶,2020,12,7,2020-12-01,3-4h,True,False
2060,我不是人你是真的狗,我不是人你是真的狗,6.0,6.6,0.0,0.0,7.0,0.0,6.4,0.0,0.0,0.0,0.0,0,0,0,0.0,0.0,0,0,0,0,3.8,9980.0,158,TheOne剧本工作室,第180本，我不是人你是真的狗 综合评分:3 剧本类型:欢乐机制情感 人物角色:5男3女 时长:4小时 角色...全文,架空 机制 欢乐 动物,miquan_ipad_ratings.csv,miquan,ipad,5,3,8,,4.0,,,,8,,3-4h,True,False
2061,温莎大厦,温莎大厦,6.7,6.8,6.8,0.0,0.0,0.0,0.0,0.0,0.0,0.0,0.0,0,0,0,0.0,0.0,0,0,0,0,331.0,5163.0,84,小公猫工作室,3男2女 4.0小时 进阶 2020.12发行,,miquan_ipad_ratings.csv,miquan,ipad,3,2,5,,4.0,进阶,2020,12,5,2020-12-01,3-4h,False,True
2062,人类灭绝计划,人类灭绝计划,5.0,0.0,0.0,0.0,0.0,0.0,0.0,0.0,0.0,0.0,0.0,0,0,0,0.0,0.0,0,0,0,0,9517.0,0.0,0,惊蛰推理,6男2女 5.0小时 高阶 2020.11发行,,miquan_ipad_ratings.csv,miquan,ipad,6,2,8,,5.0,高阶,2020,11,8,2020-11-01,4-5h,False,True
2063,致命协议,致命协议,6.1,6.5,6.5,0.0,0.0,0.0,0.0,0.0,0.0,0.0,0.0,0,0,0,0.0,0.0,0,0,0,0,2768.0,39844.0,740,貔貅文化; 黑马剧制,3男2女 4.5小时 进阶 2021.01发行,,miquan_ipad_ratings.csv,miquan,ipad,3,2,5,,4.5,进阶,2021,1,5,2021-01-01,4-5h,False,True
2064,遗产,遗产,5.2,5.8,0.0,0.0,6.5,0.0,0.0,0.0,0.0,0.0,0.0,0,0,0,0.0,5.9,0,0,0,0,5.8,28374.0,429,盛世剧制,4男4女 4.0小时 新手 2020.12发行,,miquan_ipad_ratings.csv,miquan,ipad,4,4,8,,4.0,新手,2020,12,8,2020-12-01,3-4h,True,False
2065,后宫,后宫,5.6,5.9,0.0,0.0,6.7,0.0,5.8,0.0,0.0,0.0,0.0,0,0,0,0.0,0.0,0,0,0,0,3.8,43975.0,923,无间剧制工作室,2男4女 4.5小时 进阶 2020.12发行,架空 机制 欢乐 宫廷,miquan_ipad_ratings.csv,miquan,ipad,2,4,6,,4.5,进阶,2020,12,6,2020-12-01,4-5h,True,False
2066,完美人生,完美人生,7.8,7.1,7.4,0.0,0.0,6.4,0.0,0.0,0.0,0.0,0.0,0,0,0,0.0,0.0,0,0,0,0,12329.0,15545.0,499,天津剧盟发行工作室,3男2女 4.5小时 高阶 2020.11发行,,miquan_ipad_ratings.csv,miquan,ipad,3,2,5,,4.5,高阶,2020,11,5,2020-11-01,4-5h,False,True
2067,老房子,老房子,6.6,6.9,0.0,0.0,0.0,7.0,0.0,0.0,0.0,6.9,0.0,0,0,0,0.0,0.0,0,0,0,0,6872.0,4660.0,62,诡迷剧本发行工作室,3男3女 4.5小时 进阶 2020.11发行,,miquan_ipad_ratings.csv,miquan,ipad,3,3,6,,4.5,进阶,2020,11,6,2020-11-01,4-5h,False,True
2069,金陵有座东君书院,金陵有座东君书院,8.4,7.9,6.8,0.0,0.0,7.9,0.0,0.0,0.0,0.0,0.0,0,0,0,0.0,0.0,0,0,0,0,3.4,168667.0,7015,LARP原创工作室,3男3女 5.5小时 新手 2020.11发行,古风 情感 沉浸 校园,miquan_ipad_ratings.csv,miquan,ipad,3,3,6,,5.5,新手,2020,11,6,2020-11-01,5-6h,True,False
2072,声声慢,声声慢,6.7,0.0,0.0,0.0,7.2,0.0,0.0,0.0,0.0,0.0,0.0,0,0,0,0.0,0.0,0,0,0,0,3.4,181739.0,5887,瓦特工作室,3男3女 4.0小时 新手 2021.01发行,古风 情感 沉浸 武侠,miquan_ipad_ratings.csv,miquan,ipad,3,3,6,,4.0,新手,2021,1,6,2021-01-01,3-4h,True,False
2073,春运,春运,5.4,0.0,0.0,0.0,0.0,7.0,0.0,0.0,0.0,0.0,7.0,0,0,0,0.0,6.9,0,0,0,0,3.8,65867.0,1026,空然新语; 非凡大陆工作室,5男3女 4.0小时 进阶 2021.01发行,中式 机制 欢乐 都市,miquan_ipad_ratings.csv,miquan,ipad,5,3,8,,4.0,进阶,2021,1,8,2021-01-01,3-4h,True,False
2074,渣女成长史,渣女成长史,3.5,4.4,0.0,0.0,4.8,0.0,4.4,0.0,0.0,0.0,0.0,0,0,0,0.0,0.0,0,0,0,0,3.8,42764.0,603,惊蛰推理,3男4女 4.0小时 新手 2021.01发行,中式 机制 欢乐 都市,miquan_ipad_ratings.csv,miquan,ipad,3,4,7,,4.0,新手,2021,1,7,2021-01-01,3-4h,True,False
2077,喜剧之王,喜剧之王,3.0,0.0,0.0,0.0,0.0,0.0,0.0,0.0,0.0,0.0,0.0,0,0,0,0.0,0.0,0,0,0,0,1.4,0.0,0,恩阿实景游戏,5男4女 3.0小时 新手 2019.12发行,,miquan_ipad_ratings.csv,miquan,ipad,5,4,9,,3.0,新手,2019,12,9,2019-12-01,<=3h,True,False
2079,剥离,剥离,6.6,6.9,6.9,6.9,0.0,0.0,0.0,0.0,0.0,0.0,0.0,0,0,0,0.0,0.0,0,0,0,0,250.0,2235.0,40,八方阁工作室,4男3女 5.0小时 高阶 2020.12发行,,miquan_ipad_ratings.csv,miquan,ipad,4,3,7,,5.0,高阶,2020,12,7,2020-12-01,4-5h,False,True
2080,卜卦,卜卦,6.7,6.7,6.8,0.0,0.0,0.0,0.0,0.0,0.0,0.0,0.0,0,0,0,0.0,0.0,0,0,0,0,5940.0,11068.0,157,葵花工作室,4男2女 5.0小时 高阶 2020.12发行,,miquan_ipad_ratings.csv,miquan,ipad,4,2,6,,5.0,高阶,2020,12,6,2020-12-01,4-5h,False,True
2081,布偶村,布偶村,8.0,0.0,0.0,0.0,0.0,0.0,0.0,0.0,0.0,0.0,0.0,0,0,0,0.0,0.0,0,0,0,0,1833.0,0.0,0,梦境岭剧本工作室,5男2女 4.0小时 进阶 2020.12发行,,miquan_ipad_ratings.csv,miquan,ipad,5,2,7,,4.0,进阶,2020,12,7,2020-12-01,3-4h,False,True
2082,朝暮与卿,朝暮与卿,8.0,0.0,0.0,0.0,0.0,0.0,0.0,0.0,0.0,0.0,0.0,0,0,0,0.0,0.0,0,0,0,0,2.8,0.0,0,天津剧盟发行工作室,3男3女 4.5小时 进阶 2020.11发行,古风 推理 沉浸 武侠,miquan_ipad_ratings.csv,miquan,ipad,3,3,6,,4.5,进阶,2020,11,6,2020-11-01,4-5h,True,False
2083,刺探,刺探,7.6,7.0,0.0,0.0,6.9,0.0,0.0,0.0,0.0,0.0,0.0,0,0,0,0.0,7.3,0,0,0,0,5.8,49096.0,1227,出山工作室,5男2女 4.0小时 进阶 2020.02发行,,miquan_ipad_ratings.csv,miquan,ipad,5,2,7,,4.0,进阶,2020,2,7,2020-02-01,3-4h,True,False
2084,合租房的秘密,合租房的秘密,5.4,6.0,0.0,0.0,6.4,0.0,0.0,0.0,0.0,0.0,0.0,0,0,0,0.0,6.0,0,0,0,0,5.8,9257.0,102,黑桃皇后工作室,百本选手说剧本：剧本《合租房的秘密》6人本 4男2女 剧本类型:盒装本 欢乐本 游戏时间:3小时左右 又是一个 避雷本 这个本 是一个 黄 爆 本 女性玩家 尤其 不适 3小时左右 打完 故事 有点 低俗 不建议打 这个本 老本了 以后 就都 别打了 避雷 这个本,,miquan_ipad_ratings.csv,miquan,ipad,4,2,6,6,3.0,,,,6,,<=3h,True,False
2085,黎丘丈人,黎丘丈人,8.0,0.0,0.0,0.0,0.0,0.0,0.0,0.0,0.0,0.0,0.0,0,0,0,0.0,0.0,0,0,0,0,1.4,0.0,0,天津剧盟发行工作室,3男3女 4.5小时 高阶 2020.10发行,,miquan_ipad_ratings.csv,miquan,ipad,3,3,6,,4.5,高阶,2020,10,6,2020-10-01,4-5h,True,False
2086,漫长的告白,漫长的告白,6.6,6.5,6.5,0.0,0.0,6.3,0.0,0.0,0.0,0.0,0.0,0,0,0,0.0,0.0,0,0,0,0,3.4,10892.0,206,惊蛰推理,4男2女 4.5小时 高阶 2020.11发行,中式 情感 沉浸 都市,miquan_ipad_ratings.csv,miquan,ipad,4,2,6,,4.5,高阶,2020,11,6,2020-11-01,4-5h,True,False
2087,全程无鬼,全程无鬼,6.0,0.0,0.0,0.0,0.0,0.0,0.0,0.0,0.0,0.0,0.0,0,0,0,0.0,0.0,0,0,0,0,0.0,0.0,0,均泽国风工作室,3男3女 4.5小时 进阶 2020.11发行,,miquan_ipad_ratings.csv,miquan,ipad,3,3,6,,4.5,进阶,2020,11,6,2020-11-01,4-5h,False,True
2088,森林王国之选美大赛,森林王国之选美大赛,4.4,5.2,0.0,0.0,5.8,0.0,0.0,0.0,0.0,0.0,0.0,0,0,0,0.0,5.4,0,0,0,0,5.8,14754.0,181,水镜出品,2男7女 4.0小时 进阶 2020.11发行,,miquan_ipad_ratings.csv,miquan,ipad,2,7,9,,4.0,进阶,2020,11,9,2020-11-01,3-4h,True,False
2089,食神,食神,4.9,5.7,0.0,0.0,6.4,0.0,6.3,0.0,0.0,0.0,0.0,0,0,0,0.0,0.0,0,0,0,0,3.8,9563.0,98,卡卡工作室,3男3女 4.0小时 进阶 2020.12发行,架空 机制 欢乐 都市,miquan_ipad_ratings.csv,miquan,ipad,3,3,6,,4.0,进阶,2020,12,6,2020-12-01,3-4h,True,False
2090,寺火明夜志,寺火明夜志,8.0,0.0,0.0,0.0,0.0,0.0,0.0,0.0,0.0,0.0,0.0,0,0,0,0.0,0.0,0,0,0,0,7608.0,0.0,0,两级反转发行工作室,3男2女 4.0小时 进阶 2020.11发行,日式 机制 沉浸 都市,miquan_ipad_ratings.csv,miquan,ipad,3,2,5,,4.0,进阶,2020,11,5,2020-11-01,3-4h,False,True
2091,铁锅炖大ne,铁锅炖大ne,5.8,6.5,0.0,0.0,6.7,0.0,6.6,0.0,0.0,0.0,0.0,0,0,0,0.0,0.0,0,0,0,0,3.8,3335.0,62,不止发行工作室,《铁锅炖大ne》 人数：6人 （2女4男） 时长：3—4小时 评价： 这个本非常欢乐，能够让人捧腹大笑， 每个人不仅要完成主线任务，还要完成每个...全文,中式 机制 欢乐 都市,miquan_ipad_ratings.csv,miquan,ipad,,,,6,4.0,,,,6,,3-4h,True,False
2092,我在看着你,我在看着你,5.0,0.0,0.0,0.0,0.0,0.0,0.0,0.0,0.0,0.0,0.0,0,0,0,0.0,0.0,0,0,0,0,0.0,0.0,0,青山归工作室,4男2女 4.5小时 进阶 2020.11发行,日式 推理 惊悚 都市,miquan_ipad_ratings.csv,miquan,ipad,4,2,6,,4.5,进阶,2020,11,6,2020-11-01,4-5h,False,True
2093,希夏邦马,希夏邦马,6.5,6.8,6.7,6.7,0.0,0.0,0.0,0.0,0.0,0.0,0.0,0,0,0,0.0,0.0,0,0,0,0,343.0,4219.0,53,九道街剧本工作室,3男3女 4.5小时 高阶 2020.12发行,,miquan_ipad_ratings.csv,miquan,ipad,3,3,6,,4.5,高阶,2020,12,6,2020-12-01,4-5h,False,True
2094,新鲜丧尸,新鲜丧尸已送达请签收,6.4,6.5,0.0,0.0,6.9,0.0,6.6,0.0,0.0,0.0,0.0,0,0,0,0.0,0.0,0,0,0,0,3.8,13187.0,211,鲜焰文化,5男2女 4.5小时 进阶 2020.11发行,未来 机制 欢乐 怪谈,miquan_ipad_ratings.csv,miquan,ipad,5,2,7,,4.5,进阶,2020,11,7,2020-11-01,4-5h,True,False
2095,在劫难逃,在劫难逃,8.0,0.0,0.0,0.0,0.0,0.0,0.0,0.0,0.0,0.0,0.0,0,0,0,0.0,0.0,0,0,0,0,0.0,0.0,0,小羊探案,4男2女 5.0小时 进阶 2022.10发行,,miquan_ipad_ratings.csv,miquan,ipad,4,2,6,,5.0,进阶,2022,10,6,2022-10-01,4-5h,False,True
2096,早安，打工人,早安，打工人,5.3,5.9,0.0,0.0,6.4,0.0,6.1,0.0,0.0,0.0,0.0,0,0,0,0.0,0.0,0,0,0,0,3.8,10271.0,124,天津第一现场,5男5女 4.5小时 新手 2020.12发行,中式 机制 欢乐 都市,miquan_ipad_ratings.csv,miquan,ipad,5,5,10,,4.5,新手,2020,12,10,2020-12-01,4-5h,True,False
2098,将宴,将宴,8.0,0.0,0.0,0.0,0.0,0.0,0.0,0.0,0.0,0.0,0.0,0,0,0,0.0,0.0,0,0,0,0,5043.0,0.0,0,真有戏工作室,4男3女 4.0小时 高阶 2020.12发行,,miquan_ipad_ratings.csv,miquan,ipad,4,3,7,,4.0,高阶,2020,12,7,2020-12-01,3-4h,False,True
2099,宝格丽之夜,宝格丽之夜,5.2,5.5,0.0,0.0,0.0,5.2,5.6,0.0,0.0,0.0,0.0,0,0,0,0.0,0.0,0,0,0,0,7608.0,126603.0,1741,月影工作室,4男4女 4.5小时 新手 2020.12发行,中式 机制 沉浸 都市,miquan_ipad_ratings.csv,miquan,ipad,4,4,8,,4.5,新手,2020,12,8,2020-12-01,4-5h,False,True
2100,杀戮之裔,杀戮之裔,6.4,6.9,6.9,0.0,0.0,6.7,0.0,0.0,0.0,0.0,0.0,0,0,0,0.0,0.0,0,0,0,0,2.8,3823.0,45,沧之溟工作室,3男3女 4.5小时 进阶 2020.12发行,日式 推理 沉浸 校园,miquan_ipad_ratings.csv,miquan,ipad,3,3,6,,4.5,进阶,2020,12,6,2020-12-01,4-5h,True,False
2102,晓人间.再见,晓人间·再见,6.2,6.3,6.2,0.0,0.0,6.6,0.0,0.0,0.0,0.0,0.0,0,0,0,0.0,0.0,0,0,0,0,3.4,28754.0,434,月石工作室,3男3女 4.0小时 新手 2020.12发行,中式 情感 沉浸 都市,miquan_ipad_ratings.csv,miquan,ipad,3,3,6,,4.0,新手,2020,12,6,2020-12-01,3-4h,True,False
2103,刺天,刺天,5.9,6.6,6.6,0.0,0.0,0.0,0.0,0.0,0.0,0.0,0.0,0,0,0,0.0,0.0,0,0,0,0,539.0,9862.0,132,阿斯巴甜,3男2女 4.5小时 高阶 2020.10发行,,miquan_ipad_ratings.csv,miquan,ipad,3,2,5,,4.5,高阶,2020,10,5,2020-10-01,4-5h,False,True
2104,孤独推理家,孤独推理家,6.5,6.6,6.1,0.0,0.0,6.9,0.0,0.0,0.0,0.0,0.0,0,0,0,0.0,0.0,0,0,0,0,2.8,9462.0,120,Siren剧本工作室,4男3女 4.0小时 进阶 2020.12发行,中式 推理 沉浸 其他,miquan_ipad_ratings.csv,miquan,ipad,4,3,7,,4.0,进阶,2020,12,7,2020-12-01,3-4h,True,False
2105,兵临城下,兵临城下,8.0,7.8,0.0,0.0,0.0,7.8,0.0,0.0,7.7,0.0,0.0,0,0,0,0.0,0.0,0,0,0,0,3.4,171595.0,5225,老玉米联合工作室,4男3女 4.5小时 进阶 2020.12发行,民国 情感 沉浸 战争,miquan_ipad_ratings.csv,miquan,ipad,4,3,7,,4.5,进阶,2020,12,7,2020-12-01,4-5h,True,False
2106,刺秦,刺秦,5.5,5.8,0.0,0.0,6.2,0.0,0.0,0.0,0.0,0.0,0.0,0,0,0,0.0,6.1,0,0,0,0,5.8,51695.0,891,隐证剧本工作室,5男4女 4.0小时 进阶 2021.01发行,,miquan_ipad_ratings.csv,miquan,ipad,5,4,9,,4.0,进阶,2021,1,9,2021-01-01,3-4h,True,False
2107,春昼短,春昼短,4.8,5.5,4.9,0.0,0.0,5.7,0.0,0.0,0.0,0.0,0.0,0,0,0,0.0,0.0,0,0,0,0,3.4,92313.0,1309,阿斯巴甜,“所爱隔山海，山海亦可平。” 类型：情感 现代 沉浸 微推理 时长：3小时（优点：短，不坐牢） 人数：三男三女 体验角色：何西西（没有角色贴我，就...全文,中式 情感 沉浸 都市,miquan_ipad_ratings.csv,miquan,ipad,3,3,6,,3.0,,,,6,,<=3h,True,False
2108,雾鸦馆,雾鸦馆,7.8,7.3,7.7,0.0,0.0,0.0,0.0,0.0,0.0,0.0,0.0,0,0,0,0.0,0.0,0,0,0,0,102434.0,192770.0,8665,灰烬工作室,4男2女 5.0小时 高阶 2020.12发行,架空 机制 沉浸 进阶,miquan_ipad_ratings.csv,miquan,ipad,4,2,6,,5.0,高阶,2020,12,6,2020-12-01,4-5h,False,True
2110,失格人间,失格人间,6.6,6.6,6.6,6.9,0.0,0.0,0.0,0.0,0.0,0.0,0.0,0,0,0,0.0,0.0,0,0,0,0,6226.0,11163.0,130,万游文创,5男2女 4.0小时 进阶 2020.06发行,,miquan_ipad_ratings.csv,miquan,ipad,5,2,7,,4.0,进阶,2020,6,7,2020-06-01,3-4h,False,True
2111,黑暗议会,黑暗议会,6.2,6.4,0.0,0.0,6.8,0.0,0.0,0.0,0.0,0.0,0.0,0,0,0,0.0,6.5,0,0,0,0,5.8,55179.0,1072,浮生文宝工作室,4男2女 4.0小时 新手 2020.10发行,欧美 阵营 欢乐 新手,miquan_ipad_ratings.csv,miquan,ipad,4,2,6,,4.0,新手,2020,10,6,2020-10-01,3-4h,True,False
2112,比武招亲,比武招亲,5.1,5.6,5.1,0.0,6.4,0.0,0.0,0.0,0.0,0.0,0.0,0,0,0,0.0,0.0,0,0,0,0,8891.0,54082.0,776,山橘推理; 3101原创剧本工作室,6男0女 4.0小时 新手 2020.12发行,架空 推理 欢乐 武侠,miquan_ipad_ratings.csv,miquan,ipad,6,0,6,,4.0,新手,2020,12,6,2020-12-01,3-4h,False,True
2113,似灵寺,似灵寺,5.7,5.8,0.0,0.0,0.0,6.3,5.7,0.0,0.0,0.0,0.0,0,0,0,0.0,0.0,0,0,0,0,7608.0,90787.0,1245,鲸语文创,3男3女 4.5小时 新手 2020.07发行,中式 机制 沉浸 都市,miquan_ipad_ratings.csv,miquan,ipad,3,3,6,,4.5,新手,2020,7,6,2020-07-01,4-5h,False,True
2114,死无对证,死无对证,6.3,6.7,6.5,6.5,0.0,0.0,0.0,0.0,0.0,0.0,0.0,0,0,0,0.0,0.0,0,0,0,0,12067.0,5240.0,522,低空飞行,3男3女 6.5小时 新手 2025.07发行,架空 推理 悬疑 新手,miquan_ipad_ratings.csv,miquan,ipad,3,3,6,,6.5,新手,2025,7,6,2025-07-01,6-8h,False,True
2116,长生叹,长生叹,5.9,6.4,6.2,0.0,0.0,6.4,0.0,0.0,0.0,0.0,0.0,0,0,0,0.0,0.0,0,0,0,0,3.4,24749.0,316,LARP原创工作室,3男3女 4.0小时 新手 2020.11发行,民国 情感 沉浸 都市,miquan_ipad_ratings.csv,miquan,ipad,3,3,6,,4.0,新手,2020,11,6,2020-11-01,3-4h,True,False
2119,剧名你定,剧名你定,5.9,6.2,6.4,0.0,0.0,0.0,0.0,0.0,0.0,0.0,0.0,0,0,0,0.0,0.0,0,0,0,0,672.0,11523.0,127,造梦人文创,3男3女 4.5小时 进阶 2020.11发行,,miquan_ipad_ratings.csv,miquan,ipad,3,3,6,,4.5,进阶,2020,11,6,2020-11-01,4-5h,False,True
2120,禁锢之地,禁锢之地,7.2,7.2,0.0,0.0,0.0,0.0,6.4,0.0,0.0,0.0,0.0,0,0,0,0.0,0.0,0,0,0,0,1833.0,26657.0,560,DA剧本工场; 雪人剧制,3男4女 4.0小时 进阶 2020.11发行,微恐剧本杀测评|逃出精神病院《禁锢之地》 题材：精神病院 海龟汤 类型：微恐 情感 还原 沉浸 人数：7人（3...全文,miquan_ipad_ratings.csv,miquan,ipad,3,4,7,,4.0,进阶,2020,11,7,2020-11-01,3-4h,False,True
2121,剑舞流炎,剑舞流炎,5.8,6.5,6.4,6.5,0.0,0.0,0.0,0.0,0.0,0.0,0.0,0,0,0,0.0,0.0,0,0,0,0,249.0,3220.0,52,嘉诺文化,4男2女 4.0小时 进阶 2020.09发行,,miquan_ipad_ratings.csv,miquan,ipad,4,2,6,,4.0,进阶,2020,9,6,2020-09-01,3-4h,False,True
2122,皇帝的荣耀,皇帝的荣耀,5.0,0.0,0.0,0.0,0.0,0.0,0.0,0.0,0.0,0.0,0.0,0,0,0,0.0,0.0,0,0,0,0,9.5,0.0,0,无垠工作室,4男2女 4.5小时 进阶 2020.10发行,欧美 机制 欢乐 宫廷,miquan_ipad_ratings.csv,miquan,ipad,4,2,6,,4.5,进阶,2020,10,6,2020-10-01,4-5h,True,False
2124,扶桑嫂,扶桑嫂,6.5,6.6,6.6,0.0,0.0,0.0,0.0,0.0,0.0,0.0,0.0,0,0,0,0.0,0.0,0,0,0,0,6990.0,18178.0,363,梦境岭剧本工作室,第17本 时长：3小时 配置：2男4女 DM：法老 让店家把恐怖氛围调到最低，其实就是一个带点氛围的三刀两毒本。三幕四个案件全是三刀两毒，...全文,,miquan_ipad_ratings.csv,miquan,ipad,2,4,6,,3.0,,,,6,,<=3h,False,True
2125,疯狂美食节3,疯狂美食节3,6.0,0.0,0.0,0.0,0.0,0.0,0.0,0.0,0.0,0.0,0.0,0,0,0,0.0,0.0,0,0,0,0,9.5,0.0,0,红泥小火炉工作室,3男4女 4.5小时 进阶 2020.09发行,架空 机制 欢乐 都市,miquan_ipad_ratings.csv,miquan,ipad,3,4,7,,4.5,进阶,2020,9,7,2020-09-01,4-5h,True,False
2126,璀璨星河,璀璨星河,5.9,6.4,6.4,0.0,0.0,6.3,0.0,0.0,0.0,0.0,0.0,0,0,0,0.0,0.0,0,0,0,0,3.4,13429.0,126,灰帆文化,3男3女 4.0小时 进阶 2020.11发行,未来 情感 沉浸 科幻,miquan_ipad_ratings.csv,miquan,ipad,3,3,6,,4.0,进阶,2020,11,6,2020-11-01,3-4h,True,False
2128,奥尔幼儿园,奥尔幼儿园,7.4,7.2,0.0,0.0,7.0,0.0,6.7,0.0,0.0,0.0,0.0,0,0,0,0.0,0.0,0,0,0,0,9.5,54815.0,837,猫头鹰剧能作,补测系列🌟《奥尔幼儿园》🌟 📖剧本类型:新手｜欢乐｜立意｜微情感 👦玩家配置:三男三女 🕰体验时长:4-5小时 这个本是个古早本了，当时刚玩剧本杀不久...全文,欧美 机制 欢乐 校园,miquan_ipad_ratings.csv,miquan,ipad,3,3,6,,5.0,新手,,,6,,4-5h,True,False
2129,雪封南川,雪封南川,4.0,0.0,0.0,0.0,0.0,0.0,0.0,0.0,0.0,0.0,0.0,0,0,0,0.0,0.0,0,0,0,0,9517.0,0.0,0,志异文创,5男2女 4.5小时 进阶 2019.10发行,,miquan_ipad_ratings.csv,miquan,ipad,5,2,7,,4.5,进阶,2019,10,7,2019-10-01,4-5h,False,True
2130,笑饮楼记,笑饮楼记,7.0,6.9,6.7,0.0,0.0,0.0,0.0,0.0,0.0,0.0,0.0,0,0,0,7.2,0.0,0,0,0,0,1.4,11758.0,173,有糖谋杀之谜工作室,4男2女 5.0小时 高阶 2020.09发行,,miquan_ipad_ratings.csv,miquan,ipad,4,2,6,,5.0,高阶,2020,9,6,2020-09-01,4-5h,True,False
2132,精神小伙,夜露死苦！进击的精神小伙,5.5,5.9,0.0,0.0,6.7,0.0,0.0,0.0,0.0,0.0,0.0,0,0,0,0.0,5.9,0,0,0,0,5.8,10308.0,157,闲顽工作室,5男3女 4.0小时 进阶 2020.11发行,,miquan_ipad_ratings.csv,miquan,ipad,5,3,8,,4.0,进阶,2020,11,8,2020-11-01,3-4h,True,False
2133,红衣男孩,红衣男孩,7.0,7.0,0.0,0.0,0.0,0.0,6.4,0.0,0.0,0.0,0.0,0,0,0,0.0,0.0,0,0,0,0,471.0,62197.0,1359,雪人剧制; ATM文创,微恐怖还原本《红衣男孩》这个本打完我几个晚上不敢关灯睡觉（朱小墨）就是儿子失踪要找儿子！剧情扣人心弦，沉浸感很棒！灯光、音效与剧本配合度很高。店好找，在中街附近，还算干净。 剧本人数:5人（2男3女）剧本时长:3-5小时,中式 机制 惊悚 新手,miquan_ipad_ratings.csv,miquan,ipad,2,3,5,5,5.0,,,,5,,4-5h,False,True
2134,持斧奥夫,持斧奥夫,8.9,8.3,8.7,0.0,0.0,0.0,0.0,0.0,0.0,0.0,0.0,0,0,0,0.0,0.0,0,0,0,0,136102.0,170062.0,13195,,4男2女 4.5小时 高阶 2020.11发行,,miquan_ipad_ratings.csv,miquan,ipad,4,2,6,,4.5,高阶,2020,11,6,2020-11-01,4-5h,False,True
2135,一座城,一座城,8.8,8.4,0.0,0.0,0.0,0.0,7.8,0.0,0.0,0.0,8.0,0,0,0,0.0,0.0,0,0,0,0,6090.0,168932.0,13159,老姜剧本,2男2女 4.5小时 进阶 2020.09发行,,miquan_ipad_ratings.csv,miquan,ipad,2,2,4,,4.5,进阶,2020,9,4,2020-09-01,4-5h,False,True
2136,七成熟,七成熟,5.9,6.7,6.6,0.0,6.7,0.0,0.0,0.0,0.0,0.0,0.0,0,0,0,0.0,0.0,0,0,0,0,8888.0,3441.0,43,井鸟工作室,4男2女 4.5小时 进阶 2020.11发行,中式 推理 欢乐 都市,miquan_ipad_ratings.csv,miquan,ipad,4,2,6,,4.5,进阶,2020,11,6,2020-11-01,4-5h,False,True
2137,第八个面具,第八个面具,7.6,7.2,0.0,0.0,0.0,0.0,0.0,7.2,0.0,0.0,0.0,0,0,0,7.0,0.0,0,0,0,0,6577.0,38886.0,849,沧之溟工作室,4男2女 4.5小时 进阶 2020.11发行,,miquan_ipad_ratings.csv,miquan,ipad,4,2,6,,4.5,进阶,2020,11,6,2020-11-01,4-5h,False,True
2138,白鲸,白鲸,7.0,0.0,0.0,0.0,0.0,0.0,0.0,0.0,0.0,0.0,0.0,0,0,0,0.0,0.0,0,0,0,0,3.4,0.0,0,梦境里发行工作室,4男2女 4.5小时 高阶 2020.11发行,架空 情感 沉浸 都市,miquan_ipad_ratings.csv,miquan,ipad,4,2,6,,4.5,高阶,2020,11,6,2020-11-01,4-5h,True,False
2139,剪烛夜行,剪烛夜行,3.0,0.0,0.0,0.0,0.0,0.0,0.0,0.0,0.0,0.0,0.0,0,0,0,0.0,0.0,0,0,0,0,0.0,0.0,0,X探案工作室,3男3女 4.5小时 进阶,,miquan_ipad_ratings.csv,miquan,ipad,3,3,6,,4.5,进阶,,,6,,4-5h,False,True
2140,林屋,林屋,7.0,0.0,0.0,0.0,0.0,0.0,0.0,0.0,0.0,0.0,0.0,0,0,0,0.0,0.0,0,0,0,0,2.8,0.0,0,奥弗赛文娱乐,4男2女 4.5小时 高阶 2020.04发行,中式 推理 沉浸 都市,miquan_ipad_ratings.csv,miquan,ipad,4,2,6,,4.5,高阶,2020,4,6,2020-04-01,4-5h,True,False
2141,逆河,逆河,6.1,6.8,6.5,0.0,0.0,6.8,0.0,0.0,0.0,0.0,0.0,0,0,0,0.0,0.0,0,0,0,0,2.8,4465.0,86,归一工作室,2男3女 4.0小时 新手 2020.06发行,中式 推理 沉浸 都市,miquan_ipad_ratings.csv,miquan,ipad,2,3,5,,4.0,新手,2020,6,5,2020-06-01,3-4h,True,False
2142,归墟,归墟,5.5,6.3,6.2,0.0,0.0,6.3,0.0,0.0,0.0,0.0,0.0,0,0,0,0.0,0.0,0,0,0,0,2.8,13192.0,169,灰帆文化,4男2女 4.0小时 进阶 2020.09发行,中式 推理 沉浸 校园,miquan_ipad_ratings.csv,miquan,ipad,4,2,6,,4.0,进阶,2020,9,6,2020-09-01,3-4h,True,False
2143,上青天,上青天,6.2,6.6,0.0,0.0,0.0,6.3,0.0,0.0,0.0,0.0,0.0,0,0,0,0.0,6.2,0,0,0,0,9517.0,28138.0,438,西昆仑发行工作室,4男3女 4.0小时 进阶 2020.07发行,,miquan_ipad_ratings.csv,miquan,ipad,4,3,7,,4.0,进阶,2020,7,7,2020-07-01,3-4h,False,True
2144,7号化工厂,7号化工厂,10.0,0.0,0.0,0.0,0.0,0.0,0.0,0.0,0.0,0.0,0.0,0,0,0,0.0,0.0,0,0,0,0,0.0,0.0,0,阿斯巴甜,3男3女 4.5小时 进阶 2020.10发行,,miquan_ipad_ratings.csv,miquan,ipad,3,3,6,,4.5,进阶,2020,10,6,2020-10-01,4-5h,False,True
2145,晚点,晚点,6.6,6.8,6.3,0.0,0.0,0.0,0.0,0.0,6.6,0.0,0.0,0,0,0,0.0,0.0,0,0,0,0,2.8,49578.0,684,西安蛛丝马迹; 巴旦木工作室,3男3女 4.0小时 进阶 2020.11发行,中式 推理 沉浸 都市,miquan_ipad_ratings.csv,miquan,ipad,3,3,6,,4.0,进阶,2020,11,6,2020-11-01,3-4h,True,False
2147,你好,你好,4.1,4.9,4.3,0.0,0.0,5.4,0.0,0.0,0.0,0.0,0.0,0,0,0,0.0,0.0,0,0,0,0,3.4,143406.0,2605,剧鱼; 梦墨绘梦馆,3男3女 4.5小时 新手 2020.11发行,中式 情感 沉浸 都市,miquan_ipad_ratings.csv,miquan,ipad,3,3,6,,4.5,新手,2020,11,6,2020-11-01,4-5h,True,False
2149,遗作,遗作,6.8,6.8,6.5,0.0,0.0,0.0,0.0,0.0,6.6,0.0,0.0,0,0,0,0.0,0.0,0,0,0,0,2.8,9611.0,164,推理大师,第204本 时长：3.5小时 配置：3男2女 很简单的一个本，适合新手，如果不纠结细节甚至2小时就能结束。 剧本结构是破冰+5逻辑题竞速+2明凶案+...全文,日式 推理 沉浸 都市,miquan_ipad_ratings.csv,miquan,ipad,3,2,5,,3.5,新手,,,5,,3-4h,True,False
2150,瑶池梦,瑶池梦,8.0,0.0,0.0,0.0,0.0,0.0,0.0,0.0,0.0,0.0,0.0,0,0,0,0.0,0.0,0,0,0,0,7608.0,0.0,0,真相骑士,4男3女 4.5小时 进阶 2020.08发行,古风 机制 沉浸 历史,miquan_ipad_ratings.csv,miquan,ipad,4,3,7,,4.5,进阶,2020,8,7,2020-08-01,4-5h,False,True
2151,赎心湖,赎心湖,5.0,0.0,0.0,0.0,0.0,0.0,0.0,0.0,0.0,0.0,0.0,0,0,0,0.0,0.0,0,0,0,0,1.1,0.0,0,布偶剧本工作室,3男3女 4.5小时 进阶 2020.04发行,,miquan_ipad_ratings.csv,miquan,ipad,3,3,6,,4.5,进阶,2020,4,6,2020-04-01,4-5h,True,False
2152,十间,十间,7.0,0.0,0.0,0.0,0.0,0.0,0.0,0.0,0.0,0.0,0.0,0,0,0,0.0,0.0,0,0,0,0,7608.0,0.0,0,佛系工作室,3男4女 4.5小时 进阶 2020.10发行,中式 机制 沉浸 都市,miquan_ipad_ratings.csv,miquan,ipad,3,4,7,,4.5,进阶,2020,10,7,2020-10-01,4-5h,False,True
2153,请回乡1988,请回乡1988,4.0,0.0,0.0,0.0,0.0,0.0,0.0,0.0,0.0,0.0,0.0,0,0,0,0.0,0.0,0,0,0,0,8889.0,0.0,0,葫芦世界,4男2女 4.5小时 进阶 2020.10发行,中式 推理 欢乐 都市,miquan_ipad_ratings.csv,miquan,ipad,4,2,6,,4.5,进阶,2020,10,6,2020-10-01,4-5h,False,True
2154,陆家公馆,陆家公馆,7.0,0.0,0.0,0.0,0.0,0.0,0.0,0.0,0.0,0.0,0.0,0,0,0,0.0,0.0,0,0,0,0,7608.0,0.0,0,雪人剧制,4男2女 4.5小时 进阶 2021.10发行,民国 机制 沉浸 战争,miquan_ipad_ratings.csv,miquan,ipad,4,2,6,,4.5,进阶,2021,10,6,2021-10-01,4-5h,False,True
2155,灵台路13号,灵台路13号,6.0,0.0,0.0,0.0,0.0,0.0,0.0,0.0,0.0,0.0,0.0,0,0,0,0.0,0.0,0,0,0,0,1833.0,0.0,0,LARP原创工作室,4男2女 4.5小时 进阶 2020.10发行,,miquan_ipad_ratings.csv,miquan,ipad,4,2,6,,4.5,进阶,2020,10,6,2020-10-01,4-5h,False,True
2156,光线与雨滴,光线与雨滴,4.0,0.0,0.0,0.0,0.0,0.0,0.0,0.0,0.0,0.0,0.0,0,0,0,0.0,0.0,0,0,0,0,0.0,0.0,0,剧堆,3男3女 4.5小时 高阶 2020.11发行,,miquan_ipad_ratings.csv,miquan,ipad,3,3,6,,4.5,高阶,2020,11,6,2020-11-01,4-5h,False,True
2157,宫中二三言,宫中二三言,6.0,5.9,0.0,0.0,6.7,0.0,0.0,0.0,0.0,0.0,0.0,0,0,0,0.0,6.1,0,0,0,0,5.8,30561.0,516,嗷嗷原创,5男4女 4.0小时 新手 2020.10发行,架空 阵营 欢乐 新手,miquan_ipad_ratings.csv,miquan,ipad,5,4,9,,4.0,新手,2020,10,9,2020-10-01,3-4h,True,False
2158,返魂香,返魂香,5.4,6.4,6.4,0.0,0.0,0.0,0.0,0.0,0.0,0.0,0.0,0,0,0,0.0,0.0,0,0,0,0,449.0,7819.0,100,灵魂剧院,4男3女 4.5小时 高阶 2020.07发行,,miquan_ipad_ratings.csv,miquan,ipad,4,3,7,,4.5,高阶,2020,7,7,2020-07-01,4-5h,False,True
2159,盗门八将,盗门八将,5.2,5.7,0.0,0.0,6.0,0.0,5.6,0.0,0.0,0.0,0.0,0,0,0,0.0,0.0,0,0,0,0,9.5,24262.0,321,锋芒剧制; 无所事事事务所,百本选手说剧本:剧本《盗门八将》6人本 3男3女 剧本类型:盒装本 欢乐 机制本 游戏时间:4.5小时左右 不得不说 这个本的立意 是好的 让中国的文物回到祖国 我就是 冲着 这个 立意 玩的 剧情 稀碎 故事 特别乱 欢乐本 不欢乐 机制本 机制 无聊 也就 立意不错 看看电影《十二生肖》不香吗？,中式 机制 欢乐 都市,miquan_ipad_ratings.csv,miquan,ipad,3,3,6,6,4.5,,,,6,,4-5h,True,False
2160,拆迁,拆迁,6.7,6.4,0.0,0.0,7.3,0.0,6.6,0.0,0.0,0.0,0.0,0,0,0,0.0,0.0,0,0,0,0,9.5,186755.0,4894,空然新语; 非凡大陆工作室,5男5女 4.0小时 新手 2020.11发行,中式 机制 欢乐 都市,miquan_ipad_ratings.csv,miquan,ipad,5,5,10,,4.0,新手,2020,11,10,2020-11-01,3-4h,True,False
2161,白夜,白夜,6.1,6.2,0.0,0.0,0.0,6.6,0.0,0.0,6.9,0.0,0.0,0,0,0,0.0,0.0,0,0,0,0,3.4,17740.0,1677,草庐; 大叔文创,3男3女 6.0小时 进阶 2024.01发行,现代 情感 沉浸 其他,miquan_ipad_ratings.csv,miquan,ipad,3,3,6,,6.0,进阶,2024,1,6,2024-01-01,5-6h,True,False
2162,白塔,白塔,7.6,7.0,0.0,0.0,0.0,0.0,6.8,0.0,0.0,0.0,0.0,0,0,0,6.8,0.0,0,0,0,0,1812.0,9359.0,164,M.迷城,3男3女 4.5小时 进阶 2020.09发行,,miquan_ipad_ratings.csv,miquan,ipad,3,3,6,,4.5,进阶,2020,9,6,2020-09-01,4-5h,False,True
2163,安杜拉斯,安杜拉斯,7.0,0.0,0.0,0.0,0.0,0.0,0.0,0.0,0.0,0.0,0.0,0,0,0,0.0,0.0,0,0,0,0,0.0,0.0,0,山海剧制,4男3女 4.5小时 进阶 2020.05发行,,miquan_ipad_ratings.csv,miquan,ipad,4,3,7,,4.5,进阶,2020,5,7,2020-05-01,4-5h,False,True
2164,mojito,Mojito,5.3,5.7,0.0,0.0,0.0,0.0,5.9,0.0,6.0,0.0,0.0,0,0,0,0.0,0.0,0,0,0,0,7608.0,13461.0,168,花间工作室,4男4女 4.5小时 进阶 2020.10发行,中式 机制 沉浸 都市,miquan_ipad_ratings.csv,miquan,ipad,4,4,8,,4.5,进阶,2020,10,8,2020-10-01,4-5h,False,True
2167,阴缘,阴缘,7.6,7.3,6.6,0.0,0.0,0.0,0.0,0.0,0.0,0.0,0.0,0,0,0,0.0,0.0,0,0,0,0,42925.0,93416.0,1738,葵花工作室,3男3女 4.5小时 新手 2020.10发行,古风 推理 惊悚 怪谈,miquan_ipad_ratings.csv,miquan,ipad,3,3,6,,4.5,新手,2020,10,6,2020-10-01,4-5h,False,True
2168,捉鬼,捉鬼,5.9,6.1,5.8,0.0,6.8,0.0,0.0,0.0,0.0,0.0,0.0,0,0,0,0.0,0.0,0,0,0,0,8899.0,24684.0,484,东吴侦探,3男3女 4.5小时 进阶 2020.09发行,民国 推理 欢乐 都市,miquan_ipad_ratings.csv,miquan,ipad,3,3,6,,4.5,进阶,2020,9,6,2020-09-01,4-5h,False,True
2169,怨尤,怨尤,7.2,6.9,6.9,0.0,0.0,0.0,0.0,0.0,0.0,0.0,0.0,0,0,0,0.0,0.0,0,0,0,0,327.0,3383.0,71,荒诞剧社,第247本 时长：4小时 配置：4男3女 整个剧本结构比较简单，由破冰找身份+不重要的小密室+魂穿找身份+结合线索卡还原故事+微情感沉...全文,,miquan_ipad_ratings.csv,miquan,ipad,4,3,7,,4.0,,,,7,,3-4h,False,True
2170,青楼之鸦啼莺弄,青楼之鸦啼莺弄,5.3,6.1,0.0,0.0,6.6,0.0,0.0,0.0,0.0,0.0,0.0,0,0,0,0.0,6.4,0,0,0,0,5.8,7228.0,77,鑫鑫宇河工作室,瑟瑟本，瑟瑟本，瑟瑟本，特别适合熟人车，大家朋友们一起玩，很搞笑，感觉放在现在都适合大家闲得无聊又不想坐着五六个小时去玩，男生女生全反串欢乐加倍！,,miquan_ipad_ratings.csv,miquan,ipad,,,,,,,,,,,,True,False
2171,鬼遮眼,鬼遮眼,6.5,6.7,6.9,0.0,0.0,0.0,0.0,0.0,0.0,0.0,0.0,0,0,0,0.0,0.0,0,0,0,0,265.0,4713.0,71,山巫工作室,4男4女 4.5小时 高阶,,miquan_ipad_ratings.csv,miquan,ipad,4,4,8,,4.5,高阶,,,8,,4-5h,False,True
2172,你没听过的鬼故事,你没听过的鬼故事,6.8,6.8,6.6,0.0,6.9,0.0,0.0,0.0,0.0,0.0,0.0,0,0,0,0.0,0.0,0,0,0,0,8899.0,12260.0,254,SEVEN工作室,3男2女 4.5小时 进阶,现代 推理 欢乐 怪谈,miquan_ipad_ratings.csv,miquan,ipad,3,2,5,,4.5,进阶,,,5,,4-5h,False,True
2173,盛世烟花,盛世烟花,6.6,6.5,0.0,0.0,6.5,0.0,6.5,0.0,0.0,0.0,0.0,0,0,0,0.0,0.0,0,0,0,0,9.5,6905.0,81,鲜焰文化,4男2女 4.5小时 进阶 2020.09发行,架空 机制 欢乐 武侠,miquan_ipad_ratings.csv,miquan,ipad,4,2,6,,4.5,进阶,2020,9,6,2020-09-01,4-5h,True,False
2174,上路,上路,8.2,7.7,7.5,0.0,0.0,0.0,0.0,0.0,0.0,0.0,0.0,0,0,0,0.0,0.0,0,0,0,0,68144.0,182150.0,10641,M.迷城,2男3女 4.5小时 进阶 2020.09发行,,miquan_ipad_ratings.csv,miquan,ipad,2,3,5,,4.5,进阶,2020,9,5,2020-09-01,4-5h,False,True
2175,危楼,危楼,6.2,6.6,6.6,0.0,0.0,0.0,0.0,0.0,0.0,0.0,0.0,0,0,0,6.5,0.0,0,0,0,0,1.4,7364.0,130,两级反转发行工作室; LARP原创工作室,4男2女 4.5小时 进阶 2020.10发行,,miquan_ipad_ratings.csv,miquan,ipad,4,2,6,,4.5,进阶,2020,10,6,2020-10-01,4-5h,True,False
2177,余愿,余愿,6.4,6.6,6.4,0.0,0.0,6.7,0.0,0.0,0.0,0.0,0.0,0,0,0,0.0,0.0,0,0,0,0,3.4,17439.0,251,空然新语,3男2女 4.5小时 进阶 2020.09发行,民国 情感 沉浸 都市,miquan_ipad_ratings.csv,miquan,ipad,3,2,5,,4.5,进阶,2020,9,5,2020-09-01,4-5h,True,False
2178,好想爱这个世界,好想爱这个世界,6.0,6.3,0.0,0.0,0.0,6.5,0.0,0.0,6.5,0.0,0.0,0,0,0,0.0,0.0,0,0,0,0,3.4,9944.0,144,壹墨,3男2女 4.0小时 进阶 2020.09发行,中式 情感 沉浸 都市,miquan_ipad_ratings.csv,miquan,ipad,3,2,5,,4.0,进阶,2020,9,5,2020-09-01,3-4h,True,False
2179,云上昆仑,云上昆仑,6.3,6.8,0.0,0.0,0.0,6.9,0.0,0.0,0.0,0.0,0.0,0,0,0,0.0,6.0,0,0,0,0,9517.0,13215.0,210,老玉米联合工作室,3男3女 4.5小时 进阶,古风 阵营 博弈 武侠,miquan_ipad_ratings.csv,miquan,ipad,3,3,6,,4.5,进阶,,,6,,4-5h,False,True
2180,浮生六梦,浮生六梦,3.0,0.0,0.0,0.0,0.0,0.0,0.0,0.0,0.0,0.0,0.0,0,0,0,0.0,0.0,0,0,0,0,2.8,0.0,0,剧堆,2男4女 4.5小时 进阶 2020.10发行,古风 推理 沉浸 都市,miquan_ipad_ratings.csv,miquan,ipad,2,4,6,,4.5,进阶,2020,10,6,2020-10-01,4-5h,True,False
2181,沧海,沧海,8.0,0.0,0.0,0.0,0.0,0.0,0.0,0.0,0.0,0.0,0.0,0,0,0,0.0,0.0,0,0,0,0,2.3,0.0,0,剧堆,3男2女 4.5小时 进阶 2020.10发行,古风 阵营 沉浸 都市,miquan_ipad_ratings.csv,miquan,ipad,3,2,5,,4.5,进阶,2020,10,5,2020-10-01,4-5h,True,False
2182,霸道总裁爱上我,霸道总裁爱上我,6.0,0.0,0.0,0.0,0.0,0.0,0.0,0.0,0.0,0.0,0.0,0,0,0,0.0,0.0,0,0,0,0,7608.0,0.0,0,花间工作室,3男3女 4.5小时 进阶 2020.09发行,中式 机制 沉浸 都市,miquan_ipad_ratings.csv,miquan,ipad,3,3,6,,4.5,进阶,2020,9,6,2020-09-01,4-5h,False,True
2183,弥撒交响曲,弥撒交响曲,6.8,6.7,0.0,0.0,0.0,6.6,0.0,0.0,0.0,0.0,0.0,0,0,0,0.0,6.7,0,0,0,0,9517.0,3610.0,56,TLS剧本工作室,4男3女 4.5小时 进阶 2020.09发行,,miquan_ipad_ratings.csv,miquan,ipad,4,3,7,,4.5,进阶,2020,9,7,2020-09-01,4-5h,False,True
2186,落魄街,落魄街,10.0,0.0,0.0,0.0,0.0,0.0,0.0,0.0,0.0,0.0,0.0,0,0,0,0.0,0.0,0,0,0,0,5049.0,0.0,0,弥安般偌工作室,4男1女 4.5小时 进阶 2020.09发行,,miquan_ipad_ratings.csv,miquan,ipad,4,1,5,,4.5,进阶,2020,9,5,2020-09-01,4-5h,False,True
2187,再相逢,再相逢,6.6,6.7,6.5,0.0,0.0,6.9,0.0,0.0,0.0,0.0,0.0,0,0,0,0.0,0.0,0,0,0,0,3.4,38758.0,560,醉丝轩工作室,3男3女 4.0小时 进阶 2020.07发行,现代 情感 沉浸 都市,miquan_ipad_ratings.csv,miquan,ipad,3,3,6,,4.0,进阶,2020,7,6,2020-07-01,3-4h,True,False
2188,望川旅馆,望川旅馆,5.8,6.4,6.3,0.0,0.0,0.0,0.0,0.0,6.4,0.0,0.0,0,0,0,0.0,0.0,0,0,0,0,2.8,19129.0,293,禾必工作室,3男2女 4.5小时 进阶 2020.09发行,中式 推理 沉浸 都市,miquan_ipad_ratings.csv,miquan,ipad,3,2,5,,4.5,进阶,2020,9,5,2020-09-01,4-5h,True,False
2189,背影,背影,6.6,6.7,6.7,6.6,0.0,0.0,0.0,0.0,0.0,0.0,0.0,0,0,0,0.0,0.0,0,0,0,0,708.0,4066.0,113,LARP原创工作室,3男2女 4.5小时 进阶 2020.10发行,,miquan_ipad_ratings.csv,miquan,ipad,3,2,5,,4.5,进阶,2020,10,5,2020-10-01,4-5h,False,True
2190,斯莱姆的囚徒,斯莱姆的囚徒,8.0,0.0,0.0,0.0,0.0,0.0,0.0,0.0,0.0,0.0,0.0,0,0,0,0.0,0.0,0,0,0,0,2.6,0.0,0,马邦德侦探事务所,4男2女 4.5小时 进阶 2020.09发行,,miquan_ipad_ratings.csv,miquan,ipad,4,2,6,,4.5,进阶,2020,9,6,2020-09-01,4-5h,True,False
2191,拾伍,拾伍,6.6,6.7,5.8,0.0,0.0,7.0,0.0,0.0,0.0,0.0,0.0,0,0,0,0.0,0.0,0,0,0,0,3.4,44318.0,641,先人后己工作室,3男3女 4.0小时 新手 2020.10发行,日式 情感 沉浸 动物,miquan_ipad_ratings.csv,miquan,ipad,3,3,6,,4.0,新手,2020,10,6,2020-10-01,3-4h,True,False
2192,忍者,忍者,7.4,6.8,0.0,0.0,7.4,0.0,7.1,0.0,0.0,0.0,0.0,0,0,0,0.0,0.0,0,0,0,0,9.5,8415.0,119,暮光黑红馆,3男2女 4.5小时 进阶 2020.08发行,日式 机制 欢乐 二次元,miquan_ipad_ratings.csv,miquan,ipad,3,2,5,,4.5,进阶,2020,8,5,2020-08-01,4-5h,True,False
2194,昆池岩,昆池岩,5.1,6.0,0.0,0.0,0.0,0.0,0.0,0.0,0.0,0.0,0.0,0,0,0,0.0,5.8,0,0,0,0,31.0,21406.0,263,橘猫工作室,4男2女 4.5小时 进阶 2020.09发行,,miquan_ipad_ratings.csv,miquan,ipad,4,2,6,,4.5,进阶,2020,9,6,2020-09-01,4-5h,True,False
2195,苦面柱,苦面柱,9.0,0.0,0.0,0.0,0.0,0.0,0.0,0.0,0.0,0.0,0.0,0,0,0,0.0,0.0,0,0,0,0,0.0,0.0,0,Siren剧本工作室,3男3女 4.5小时 进阶,日式 推理 惊悚 怪谈,miquan_ipad_ratings.csv,miquan,ipad,3,3,6,,4.5,进阶,,,6,,4-5h,False,True
2197,幽城复生,幽城复生,2.0,0.0,0.0,0.0,0.0,0.0,0.0,0.0,0.0,0.0,0.0,0,0,0,0.0,0.0,0,0,0,0,0.0,0.0,0,LARP原创工作室,第246本 时长：2.5小时 配置：2男3女 纯故事分享和线索卡分享大会，毫无推理内容。如果去掉恐怖元素可能都不能称得上是一个完整的剧本...全文,,miquan_ipad_ratings.csv,miquan,ipad,2,3,5,,2.5,,,,5,,<=3h,False,True
2198,鬼娘密室,004鬼娘密室,7.8,7.4,7.3,0.0,0.0,0.0,0.0,0.0,0.0,0.0,0.0,0,0,0,0.0,0.0,0,0,0,0,22286.0,37414.0,800,肆言良语,百本选手说剧本:剧本《004鬼娘密室》6人本 3男3女（🉑以反串）剧本类型:盒装本 推理本 游戏时间:5小时左右 👬适合人群：新手 入坑 老本...全文,,miquan_ipad_ratings.csv,miquan,ipad,3,3,6,6,5.0,新手,,,6,,4-5h,False,True
2200,失真的旋律,失真的旋律,8.5,7.9,7.6,0.0,0.0,0.0,0.0,0.0,7.4,0.0,0.0,0,0,0,0.0,0.0,0,0,0,0,1.4,25252.0,1918,智乐源文化,百本选手说剧本:剧本《失真的旋律》6人本 3男3女 剧本类型:盒装本 豪门惊情系列 游戏时间:4小时 👬适合人群：豪门粉丝 ❤剧情感受：...全文,民国 推理 沉浸 豪门,miquan_ipad_ratings.csv,miquan,ipad,3,3,6,6,4.0,,,,6,,3-4h,True,False
2201,雾月人鱼潭,雾月人鱼潭,6.6,7.0,6.7,6.7,0.0,0.0,0.0,0.0,0.0,0.0,0.0,0,0,0,0.0,0.0,0,0,0,0,364.0,5379.0,136,LARP原创工作室,3男3女 4.5小时 进阶 2020.09发行,,miquan_ipad_ratings.csv,miquan,ipad,3,3,6,,4.5,进阶,2020,9,6,2020-09-01,4-5h,False,True
2202,破壁之刃,破壁之刃,5.0,0.0,0.0,0.0,0.0,0.0,0.0,0.0,0.0,0.0,0.0,0,0,0,0.0,0.0,0,0,0,0,2.6,0.0,0,乱神企划工作室,4男3女 4.5小时 进阶 2020.08发行,,miquan_ipad_ratings.csv,miquan,ipad,4,3,7,,4.5,进阶,2020,8,7,2020-08-01,4-5h,True,False
2203,斗兽场,斗兽场,7.0,0.0,0.0,0.0,0.0,0.0,0.0,0.0,0.0,0.0,0.0,0,0,0,0.0,0.0,0,0,0,0,0.0,0.0,0,南川北鱼工作室,3男4女 4.5小时 进阶,,miquan_ipad_ratings.csv,miquan,ipad,3,4,7,,4.5,进阶,,,7,,4-5h,False,True
2204,不归路,不归路,10.0,0.0,0.0,0.0,0.0,0.0,0.0,0.0,0.0,0.0,0.0,0,0,0,0.0,0.0,0,0,0,0,0.0,0.0,0,红中工作室,3男3女 4.5小时 进阶,,miquan_ipad_ratings.csv,miquan,ipad,3,3,6,,4.5,进阶,,,6,,4-5h,False,True
2205,锦鸳记,锦鸳记,6.5,6.8,0.0,0.0,0.0,6.7,0.0,0.0,0.0,0.0,0.0,0,0,0,0.0,6.4,0,0,0,0,2.3,11924.0,158,阿斯巴甜,3男3女 4.5小时 进阶 2020.09发行,,miquan_ipad_ratings.csv,miquan,ipad,3,3,6,,4.5,进阶,2020,9,6,2020-09-01,4-5h,True,False
2207,宅心人后,宅心人后,6.0,6.7,6.4,0.0,0.0,0.0,0.0,0.0,0.0,0.0,0.0,0,0,0,0.0,0.0,0,0,0,0,410.0,6874.0,106,跳！大神工作室,4男4女 4.5小时 高阶 2020.07发行,,miquan_ipad_ratings.csv,miquan,ipad,4,4,8,,4.5,高阶,2020,7,8,2020-07-01,4-5h,False,True
2208,以父之名,以父之名,6.4,6.6,0.0,6.3,0.0,0.0,6.8,0.0,0.0,0.0,0.0,0,0,0,0.0,0.0,0,0,0,0,2.6,15317.0,233,拾柒工作室,4男2女 4.5小时 进阶 2020.08发行,,miquan_ipad_ratings.csv,miquan,ipad,4,2,6,,4.5,进阶,2020,8,6,2020-08-01,4-5h,True,False
2209,圣骨,圣骨,8.0,0.0,0.0,0.0,0.0,0.0,0.0,0.0,0.0,0.0,0.0,0,0,0,0.0,0.0,0,0,0,0,0.0,0.0,0,诡迹文化,3男3女 4.5小时 进阶 2020.06发行,,miquan_ipad_ratings.csv,miquan,ipad,3,3,6,,4.5,进阶,2020,6,6,2020-06-01,4-5h,False,True
2210,阡陌之绊,阡陌之绊,5.8,6.4,6.3,0.0,0.0,6.8,0.0,0.0,0.0,0.0,0.0,0,0,0,0.0,0.0,0,0,0,0,2.8,4581.0,46,惊蛰推理,4男4女 4.5小时 进阶 2020.09发行,日式 推理 沉浸 神话,miquan_ipad_ratings.csv,miquan,ipad,4,4,8,,4.5,进阶,2020,9,8,2020-09-01,4-5h,True,False
2212,无双,无双,6.9,6.6,0.0,0.0,0.0,0.0,6.9,0.0,0.0,0.0,6.9,0,0,0,0.0,0.0,0,0,0,0,3161.0,8032.0,295,拾柒工作室,5男3女 7.0小时 进阶 2023.08发行,古风 机制 博弈 武侠,miquan_ipad_ratings.csv,miquan,ipad,5,3,8,,7.0,进阶,2023,8,8,2023-08-01,6-8h,False,True
2214,此去昆仑,此去昆仑,5.7,6.5,0.0,0.0,0.0,6.6,0.0,0.0,0.0,6.6,0.0,0,0,0,0.0,0.0,0,0,0,0,1.1,4563.0,49,鑫梦人生,4男4女 4.5小时 进阶 2020.08发行,古风 情感 演绎 武侠,miquan_ipad_ratings.csv,miquan,ipad,4,4,8,,4.5,进阶,2020,8,8,2020-08-01,4-5h,True,False
2215,盗道倒,盗道倒,6.9,6.7,0.0,0.0,0.0,0.0,0.0,0.0,0.0,0.0,0.0,0,0,0,0.0,6.8,0,0,0,0,626.0,6109.0,90,MT-MyGame剧本工作室,4男2女 4.5小时 高阶 2019.11发行,,miquan_ipad_ratings.csv,miquan,ipad,4,2,6,,4.5,高阶,2019,11,6,2019-11-01,4-5h,False,True
2216,第四碗肉,第四碗肉,6.7,6.9,6.6,0.0,0.0,0.0,0.0,0.0,0.0,0.0,0.0,0,0,0,0.0,0.0,0,0,0,0,7511.0,15650.0,222,沧之溟工作室,4男3女 4.5小时 进阶 2020.01发行,,miquan_ipad_ratings.csv,miquan,ipad,4,3,7,,4.5,进阶,2020,1,7,2020-01-01,4-5h,False,True
2217,刁民,刁民,6.1,6.1,0.0,0.0,6.7,0.0,5.6,0.0,0.0,0.0,0.0,0,0,0,0.0,0.0,0,0,0,0,9.5,114531.0,1922,好琦工作室,3男3女 4.5小时 进阶 2020.05发行,现代 机制 欢乐 都市,miquan_ipad_ratings.csv,miquan,ipad,3,3,6,,4.5,进阶,2020,5,6,2020-05-01,4-5h,True,False
2218,渡忘川,渡忘川,5.6,6.4,0.0,0.0,0.0,6.7,6.5,0.0,0.0,0.0,0.0,0,0,0,0.0,0.0,0,0,0,0,3161.0,3787.0,44,南川北鱼工作室,3男4女 4.5小时 进阶 2020.04发行,古风 机制 博弈 怪谈,miquan_ipad_ratings.csv,miquan,ipad,3,4,7,,4.5,进阶,2020,4,7,2020-04-01,4-5h,False,True
2219,弗洛伊德,弗洛伊德之锚,7.1,7.0,6.9,0.0,6.3,0.0,0.0,0.0,0.0,0.0,0.0,0,0,0,0.0,0.0,0,0,0,0,8918.0,19888.0,445,鑫梦人生,3男3女 4.5小时 高阶 2020.07发行,中式 推理 欢乐 都市,miquan_ipad_ratings.csv,miquan,ipad,3,3,6,,4.5,高阶,2020,7,6,2020-07-01,4-5h,False,True
2221,海的牙齿神的骨头,海的牙齿神的骨头,7.4,7.1,0.0,0.0,0.0,0.0,7.1,0.0,0.0,0.0,0.0,0,0,0,0.0,0.0,0,0,0,0,471.0,29748.0,599,惊蛰推理,3男3女 4.5小时 进阶 2020.08发行,,miquan_ipad_ratings.csv,miquan,ipad,3,3,6,,4.5,进阶,2020,8,6,2020-08-01,4-5h,False,True
2222,即墨寒兮,即墨寒兮,6.0,0.0,0.0,0.0,0.0,0.0,0.0,0.0,0.0,0.0,0.0,0,0,0,0.0,0.0,0,0,0,0,9517.0,0.0,0,LARP原创工作室,5男5女 4.5小时 进阶 2019.07发行,古风 阵营 博弈 武侠,miquan_ipad_ratings.csv,miquan,ipad,5,5,10,,4.5,进阶,2019,7,10,2019-07-01,4-5h,False,True
2223,紧急事件,紧急事件,7.4,7.1,0.0,7.1,0.0,0.0,7.1,0.0,0.0,0.0,0.0,0,0,0,0.0,0.0,0,0,0,0,2.6,11962.0,193,铭思文化,4男2女 4.5小时 进阶 2020.08发行,,miquan_ipad_ratings.csv,miquan,ipad,4,2,6,,4.5,进阶,2020,8,6,2020-08-01,4-5h,True,False
2225,铃儿响叮当,铃儿响叮当,6.1,6.8,6.5,0.0,0.0,0.0,0.0,0.0,0.0,0.0,0.0,0,0,0,0.0,0.0,0,0,0,0,516.0,8526.0,107,贵阳久弥工作室,4男3女 4.5小时 进阶 2020.08发行,,miquan_ipad_ratings.csv,miquan,ipad,4,3,7,,4.5,进阶,2020,8,7,2020-08-01,4-5h,False,True
2228,我要当大哥,我要当大哥,4.7,5.2,0.0,0.0,5.8,0.0,5.5,0.0,0.0,0.0,0.0,0,0,0,0.0,0.0,0,0,0,0,9.5,16653.0,240,佛系工作室,4男4女 4.5小时 新手 2020.08发行,中式 机制 欢乐 都市,miquan_ipad_ratings.csv,miquan,ipad,4,4,8,,4.5,新手,2020,8,8,2020-08-01,4-5h,True,False
2229,永生之谜,永生之谜,6.6,6.8,6.8,0.0,0.0,0.0,0.0,0.0,0.0,0.0,0.0,0,0,0,0.0,0.0,0,0,0,0,536.0,6672.0,95,浮生文宝工作室,4男2女 4.5小时 进阶 2020.08发行,,miquan_ipad_ratings.csv,miquan,ipad,4,2,6,,4.5,进阶,2020,8,6,2020-08-01,4-5h,False,True
2231,蜕变俱乐部2 海的女儿,蜕变俱乐部2：海的女儿,7.2,7.1,0.0,0.0,0.0,6.5,6.9,0.0,0.0,0.0,0.0,0,0,0,0.0,0.0,0,0,0,0,7608.0,14689.0,198,阿斯巴甜,4男3女 4.0小时 高阶 2020.08发行,欧美 机制 沉浸 童话,miquan_ipad_ratings.csv,miquan,ipad,4,3,7,,4.0,高阶,2020,8,7,2020-08-01,3-4h,False,True
2232,在人间,在人间,7.8,7.4,6.4,0.0,0.0,7.4,0.0,0.0,0.0,0.0,0.0,0,0,0,0.0,0.0,0,0,0,0,3.4,77665.0,1773,楚门原创工作室,总算找到这个被删掉的测评了，确实我就是觉得这个本不行怎么地吧，里面到底是在叙述个什么下头的故事，这些男的都是干嘛的，这个本的宗旨就为女性发声而写的是这意思吗？ 沉浸，要哭吗抱歉真哭不出来。全程就弄了两个多小时，感觉像在看作文毫无代入感可言，优柔...全文,中式 情感 沉浸 都市,miquan_ipad_ratings.csv,miquan,ipad,,,,,,,,,,,,True,False
2234,第7号嫌疑人,第7号嫌疑人2：最后的嫌疑人,5.0,0.0,0.0,0.0,0.0,0.0,0.0,0.0,0.0,0.0,0.0,0,0,0,0.0,0.0,0,0,0,0,0.0,0.0,0,低空飞行,3男3女 6.5小时 进阶 2024.09发行,,miquan_ipad_ratings.csv,miquan,ipad,3,3,6,,6.5,进阶,2024,9,6,2024-09-01,6-8h,False,True
2235,蓝色大丽花,蓝色大丽花,7.0,7.0,6.9,0.0,0.0,0.0,0.0,0.0,0.0,0.0,0.0,0,0,0,0.0,0.0,0,0,0,0,32480.0,92534.0,2059,奶凶奶凶剧本工作室,3男2女 3.5小时 新手 2020.08发行,欧美 推理 惊悚 新手,miquan_ipad_ratings.csv,miquan,ipad,3,2,5,,3.5,新手,2020,8,5,2020-08-01,3-4h,False,True
2237,精神病院4,精神病院4,6.6,6.8,6.6,0.0,6.9,0.0,0.0,0.0,0.0,0.0,0.0,0,0,0,0.0,0.0,0,0,0,0,8918.0,8070.0,129,SEVEN工作室,4男1女 4.5小时 进阶 2021.11发行,中式 推理 欢乐 都市,miquan_ipad_ratings.csv,miquan,ipad,4,1,5,,4.5,进阶,2021,11,5,2021-11-01,4-5h,False,True
2241,青语,青语,7.6,7.3,7.1,0.0,0.0,0.0,0.0,0.0,6.7,0.0,0.0,0,0,0,0.0,0.0,0,0,0,0,2.8,15845.0,550,涟漪剧本工作室,2男3女 4.5小时 高阶 2020.08发行,中式 推理 沉浸 都市,miquan_ipad_ratings.csv,miquan,ipad,2,3,5,,4.5,高阶,2020,8,5,2020-08-01,4-5h,True,False
2242,珠光宝气,珠光宝气,5.2,5.4,0.0,0.0,6.4,0.0,5.6,0.0,0.0,0.0,0.0,0,0,0,0.0,0.0,0,0,0,0,9.5,42606.0,556,3101原创剧本工作室,4男3女 4.0小时 进阶 2019.06发行,欧美 机制 欢乐 都市,miquan_ipad_ratings.csv,miquan,ipad,4,3,7,,4.0,进阶,2019,6,7,2019-06-01,3-4h,True,False
2243,看花回,看花回,5.9,6.3,5.9,0.0,0.0,6.6,0.0,0.0,0.0,0.0,0.0,0,0,0,0.0,0.0,0,0,0,0,2.8,12593.0,172,万游文创,3男3女 4.5小时 进阶 2020.07发行,古风 推理 沉浸 神话,miquan_ipad_ratings.csv,miquan,ipad,3,3,6,,4.5,进阶,2020,7,6,2020-07-01,4-5h,True,False
2244,★山河永寂,山河永寂,7.2,7.1,6.4,0.0,0.0,7.0,0.0,0.0,0.0,0.0,0.0,0,0,0,0.0,0.0,0,0,0,0,3.4,47082.0,1045,威海不二工作室,3男3女 4.5小时 新手 2020.07发行,古风 情感 沉浸 家国,miquan_ipad_ratings.csv,miquan,ipad,3,3,6,,4.5,新手,2020,7,6,2020-07-01,4-5h,True,False
2245,启灵会,启灵会,6.7,6.7,6.7,0.0,0.0,0.0,0.0,0.0,0.0,0.0,0.0,0,0,0,0.0,0.0,0,0,0,0,213.0,3591.0,41,鲜焰文化,6男1女 4.5小时 进阶 2020.06发行,,miquan_ipad_ratings.csv,miquan,ipad,6,1,7,,4.5,进阶,2020,6,7,2020-06-01,4-5h,False,True
2246,龙宴,龙宴,7.3,7.1,0.0,0.0,7.0,0.0,0.0,0.0,0.0,0.0,0.0,0,0,0,0.0,7.2,0,0,0,0,5.8,154228.0,3669,黑马剧制,5男3女 4.0小时 进阶 2020.06发行,,miquan_ipad_ratings.csv,miquan,ipad,5,3,8,,4.0,进阶,2020,6,8,2020-06-01,3-4h,True,False
2248,谁是潘金莲,谁是潘金莲,5.2,5.8,0.0,0.0,6.5,0.0,5.9,0.0,0.0,0.0,0.0,0,0,0,0.0,0.0,0,0,0,0,9.5,13518.0,189,南昌罗生门推理室,4男4女 4.5小时 进阶 2020.06发行,架空 机制 欢乐 都市,miquan_ipad_ratings.csv,miquan,ipad,4,4,8,,4.5,进阶,2020,6,8,2020-06-01,4-5h,True,False
2249,隔世信,隔世信,6.4,6.7,0.0,0.0,0.0,6.8,0.0,0.0,0.0,6.6,0.0,0,0,0,0.0,0.0,0,0,0,0,1.1,5211.0,60,秘密档案馆,4男2女 4.5小时 进阶,,miquan_ipad_ratings.csv,miquan,ipad,4,2,6,,4.5,进阶,,,6,,4-5h,True,False
2250,你有没有见过他,你有没有见过他,6.5,7.1,0.0,0.0,0.0,0.0,0.0,0.0,0.0,0.0,6.8,0,0,0,0.0,6.7,0,0,0,0,9517.0,4307.0,51,锦鲤工作室,3男3女 4.5小时 进阶 2020.07发行,,miquan_ipad_ratings.csv,miquan,ipad,3,3,6,,4.5,进阶,2020,7,6,2020-07-01,4-5h,False,True
2251,禁止套娃,禁止套娃,9.0,0.0,0.0,0.0,0.0,0.0,0.0,0.0,0.0,0.0,0.0,0,0,0,0.0,0.0,0,0,0,0,0.0,0.0,0,X剧本工作室,3男3女 4.5小时 进阶 2021.07发行,,miquan_ipad_ratings.csv,miquan,ipad,3,3,6,,4.5,进阶,2021,7,6,2021-07-01,4-5h,False,True
2253,洋葱,洋葱,5.4,5.8,5.3,0.0,0.0,6.1,0.0,0.0,0.0,0.0,0.0,0,0,0,0.0,0.0,0,0,0,0,3.4,30756.0,453,3101原创剧本工作室,3男4女 4.0小时 新手 2021.01发行,中式 情感 沉浸 都市,miquan_ipad_ratings.csv,miquan,ipad,3,4,7,,4.0,新手,2021,1,7,2021-01-01,3-4h,True,False
2254,尸联航班,尸联航班,5.2,6.0,0.0,0.0,0.0,0.0,6.0,0.0,0.0,0.0,0.0,0,0,0,0.0,0.0,0,0,0,0,471.0,11803.0,158,九州长歌工作室,3男3女 4.0小时 进阶 2020.07发行,,miquan_ipad_ratings.csv,miquan,ipad,3,3,6,,4.0,进阶,2020,7,6,2020-07-01,3-4h,False,True
2257,君似明月我似雾,君似明月我似雾,5.1,5.9,5.7,0.0,0.0,6.2,0.0,0.0,0.0,0.0,0.0,0,0,0,0.0,0.0,0,0,0,0,3.4,16865.0,153,葵花工作室,3男3女 4.5小时 进阶 2020.07发行,古风 情感 沉浸 宫廷,miquan_ipad_ratings.csv,miquan,ipad,3,3,6,,4.5,进阶,2020,7,6,2020-07-01,4-5h,True,False
2258,家园,家园,8.0,0.0,0.0,0.0,0.0,0.0,0.0,0.0,0.0,0.0,0.0,0,0,0,0.0,0.0,0,0,0,0,2.6,0.0,0,小本买卖工作室,4男4女 4.5小时 高阶 2018.11发行,,miquan_ipad_ratings.csv,miquan,ipad,4,4,8,,4.5,高阶,2018,11,8,2018-11-01,4-5h,True,False
2259,锦瑟,锦瑟,4.0,0.0,0.0,0.0,0.0,0.0,0.0,0.0,0.0,0.0,0.0,0,0,0,0.0,0.0,0,0,0,0,1.1,0.0,0,密语发行,3男2女 4.5小时 进阶 2020.04发行,古风 情感 演绎 武侠,miquan_ipad_ratings.csv,miquan,ipad,3,2,5,,4.5,进阶,2020,4,5,2020-04-01,4-5h,True,False
2260,余香,余香,8.0,7.5,7.6,0.0,0.0,7.2,0.0,0.0,0.0,0.0,0.0,0,0,0,0.0,0.0,0,0,0,0,68888.0,143774.0,4244,天津剧盟发行工作室,3男2女 5.0小时 高阶 2020.07发行,,miquan_ipad_ratings.csv,miquan,ipad,3,2,5,,5.0,高阶,2020,7,5,2020-07-01,4-5h,False,True
2261,得分王,得分王,5.0,5.7,0.0,0.0,5.9,0.0,5.5,0.0,0.0,0.0,0.0,0,0,0,0.0,0.0,0,0,0,0,9.5,39588.0,640,75先生工作室,3男2女 4.5小时 进阶 2020.07发行,中式 机制 欢乐 都市,miquan_ipad_ratings.csv,miquan,ipad,3,2,5,,4.5,进阶,2020,7,5,2020-07-01,4-5h,True,False
2262,女厕,女厕,6.0,6.5,6.5,0.0,0.0,0.0,0.0,0.0,0.0,0.0,0.0,0,0,0,0.0,0.0,0,0,0,0,18710.0,45346.0,738,梦境岭剧本工作室,剧本类型:日式恐怖校园变格 剧本人数:6️⃣（3男3女） 剧本时长:4小时左右↔️ 日本三饭市趣山中学，流传一些骇人的灵异传说，4楼女厕在很多年前，有一个误入校园的“英子”被吊死在最左边一格。最近接连有女学生吊死在同一个...全文,日式 推理 惊悚 校园,miquan_ipad_ratings.csv,miquan,ipad,3,3,6,,4.0,,,,6,,3-4h,False,True
2263,大离宫赋,大离宫赋,5.3,6.4,6.3,0.0,0.0,6.4,0.0,0.0,0.0,0.0,0.0,0,0,0,0.0,0.0,0,0,0,0,3.4,10105.0,92,DA剧本工场; 雪人剧制,3男3女 4.5小时 进阶 2020.07发行,古风 情感 沉浸 宫廷,miquan_ipad_ratings.csv,miquan,ipad,3,3,6,,4.5,进阶,2020,7,6,2020-07-01,4-5h,True,False
2264,杠上开花,杠上开花,5.5,6.3,0.0,0.0,6.7,0.0,6.2,0.0,0.0,0.0,0.0,0,0,0,0.0,0.0,0,0,0,0,9.5,11599.0,117,花间工作室,1男7女 4.5小时 进阶 2020.06发行,架空 机制 欢乐 其他,miquan_ipad_ratings.csv,miquan,ipad,1,7,8,,4.5,进阶,2020,6,8,2020-06-01,4-5h,True,False
2265,艳落神都,艳落神都,10.0,0.0,0.0,0.0,0.0,0.0,0.0,0.0,0.0,0.0,0.0,0,0,0,0.0,0.0,0,0,0,0,9.5,0.0,0,南京桃花推理工作室,5男2女 4.5小时 进阶 2020.01发行,架空 机制 欢乐 战争,miquan_ipad_ratings.csv,miquan,ipad,5,2,7,,4.5,进阶,2020,1,7,2020-01-01,4-5h,True,False
2266,大车店,大车店,4.0,0.0,0.0,0.0,0.0,0.0,0.0,0.0,0.0,0.0,0.0,0,0,0,0.0,0.0,0,0,0,0,5.8,0.0,0,66号剧本工作室,5男3女 4.5小时 进阶,,miquan_ipad_ratings.csv,miquan,ipad,5,3,8,,4.5,进阶,,,8,,4-5h,True,False
2267,纸妻,纸妻,7.0,7.2,0.0,0.0,0.0,0.0,0.0,0.0,0.0,0.0,0.0,0,0,0,0.0,6.3,0,0,0,0,31.0,154330.0,3272,葵花工作室,4男3女 4.5小时 进阶 2020.06发行,,miquan_ipad_ratings.csv,miquan,ipad,4,3,7,,4.5,进阶,2020,6,7,2020-06-01,4-5h,True,False
2268,两面佛,两面佛,5.0,0.0,0.0,0.0,0.0,0.0,0.0,0.0,0.0,0.0,0.0,0,0,0,0.0,0.0,0,0,0,0,0.0,0.0,0,,3男3女 4.0小时 进阶,,miquan_ipad_ratings.csv,miquan,ipad,3,3,6,,4.0,进阶,,,6,,3-4h,False,True
2271,弗洛伊德之锚,弗洛伊德之锚,7.1,7.0,6.9,0.0,6.3,0.0,0.0,0.0,0.0,0.0,0.0,0,0,0,0.0,0.0,0,0,0,0,8933.0,19888.0,445,鑫梦人生,3男3女 4.5小时 高阶 2020.07发行,中式 推理 欢乐 都市,miquan_ipad_ratings.csv,miquan,ipad,3,3,6,,4.5,高阶,2020,7,6,2020-07-01,4-5h,False,True
2272,阿依达,阿依达,6.1,6.5,0.0,0.0,0.0,0.0,6.4,0.0,6.3,0.0,0.0,0,0,0,0.0,0.0,0,0,0,0,7608.0,10345.0,193,北京夕文科技有限公司,2男2女 4.5小时 新手 2019.09发行,架空 机制 沉浸 都市,miquan_ipad_ratings.csv,miquan,ipad,2,2,4,,4.5,新手,2019,9,4,2019-09-01,4-5h,False,True
2273,艋舺,艋舺,6.0,0.0,0.0,0.0,0.0,0.0,0.0,0.0,0.0,0.0,0.0,0,0,0,0.0,0.0,0,0,0,0,0.0,0.0,0,核桃剧本工作室,4男4女 4.5小时 进阶,,miquan_ipad_ratings.csv,miquan,ipad,4,4,8,,4.5,进阶,,,8,,4-5h,False,True
2274,云螭乱,云螭乱,7.0,0.0,0.0,0.0,0.0,0.0,0.0,0.0,0.0,0.0,0.0,0,0,0,0.0,0.0,0,0,0,0,5.8,0.0,0,枫林轩工作室,5男2女 4.5小时 进阶,,miquan_ipad_ratings.csv,miquan,ipad,5,2,7,,4.5,进阶,,,7,,4-5h,True,False
2275,天龙会,天龙会,6.0,0.0,0.0,0.0,0.0,0.0,0.0,0.0,0.0,0.0,0.0,0,0,0,0.0,0.0,0,0,0,0,0.0,0.0,0,不止发行工作室,5男0女 4.5小时 高阶,,miquan_ipad_ratings.csv,miquan,ipad,5,0,5,,4.5,高阶,,,5,,4-5h,False,True
2276,湖心岛2,湖心岛2：围局,3.0,0.0,0.0,0.0,0.0,0.0,0.0,0.0,0.0,0.0,0.0,0,0,0,0.0,0.0,0,0,0,0,2.6,0.0,0,戏精推理发行工作室,2男3女 4.5小时 进阶,,miquan_ipad_ratings.csv,miquan,ipad,2,3,5,,4.5,进阶,,,5,,4-5h,True,False
2277,湖心岛1,湖心岛1,6.0,0.0,0.0,0.0,0.0,0.0,0.0,0.0,0.0,0.0,0.0,0,0,0,0.0,0.0,0,0,0,0,0.0,0.0,0,戏精推理发行工作室,3男3女 5.0小时 高阶,,miquan_ipad_ratings.csv,miquan,ipad,3,3,6,,5.0,高阶,,,6,,4-5h,False,True
2278,格林格林,格林格林,9.0,0.0,0.0,0.0,0.0,0.0,0.0,0.0,0.0,0.0,0.0,0,0,0,0.0,0.0,0,0,0,0,2.8,0.0,0,梦天游MOTIYO,6男3女 4.5小时 进阶 2019.07发行,欧美 推理 沉浸 童话,miquan_ipad_ratings.csv,miquan,ipad,6,3,9,,4.5,进阶,2019,7,9,2019-07-01,4-5h,True,False
2279,云水谣,云水谣,10.0,0.0,0.0,0.0,0.0,0.0,0.0,0.0,0.0,0.0,0.0,0,0,0,0.0,0.0,0,0,0,0,2.8,0.0,0,天地之间,3男4女 4.5小时 进阶,民国 推理 沉浸 都市,miquan_ipad_ratings.csv,miquan,ipad,3,4,7,,4.5,进阶,,,7,,4-5h,True,False
2281,漩涡,漩涡,6.2,6.5,6.7,6.5,0.0,0.0,0.0,0.0,0.0,0.0,0.0,0,0,0,0.0,0.0,0,0,0,0,288.0,3941.0,73,南昌罗生门推理室,4男2女 3.5小时 进阶 2020.06发行,,miquan_ipad_ratings.csv,miquan,ipad,4,2,6,,3.5,进阶,2020,6,6,2020-06-01,3-4h,False,True
2282,酆都锣鼓,酆都锣鼓,5.9,6.4,5.9,0.0,0.0,6.4,0.0,0.0,0.0,0.0,0.0,0,0,0,0.0,0.0,0,0,0,0,2.8,16273.0,212,九州长歌工作室,2男3女 4.5小时 进阶 2020.06发行,古风 推理 沉浸 怪谈,miquan_ipad_ratings.csv,miquan,ipad,2,3,5,,4.5,进阶,2020,6,5,2020-06-01,4-5h,True,False
2283,上钟儿,上钟儿,6.4,6.2,0.0,0.0,7.1,0.0,0.0,0.0,0.0,0.0,0.0,0,0,0,0.0,6.4,0,0,0,0,8937.0,122306.0,2073,星火文化,5男4女 4.5小时 新手 2020.06发行,中式 阵营 欢乐 新手,miquan_ipad_ratings.csv,miquan,ipad,5,4,9,,4.5,新手,2020,6,9,2020-06-01,4-5h,False,True
2284,三寸弥音,三寸弥音,6.6,6.6,6.2,0.0,0.0,6.2,0.0,0.0,0.0,0.0,0.0,0,0,0,0.0,0.0,0,0,0,0,16269.0,28368.0,459,桌立方,3男4女 4.0小时 新手 2020.07发行,现代 推理 悬疑 新手,miquan_ipad_ratings.csv,miquan,ipad,3,4,7,,4.0,新手,2020,7,7,2020-07-01,3-4h,False,True
2285,谁动了我的奶酪,谁动了我的奶酪,7.0,7.0,0.0,0.0,7.1,0.0,6.5,0.0,0.0,0.0,0.0,0,0,0,0.0,0.0,0,0,0,0,9.5,61005.0,1276,灰烬工作室,2男4女 4.0小时 新手 2020.06发行,架空 机制 欢乐 童话,miquan_ipad_ratings.csv,miquan,ipad,2,4,6,,4.0,新手,2020,6,6,2020-06-01,3-4h,True,False
2286,再见萤火虫,再见萤火虫,5.4,5.9,5.2,0.0,0.0,6.1,0.0,0.0,0.0,0.0,0.0,0,0,0,0.0,0.0,0,0,0,0,2.8,55135.0,830,LARP原创工作室,4男3女 4.5小时 新手 2020.08发行,日式 推理 沉浸 二次元,miquan_ipad_ratings.csv,miquan,ipad,4,3,7,,4.5,新手,2020,8,7,2020-08-01,4-5h,True,False
2287,精灵大劫案,精灵大劫案,5.0,0.0,0.0,0.0,0.0,0.0,0.0,0.0,0.0,0.0,0.0,0,0,0,0.0,0.0,0,0,0,0,8937.0,0.0,0,豆芽剧本工作室,5男2女 4.5小时 高阶 2020.01发行,中式 推理 欢乐 都市,miquan_ipad_ratings.csv,miquan,ipad,5,2,7,,4.5,高阶,2020,1,7,2020-01-01,4-5h,False,True
2288,夜枭,夜枭,6.2,6.6,6.6,6.8,0.0,0.0,0.0,0.0,0.0,0.0,0.0,0,0,0,0.0,0.0,0,0,0,0,349.0,5190.0,62,空山工作室,4男3女 4.5小时 进阶 2021.05发行,,miquan_ipad_ratings.csv,miquan,ipad,4,3,7,,4.5,进阶,2021,5,7,2021-05-01,4-5h,False,True
2289,太平剃头馆,太平剃头馆,6.4,6.6,6.4,0.0,0.0,0.0,0.0,0.0,0.0,0.0,0.0,0,0,0,0.0,0.0,0,0,0,0,330.0,6022.0,94,佛系工作室,4男1女 4.5小时 进阶 2020.04发行,,miquan_ipad_ratings.csv,miquan,ipad,4,1,5,,4.5,进阶,2020,4,5,2020-04-01,4-5h,False,True
2290,佐渡岛,佐渡岛,6.6,6.6,6.5,0.0,0.0,0.0,0.0,0.0,0.0,0.0,0.0,0,0,0,0.0,0.0,0,0,0,0,1866.0,21785.0,336,珠海凤凰社,3男4女 4.5小时 进阶 2020.01发行,日式 推理 惊悚 都市,miquan_ipad_ratings.csv,miquan,ipad,3,4,7,,4.5,进阶,2020,1,7,2020-01-01,4-5h,False,True
2291,假面,假面,5.0,0.0,0.0,0.0,0.0,0.0,0.0,0.0,0.0,0.0,0.0,0,0,0,0.0,0.0,0,0,0,0,1.4,0.0,0,麻心汤圆,3男2女 4.5小时 高阶 2020.03发行,,miquan_ipad_ratings.csv,miquan,ipad,3,2,5,,4.5,高阶,2020,3,5,2020-03-01,4-5h,True,False
2292,我见,我见,6.0,6.6,0.0,0.0,0.0,6.5,0.0,0.0,0.0,6.2,0.0,0,0,0,0.0,0.0,0,0,0,0,1.1,10223.0,145,天津剧盟发行工作室,3男2女 4.5小时 进阶 2020.08发行,,miquan_ipad_ratings.csv,miquan,ipad,3,2,5,,4.5,进阶,2020,8,5,2020-08-01,4-5h,True,False
2293,黑色党徒,黑色党徒,7.7,7.4,7.1,0.0,0.0,6.7,0.0,0.0,0.0,0.0,0.0,0,0,0,0.0,0.0,0,0,0,0,31218.0,60870.0,1270,西安蛛丝马迹,4男2女 5.0小时 高阶 2020.08发行,,miquan_ipad_ratings.csv,miquan,ipad,4,2,6,,5.0,高阶,2020,8,6,2020-08-01,4-5h,False,True
2294,应许之地,应许之地,7.1,7.1,7.0,6.7,0.0,0.0,0.0,0.0,0.0,0.0,0.0,0,0,0,0.0,0.0,0,0,0,0,20640.0,28478.0,600,贵阳·不二,玩的第一个硬核推理还原本，打了4个小时左右，推理不难还原难，后期大型认亲现场。 3男3女可反串，不是情感本反串不影响进度 第一幕双方辩论，我的人物是船长属于组织...全文,,miquan_ipad_ratings.csv,miquan,ipad,3,3,6,,4.0,,,,6,,3-4h,False,True
2295,七个密室,七个密室,7.1,6.3,7.5,6.8,0.0,0.0,0.0,0.0,0.0,0.0,0.0,0,0,0,0.0,0.0,0,0,0,0,54224.0,108007.0,2276,灰烬工作室,4男2女 6.0小时 高阶 2020.07发行,架空 机制 沉浸 进阶,miquan_ipad_ratings.csv,miquan,ipad,4,2,6,,6.0,高阶,2020,7,6,2020-07-01,5-6h,False,True
2296,柯南之死,柯南之死,6.0,0.0,0.0,0.0,0.0,0.0,0.0,0.0,0.0,0.0,0.0,0,0,0,0.0,0.0,0,0,0,0,0.0,0.0,0,唯辰工作室,4男3女 4.5小时 进阶,,miquan_ipad_ratings.csv,miquan,ipad,4,3,7,,4.5,进阶,,,7,,4-5h,False,True
2297,朝别梨怨,朝别梨怨,9.0,0.0,0.0,0.0,0.0,0.0,0.0,0.0,0.0,0.0,0.0,0,0,0,0.0,0.0,0,0,0,0,2.8,0.0,0,不止发行工作室,4男3女 4.5小时 进阶,中式 推理 沉浸 都市,miquan_ipad_ratings.csv,miquan,ipad,4,3,7,,4.5,进阶,,,7,,4-5h,True,False
2298,无故人,无故人,8.0,0.0,0.0,0.0,0.0,0.0,0.0,0.0,0.0,0.0,0.0,0,0,0,0.0,0.0,0,0,0,0,9517.0,0.0,0,天津剧盟发行工作室,6男0女 4.5小时 进阶 2019.06发行,,miquan_ipad_ratings.csv,miquan,ipad,6,0,6,,4.5,进阶,2019,6,6,2019-06-01,4-5h,False,True
2299,欺诈者,欺诈者,7.1,6.9,6.8,6.9,0.0,0.0,0.0,0.0,0.0,0.0,0.0,0,0,0,0.0,0.0,0,0,0,0,429.0,6515.0,85,锋芒剧制,5男1女 4.5小时 高阶 2019.07发行,,miquan_ipad_ratings.csv,miquan,ipad,5,1,6,,4.5,高阶,2019,7,6,2019-07-01,4-5h,False,True
2302,来自澡堂的你,来自澡堂的你,3.0,0.0,0.0,0.0,0.0,0.0,0.0,0.0,0.0,0.0,0.0,0,0,0,0.0,0.0,0,0,0,0,8938.0,0.0,0,沧之溟工作室,3男3女 4.5小时 进阶,中式 推理 欢乐 科幻,miquan_ipad_ratings.csv,miquan,ipad,3,3,6,,4.5,进阶,,,6,,4-5h,False,True
2303,追凶手记,追凶手记,5.7,6.2,6.2,0.0,0.0,0.0,0.0,0.0,6.1,0.0,0.0,0,0,0,0.0,0.0,0,0,0,0,2.8,8032.0,105,白八工作室,6男0女 4.5小时 进阶 2020.03发行,中式 推理 沉浸 都市,miquan_ipad_ratings.csv,miquan,ipad,6,0,6,,4.5,进阶,2020,3,6,2020-03-01,4-5h,True,False
2304,钟点站,钟点站,7.0,0.0,0.0,0.0,0.0,0.0,0.0,0.0,0.0,0.0,0.0,0,0,0,0.0,0.0,0,0,0,0,0.0,0.0,0,久见文化,4男2女 4.5小时 进阶 2019.12发行,,miquan_ipad_ratings.csv,miquan,ipad,4,2,6,,4.5,进阶,2019,12,6,2019-12-01,4-5h,False,True
2305,掌眼,掌眼,6.9,6.8,0.0,0.0,6.9,0.0,6.9,0.0,0.0,0.0,0.0,0,0,0,0.0,0.0,0,0,0,0,9.5,5008.0,71,多面体工作室,4男2女 4.5小时 进阶 2020.02发行,民国 机制 欢乐 都市,miquan_ipad_ratings.csv,miquan,ipad,4,2,6,,4.5,进阶,2020,2,6,2020-02-01,4-5h,True,False
2306,永别了我的独角兽,永别了我的独角兽,6.0,0.0,0.0,0.0,0.0,0.0,0.0,0.0,0.0,0.0,0.0,0,0,0,0.0,0.0,0,0,0,0,2.8,0.0,0,跳！大神工作室,4男2女 4.5小时 进阶,中式 推理 沉浸 校园,miquan_ipad_ratings.csv,miquan,ipad,4,2,6,,4.5,进阶,,,6,,4-5h,True,False
2307,永安,永安,6.9,6.8,6.4,0.0,0.0,0.0,0.0,0.0,7.0,0.0,0.0,0,0,0,0.0,0.0,0,0,0,0,2.8,4222.0,43,XY侦探工作室,3男3女 4.5小时 进阶 2020.06发行,古风 推理 沉浸 武侠,miquan_ipad_ratings.csv,miquan,ipad,3,3,6,,4.5,进阶,2020,6,6,2020-06-01,4-5h,True,False
2308,寻人启事,寻人启事,8.0,7.4,7.6,0.0,0.0,0.0,0.0,0.0,0.0,0.0,0.0,0,0,0,0.0,0.0,0,0,0,0,20795.0,34965.0,1136,肆言良语,1男4女 4.5小时 进阶 2020.06发行,,miquan_ipad_ratings.csv,miquan,ipad,1,4,5,,4.5,进阶,2020,6,5,2020-06-01,4-5h,False,True
2309,血俑,血俑,8.0,0.0,0.0,0.0,0.0,0.0,0.0,0.0,0.0,0.0,0.0,0,0,0,0.0,0.0,0,0,0,0,471.0,0.0,0,鲜焰文化,3男3女 4.5小时 进阶 2020.06发行,,miquan_ipad_ratings.csv,miquan,ipad,3,3,6,,4.5,进阶,2020,6,6,2020-06-01,4-5h,False,True
2310,五庄神树,五庄神树,8.0,0.0,0.0,0.0,0.0,0.0,0.0,0.0,0.0,0.0,0.0,0,0,0,0.0,0.0,0,0,0,0,1.1,0.0,0,巨楠推理社,4男2女 4.5小时 进阶 2020.02发行,,miquan_ipad_ratings.csv,miquan,ipad,4,2,6,,4.5,进阶,2020,2,6,2020-02-01,4-5h,True,False
2311,生命线,生命线,10.0,0.0,0.0,0.0,0.0,0.0,0.0,0.0,0.0,0.0,0.0,0,0,0,0.0,0.0,0,0,0,0,2.8,0.0,0,,4男2女 4.5小时 高阶,中式 推理 沉浸 都市,miquan_ipad_ratings.csv,miquan,ipad,4,2,6,,4.5,高阶,,,6,,4-5h,True,False
2312,脑髓炼狱,脑髓炼狱,6.5,6.6,0.0,6.7,0.0,0.0,6.7,0.0,0.0,0.0,0.0,0,0,0,0.0,0.0,0,0,0,0,2.6,7360.0,80,惊蛰推理,5男2女 4.5小时 高阶 2020.06发行,,miquan_ipad_ratings.csv,miquan,ipad,5,2,7,,4.5,高阶,2020,6,7,2020-06-01,4-5h,True,False
2315,焚莱森林2,焚莱森林2,6.4,6.7,6.5,0.0,0.0,0.0,0.0,0.0,0.0,0.0,0.0,0,0,0,0.0,0.0,0,0,0,0,540.0,10267.0,133,X探案工作室,3男5女 4.5小时 高阶 2019.12发行,,miquan_ipad_ratings.csv,miquan,ipad,3,5,8,,4.5,高阶,2019,12,8,2019-12-01,4-5h,False,True
2316,豆大点事物语,豆大点事物语,6.5,6.4,6.5,0.0,6.4,0.0,0.0,0.0,0.0,0.0,0.0,0,0,0,0.0,0.0,0,0,0,0,8938.0,16086.0,384,那奇剧本工作室,2男2女 4.5小时 进阶 2021.04发行,日式 推理 欢乐 都市,miquan_ipad_ratings.csv,miquan,ipad,2,2,4,,4.5,进阶,2021,4,4,2021-04-01,4-5h,False,True
2317,刀鞘,刀鞘,8.8,8.3,0.0,0.0,0.0,0.0,0.0,0.0,7.9,0.0,0.0,0,0,0,0.0,8.2,0,0,0,0,2.3,180205.0,10061,老玉米联合工作室,百本选手说剧本:剧本《刀鞘》7人本 4男3女 剧本类型:城限本 阵营 机制本 游戏时间:5小时左右 👬适合人群：老骗子 ❤剧情感受：...全文,,miquan_ipad_ratings.csv,miquan,ipad,4,3,7,7,5.0,,,,7,,4-5h,True,False
2318,沉睡的证言,沉睡的证言,9.0,0.0,0.0,0.0,0.0,0.0,0.0,0.0,0.0,0.0,0.0,0,0,0,0.0,0.0,0,0,0,0,8938.0,0.0,0,日暮里文化,4男2女 4.5小时 高阶 2020.05发行,架空 推理 欢乐 都市,miquan_ipad_ratings.csv,miquan,ipad,4,2,6,,4.5,高阶,2020,5,6,2020-05-01,4-5h,False,True
2320,奥利安娜游乐园,奥利安娜游乐园,5.0,0.0,0.0,0.0,0.0,0.0,0.0,0.0,0.0,0.0,0.0,0,0,0,0.0,0.0,0,0,0,0,2.8,0.0,0,阿斯巴甜,3男4女 4.5小时 进阶 2020.04发行,架空 推理 沉浸 童话,miquan_ipad_ratings.csv,miquan,ipad,3,4,7,,4.5,进阶,2020,4,7,2020-04-01,4-5h,True,False
2322,离魂津梦,离魂津梦,10.0,0.0,0.0,0.0,0.0,0.0,0.0,0.0,0.0,0.0,0.0,0,0,0,0.0,0.0,0,0,0,0,2.8,0.0,0,阿斯巴甜,3男3女 4.5小时 进阶 2020.06发行,古风 推理 沉浸 武侠,miquan_ipad_ratings.csv,miquan,ipad,3,3,6,,4.5,进阶,2020,6,6,2020-06-01,4-5h,True,False
2323,来日方长,来日方长,6.7,6.8,0.0,0.0,0.0,0.0,6.6,0.0,6.6,0.0,0.0,0,0,0,0.0,0.0,0,0,0,0,7608.0,4241.0,47,阿斯巴甜,4男2女 4.5小时 高阶 2020.01发行,未来 机制 沉浸 科幻,miquan_ipad_ratings.csv,miquan,ipad,4,2,6,,4.5,高阶,2020,1,6,2020-01-01,4-5h,False,True
2324,镇宁村,镇宁村,5.0,0.0,0.0,0.0,0.0,0.0,0.0,0.0,0.0,0.0,0.0,0,0,0,0.0,0.0,0,0,0,0,0.0,0.0,0,宿因工作室,3男3女 4.5小时 进阶,,miquan_ipad_ratings.csv,miquan,ipad,3,3,6,,4.5,进阶,,,6,,4-5h,False,True
2325,通灵师,通灵师,10.0,0.0,0.0,0.0,0.0,0.0,0.0,0.0,0.0,0.0,0.0,0,0,0,0.0,0.0,0,0,0,0,0.0,0.0,0,旖旎文化,3男2女 4.5小时 高阶 2020.05发行,,miquan_ipad_ratings.csv,miquan,ipad,3,2,5,,4.5,高阶,2020,5,5,2020-05-01,4-5h,False,True
2326,狐后,狐后,4.0,0.0,0.0,0.0,0.0,0.0,0.0,0.0,0.0,0.0,0.0,0,0,0,0.0,0.0,0,0,0,0,9517.0,0.0,0,故事王国剧本工作室,3男3女 4.5小时 进阶 2019.12发行,,miquan_ipad_ratings.csv,miquan,ipad,3,3,6,,4.5,进阶,2019,12,6,2019-12-01,4-5h,False,True
2327,章东镇迷案,章东镇迷案,7.6,7.3,7.0,0.0,0.0,0.0,0.0,0.0,6.9,0.0,0.0,0,0,0,0.0,0.0,0,0,0,0,2.8,12676.0,738,智乐源文化,3男3女 4.5小时 进阶 2020.06发行,民国 推理 沉浸 豪门,miquan_ipad_ratings.csv,miquan,ipad,3,3,6,,4.5,进阶,2020,6,6,2020-06-01,4-5h,True,False
2328,原生之罪,原生之罪,4.0,0.0,0.0,0.0,0.0,0.0,0.0,0.0,0.0,0.0,0.0,0,0,0,0.0,0.0,0,0,0,0,2.8,0.0,0,清风阁,3男4女 4.5小时 进阶,中式 推理 沉浸 都市,miquan_ipad_ratings.csv,miquan,ipad,3,4,7,,4.5,进阶,,,7,,4-5h,True,False
2330,沉默的莫比乌斯号,沉默的莫比乌斯号,5.0,0.0,0.0,0.0,0.0,0.0,0.0,0.0,0.0,0.0,0.0,0,0,0,0.0,0.0,0,0,0,0,0.0,0.0,0,摩沃德剧本工作室,3男3女 4.5小时 进阶,,miquan_ipad_ratings.csv,miquan,ipad,3,3,6,,4.5,进阶,,,6,,4-5h,False,True
2332,七情古墓,七情古墓,7.0,0.0,0.0,0.0,0.0,0.0,0.0,0.0,0.0,0.0,0.0,0,0,0,0.0,0.0,0,0,0,0,0.0,0.0,0,谜之推理社,4男3女 4.5小时 高阶 2019.06发行,架空 推理 悬疑 武侠,miquan_ipad_ratings.csv,miquan,ipad,4,3,7,,4.5,高阶,2019,6,7,2019-06-01,4-5h,False,True
2333,以你为名,以你为名,7.0,0.0,0.0,0.0,0.0,0.0,0.0,0.0,0.0,0.0,0.0,0,0,0,0.0,0.0,0,0,0,0,8862.0,0.0,0,花间工作室,3男3女 4.5小时 进阶 2020.05发行,中式 情感 欢乐 校园,miquan_ipad_ratings.csv,miquan,ipad,3,3,6,,4.5,进阶,2020,5,6,2020-05-01,4-5h,False,True
2335,欢迎来到菲尔斯街区,欢迎来到菲尔斯街区,7.5,7.1,7.1,0.0,0.0,0.0,0.0,0.0,0.0,0.0,0.0,0,0,0,0.0,6.5,0,0,0,0,9517.0,8830.0,194,75先生工作室,第242本 时长：4小时 配置：1男5女 这个本无论从难度还是体量上来看，在剧本杀存在以来的任何时期都无法撑得起独家的名头。 《菲尔斯街区》在故事层面存在一定的创新...全文,,miquan_ipad_ratings.csv,miquan,ipad,1,5,6,,4.0,,,,6,,3-4h,False,True
2336,今夕是何年,何似番外篇：今夕是何年,2.0,0.0,0.0,0.0,0.0,0.0,0.0,0.0,0.0,0.0,0.0,0,0,0,0.0,0.0,0,0,0,0,1.1,0.0,0,微草剧制; 乐玖剧作,3男3女 5.5小时 进阶 2023.01发行,,miquan_ipad_ratings.csv,miquan,ipad,3,3,6,,5.5,进阶,2023,1,6,2023-01-01,5-6h,True,False
2337,空灵,空灵,8.0,0.0,0.0,0.0,0.0,0.0,0.0,0.0,0.0,0.0,0.0,0,0,0,0.0,0.0,0,0,0,0,1.1,0.0,0,鑫梦人生,2男4女 4.5小时 进阶 2020.04发行,古风 情感 演绎 玄幻,miquan_ipad_ratings.csv,miquan,ipad,2,4,6,,4.5,进阶,2020,4,6,2020-04-01,4-5h,True,False
2338,狼啸,狼啸,6.1,6.7,0.0,6.7,0.0,0.0,0.0,0.0,0.0,0.0,0.0,0,0,0,0.0,6.4,0,0,0,0,9517.0,6135.0,99,西安佐思工作室; 荒诞剧社,4男5女 4.5小时 进阶 2020.05发行,,miquan_ipad_ratings.csv,miquan,ipad,4,5,9,,4.5,进阶,2020,5,9,2020-05-01,4-5h,False,True
2341,逆光,逆光,6.0,0.0,0.0,0.0,0.0,0.0,0.0,0.0,0.0,0.0,0.0,0,0,0,0.0,0.0,0,0,0,0,2.8,0.0,0,朋来仙境工作室,4男3女 4.5小时 高阶,中式 推理 沉浸 都市,miquan_ipad_ratings.csv,miquan,ipad,4,3,7,,4.5,高阶,,,7,,4-5h,True,False
2342,青楼,青楼,8.0,7.4,0.0,0.0,8.1,0.0,0.0,0.0,0.0,0.0,0.0,0,0,0,0.0,7.5,0,0,0,0,5.8,269074.0,16176,西昆仑发行工作室,4男3女 4.0小时 新手 2020.04发行,古风 阵营 欢乐 都市,miquan_ipad_ratings.csv,miquan,ipad,4,3,7,,4.0,新手,2020,4,7,2020-04-01,3-4h,True,False
2343,清水八幡,清水八幡,6.3,6.6,0.0,0.0,0.0,0.0,6.7,0.0,0.0,0.0,0.0,0,0,0,0.0,0.0,0,0,0,0,471.0,12678.0,151,阿斯巴甜,3男3女 4.5小时 进阶 2020.05发行,日式 机制 惊悚 战争,miquan_ipad_ratings.csv,miquan,ipad,3,3,6,,4.5,进阶,2020,5,6,2020-05-01,4-5h,False,True
2345,三千鸦杀,三千鸦杀,6.0,6.5,6.2,0.0,0.0,6.5,0.0,0.0,0.0,0.0,0.0,0,0,0,0.0,0.0,0,0,0,0,2.8,12397.0,186,LARP原创工作室,4男3女 4.5小时 高阶 2019.10发行,日式 推理 沉浸 家国,miquan_ipad_ratings.csv,miquan,ipad,4,3,7,,4.5,高阶,2019,10,7,2019-10-01,4-5h,True,False
2346,莎翁公馆,莎翁公馆,6.6,6.9,6.8,0.0,0.0,0.0,0.0,0.0,0.0,0.0,0.0,0,0,0,0.0,0.0,0,0,0,0,182.0,1294.0,38,MasterKey剧本推理室,3男3女 4.5小时 进阶 2019.12发行,,miquan_ipad_ratings.csv,miquan,ipad,3,3,6,,4.5,进阶,2019,12,6,2019-12-01,4-5h,False,True
2347,神启,神启,6.9,6.8,6.7,6.5,0.0,0.0,0.0,0.0,0.0,0.0,0.0,0,0,0,0.0,0.0,0,0,0,0,13658.0,22199.0,313,LARP原创工作室,3男3女 5.0小时 高阶 2020.06发行,,miquan_ipad_ratings.csv,miquan,ipad,3,3,6,,5.0,高阶,2020,6,6,2020-06-01,4-5h,False,True
2348,通远县,通远县,6.6,6.7,7.0,6.7,0.0,0.0,0.0,0.0,0.0,0.0,0.0,0,0,0,0.0,0.0,0,0,0,0,270.0,2794.0,49,山海明侦社,2男3女 4.5小时 高阶,,miquan_ipad_ratings.csv,miquan,ipad,2,3,5,,4.5,高阶,,,5,,4-5h,False,True
2349,童话镇的挽歌,童话镇的挽歌,4.0,0.0,0.0,0.0,0.0,0.0,0.0,0.0,0.0,0.0,0.0,0,0,0,0.0,0.0,0,0,0,0,0.0,0.0,0,,5男3女 4.5小时 进阶,,miquan_ipad_ratings.csv,miquan,ipad,5,3,8,,4.5,进阶,,,8,,4-5h,False,True
2354,八神女,八神女,2.0,0.0,0.0,0.0,0.0,0.0,0.0,0.0,0.0,0.0,0.0,0,0,0,0.0,0.0,0,0,0,0,5049.0,0.0,0,九州长歌工作室,4男3女 4.5小时 高阶,,miquan_ipad_ratings.csv,miquan,ipad,4,3,7,,4.5,高阶,,,7,,4-5h,False,True
2355,遗作诡堡,遗作诡堡,6.0,0.0,0.0,0.0,0.0,0.0,0.0,0.0,0.0,0.0,0.0,0,0,0,0.0,0.0,0,0,0,0,0.0,0.0,0,葫芦世界,3男2女 4.5小时 进阶 2019.02发行,,miquan_ipad_ratings.csv,miquan,ipad,3,2,5,,4.5,进阶,2019,2,5,2019-02-01,4-5h,False,True
2356,阴鬼人,阴鬼人,7.2,7.1,6.8,0.0,0.0,0.0,0.0,0.0,0.0,0.0,0.0,0,0,0,0.0,0.0,0,0,0,0,15070.0,35094.0,840,葵花工作室,3男2女 4.5小时 进阶 2020.04发行,,miquan_ipad_ratings.csv,miquan,ipad,3,2,5,,4.5,进阶,2020,4,5,2020-04-01,4-5h,False,True
2357,云复往夕,云复往夕,7.0,6.8,6.7,0.0,0.0,0.0,0.0,0.0,0.0,0.0,0.0,0,0,0,6.4,0.0,0,0,0,0,1.4,7691.0,148,LARP原创工作室,第248本 时长：4小时 配置：2男4女 《云复往夕》这个本的故事在老本中算是鹤立鸡群的存在了：有细节、有伏笔、有回扣，在混乱的人物关系中写出了一个有逻辑的故事。还原部分也很有...全文,,miquan_ipad_ratings.csv,miquan,ipad,2,4,6,,4.0,,,,6,,3-4h,True,False
2358,云卷千岚,云卷千岚,5.0,0.0,0.0,0.0,0.0,0.0,0.0,0.0,0.0,0.0,0.0,0,0,0,0.0,0.0,0,0,0,0,0.0,0.0,0,吊儿郎当卓游工作室,4男3女 5.0小时 高阶,架空 推理 悬疑 武侠,miquan_ipad_ratings.csv,miquan,ipad,4,3,7,,5.0,高阶,,,7,,4-5h,False,True
2359,尸乐园,尸乐园,6.5,6.7,6.6,0.0,0.0,0.0,0.0,0.0,0.0,0.0,0.0,0,0,0,0.0,0.0,0,0,0,0,481.0,6085.0,140,小本买卖工作室,3男3女 4.5小时 进阶 2019.10发行,,miquan_ipad_ratings.csv,miquan,ipad,3,3,6,,4.5,进阶,2019,10,6,2019-10-01,4-5h,False,True
2361,欢迎来到万事屋,欢迎来到万事屋,7.7,7.4,6.4,0.0,7.6,0.0,0.0,0.0,0.0,0.0,0.0,0,0,0,0.0,0.0,0,0,0,0,8943.0,23.0,1150,西安蛛丝马迹,补测系列🌟《欢迎来到万事屋》🌟 日式｜欢乐｜沉浸｜治愈｜推理｜情感 👦玩家配置:四男两女 🕰体验时长:4-5小时 很多人都拿《欢迎来到万事屋》和《日日是...全文,日式 推理 欢乐 都市,miquan_ipad_ratings.csv,miquan,ipad,4,2,6,,5.0,,,,6,,4-5h,False,True
2362,我要当班长,我要当班长,5.8,6.5,0.0,0.0,6.8,0.0,0.0,0.0,0.0,0.0,0.0,0,0,0,0.0,6.6,0,0,0,0,5.8,5456.0,60,真相骑士,3男3女 4.5小时 进阶 2019.12发行,,miquan_ipad_ratings.csv,miquan,ipad,3,3,6,,4.5,进阶,2019,12,6,2019-12-01,4-5h,True,False
2363,舍离,舍离,6.3,6.6,5.9,0.0,0.0,6.8,0.0,0.0,0.0,0.0,0.0,0,0,0,0.0,0.0,0,0,0,0,3.4,69966.0,875,桌立方,3男3女 4.0小时 新手 2019.05发行,古风 情感 沉浸 玄幻,miquan_ipad_ratings.csv,miquan,ipad,3,3,6,,4.0,新手,2019,5,6,2019-05-01,3-4h,True,False
2365,江河湖海,江河湖海,7.0,0.0,0.0,0.0,0.0,0.0,0.0,0.0,0.0,0.0,0.0,0,0,0,0.0,0.0,0,0,0,0,1.4,0.0,0,皂作文化,3男2女 4.5小时 高阶 2019.12发行,,miquan_ipad_ratings.csv,miquan,ipad,3,2,5,,4.5,高阶,2019,12,5,2019-12-01,4-5h,True,False
2366,归宿,【归宿】,6.0,0.0,0.0,0.0,0.0,0.0,0.0,0.0,0.0,0.0,0.0,0,0,0,0.0,0.0,0,0,0,0,2.8,0.0,0,有糖谋杀之谜工作室,2男3女 4.5小时 进阶,中式 推理 沉浸 都市,miquan_ipad_ratings.csv,miquan,ipad,2,3,5,,4.5,进阶,,,5,,4-5h,True,False
2368,草鬼婆,草鬼婆,3.0,0.0,0.0,0.0,0.0,0.0,0.0,0.0,0.0,0.0,0.0,0,0,0,0.0,0.0,0,0,0,0,0.0,0.0,0,飞鱼计划-八号剧本工作室,4男4女 4.5小时 进阶 2018.11发行,,miquan_ipad_ratings.csv,miquan,ipad,4,4,8,,4.5,进阶,2018,11,8,2018-11-01,4-5h,False,True
2369,蝴蝶效应,蝴蝶效应之死亡序曲,5.0,0.0,0.0,0.0,0.0,0.0,0.0,0.0,0.0,0.0,0.0,0,0,0,0.0,0.0,0,0,0,0,0.0,0.0,0,麋鹿侦探工作室,4男2女 4.5小时 高阶,,miquan_ipad_ratings.csv,miquan,ipad,4,2,6,,4.5,高阶,,,6,,4-5h,False,True
2370,隔墙有眼,隔墙有眼,6.6,6.7,6.7,0.0,0.0,0.0,0.0,0.0,0.0,0.0,0.0,0,0,0,0.0,0.0,0,0,0,0,1076.0,6645.0,138,推理大师,类型：现代恐怖推理 还原 配置：3男1女(可反串） 时长：3.5-4小时 穆洙心：女，27岁，百万粉丝大v美妆博主 张榆柳：男，27岁．小有名气园林艺术家 雷靖宇：男，27岁，循循善诱...全文,,miquan_ipad_ratings.csv,miquan,ipad,3,1,4,,4.0,,,,4,,3-4h,False,True
2371,生吞,生吞,5.0,0.0,0.0,0.0,0.0,0.0,0.0,0.0,0.0,0.0,0.0,0,0,0,0.0,0.0,0,0,0,0,2.8,0.0,0,橙鲸剧本工作室,4男2女 4.5小时 进阶 2019.12发行,中式 推理 沉浸 都市,miquan_ipad_ratings.csv,miquan,ipad,4,2,6,,4.5,进阶,2019,12,6,2019-12-01,4-5h,True,False
2372,汉殇,汉殇,7.0,6.8,0.0,6.7,0.0,0.0,0.0,0.0,0.0,0.0,0.0,0,0,0,0.0,7.1,0,0,0,0,9517.0,10477.0,153,旖旎文化,7男1女 4.5小时 进阶 2019.10发行,,miquan_ipad_ratings.csv,miquan,ipad,7,1,8,,4.5,进阶,2019,10,8,2019-10-01,4-5h,False,True
2374,大明风华,大明风华,7.0,0.0,0.0,0.0,0.0,0.0,0.0,0.0,0.0,0.0,0.0,0,0,0,0.0,0.0,0,0,0,0,2.3,0.0,0,小本买卖工作室,3男3女 5.0小时 高阶 2020.05发行,古风 阵营 沉浸 武侠,miquan_ipad_ratings.csv,miquan,ipad,3,3,6,,5.0,高阶,2020,5,6,2020-05-01,4-5h,True,False
2376,朝凤村,朝凤村,7.0,0.0,0.0,0.0,0.0,0.0,0.0,0.0,0.0,0.0,0.0,0,0,0,0.0,0.0,0,0,0,0,0.0,0.0,0,月满天台工作室,3男3女 4.5小时 高阶,,miquan_ipad_ratings.csv,miquan,ipad,3,3,6,,4.5,高阶,,,6,,4-5h,False,True
2377,波旬,波旬,7.2,7.0,7.0,0.0,0.0,6.4,0.0,0.0,0.0,0.0,0.0,0,0,0,0.0,0.0,0,0,0,0,19016.0,32616.0,589,天津剧盟发行工作室; 無花果工作室,4男2女 4.0小时 进阶 2020.04发行,,miquan_ipad_ratings.csv,miquan,ipad,4,2,6,,4.0,进阶,2020,4,6,2020-04-01,3-4h,False,True
2378,雾夜将尽,雾夜将尽,6.4,6.9,6.9,6.8,0.0,0.0,0.0,0.0,0.0,0.0,0.0,0,0,0,0.0,0.0,0,0,0,0,350.0,4787.0,58,阿斯巴甜,4男2女 4.5小时 进阶 2020.04发行,,miquan_ipad_ratings.csv,miquan,ipad,4,2,6,,4.5,进阶,2020,4,6,2020-04-01,4-5h,False,True
2379,雨疏风骤海棠依旧,雨疏风骤，海棠依旧,5.9,6.3,6.2,0.0,6.0,0.0,0.0,0.0,0.0,0.0,0.0,0,0,0,0.0,0.0,0,0,0,0,8948.0,15343.0,213,灰帆文化,3男2女 4.5小时 进阶 2020.05发行,架空 推理 欢乐 玄幻,miquan_ipad_ratings.csv,miquan,ipad,3,2,5,,4.5,进阶,2020,5,5,2020-05-01,4-5h,False,True
2380,囚徒起源,囚徒起源,10.0,0.0,0.0,0.0,0.0,0.0,0.0,0.0,0.0,0.0,0.0,0,0,0,0.0,0.0,0,0,0,0,0.0,0.0,0,飞鱼计划-八号剧本工作室,4男3女 4.5小时 进阶 2019.10发行,,miquan_ipad_ratings.csv,miquan,ipad,4,3,7,,4.5,进阶,2019,10,7,2019-10-01,4-5h,False,True
2381,抓玛提克,抓玛提克,4.0,0.0,0.0,0.0,0.0,0.0,0.0,0.0,0.0,0.0,0.0,0,0,0,0.0,0.0,0,0,0,0,2.8,0.0,0,66号剧本工作室,5男2女 4.0小时 进阶 2020.01发行,中式 推理 沉浸 历史,miquan_ipad_ratings.csv,miquan,ipad,5,2,7,,4.0,进阶,2020,1,7,2020-01-01,3-4h,True,False
2382,食物链,食物链,9.0,0.0,0.0,0.0,0.0,0.0,0.0,0.0,0.0,0.0,0.0,0,0,0,0.0,0.0,0,0,0,0,2.8,0.0,0,春树工作室,人物：邵婷 题材：人性 立意 还原 情感 时长：3~4小时 人数：7人 3男4女（不反...全文,中式 推理 沉浸 都市,miquan_ipad_ratings.csv,miquan,ipad,3,4,7,7,4.0,,,,7,,3-4h,True,False
2383,巨幕之上,巨幕之上,7.0,0.0,0.0,0.0,0.0,0.0,0.0,0.0,0.0,0.0,0.0,0,0,0,0.0,0.0,0,0,0,0,2.6,0.0,0,推理大师,3男2女 4.5小时 高阶 2019.10发行,,miquan_ipad_ratings.csv,miquan,ipad,3,2,5,,4.5,高阶,2019,10,5,2019-10-01,4-5h,True,False
2384,阿修罗王,阿修罗王,6.9,6.8,6.8,0.0,0.0,0.0,0.0,0.0,0.0,0.0,0.0,0,0,0,0.0,0.0,0,0,0,0,201.0,1199.0,48,兰州贝克街文化娱乐有限公司,4男3女 4.5小时 进阶 2020.09发行,,miquan_ipad_ratings.csv,miquan,ipad,4,3,7,,4.5,进阶,2020,9,7,2020-09-01,4-5h,False,True
2385,多余之人,多余之人,10.0,0.0,0.0,0.0,0.0,0.0,0.0,0.0,0.0,0.0,0.0,0,0,0,0.0,0.0,0,0,0,0,471.0,0.0,0,A+剧本工作室,4男2女 5.0小时 高阶,,miquan_ipad_ratings.csv,miquan,ipad,4,2,6,,5.0,高阶,,,6,,4-5h,False,True
2387,平安街,平安街,6.2,0.0,6.4,7.0,0.0,0.0,0.0,6.9,0.0,0.0,0.0,0,0,0,0.0,0.0,0,0,0,0,8948.0,21147.0,397,豆芽剧本工作室,类型：本格，推理，硬核 时间：4小时 人数：7人，四男三女 【人物介绍】 【荣枯】：24岁，男，高大帅气，白净小生，无所事事 【发婆】：？岁，女，底衫褴褛，逢头垢面...全文,中式 推理 欢乐 都市,miquan_ipad_ratings.csv,miquan,ipad,4,3,7,7,4.0,,,,7,,3-4h,False,True
2388,地狱幽兰,地狱幽兰,10.0,0.0,0.0,0.0,0.0,0.0,0.0,0.0,0.0,0.0,0.0,0,0,0,0.0,0.0,0,0,0,0,2.8,0.0,0,A+剧本工作室,0男5女 4.5小时 进阶,中式 推理 沉浸 都市,miquan_ipad_ratings.csv,miquan,ipad,0,5,5,,4.5,进阶,,,5,,4-5h,True,False
2390,久违,久违,7.1,6.9,0.0,0.0,0.0,6.9,0.0,0.0,0.0,6.6,0.0,0,0,0,0.0,0.0,0,0,0,0,1.1,3396.0,48,瓦特工作室,3男3女 4.5小时 进阶 2019.08发行,,miquan_ipad_ratings.csv,miquan,ipad,3,3,6,,4.5,进阶,2019,8,6,2019-08-01,4-5h,True,False
2392,子醜卒,子醜卒,4.0,0.0,0.0,0.0,0.0,0.0,0.0,0.0,0.0,0.0,0.0,0,0,0,0.0,0.0,0,0,0,0,2.6,0.0,0,巨鱼丹丹工作室,3男3女 4.5小时 进阶,,miquan_ipad_ratings.csv,miquan,ipad,3,3,6,,4.5,进阶,,,6,,4-5h,True,False
2393,白银2,白银2,2.0,0.0,0.0,0.0,0.0,0.0,0.0,0.0,0.0,0.0,0.0,0,0,0,0.0,0.0,0,0,0,0,0.0,0.0,0,兰州贝克街文化娱乐有限公司,4男2女 4.5小时 进阶,,miquan_ipad_ratings.csv,miquan,ipad,4,2,6,,4.5,进阶,,,6,,4-5h,False,True
2394,屠夫,屠夫,7.0,0.0,0.0,0.0,0.0,0.0,0.0,0.0,0.0,0.0,0.0,0,0,0,0.0,0.0,0,0,0,0,471.0,0.0,0,嘉诺文化,4男3女 4.5小时 进阶 2019.10发行,,miquan_ipad_ratings.csv,miquan,ipad,4,3,7,,4.5,进阶,2019,10,7,2019-10-01,4-5h,False,True
2395,致前任,致前任,7.0,0.0,0.0,0.0,0.0,0.0,0.0,0.0,0.0,0.0,0.0,0,0,0,0.0,0.0,0,0,0,0,2.8,0.0,0,A+剧本工作室,4男4女 4.5小时 进阶,中式 推理 沉浸 都市,miquan_ipad_ratings.csv,miquan,ipad,4,4,8,,4.5,进阶,,,8,,4-5h,True,False
2397,黄金时代,宝藏·黄金时代,6.0,0.0,0.0,0.0,0.0,0.0,0.0,0.0,0.0,0.0,0.0,0,0,0,0.0,0.0,0,0,0,0,3161.0,0.0,0,轻舟工作室; 剧猩联盟工作室,6男2女 6.0小时 新手 2023.09发行,,miquan_ipad_ratings.csv,miquan,ipad,6,2,8,,6.0,新手,2023,9,8,2023-09-01,5-6h,False,True
2398,犯罪屋,犯罪屋,6.8,6.5,6.8,6.5,0.0,0.0,0.0,0.0,0.0,0.0,0.0,0,0,0,0.0,0.0,0,0,0,0,1769.0,8930.0,129,ALL-IN工作室,2男3女 4.5小时 高阶 2019.06发行,,miquan_ipad_ratings.csv,miquan,ipad,2,3,5,,4.5,高阶,2019,6,5,2019-06-01,4-5h,False,True
2399,好久不见,好久不见,6.0,6.6,0.0,0.0,0.0,6.8,0.0,0.0,0.0,6.7,0.0,0,0,0,0.0,0.0,0,0,0,0,1.1,4591.0,57,迷若谷,3男2女 4.5小时 高阶 2019.11发行,,miquan_ipad_ratings.csv,miquan,ipad,3,2,5,,4.5,高阶,2019,11,5,2019-11-01,4-5h,True,False
2400,何似在人间,何似在人间,6.5,6.7,6.5,0.0,0.0,6.7,0.0,0.0,0.0,0.0,0.0,0,0,0,0.0,0.0,0,0,0,0,3.4,48509.0,725,跳！大神工作室,4男3女 4.0小时 进阶 2020.01发行,古风 情感 沉浸 都市,miquan_ipad_ratings.csv,miquan,ipad,4,3,7,,4.0,进阶,2020,1,7,2020-01-01,3-4h,True,False
2401,浮生一梦,浮生一梦,6.5,6.8,6.7,0.0,0.0,0.0,0.0,0.0,0.0,0.0,0.0,0,0,0,0.0,0.0,0,0,0,0,264.0,3751.0,52,真相骑士,5男3女 4.5小时 进阶 2019.12发行,,miquan_ipad_ratings.csv,miquan,ipad,5,3,8,,4.5,进阶,2019,12,8,2019-12-01,4-5h,False,True
2402,花田喜事,花田喜事,5.3,5.9,0.0,0.0,6.6,0.0,6.1,0.0,0.0,0.0,0.0,0,0,0,0.0,0.0,0,0,0,0,9.5,20373.0,234,元芳出品,5男5女 4.0小时 新手 2019.12发行,民国 机制 欢乐 都市,miquan_ipad_ratings.csv,miquan,ipad,5,5,10,,4.0,新手,2019,12,10,2019-12-01,3-4h,True,False
2405,断忆恒隐寺,断忆恒隐寺,5.5,6.1,0.0,0.0,0.0,6.3,0.0,0.0,0.0,0.0,0.0,0,0,0,0.0,5.9,0,0,0,0,2.3,21491.0,209,燃工作室,4男3女 4.0小时 新手 2020.02发行,古风 阵营 沉浸 都市,miquan_ipad_ratings.csv,miquan,ipad,4,3,7,,4.0,新手,2020,2,7,2020-02-01,3-4h,True,False
2407,夜华鬼棺,夜华鬼棺,10.0,0.0,0.0,0.0,0.0,0.0,0.0,0.0,0.0,0.0,0.0,0,0,0,0.0,0.0,0,0,0,0,0.0,0.0,0,惊蛰推理,4男2女 5.0小时 高阶,架空 推理 惊悚 武侠,miquan_ipad_ratings.csv,miquan,ipad,4,2,6,,5.0,高阶,,,6,,4-5h,False,True
2408,离别钩,离别钩,7.0,0.0,0.0,0.0,0.0,0.0,0.0,0.0,0.0,0.0,0.0,0,0,0,0.0,0.0,0,0,0,0,2.8,0.0,0,66号剧本工作室,3男3女 4.5小时 进阶,中式 推理 沉浸 都市,miquan_ipad_ratings.csv,miquan,ipad,3,3,6,,4.5,进阶,,,6,,4-5h,True,False
2409,北国之春,北国之春,8.4,7.9,7.0,0.0,0.0,0.0,0.0,0.0,0.0,0.0,0.0,0,0,0,8.5,0.0,0,0,0,0,1.4,109497.0,2932,戏子出品,百本选手说剧本:剧本《北国之春》6人本 3男3女 剧本类型:盒装本 立意本 游戏时间:4小时左右 实话实说 这个本是 2019年的剧本 现在玩 都很感动 我们车 小姐姐 😭哭崩溃了 一个 欢乐 推理 立意本 适合新手 我们 今天是 高配车 戴红帽子🎩的小姐姐 超级水龙头🚰 戴眼镜👓的大哥 打过许多 情感本 还有 “您好，...全文,欧美 推理 立意 新手,miquan_ipad_ratings.csv,miquan,ipad,3,3,6,6,4.0,新手,2019,,6,2019-01-01,3-4h,True,False
2410,理智在左 疯狂在右,理智在左疯狂在右,5.0,0.0,0.0,0.0,0.0,0.0,0.0,0.0,0.0,0.0,0.0,0,0,0,0.0,0.0,0,0,0,0,0.0,0.0,0,嗷嗷原创,4男3女 4.5小时 进阶 2019.05发行,,miquan_ipad_ratings.csv,miquan,ipad,4,3,7,,4.5,进阶,2019,5,7,2019-05-01,4-5h,False,True
2412,撕奶杀手,撕奶杀手,5.0,5.6,0.0,0.0,6.4,0.0,0.0,0.0,0.0,0.0,0.0,0,0,0,0.0,5.5,0,0,0,0,5.8,27394.0,302,波波; 六分仪原创剧场工作室,0男7女 4.5小时 进阶 2020.01发行,,miquan_ipad_ratings.csv,miquan,ipad,0,7,7,,4.5,进阶,2020,1,7,2020-01-01,4-5h,True,False
2414,谍影重庆迷雾,谍影：重庆迷雾,7.4,7.3,0.0,6.7,0.0,0.0,0.0,0.0,0.0,0.0,0.0,0,0,0,0.0,7.3,0,0,0,0,9517.0,72491.0,1558,天津剧盟发行工作室; 西番推理,6男2女 4.0小时 进阶 2020.01发行,,miquan_ipad_ratings.csv,miquan,ipad,6,2,8,,4.0,进阶,2020,1,8,2020-01-01,3-4h,False,True
2415,皇帝的新发型,皇帝的新发型,5.9,0.0,0.0,0.0,6.7,0.0,7.0,0.0,0.0,0.0,0.0,0,0,0,0.0,7.0,0,0,0,0,5.8,6309.0,85,东吴侦探,5男3女 4.5小时 进阶 2019.12发行,,miquan_ipad_ratings.csv,miquan,ipad,5,3,8,,4.5,进阶,2019,12,8,2019-12-01,4-5h,True,False
2417,已知死亡,已知死亡,6.3,6.5,6.7,6.6,0.0,0.0,0.0,0.0,0.0,0.0,0.0,0,0,0,0.0,0.0,0,0,0,0,3325.0,17344.0,348,剧游方舟,4男2女 4.5小时 进阶 2019.12发行,,miquan_ipad_ratings.csv,miquan,ipad,4,2,6,,4.5,进阶,2019,12,6,2019-12-01,4-5h,False,True
2418,歧途,歧途,10.0,0.0,0.0,0.0,0.0,0.0,0.0,0.0,0.0,0.0,0.0,0,0,0,0.0,0.0,0,0,0,0,2.3,0.0,0,新奇文创,3男3女 4.5小时 进阶 2021.01发行,,miquan_ipad_ratings.csv,miquan,ipad,3,3,6,,4.5,进阶,2021,1,6,2021-01-01,4-5h,True,False
2419,人皮灯笼,人皮灯笼,5.7,6.2,6.1,0.0,0.0,0.0,0.0,0.0,0.0,0.0,0.0,0,0,0,0.0,0.0,0,0,0,0,1336.0,22371.0,344,天津第一现场,2男3女 4.0小时 进阶,,miquan_ipad_ratings.csv,miquan,ipad,2,3,5,,4.0,进阶,,,5,,3-4h,False,True
2420,木夕僧之戏,木夕僧之戏,8.9,8.2,8.4,8.2,0.0,0.0,0.0,0.0,0.0,0.0,0.0,0,0,0,0.0,0.0,0,0,0,0,166799.0,232262.0,18789,西安蛛丝马迹,4男3女 6.0小时 高阶 2020.05发行,日式 推理 悬疑 怪谈,miquan_ipad_ratings.csv,miquan,ipad,4,3,7,,6.0,高阶,2020,5,7,2020-05-01,5-6h,False,True
2421,收容失效,收容失效,7.1,6.9,7.0,6.9,0.0,0.0,0.0,0.0,0.0,0.0,0.0,0,0,0,0.0,0.0,0,0,0,0,17438.0,25115.0,575,灰烬工作室,4男1女 4.5小时 进阶 2020.05发行,,miquan_ipad_ratings.csv,miquan,ipad,4,1,5,,4.5,进阶,2020,5,5,2020-05-01,4-5h,False,True
2422,和平婚礼,和平婚礼,7.6,7.2,0.0,0.0,0.0,7.0,0.0,0.0,0.0,0.0,0.0,0,0,0,0.0,7.3,0,0,0,0,2.3,6194.0,122,戏纸发行,3男3女 5.0小时 进阶 2019.07发行,,miquan_ipad_ratings.csv,miquan,ipad,3,3,6,,5.0,进阶,2019,7,6,2019-07-01,4-5h,True,False
2424,雪人,雪人,4.0,0.0,0.0,0.0,0.0,0.0,0.0,0.0,0.0,0.0,0.0,0,0,0,0.0,0.0,0,0,0,0,8948.0,0.0,0,推理大师,3男3女 4.5小时 进阶 2020.01发行,国外 推理 欢乐 玄幻,miquan_ipad_ratings.csv,miquan,ipad,3,3,6,,4.5,进阶,2020,1,6,2020-01-01,4-5h,False,True
2426,红岸,红岸,6.1,6.5,0.0,0.0,0.0,6.5,6.4,0.0,0.0,0.0,0.0,0,0,0,0.0,0.0,0,0,0,0,7607.0,3183.0,67,贝壳推理,3男2女 4.5小时 新手,中式 机制 沉浸 校园,miquan_ipad_ratings.csv,miquan,ipad,3,2,5,,4.5,新手,,,5,,4-5h,False,True
2427,沉末,沉末,7.5,7.2,7.1,0.0,0.0,0.0,0.0,0.0,7.0,0.0,0.0,0,0,0,0.0,0.0,0,0,0,0,2.8,5976.0,94,久见文化,3男3女 4.5小时 进阶 2019.12发行,欧美 推理 沉浸 都市,miquan_ipad_ratings.csv,miquan,ipad,3,3,6,,4.5,进阶,2019,12,6,2019-12-01,4-5h,True,False
2428,待月弑杀,待月弑杀,7.2,7.1,6.8,0.0,0.0,0.0,0.0,0.0,0.0,0.0,0.0,0,0,0,0.0,0.0,0,0,0,0,5937.0,11754.0,597,智乐源文化,3男3女 4.5小时 高阶 2020.04发行,古风 推理 惊悚 豪门,miquan_ipad_ratings.csv,miquan,ipad,3,3,6,,4.5,高阶,2020,4,6,2020-04-01,4-5h,False,True
2429,老槐树2,老槐树2,8.0,0.0,0.0,0.0,0.0,0.0,0.0,0.0,0.0,0.0,0.0,0,0,0,0.0,0.0,0,0,0,0,0.0,0.0,0,X剧本工作室,4男2女 4.5小时 进阶 2020.01发行,古风 推理 悬疑 都市,miquan_ipad_ratings.csv,miquan,ipad,4,2,6,,4.5,进阶,2020,1,6,2020-01-01,4-5h,False,True
2430,魂牵梦绕,魂牵梦绕,9.0,0.0,0.0,0.0,0.0,0.0,0.0,0.0,0.0,0.0,0.0,0,0,0,0.0,0.0,0,0,0,0,0.0,0.0,0,大连全民侦探,3男3女 4.0小时 新手 2019.12发行,,miquan_ipad_ratings.csv,miquan,ipad,3,3,6,,4.0,新手,2019,12,6,2019-12-01,3-4h,False,True
2431,涅白,涅白,5.9,6.7,6.6,0.0,0.0,6.7,0.0,0.0,0.0,0.0,0.0,0,0,0,0.0,0.0,0,0,0,0,2.8,4887.0,64,外星人,4男3女 4.5小时 进阶 2020.01发行,中式 推理 沉浸 都市,miquan_ipad_ratings.csv,miquan,ipad,4,3,7,,4.5,进阶,2020,1,7,2020-01-01,4-5h,True,False
2432,长夜将烬,长夜将烬,7.3,7.0,6.9,6.9,0.0,0.0,0.0,0.0,0.0,0.0,0.0,0,0,0,0.0,0.0,0,0,0,0,739.0,6424.0,96,無名工作室,4男2女 4.5小时 高阶 2019.08发行,,miquan_ipad_ratings.csv,miquan,ipad,4,2,6,,4.5,高阶,2019,8,6,2019-08-01,4-5h,False,True
2433,艺伎回忆录,艺伎回忆录,7.1,7.1,0.0,0.0,0.0,6.6,0.0,0.0,0.0,0.0,0.0,0,0,0,0.0,6.6,0,0,0,0,1.2,81613.0,1525,瓦特工作室,百本选手说剧本:剧本《艺伎回忆录》8人本 4男4女 剧本类型:盒装本 日式 推理本 游戏时间:3.5小时左右 实话实说 今天下午 我来 考古 这个本 是 3年前的 老本了 不过 放到现在 打 也还 可以 新手 入门本 微情感 微阵营 还不错的 一个剧本 推理 丝滑 说回剧本 第一幕 上来就是一个 小剧场 然后 ...全文,日式 阵营 沉浸 都市,miquan_ipad_ratings.csv,miquan,ipad,4,4,8,8,3.5,新手,,,8,,3-4h,True,False
2434,诡奇马戏团,诡奇马戏团,5.7,0.0,0.0,0.0,7.0,7.0,0.0,7.0,0.0,0.0,0.0,0,0,0,0.0,0.0,0,0,0,0,842.0,16123.0,259,无相工作室,6男2女 4.0小时 进阶 2019.09发行,,miquan_ipad_ratings.csv,miquan,ipad,6,2,8,,4.0,进阶,2019,9,8,2019-09-01,3-4h,False,True
2436,双双,双双,6.5,0.0,6.7,0.0,0.0,0.0,0.0,7.0,6.9,0.0,0.0,0,0,0,0.0,0.0,0,0,0,0,634.0,12015.0,153,旖旎文化,4男2女 4.5小时 进阶 2021.01发行,,miquan_ipad_ratings.csv,miquan,ipad,4,2,6,,4.5,进阶,2021,1,6,2021-01-01,4-5h,False,True
2437,汤姆小镇,汤姆小镇,6.0,0.0,0.0,0.0,0.0,0.0,0.0,0.0,0.0,0.0,0.0,0,0,0,0.0,0.0,0,0,0,0,5.8,0.0,0,好玩工厂,10男10女 4.5小时 进阶,,miquan_ipad_ratings.csv,miquan,ipad,10,10,20,,4.5,进阶,,,20,,4-5h,True,False
2439,锚点,锚点,6.8,7.0,7.1,6.9,0.0,0.0,0.0,0.0,0.0,0.0,0.0,0,0,0,0.0,0.0,0,0,0,0,342.0,5590.0,62,银川留白推理工作室,4男2女 4.5小时 高阶 2021.09发行,,miquan_ipad_ratings.csv,miquan,ipad,4,2,6,,4.5,高阶,2021,9,6,2021-09-01,4-5h,False,True
2440,帝阙谣,帝阙谣,6.7,6.6,0.0,0.0,6.6,0.0,0.0,0.0,0.0,0.0,0.0,0,0,0,0.0,6.7,0,0,0,0,5.8,54597.0,1012,浮生文宝工作室,6男2女 4.0小时 新手 2019.12发行,古风 阵营 欢乐 权谋,miquan_ipad_ratings.csv,miquan,ipad,6,2,8,,4.0,新手,2019,12,8,2019-12-01,3-4h,True,False
2441,爱幼妇产医院,爱幼妇产医院,6.3,0.0,0.0,7.0,0.0,0.0,0.0,0.0,0.0,0.0,0.0,0,0,0,0.0,7.0,0,0,0,0,61238.0,160170.0,4251,夜笙阁,4男4女 5.0小时 进阶 2019.12发行,,miquan_ipad_ratings.csv,miquan,ipad,4,4,8,,5.0,进阶,2019,12,8,2019-12-01,4-5h,False,True
2442,纯情太监俏皇帝,纯情太监俏皇帝,6.7,6.7,0.0,0.0,7.1,0.0,0.0,0.0,0.0,6.7,0.0,0,0,0,0.0,0.0,0,0,0,0,383.0,3115.0,95,Siren剧本工作室,4男1女 4.5小时 进阶 2019.04发行,,miquan_ipad_ratings.csv,miquan,ipad,4,1,5,,4.5,进阶,2019,4,5,2019-04-01,4-5h,False,True
2444,情书,[情书],8.0,0.0,0.0,0.0,0.0,0.0,0.0,0.0,0.0,0.0,0.0,0,0,0,0.0,0.0,0,0,0,0,2.3,0.0,0,成都神说文化传媒有限公司,4男4女 21.0小时 进阶,,miquan_ipad_ratings.csv,miquan,ipad,4,4,8,,21.0,进阶,,,8,,>8h,True,False
2445,作揖,作揖,7.0,0.0,0.0,0.0,0.0,0.0,0.0,0.0,0.0,0.0,0.0,0,0,0,0.0,0.0,0,0,0,0,0.0,0.0,0,染墨工作室,4男3女 4.5小时 进阶 2019.12发行,,miquan_ipad_ratings.csv,miquan,ipad,4,3,7,,4.5,进阶,2019,12,7,2019-12-01,4-5h,False,True
2446,人鱼馆,人鱼馆,5.8,6.3,6.1,0.0,0.0,0.0,0.0,0.0,0.0,0.0,0.0,0,0,0,0.0,0.0,0,0,0,0,1249.0,18823.0,388,桌立方,第192本 时长：4小时 配置：2男3女 最近打这种古早推理本必坐牢。好在剧本时间不长，能够在我忍无可忍之前结束掉。 《人鱼馆》美其名曰说是新手本，实则难度...全文,日式 推理 惊悚 校园,miquan_ipad_ratings.csv,miquan,ipad,2,3,5,,4.0,新手,,,5,,3-4h,False,True
2447,在你左右,在你左右,6.0,0.0,0.0,0.0,0.0,0.0,0.0,0.0,0.0,0.0,0.0,0,0,0,0.0,0.0,0,0,0,0,0.0,0.0,0,红圈工作室,4男3女 4.5小时 进阶,,miquan_ipad_ratings.csv,miquan,ipad,4,3,7,,4.5,进阶,,,7,,4-5h,False,True
2448,永恒之花,永恒之花,3.0,0.0,0.0,0.0,0.0,0.0,0.0,0.0,0.0,0.0,0.0,0,0,0,0.0,0.0,0,0,0,0,9517.0,0.0,0,,7男2女 4.5小时 进阶,,miquan_ipad_ratings.csv,miquan,ipad,7,2,9,,4.5,进阶,,,9,,4-5h,False,True
2449,楚万镇,楚万镇,7.4,7.4,7.3,7.0,0.0,0.0,0.0,0.0,0.0,0.0,0.0,0,0,0,0.0,0.0,0,0,0,0,17554.0,30087.0,587,慢热TUO,3男3女 4.5小时 进阶 2020.01发行,,miquan_ipad_ratings.csv,miquan,ipad,3,3,6,,4.5,进阶,2020,1,6,2020-01-01,4-5h,False,True
2450,二更天,二更天,2.0,0.0,0.0,0.0,0.0,0.0,0.0,0.0,0.0,0.0,0.0,0,0,0,0.0,0.0,0,0,0,0,0.0,0.0,0,TS幽灵研究所,4男2女 4.5小时 进阶,,miquan_ipad_ratings.csv,miquan,ipad,4,2,6,,4.5,进阶,,,6,,4-5h,False,True
2452,罪与罚,罪与罚,4.0,0.0,0.0,0.0,0.0,0.0,0.0,0.0,0.0,0.0,0.0,0,0,0,0.0,0.0,0,0,0,0,0.0,0.0,0,平民大侦探实景探案馆,4男3女 4.5小时 新手 2020.03发行,,miquan_ipad_ratings.csv,miquan,ipad,4,3,7,,4.5,新手,2020,3,7,2020-03-01,4-5h,False,True
2454,魔界狂想曲,魔界狂想曲,3.0,0.0,0.0,0.0,0.0,0.0,0.0,0.0,0.0,0.0,0.0,0,0,0,0.0,0.0,0,0,0,0,2.8,0.0,0,Kira工作室,3男3女 4.5小时 进阶,古风 推理 沉浸 玄幻,miquan_ipad_ratings.csv,miquan,ipad,3,3,6,,4.5,进阶,,,6,,4-5h,True,False
2457,长生诀,长生诀,8.0,0.0,0.0,0.0,0.0,0.0,0.0,0.0,0.0,0.0,0.0,0,0,0,0.0,0.0,0,0,0,0,471.0,0.0,0,选剧本工作室,5男1女 4.5小时 进阶 2020.01发行,,miquan_ipad_ratings.csv,miquan,ipad,5,1,6,,4.5,进阶,2020,1,6,2020-01-01,4-5h,False,True
2459,刺杀肯尼迪,刺杀肯尼迪,7.0,0.0,0.0,0.0,0.0,0.0,0.0,0.0,0.0,0.0,0.0,0,0,0,0.0,0.0,0,0,0,0,2.6,0.0,0,林右衽出品,3男1女 4.5小时 进阶,,miquan_ipad_ratings.csv,miquan,ipad,3,1,4,,4.5,进阶,,,4,,4-5h,True,False
2460,帅府诡录,帅府诡录,3.0,0.0,0.0,0.0,0.0,0.0,0.0,0.0,0.0,0.0,0.0,0,0,0,0.0,0.0,0,0,0,0,2.8,0.0,0,,4男2女 4.5小时 进阶,民国 推理 沉浸 豪门,miquan_ipad_ratings.csv,miquan,ipad,4,2,6,,4.5,进阶,,,6,,4-5h,True,False
2461,音为爱情,音为爱情,5.0,0.0,0.0,0.0,0.0,0.0,0.0,0.0,0.0,0.0,0.0,0,0,0,0.0,0.0,0,0,0,0,3.4,0.0,0,谜兔工作室,3男3女 4.5小时 进阶,中式 情感 沉浸 都市,miquan_ipad_ratings.csv,miquan,ipad,3,3,6,,4.5,进阶,,,6,,4-5h,True,False
2462,花间《Doctors》,花间Doctors,5.0,0.0,0.0,0.0,0.0,0.0,0.0,0.0,0.0,0.0,0.0,0,0,0,0.0,0.0,0,0,0,0,2.8,0.0,0,花间工作室,3男2女 4.5小时 进阶,中式 推理 沉浸 都市,miquan_ipad_ratings.csv,miquan,ipad,3,2,5,,4.5,进阶,,,5,,4-5h,True,False
2464,墨上蔷薇,墨上蔷薇,7.0,0.0,0.0,0.0,0.0,0.0,0.0,0.0,0.0,0.0,0.0,0,0,0,0.0,0.0,0,0,0,0,0.0,0.0,0,宝大大工作室,4男3女 4.5小时 进阶,,miquan_ipad_ratings.csv,miquan,ipad,4,3,7,,4.5,进阶,,,7,,4-5h,False,True
2465,一念之间,《一念之间》,6.0,0.0,0.0,0.0,0.0,0.0,0.0,0.0,0.0,0.0,0.0,0,0,0,0.0,0.0,0,0,0,0,1.1,0.0,0,西安Mr.M推理社,3男2女 4.5小时 进阶 2019.09发行,,miquan_ipad_ratings.csv,miquan,ipad,3,2,5,,4.5,进阶,2019,9,5,2019-09-01,4-5h,True,False
2466,《食梦女》,食梦女,7.1,7.0,6.7,0.0,0.0,0.0,0.0,0.0,0.0,0.0,0.0,0,0,0,0.0,0.0,0,0,0,0,2486.0,7747.0,240,宝大大工作室,2男2女 2.0小时 新手,,miquan_ipad_ratings.csv,miquan,ipad,2,2,4,,2.0,新手,,,4,,<=3h,False,True
2468,《初雪》,初雪,9.0,0.0,0.0,0.0,0.0,0.0,0.0,0.0,0.0,0.0,0.0,0,0,0,0.0,0.0,0,0,0,0,2.8,0.0,0,柒墨剧本发行工作室,2男2女 5.0小时 高阶,中式 推理 沉浸 都市,miquan_ipad_ratings.csv,miquan,ipad,2,2,4,,5.0,高阶,,,4,,4-5h,True,False
2469,《小团圆》,小团圆,9.0,0.0,0.0,0.0,0.0,0.0,0.0,0.0,0.0,0.0,0.0,0,0,0,0.0,0.0,0,0,0,0,2.8,0.0,0,春树工作室,2男3女 4.5小时 进阶,中式 推理 沉浸 都市,miquan_ipad_ratings.csv,miquan,ipad,2,3,5,,4.5,进阶,,,5,,4-5h,True,False
2470,血巫祭杀人魔法,血巫祭杀人魔法,6.0,0.0,0.0,0.0,0.0,0.0,0.0,0.0,0.0,0.0,0.0,0,0,0,0.0,0.0,0,0,0,0,0.0,0.0,0,,4男3女 4.5小时 进阶,,miquan_ipad_ratings.csv,miquan,ipad,4,3,7,,4.5,进阶,,,7,,4-5h,False,True
2471,飘萍长安,飘萍长安,6.5,7.0,0.0,0.0,0.0,0.0,0.0,6.8,0.0,0.0,0.0,0,0,0,6.7,0.0,0,0,0,0,6578.0,3300.0,45,企鹅PA推理工作室,3男2女 4.0小时 进阶,,miquan_ipad_ratings.csv,miquan,ipad,3,2,5,,4.0,进阶,,,5,,3-4h,False,True
2472,西江月,西江月,7.0,0.0,0.0,0.0,0.0,0.0,0.0,0.0,0.0,0.0,0.0,0,0,0,0.0,0.0,0,0,0,0,9517.0,0.0,0,企鹅PA推理工作室,5男3女 4.5小时 进阶 2019.05发行,,miquan_ipad_ratings.csv,miquan,ipad,5,3,8,,4.5,进阶,2019,5,8,2019-05-01,4-5h,False,True
2473,疯狂美食节2,疯狂美食节2,6.0,6.3,0.0,0.0,6.8,0.0,0.0,0.0,0.0,0.0,0.0,0,0,0,0.0,6.4,0,0,0,0,5.8,6385.0,63,红泥小火炉工作室,4男4女 4.5小时 进阶 2019.12发行,,miquan_ipad_ratings.csv,miquan,ipad,4,4,8,,4.5,进阶,2019,12,8,2019-12-01,4-5h,True,False
2475,杀人回忆,杀人回忆,6.2,6.5,0.0,0.0,0.0,0.0,6.3,0.0,6.0,0.0,0.0,0,0,0,0.0,0.0,0,0,0,0,7607.0,34246.0,539,阿斯巴甜,百本选手说剧本:剧本《杀人回忆》5人本 3男2女 剧本类型:盒装本 刑侦本 游戏时间:4小时左右 实话实说 这个本 比较简单 老玩家 基本上 线索一出 就 锁凶了 就是 最后一幕 🈶点…… 游戏的缺点 是 线索太多了 别的没有什么🉑说的 不推荐,欧美 机制 沉浸 刑侦,miquan_ipad_ratings.csv,miquan,ipad,3,2,5,5,4.0,,,,5,,3-4h,False,True
2476,恶渊百物语,恶渊百物语,7.3,7.2,7.1,0.0,0.0,0.0,0.0,0.0,0.0,0.0,0.0,0,0,0,0.0,0.0,0,0,0,0,24342.0,51984.0,1246,阿斯巴甜,5男1女 4.5小时 进阶 2019.12发行,日式 推理 惊悚 都市,miquan_ipad_ratings.csv,miquan,ipad,5,1,6,,4.5,进阶,2019,12,6,2019-12-01,4-5h,False,True
2477,天使中的魔鬼,天使中的魔鬼,2.0,0.0,0.0,0.0,0.0,0.0,0.0,0.0,0.0,0.0,0.0,0,0,0,0.0,0.0,0,0,0,0,1.1,0.0,0,佛系工作室,3男2女 4.5小时 新手 2018.09发行,,miquan_ipad_ratings.csv,miquan,ipad,3,2,5,,4.5,新手,2018,9,5,2018-09-01,4-5h,True,False
2478,林深时见鹿,林深时见鹿,2.0,0.0,0.0,0.0,0.0,0.0,0.0,0.0,0.0,0.0,0.0,0,0,0,0.0,0.0,0,0,0,0,8948.0,0.0,0,惊蛰推理,4男4女 4.0小时 新手 2019.12发行,中式 推理 欢乐 都市,miquan_ipad_ratings.csv,miquan,ipad,4,4,8,,4.0,新手,2019,12,8,2019-12-01,3-4h,False,True
2479,一楼的尽头,一楼的尽头,6.7,6.8,6.7,0.0,0.0,0.0,0.0,0.0,0.0,0.0,0.0,0,0,0,0.0,0.0,0,0,0,0,501.0,6402.0,90,沧之溟工作室,3男2女 4.5小时 进阶 2019.10发行,,miquan_ipad_ratings.csv,miquan,ipad,3,2,5,,4.5,进阶,2019,10,5,2019-10-01,4-5h,False,True
2480,奉养,奉养,6.1,6.6,6.4,0.0,0.0,0.0,0.0,0.0,0.0,0.0,0.0,0,0,0,0.0,0.0,0,0,0,0,822.0,14142.0,195,梦天游MOTIYO,4男2女 4.5小时 高阶 2019.10发行,,miquan_ipad_ratings.csv,miquan,ipad,4,2,6,,4.5,高阶,2019,10,6,2019-10-01,4-5h,False,True
2481,宿醉,宿醉,5.8,6.1,0.0,0.0,6.8,0.0,5.7,0.0,0.0,0.0,0.0,0,0,0,0.0,0.0,0,0,0,0,8948.0,128128.0,1992,小本买卖工作室,【宿醉】欢乐／都市／机制／新手 【角色时长】微胖男子／4小时 【人数配置】3男3女／可反串 【推荐角色】说实话已经记不清了，应该没有边缘位…… 【选店建议】经典废话：沙发舒服外卖多...全文,中式 推理 欢乐 都市,miquan_ipad_ratings.csv,miquan,ipad,3,3,6,,4.0,新手,,,6,,3-4h,False,True
2482,安生,安生,5.0,5.7,5.5,0.0,0.0,6.0,0.0,0.0,0.0,0.0,0.0,0,0,0,0.0,0.0,0,0,0,0,3.4,32235.0,441,葵花工作室,2男4女 4.5小时 进阶 2019.11发行,民国 情感 沉浸 都市,miquan_ipad_ratings.csv,miquan,ipad,2,4,6,,4.5,进阶,2019,11,6,2019-11-01,4-5h,True,False
2483,乌托邦,乌托邦,7.0,0.0,0.0,0.0,0.0,0.0,0.0,0.0,0.0,0.0,0.0,0,0,0,0.0,0.0,0,0,0,0,7607.0,0.0,0,星迹剧核,5男1女 4.5小时 进阶 2019.10发行,日式 机制 沉浸 都市,miquan_ipad_ratings.csv,miquan,ipad,5,1,6,,4.5,进阶,2019,10,6,2019-10-01,4-5h,False,True
2485,棋局黑白,棋局黑白,7.0,0.0,0.0,0.0,0.0,0.0,0.0,0.0,0.0,0.0,0.0,0,0,0,0.0,0.0,0,0,0,0,2.6,0.0,0,锋芒剧制,5男2女 4.5小时 高阶,,miquan_ipad_ratings.csv,miquan,ipad,5,2,7,,4.5,高阶,,,7,,4-5h,True,False
2486,一出好戏,一出好戏,6.2,6.6,6.9,0.0,6.5,0.0,0.0,0.0,0.0,0.0,0.0,0,0,0,0.0,0.0,0,0,0,0,8948.0,28065.0,533,阿斯巴甜,2男2女 4.5小时 进阶 2019.11发行,中式 推理 欢乐 都市,miquan_ipad_ratings.csv,miquan,ipad,2,2,4,,4.5,进阶,2019,11,4,2019-11-01,4-5h,False,True
2487,全都飞起来,全都飞起来,7.0,0.0,0.0,0.0,0.0,0.0,0.0,0.0,0.0,0.0,0.0,0,0,0,0.0,0.0,0,0,0,0,8948.0,0.0,0,麻心汤圆,3男2女 4.5小时 新手,架空 推理 欢乐 玄幻,miquan_ipad_ratings.csv,miquan,ipad,3,2,5,,4.5,新手,,,5,,4-5h,False,True
2488,绑架,绑架,8.0,0.0,0.0,0.0,0.0,0.0,0.0,0.0,0.0,0.0,0.0,0,0,0,0.0,0.0,0,0,0,0,0.0,0.0,0,雪人剧制,3男2女 4.5小时 进阶,,miquan_ipad_ratings.csv,miquan,ipad,3,2,5,,4.5,进阶,,,5,,4-5h,False,True
2489,法老的血刑,法老的血刑,6.4,6.5,0.0,6.4,0.0,0.0,0.0,0.0,0.0,0.0,0.0,0,0,0,0.0,6.3,0,0,0,0,9517.0,4550.0,59,九州长歌工作室,4男2女 4.5小时 进阶,,miquan_ipad_ratings.csv,miquan,ipad,4,2,6,,4.5,进阶,,,6,,4-5h,False,True
2490,王府疑云,钱朝往事之王府疑云,8.0,0.0,0.0,0.0,0.0,0.0,0.0,0.0,0.0,0.0,0.0,0,0,0,0.0,0.0,0,0,0,0,0.0,0.0,0,鱼丸剧本工作室,4男3女 4.0小时 进阶,架空 推理 悬疑 武侠,miquan_ipad_ratings.csv,miquan,ipad,4,3,7,,4.0,进阶,,,7,,3-4h,False,True
2491,拼命,拼命,6.0,0.0,0.0,0.0,0.0,0.0,0.0,0.0,0.0,0.0,0.0,0,0,0,0.0,0.0,0,0,0,0,0.0,0.0,0,优标事务所,4男3女 4.5小时 进阶 2019.10发行,,miquan_ipad_ratings.csv,miquan,ipad,4,3,7,,4.5,进阶,2019,10,7,2019-10-01,4-5h,False,True
2492,gui曼童,Gui曼童,6.4,6.7,6.6,0.0,0.0,0.0,0.0,0.0,0.0,0.0,0.0,0,0,0,0.0,0.0,0,0,0,0,10551.0,19859.0,267,天津第一现场,5男2女 5.0小时 进阶 2019.09发行,,miquan_ipad_ratings.csv,miquan,ipad,5,2,7,,5.0,进阶,2019,9,7,2019-09-01,4-5h,False,True
2494,极乐密室,013极乐密室,8.4,7.8,7.8,0.0,0.0,0.0,0.0,0.0,0.0,0.0,0.0,0,0,0,0.0,0.0,0,0,0,0,54710.0,128975.0,4353,肆言良语,3男2女 4.5小时 高阶 2019.12发行,,miquan_ipad_ratings.csv,miquan,ipad,3,2,5,,4.5,高阶,2019,12,5,2019-12-01,4-5h,False,True
2495,面剧,面剧,7.2,7.1,7.1,6.8,0.0,0.0,0.0,0.0,0.0,0.0,0.0,0,0,0,0.0,0.0,0,0,0,0,21147.0,37411.0,782,天津剧盟发行工作室,3男2女 6.0小时 高阶 2019.12发行,,miquan_ipad_ratings.csv,miquan,ipad,3,2,5,,6.0,高阶,2019,12,5,2019-12-01,5-6h,False,True
2496,月落洼,月落洼,9.1,8.5,8.7,8.3,0.0,0.0,0.0,0.0,0.0,0.0,0.0,0,0,0,0.0,0.0,0,0,0,0,128997.0,177845.0,18476,智乐源文化,尔芙受害者联盟又多了一个我。 由于3男2女的本，而我们开的时候是3女2男，所以我们选择全员反串来玩本，结果这个决定竟然让我坐了5个小时牢。 玩的尔芙。一个边到不能在边的角色。 别人在情情爱爱，你侬我侬，我在大上...全文,,miquan_ipad_ratings.csv,miquan,ipad,3,2,5,,5.0,,,,5,,4-5h,False,True
2497,着魔,着魔,8.0,0.0,0.0,0.0,0.0,0.0,0.0,0.0,0.0,0.0,0.0,0,0,0,0.0,0.0,0,0,0,0,0.0,0.0,0,玩物立志发行工作室,2男4女 7.0小时 进阶 2026.06发行,,miquan_ipad_ratings.csv,miquan,ipad,2,4,6,,7.0,进阶,2026,6,6,2026-06-01,6-8h,False,True
2498,穿越疯人院,穿越疯人院,4.0,0.0,0.0,0.0,0.0,0.0,0.0,0.0,0.0,0.0,0.0,0,0,0,0.0,0.0,0,0,0,0,8948.0,0.0,0,熊本工作室,4男2女 4.5小时 新手,中式 推理 欢乐 都市,miquan_ipad_ratings.csv,miquan,ipad,4,2,6,,4.5,新手,,,6,,4-5h,False,True
2499,青玉案,青玉案,6.0,0.0,0.0,0.0,0.0,0.0,0.0,0.0,0.0,0.0,0.0,0,0,0,0.0,0.0,0,0,0,0,1.1,0.0,0,谜里文创工作室,3男4女 4.5小时 进阶 2019.06发行,古风 情感 演绎 宫廷,miquan_ipad_ratings.csv,miquan,ipad,3,4,7,,4.5,进阶,2019,6,7,2019-06-01,4-5h,True,False
2501,风中有朵雨做的云,风中有朵雨做的云,7.1,7.1,0.0,0.0,7.0,0.0,0.0,0.0,0.0,0.0,0.0,0,0,0,0.0,0.0,0,0,0,0,52475.0,121235.0,2454,西安蛛丝马迹,3男2女 4.0小时 进阶 2019.10发行,你回头看看我，我不信你两眼空空 类型：港风 推理 还原 情感 微恐 变格 剧评：时长4h，体量小，阅读量适中，破冰环节是舞厅唱歌，建议整车更容易放的开些；中期画风突变，跟店家商量了减麻减辣，NPC把恐怖氛围降到了...全文,miquan_ipad_ratings.csv,miquan,ipad,3,2,5,,4.0,进阶,2019,10,5,2019-10-01,3-4h,False,True
2502,仙乂,仙乂,6.4,6.5,6.2,0.0,6.6,0.0,0.0,0.0,0.0,0.0,0.0,0,0,0,0.0,0.0,0,0,0,0,8948.0,14138.0,220,沧之溟工作室; 谜兔工作室,3男2女 4.0小时 新手 2019.08发行,架空 推理 欢乐 武侠,miquan_ipad_ratings.csv,miquan,ipad,3,2,5,,4.0,新手,2019,8,5,2019-08-01,3-4h,False,True
2503,浮图孽世,浮图孽世,4.0,0.0,0.0,0.0,0.0,0.0,0.0,0.0,0.0,0.0,0.0,0,0,0,0.0,0.0,0,0,0,0,0.0,0.0,0,惊蛰推理,3男3女 4.5小时 进阶 2019.01发行,,miquan_ipad_ratings.csv,miquan,ipad,3,3,6,,4.5,进阶,2019,1,6,2019-01-01,4-5h,False,True
2504,南去北落叶,南去北落叶,10.0,0.0,0.0,0.0,0.0,0.0,0.0,0.0,0.0,0.0,0.0,0,0,0,0.0,0.0,0,0,0,0,0.0,0.0,0,五月爱工作室,6男1女 4.5小时 进阶,,miquan_ipad_ratings.csv,miquan,ipad,6,1,7,,4.5,进阶,,,7,,4-5h,False,True
2505,家用电器杀人事件,家用电器杀人事件,6.1,6.7,6.6,0.0,6.7,0.0,0.0,0.0,0.0,0.0,0.0,0,0,0,0.0,0.0,0,0,0,0,8948.0,5367.0,57,Siren剧本工作室,3男3女 4.5小时 进阶 2020.08发行,架空 推理 欢乐 科幻,miquan_ipad_ratings.csv,miquan,ipad,3,3,6,,4.5,进阶,2020,8,6,2020-08-01,4-5h,False,True
2508,隔世经年,隔世经年,6.5,6.8,0.0,0.0,0.0,0.0,0.0,0.0,0.0,0.0,0.0,0,0,0,0.0,6.8,0,0,0,0,626.0,4294.0,49,惊蛰推理,4男4女 4.5小时 进阶 2019.02发行,,miquan_ipad_ratings.csv,miquan,ipad,4,4,8,,4.5,进阶,2019,2,8,2019-02-01,4-5h,False,True
2509,肆零贰,肆零贰,4.7,5.8,5.7,0.0,0.0,0.0,0.0,0.0,0.0,0.0,0.0,0,0,0,0.0,0.0,0,0,0,0,894.0,16831.0,257,跳！大神工作室,3男2女 4.5小时 进阶 2019.10发行,,miquan_ipad_ratings.csv,miquan,ipad,3,2,5,,4.5,进阶,2019,10,5,2019-10-01,4-5h,False,True
2511,捉迷藏,【捉迷藏】,2.0,0.0,0.0,0.0,0.0,0.0,0.0,0.0,0.0,0.0,0.0,0,0,0,0.0,0.0,0,0,0,0,1.4,0.0,0,妙本文化,5男4女 4.0小时 进阶,,miquan_ipad_ratings.csv,miquan,ipad,5,4,9,,4.0,进阶,,,9,,3-4h,True,False
2512,死亡小组,死亡小组,7.0,0.0,0.0,0.0,0.0,0.0,0.0,0.0,0.0,0.0,0.0,0,0,0,0.0,0.0,0,0,0,0,0.0,0.0,0,雷梁海谋杀之谜工作室,5男1女 4.5小时 高阶,,miquan_ipad_ratings.csv,miquan,ipad,5,1,6,,4.5,高阶,,,6,,4-5h,False,True
2514,凰朝,凰朝,7.0,0.0,0.0,0.0,0.0,0.0,0.0,0.0,0.0,0.0,0.0,0,0,0,0.0,0.0,0,0,0,0,9517.0,0.0,0,有名工作室,5男2女 4.5小时 进阶,,miquan_ipad_ratings.csv,miquan,ipad,5,2,7,,4.5,进阶,,,7,,4-5h,False,True
2515,蒹葭,蒹葭,10.0,0.0,0.0,0.0,0.0,0.0,0.0,0.0,0.0,0.0,0.0,0,0,0,0.0,0.0,0,0,0,0,1.1,0.0,0,异世剧制,3男3女 8.0小时 新手 2026.07发行,古风 情感 演绎 武侠,miquan_ipad_ratings.csv,miquan,ipad,3,3,6,,8.0,新手,2026,7,6,2026-07-01,6-8h,True,False
2516,雪夜无声,雪夜无声,10.0,0.0,0.0,0.0,0.0,0.0,0.0,0.0,0.0,0.0,0.0,0,0,0,0.0,0.0,0,0,0,0,2.8,0.0,0,十月公馆,5男3女 4.5小时 高阶 2019.05发行,民国 推理 沉浸 战争,miquan_ipad_ratings.csv,miquan,ipad,5,3,8,,4.5,高阶,2019,5,8,2019-05-01,4-5h,True,False
2517,死岛,死岛,6.6,6.9,6.8,0.0,0.0,0.0,0.0,0.0,0.0,0.0,0.0,0,0,0,0.0,0.0,0,0,0,0,245.0,3363.0,57,MasterKey剧本推理室,🎬《死岛》 👫人数：7人（4男3女 可反串） 📕类型：变格/硬核/微恐/艺术哲学 🕰时长：3～4小时 🤍角色：姜戈 🎞简介：赫赫有名的拍卖行老板奥德曼在一...全文,,miquan_ipad_ratings.csv,miquan,ipad,4,3,7,7,4.0,,,,7,,3-4h,False,True
2518,我的朋友,我的朋友是一具会说话的尸体,7.1,6.9,0.0,0.0,0.0,0.0,0.0,0.0,0.0,0.0,7.2,0,0,0,0.0,0.0,0,0,0,0,40478.0,13817.0,1288,魔术师工作室,4男2女 5.5小时 进阶 2025.01发行,,miquan_ipad_ratings.csv,miquan,ipad,4,2,6,,5.5,进阶,2025,1,6,2025-01-01,5-6h,False,True
2521,异魂,异魂,9.0,0.0,0.0,0.0,0.0,0.0,0.0,0.0,0.0,0.0,0.0,0,0,0,0.0,0.0,0,0,0,0,11.3,0.0,0,雪人剧制,4男3女 4.0小时 进阶 2023.03发行,,miquan_ipad_ratings.csv,miquan,ipad,4,3,7,,4.0,进阶,2023,3,7,2023-03-01,3-4h,True,False
2522,明月几时有,明月几时有,5.0,0.0,0.0,0.0,0.0,0.0,0.0,0.0,0.0,0.0,0.0,0,0,0,0.0,0.0,0,0,0,0,228.0,0.0,0,南京桃花推理工作室,5男1女 4.5小时 进阶 2019.02发行,架空 推理 演绎 武侠,miquan_ipad_ratings.csv,miquan,ipad,5,1,6,,4.5,进阶,2019,2,6,2019-02-01,4-5h,False,True
2523,尘埃,《尘埃》,6.0,0.0,0.0,0.0,0.0,0.0,0.0,0.0,0.0,0.0,0.0,0,0,0,0.0,0.0,0,0,0,0,0.0,0.0,0,绅士娱乐工作室,3男3女 4.5小时 进阶,,miquan_ipad_ratings.csv,miquan,ipad,3,3,6,,4.5,进阶,,,6,,4-5h,False,True
2524,找到你了,找到你了,7.0,0.0,0.0,0.0,0.0,0.0,0.0,0.0,0.0,0.0,0.0,0,0,0,0.0,0.0,0,0,0,0,0.0,0.0,0,南木出品,3男3女 4.5小时 进阶,日式 推理 惊悚 都市,miquan_ipad_ratings.csv,miquan,ipad,3,3,6,,4.5,进阶,,,6,,4-5h,False,True
2527,萌萌二次元,萌萌二次元,10.0,0.0,0.0,0.0,0.0,0.0,0.0,0.0,0.0,0.0,0.0,0,0,0,0.0,0.0,0,0,0,0,8948.0,0.0,0,非凡大陆工作室,3男3女 4.5小时 高阶,中式 推理 欢乐 都市,miquan_ipad_ratings.csv,miquan,ipad,3,3,6,,4.5,高阶,,,6,,4-5h,False,True
2528,问米,问米,6.3,6.7,6.6,0.0,0.0,0.0,0.0,0.0,0.0,0.0,0.0,0,0,0,0.0,0.0,0,0,0,0,636.0,12196.0,158,南昌罗生门推理室,4男2女 4.5小时 进阶 2019.10发行,,miquan_ipad_ratings.csv,miquan,ipad,4,2,6,,4.5,进阶,2019,10,6,2019-10-01,4-5h,False,True
2529,蚊不知,蚊不知,7.4,6.8,0.0,0.0,6.9,0.0,6.7,0.0,0.0,0.0,0.0,0,0,0,0.0,0.0,0,0,0,0,9.5,4084.0,75,闲顽工作室,3男3女 4.5小时 高阶 2019.04发行,架空 机制 欢乐 其他,miquan_ipad_ratings.csv,miquan,ipad,3,3,6,,4.5,高阶,2019,4,6,2019-04-01,4-5h,True,False
2530,JAY,JAY,6.5,6.5,6.3,0.0,0.0,6.6,0.0,0.0,0.0,0.0,0.0,0,0,0,0.0,0.0,0,0,0,0,2.8,3662.0,50,探案笔记,3男2女 4.5小时 进阶,中式 推理 沉浸 都市,miquan_ipad_ratings.csv,miquan,ipad,3,2,5,,4.5,进阶,,,5,,4-5h,True,False
2531,坠世之心,坠世之心,7.0,0.0,0.0,0.0,0.0,0.0,0.0,0.0,0.0,0.0,0.0,0,0,0,0.0,0.0,0,0,0,0,2.8,0.0,0,A+剧本工作室,5男2女 4.5小时 进阶,古风 推理 沉浸 战争,miquan_ipad_ratings.csv,miquan,ipad,5,2,7,,4.5,进阶,,,7,,4-5h,True,False
2533,扇中仙,扇中仙,5.6,6.7,6.6,6.8,0.0,0.0,0.0,0.0,0.0,0.0,0.0,0,0,0,0.0,0.0,0,0,0,0,214.0,4534.0,58,GODAN谋杀之谜,4男3女 4.5小时 高阶 2019.07发行,架空 推理 悬疑 武侠,miquan_ipad_ratings.csv,miquan,ipad,4,3,7,,4.5,高阶,2019,7,7,2019-07-01,4-5h,False,True
2534,所罗门的律法,所罗门的律法,8.0,7.3,7.3,7.1,0.0,0.0,0.0,0.0,0.0,0.0,0.0,0,0,0,0.0,0.0,0,0,0,0,12193.0,17465.0,414,慢热TUO,第209本 时长：4小时 配置：4男1女 作为庭审本类型的鼻祖作品，高分自然有高分的道理。 虽然全程只有一个凶案，但是耐盘度完全不逊色于任何盒...全文,日式 推理 悬疑 刑侦,miquan_ipad_ratings.csv,miquan,ipad,4,1,5,,4.0,,,,5,,3-4h,False,True
2535,白教堂的亡灵,白教堂的亡灵,7.0,6.8,7.0,0.0,0.0,0.0,0.0,0.0,0.0,0.0,0.0,0,0,0,0.0,0.0,0,0,0,0,313.0,4391.0,55,旖旎文化,4男2女 4.5小时 高阶 2019.05发行,,miquan_ipad_ratings.csv,miquan,ipad,4,2,6,,4.5,高阶,2019,5,6,2019-05-01,4-5h,False,True
2540,咒怨,咒怨,6.0,0.0,0.0,0.0,0.0,0.0,0.0,0.0,0.0,0.0,0.0,0,0,0,0.0,0.0,0,0,0,0,0.0,0.0,0,黑桃皇后工作室,3男4女 4.0小时 进阶,,miquan_ipad_ratings.csv,miquan,ipad,3,4,7,,4.0,进阶,,,7,,3-4h,False,True
2541,爱者之贻,爱者之贻,9.0,0.0,0.0,0.0,0.0,0.0,0.0,0.0,0.0,0.0,0.0,0,0,0,0.0,0.0,0,0,0,0,2.8,0.0,0,X剧本工作室,4男2女 4.5小时 进阶 2018.07发行,民国 推理 沉浸 历史,miquan_ipad_ratings.csv,miquan,ipad,4,2,6,,4.5,进阶,2018,7,6,2018-07-01,4-5h,True,False
2542,天使的战争,天使的战争,7.4,7.2,7.2,0.0,0.0,0.0,0.0,0.0,7.0,0.0,0.0,0,0,0,0.0,0.0,0,0,0,0,2.8,11856.0,184,小本买卖工作室,3男2女 4.5小时 进阶 2019.03发行,中式 推理 沉浸 都市,miquan_ipad_ratings.csv,miquan,ipad,3,2,5,,4.5,进阶,2019,3,5,2019-03-01,4-5h,True,False
2544,鄂西山灵,鄂西山灵,8.0,7.6,7.4,0.0,0.0,0.0,0.0,0.0,7.0,0.0,0.0,0,0,0,0.0,0.0,0,0,0,0,2.8,22364.0,1150,智乐源文化,百本选手说剧本:剧本《鄂西山灵》6人本 3男3女 剧本类型:豪门惊情系列 推理本 游戏时间:5.5小时左右 👬适合人群：豪门粉丝 ❤剧情感...全文,民国 推理 沉浸 豪门,miquan_ipad_ratings.csv,miquan,ipad,3,3,6,6,5.5,,,,6,,5-6h,True,False
2545,密闭,密闭,5.0,0.0,0.0,0.0,0.0,0.0,0.0,0.0,0.0,0.0,0.0,0,0,0,0.0,0.0,0,0,0,0,0.0,0.0,0,末日之火工作室,2男3女 5.0小时 高阶,,miquan_ipad_ratings.csv,miquan,ipad,2,3,5,,5.0,高阶,,,5,,4-5h,False,True
2546,贺兰决,贺兰决,4.0,0.0,0.0,0.0,0.0,0.0,0.0,0.0,0.0,0.0,0.0,0,0,0,0.0,0.0,0,0,0,0,0.0,0.0,0,,2男4女 4.5小时 进阶,,miquan_ipad_ratings.csv,miquan,ipad,2,4,6,,4.5,进阶,,,6,,4-5h,False,True
2547,同学会,同学会,10.0,0.0,0.0,0.0,0.0,0.0,0.0,0.0,0.0,0.0,0.0,0,0,0,0.0,0.0,0,0,0,0,8948.0,0.0,0,故事王国剧本工作室,3男3女 4.5小时 进阶,中式 推理 欢乐 校园,miquan_ipad_ratings.csv,miquan,ipad,3,3,6,,4.5,进阶,,,6,,4-5h,False,True
2548,不止有鬼,不止有鬼,5.9,6.3,6.4,0.0,0.0,0.0,0.0,0.0,0.0,0.0,0.0,0,0,0,0.0,0.0,0,0,0,0,217.0,2506.0,39,不止发行工作室,2男4女 4.5小时 进阶,,miquan_ipad_ratings.csv,miquan,ipad,2,4,6,,4.5,进阶,,,6,,4-5h,False,True
2550,灵媒,灵媒,6.2,6.9,6.8,0.0,0.0,0.0,0.0,0.0,0.0,0.0,0.0,0,0,0,0.0,0.0,0,0,0,0,525.0,10665.0,139,造梦人文创,3男3女 4.5小时 进阶 2019.08发行,,miquan_ipad_ratings.csv,miquan,ipad,3,3,6,,4.5,进阶,2019,8,6,2019-08-01,4-5h,False,True
2551,醒来,醒来,6.4,6.7,0.0,0.0,0.0,0.0,6.6,0.0,6.7,0.0,0.0,0,0,0,0.0,0.0,0,0,0,0,7607.0,9830.0,132,雪人剧制,2男3女 4.5小时 进阶 2019.08发行,中式 机制 沉浸 都市,miquan_ipad_ratings.csv,miquan,ipad,2,3,5,,4.5,进阶,2019,8,5,2019-08-01,4-5h,False,True
2552,鸢飞戾天,鸢飞戾天,7.1,7.3,6.3,0.0,0.0,7.1,0.0,0.0,0.0,0.0,0.0,0,0,0,0.0,0.0,0,0,0,0,3.4,119422.0,2417,慢热TUO,3男3女 4.5小时 进阶 2019.09发行,古风 情感 沉浸 战争,miquan_ipad_ratings.csv,miquan,ipad,3,3,6,,4.5,进阶,2019,9,6,2019-09-01,4-5h,True,False
2553,百年好合,百年好合,5.7,6.0,0.0,0.0,6.4,0.0,5.5,0.0,0.0,0.0,0.0,0,0,0,0.0,0.0,0,0,0,0,9.5,53927.0,782,迷宫推理社,4男4女 4.0小时 进阶 2019.09发行,中式 机制 欢乐 都市,miquan_ipad_ratings.csv,miquan,ipad,4,4,8,,4.0,进阶,2019,9,8,2019-09-01,3-4h,True,False
2554,中东有声音,中东有声音,6.0,0.0,0.0,0.0,0.0,0.0,0.0,0.0,0.0,0.0,0.0,0,0,0,0.0,0.0,0,0,0,0,8953.0,0.0,0,葫芦世界,3男2女 4.5小时 进阶 2019.07发行,国外 推理 欢乐 都市,miquan_ipad_ratings.csv,miquan,ipad,3,2,5,,4.5,进阶,2019,7,5,2019-07-01,4-5h,False,True
2555,静止的玛利亚,静止的玛利亚,7.6,7.2,7.1,0.0,0.0,0.0,6.9,0.0,0.0,0.0,0.0,0,0,0,0.0,0.0,0,0,0,0,6.0,24590.0,416,惊蛰推理,第259本 时长：5.5小时 配置：2男4女 作为一个主还原的剧本，虽然它需要分享的内容很多，但是一点也不会让玩家感到细碎和疲惫。文笔流畅，行文结合扎实，人物之间互动交集很多，故...全文,,miquan_ipad_ratings.csv,miquan,ipad,2,4,6,,5.5,,,,6,,5-6h,True,False
2556,醉三关,醉三关,7.0,0.0,0.0,0.0,0.0,0.0,0.0,0.0,0.0,0.0,0.0,0,0,0,0.0,0.0,0,0,0,0,5.8,0.0,0,旖旎文化,5男2女 4.5小时 进阶 2019.09发行,架空 阵营 欢乐 武侠,miquan_ipad_ratings.csv,miquan,ipad,5,2,7,,4.5,进阶,2019,9,7,2019-09-01,4-5h,True,False
2557,莲花观,莲花观,7.6,7.4,7.2,0.0,0.0,0.0,0.0,0.0,0.0,0.0,0.0,0,0,0,0.0,0.0,0,0,0,0,662.0,5699.0,115,,4男2女 4.5小时 进阶,,miquan_ipad_ratings.csv,miquan,ipad,4,2,6,,4.5,进阶,,,6,,4-5h,False,True
2558,朝夕村,朝夕村,6.3,6.7,6.7,6.5,0.0,0.0,0.0,0.0,0.0,0.0,0.0,0,0,0,0.0,0.0,0,0,0,0,641.0,10577.0,137,慢热TUO,4男3女 4.5小时 高阶 2019.09发行,,miquan_ipad_ratings.csv,miquan,ipad,4,3,7,,4.5,高阶,2019,9,7,2019-09-01,4-5h,False,True
2559,溺亡,溺亡,6.0,0.0,0.0,0.0,0.0,0.0,0.0,0.0,0.0,0.0,0.0,0,0,0,0.0,0.0,0,0,0,0,2.8,0.0,0,不止发行工作室,3男2女 5.0小时 高阶,中式 推理 沉浸 都市,miquan_ipad_ratings.csv,miquan,ipad,3,2,5,,5.0,高阶,,,5,,4-5h,True,False
2560,白日孤灯,白日孤灯,7.5,7.0,0.0,6.9,0.0,0.0,7.0,0.0,0.0,0.0,0.0,0,0,0,0.0,0.0,0,0,0,0,2.6,40548.0,837,北京小树林剧本工作室,补测系列🌟《白日孤灯》🌟 📖剧本类型:中式｜机制｜悬疑｜刑侦 👦玩家配置:四男三女（可以反串） 🕰体验时长:5个小时 一个古早刑侦推理本，其实我挺喜欢这种类...全文,,miquan_ipad_ratings.csv,miquan,ipad,4,3,7,,5.0,,,,7,,4-5h,True,False
2561,荒村,荒村,7.0,0.0,0.0,0.0,0.0,0.0,0.0,0.0,0.0,0.0,0.0,0,0,0,0.0,0.0,0,0,0,0,0.0,0.0,0,推理大师,4男3女 4.5小时 进阶 2019.05发行,,miquan_ipad_ratings.csv,miquan,ipad,4,3,7,,4.5,进阶,2019,5,7,2019-05-01,4-5h,False,True
2562,夜半无人时,夜半无人时,4.0,0.0,0.0,0.0,0.0,0.0,0.0,0.0,0.0,0.0,0.0,0,0,0,0.0,0.0,0,0,0,0,0.0,0.0,0,云深不知处,4男2女 4.5小时 进阶,,miquan_ipad_ratings.csv,miquan,ipad,4,2,6,,4.5,进阶,,,6,,4-5h,False,True
2563,无相山,无相山,5.9,6.4,6.4,0.0,0.0,0.0,0.0,0.0,0.0,0.0,0.0,0,0,0,0.0,0.0,0,0,0,0,393.0,7037.0,82,外星人,5男2女 4.5小时 进阶 2019.08发行,,miquan_ipad_ratings.csv,miquan,ipad,5,2,7,,4.5,进阶,2019,8,7,2019-08-01,4-5h,False,True
2564,崩塌,崩塌,6.7,6.8,6.7,0.0,0.0,0.0,0.0,0.0,0.0,0.0,0.0,0,0,0,0.0,6.6,0,0,0,0,9517.0,5890.0,89,咔米侦探馆,3男3女 4.5小时 进阶 2019.04发行,,miquan_ipad_ratings.csv,miquan,ipad,3,3,6,,4.5,进阶,2019,4,6,2019-04-01,4-5h,False,True
2565,过阴,过阴,6.6,6.6,6.3,0.0,0.0,0.0,0.0,0.0,0.0,0.0,0.0,0,0,0,0.0,0.0,0,0,0,0,9132.0,18022.0,223,空山工作室,3男3女 4.0小时 进阶 2019.09发行,,miquan_ipad_ratings.csv,miquan,ipad,3,3,6,,4.0,进阶,2019,9,6,2019-09-01,3-4h,False,True
2566,南毛北马,子不语南毛北马,6.7,6.9,6.7,0.0,0.0,6.9,0.0,0.0,0.0,0.0,0.0,0,0,0,0.0,0.0,0,0,0,0,2.8,3307.0,42,企鹅PA推理工作室,5男3女 4.5小时 进阶 2019.03发行,古风 推理 沉浸 玄幻,miquan_ipad_ratings.csv,miquan,ipad,5,3,8,,4.5,进阶,2019,3,8,2019-03-01,4-5h,True,False
2567,失格21克,失格21克,6.5,6.7,6.6,0.0,0.0,6.3,0.0,0.0,0.0,0.0,0.0,0,0,0,0.0,0.0,0,0,0,0,36541.0,70214.0,1396,惊蛰推理,3男2女 4.0小时 新手 2019.06发行,中式 推理 悬疑 新手,miquan_ipad_ratings.csv,miquan,ipad,3,2,5,,4.0,新手,2019,6,5,2019-06-01,3-4h,False,True
2568,洪衙埕巷,洪衙埕巷,6.0,0.0,0.0,0.0,0.0,0.0,0.0,0.0,0.0,0.0,0.0,0,0,0,0.0,0.0,0,0,0,0,9517.0,0.0,0,谜之推理社,5男2女 4.5小时 进阶 2019.02发行,,miquan_ipad_ratings.csv,miquan,ipad,5,2,7,,4.5,进阶,2019,2,7,2019-02-01,4-5h,False,True
2569,喵的名字,喵的名字,7.1,7.2,0.0,0.0,0.0,7.2,6.8,0.0,0.0,0.0,0.0,0,0,0,0.0,0.0,0,0,0,0,7607.0,4106.0,58,鑫梦人生,4男4女 4.5小时 进阶 2019.05发行,架空 机制 沉浸 动物,miquan_ipad_ratings.csv,miquan,ipad,4,4,8,,4.5,进阶,2019,5,8,2019-05-01,4-5h,False,True
2571,孤城,孤城,8.2,7.5,0.0,0.0,0.0,0.0,0.0,0.0,7.2,0.0,0.0,0,0,0,0.0,7.9,0,0,0,0,1.2,205012.0,9349,铭思文化,4男3女 5.0小时 进阶 2019.07发行,,miquan_ipad_ratings.csv,miquan,ipad,4,3,7,,5.0,进阶,2019,7,7,2019-07-01,4-5h,True,False
2573,壁垒,壁垒,5.0,0.0,0.0,0.0,0.0,0.0,0.0,0.0,0.0,0.0,0.0,0,0,0,0.0,0.0,0,0,0,0,0.0,0.0,0,,4男3女 5.0小时 高阶,,miquan_ipad_ratings.csv,miquan,ipad,4,3,7,,5.0,高阶,,,7,,4-5h,False,True
2574,宫殇,宫殇,7.0,0.0,0.0,0.0,0.0,0.0,0.0,0.0,0.0,0.0,0.0,0,0,0,0.0,0.0,0,0,0,0,2.8,0.0,0,真相骑士,5男3女 4.5小时 进阶 2019.09发行,古风 推理 沉浸 宫廷,miquan_ipad_ratings.csv,miquan,ipad,5,3,8,,4.5,进阶,2019,9,8,2019-09-01,4-5h,True,False
2575,神健山庄,神健山庄,4.9,5.8,0.0,0.0,6.5,0.0,5.8,0.0,0.0,0.0,0.0,0,0,0,0.0,0.0,0,0,0,0,9.5,23636.0,246,LARP原创工作室,4男3女 4.5小时 进阶 2019.06发行,架空 机制 欢乐 科幻,miquan_ipad_ratings.csv,miquan,ipad,4,3,7,,4.5,进阶,2019,6,7,2019-06-01,4-5h,True,False
2576,末路超市,末路超市,7.2,7.0,6.7,6.9,0.0,0.0,0.0,0.0,0.0,0.0,0.0,0,0,0,0.0,0.0,0,0,0,0,617.0,7916.0,136,不止发行工作室,3男3女 4.5小时 进阶,,miquan_ipad_ratings.csv,miquan,ipad,3,3,6,,4.5,进阶,,,6,,4-5h,False,True
2578,黑红梅方,黑红梅方,7.3,7.1,7.0,0.0,0.0,0.0,0.0,0.0,0.0,0.0,0.0,0,0,0,0.0,0.0,0,0,0,0,896.0,4573.0,79,Siren剧本工作室,2男4女 6.0小时 进阶 2018.06发行,,miquan_ipad_ratings.csv,miquan,ipad,2,4,6,,6.0,进阶,2018,6,6,2018-06-01,5-6h,False,True
2579,贝多芬病毒,贝多芬病毒,6.1,6.6,6.6,0.0,0.0,6.5,0.0,0.0,0.0,0.0,0.0,0,0,0,0.0,0.0,0,0,0,0,2.8,12761.0,174,企鹅PA推理工作室,3男3女 4.0小时 进阶 2019.06发行,欧美 推理 沉浸 战争,miquan_ipad_ratings.csv,miquan,ipad,3,3,6,,4.0,进阶,2019,6,6,2019-06-01,3-4h,True,False
2580,洛希极限,洛希极限,7.2,7.0,6.6,0.0,0.0,0.0,0.0,0.0,6.9,0.0,0.0,0,0,0,0.0,0.0,0,0,0,0,2.8,6221.0,164,惊蛰推理,2男2女 4.5小时 进阶,中式 推理 沉浸 都市,miquan_ipad_ratings.csv,miquan,ipad,2,2,4,,4.5,进阶,,,4,,4-5h,True,False
2582,未知旅程,未知旅程,7.1,6.8,6.8,0.0,0.0,0.0,0.0,0.0,0.0,0.0,0.0,0,0,0,0.0,0.0,0,0,0,0,1174.0,11100.0,178,真相骑士,5男1女 4.0小时 进阶 2019.01发行,,miquan_ipad_ratings.csv,miquan,ipad,5,1,6,,4.0,进阶,2019,1,6,2019-01-01,3-4h,False,True
2583,黄河口学校,黄河口学校,6.3,7.1,7.0,0.0,0.0,0.0,0.0,0.0,0.0,0.0,0.0,0,0,0,0.0,0.0,0,0,0,0,271.0,3774.0,53,六扇门工作室,4男3女 4.5小时 进阶,,miquan_ipad_ratings.csv,miquan,ipad,4,3,7,,4.5,进阶,,,7,,4-5h,False,True
2584,诡楼异事,诡楼异事之生人回避,6.6,6.9,6.9,0.0,0.0,0.0,0.0,0.0,0.0,0.0,0.0,0,0,0,0.0,0.0,0,0,0,0,538.0,3856.0,128,开山怪,4男2女 4.5小时 进阶 2021.12发行,,miquan_ipad_ratings.csv,miquan,ipad,4,2,6,,4.5,进阶,2021,12,6,2021-12-01,4-5h,False,True
2585,腐生,腐生,10.0,0.0,0.0,0.0,0.0,0.0,0.0,0.0,0.0,0.0,0.0,0,0,0,0.0,0.0,0,0,0,0,0.0,0.0,0,贝壳推理,3男3女 4.5小时 进阶 2019.05发行,,miquan_ipad_ratings.csv,miquan,ipad,3,3,6,,4.5,进阶,2019,5,6,2019-05-01,4-5h,False,True
2586,芙蓉庄,芙蓉庄,8.0,0.0,0.0,0.0,0.0,0.0,0.0,0.0,0.0,0.0,0.0,0,0,0,0.0,0.0,0,0,0,0,0.0,0.0,0,妄想剧场工作室,4男3女 4.5小时 进阶 2018.12发行,,miquan_ipad_ratings.csv,miquan,ipad,4,3,7,,4.5,进阶,2018,12,7,2018-12-01,4-5h,False,True
2587,鬼语茗香,鬼语茗香,4.0,0.0,0.0,0.0,0.0,0.0,0.0,0.0,0.0,0.0,0.0,0,0,0,0.0,0.0,0,0,0,0,0.0,0.0,0,三人行工作室,3男3女 4.5小时 进阶,,miquan_ipad_ratings.csv,miquan,ipad,3,3,6,,4.5,进阶,,,6,,4-5h,False,True
2589,血缘,血缘,9.0,0.0,0.0,0.0,0.0,0.0,0.0,0.0,0.0,0.0,0.0,0,0,0,0.0,0.0,0,0,0,0,2.8,0.0,0,上海米可斯推理工作室,4男2女 4.5小时 进阶,古风 推理 沉浸 武侠,miquan_ipad_ratings.csv,miquan,ipad,4,2,6,,4.5,进阶,,,6,,4-5h,True,False
2590,沉塘,沉塘,8.0,0.0,0.0,0.0,0.0,0.0,0.0,0.0,0.0,0.0,0.0,0,0,0,0.0,0.0,0,0,0,0,2.6,0.0,0,jio娱工作室,6男2女 4.5小时 进阶,架空 机制 悬疑 武侠,miquan_ipad_ratings.csv,miquan,ipad,6,2,8,,4.5,进阶,,,8,,4-5h,True,False
2592,润娘,润娘,6.0,0.0,0.0,0.0,0.0,0.0,0.0,0.0,0.0,0.0,0.0,0,0,0,0.0,0.0,0,0,0,0,2.8,0.0,0,旋风文化传媒,3男3女 4.5小时 进阶,日式 推理 沉浸 都市,miquan_ipad_ratings.csv,miquan,ipad,3,3,6,,4.5,进阶,,,6,,4-5h,True,False
2593,次元三角,次元三角,8.0,0.0,0.0,0.0,0.0,0.0,0.0,0.0,0.0,0.0,0.0,0,0,0,0.0,0.0,0,0,0,0,0.0,0.0,0,末日之火工作室,第251本 时长：2.5小时 配置：1男5女 很难想象这是一个17年的本，现在玩起来依旧很好玩。虽然整本只有一个凶案并且核诡在今天来看已经算是稀松平常了，但是它的可盘性丝毫没有随着时...全文,,miquan_ipad_ratings.csv,miquan,ipad,1,5,6,,2.5,,,,6,,<=3h,False,True
2594,春天高校,春天高校,6.1,6.6,6.7,0.0,0.0,0.0,0.0,0.0,0.0,0.0,0.0,0,0,0,0.0,0.0,0,0,0,0,289.0,6408.0,70,南京红心五剧本工作室,4男3女 4.5小时 进阶 2019.05发行,,miquan_ipad_ratings.csv,miquan,ipad,4,3,7,,4.5,进阶,2019,5,7,2019-05-01,4-5h,False,True
2595,玉中仙,玉中仙,9.0,0.0,0.0,0.0,0.0,0.0,0.0,0.0,0.0,0.0,0.0,0,0,0,0.0,0.0,0,0,0,0,1.4,0.0,0,折子戏工作室,5男2女 4.5小时 进阶 2019.02发行,,miquan_ipad_ratings.csv,miquan,ipad,5,2,7,,4.5,进阶,2019,2,7,2019-02-01,4-5h,True,False
2597,远方少年,远方少年,6.7,6.7,6.4,0.0,0.0,6.8,0.0,0.0,0.0,0.0,0.0,0,0,0,0.0,0.0,0,0,0,0,2.8,5063.0,78,企鹅PA推理工作室,2男3女 4.5小时 进阶,中式 推理 沉浸 都市,miquan_ipad_ratings.csv,miquan,ipad,2,3,5,,4.5,进阶,,,5,,4-5h,True,False
2598,秘密,秘密,6.8,7.0,0.0,0.0,0.0,0.0,0.0,0.0,6.8,0.0,0.0,0,0,0,0.0,6.9,0,0,0,0,2.3,3167.0,54,瓦特工作室,3男2女 4.0小时 进阶 2019.02发行,,miquan_ipad_ratings.csv,miquan,ipad,3,2,5,,4.0,进阶,2019,2,5,2019-02-01,3-4h,True,False
2599,、无咎,无咎,6.6,6.8,6.6,0.0,0.0,6.6,0.0,0.0,0.0,0.0,0.0,0,0,0,0.0,0.0,0,0,0,0,2.8,12847.0,217,荒诞剧社,3男3女 4.5小时 进阶 2019.06发行,中式 推理 沉浸 都市,miquan_ipad_ratings.csv,miquan,ipad,3,3,6,,4.5,进阶,2019,6,6,2019-06-01,4-5h,True,False
2601,新屋,新屋,7.6,7.2,6.9,0.0,0.0,0.0,0.0,0.0,0.0,0.0,0.0,0,0,0,0.0,0.0,0,0,0,0,3346.0,17543.0,350,妄想剧场工作室,2男4女 4.5小时 进阶 2019.05发行,,miquan_ipad_ratings.csv,miquan,ipad,2,4,6,,4.5,进阶,2019,5,6,2019-05-01,4-5h,False,True
2603,城南旧影,城南旧影,6.0,6.7,6.6,0.0,0.0,6.5,0.0,0.0,0.0,0.0,0.0,0,0,0,0.0,0.0,0,0,0,0,2.8,1823.0,52,探案笔记,3男3女 4.5小时 进阶,民国 推理 沉浸 家国,miquan_ipad_ratings.csv,miquan,ipad,3,3,6,,4.5,进阶,,,6,,4-5h,True,False
2604,焚莱森林,焚莱森林,6.4,6.7,6.7,0.0,0.0,0.0,0.0,0.0,0.0,0.0,0.0,0,0,0,0.0,0.0,0,0,0,0,838.0,15859.0,238,X探案工作室,4男3女 4.5小时 进阶 2019.02发行,,miquan_ipad_ratings.csv,miquan,ipad,4,3,7,,4.5,进阶,2019,2,7,2019-02-01,4-5h,False,True
2605,鬼冢,鬼冢,6.0,0.0,0.0,0.0,0.0,0.0,0.0,0.0,0.0,0.0,0.0,0,0,0,0.0,0.0,0,0,0,0,0.0,0.0,0,,4男2女 4.5小时 高阶,,miquan_ipad_ratings.csv,miquan,ipad,4,2,6,,4.5,高阶,,,6,,4-5h,False,True
2607,良人归,良人归,6.7,6.9,6.5,0.0,0.0,6.8,0.0,0.0,0.0,0.0,0.0,0,0,0,0.0,0.0,0,0,0,0,3.4,11180.0,121,魄本工作室,百本选手说剧本:剧本《良人归》7人本 4男3女 剧本类型:盒装本 古风 情感本 游戏时间:4.5小时左右 实话实说 又是 全息投影剧本杀 这个本 我感觉一般 不过 我在 一分析 给了一个 不行 因为🈶 边缘角色 而且 故事 后面 突然就不对劲了 人物角色 其实还好 综合一下 我给个 不行 🙅‍♂️ 其实 就是 武侠门派里 那些事 你爱他...全文,古风 情感 沉浸 战争,miquan_ipad_ratings.csv,miquan,ipad,4,3,7,7,4.5,,,,7,,4-5h,True,False
2608,讲台上的乌鸦,讲台上的乌鸦,6.5,6.7,6.7,0.0,0.0,0.0,0.0,0.0,0.0,0.0,0.0,0,0,0,0.0,0.0,0,0,0,0,402.0,7089.0,93,梦天游MOTIYO,3男3女 4.5小时 进阶 2019.06发行,,miquan_ipad_ratings.csv,miquan,ipad,3,3,6,,4.5,进阶,2019,6,6,2019-06-01,4-5h,False,True
2609,东陵心怨,东陵心怨,4.0,0.0,0.0,0.0,0.0,0.0,0.0,0.0,0.0,0.0,0.0,0,0,0,0.0,0.0,0,0,0,0,7607.0,0.0,0,夜笙阁,4男3女 4.5小时 进阶,古风 机制 沉浸 宫廷,miquan_ipad_ratings.csv,miquan,ipad,4,3,7,,4.5,进阶,,,7,,4-5h,False,True
2611,梅花青冢,梅花青冢,7.3,7.2,7.0,0.0,0.0,7.0,0.0,0.0,0.0,0.0,0.0,0,0,0,0.0,0.0,0,0,0,0,3.4,17853.0,229,旖旎文化,3男3女 4.5小时 进阶 2019.06发行,古风 情感 沉浸 都市,miquan_ipad_ratings.csv,miquan,ipad,3,3,6,,4.5,进阶,2019,6,6,2019-06-01,4-5h,True,False
2612,第二十二条校规,第二十二条校规,6.7,6.7,6.5,0.0,0.0,0.0,0.0,0.0,0.0,0.0,0.0,0,0,0,0.0,0.0,0,0,0,0,90975.0,210758.0,7713,真相骑士,【第二十二条校规】新手／恐怖／现代／变格 【角色时长】叶冷星／4小时 【人数配置】4男3女／可反串 【推荐角色】无边缘位 【选店建议】开本无难度，经典废话：沙发舒服外卖多，厕所干净...全文,日式 推理 惊悚 校园,miquan_ipad_ratings.csv,miquan,ipad,4,3,7,,4.0,新手,,,7,,3-4h,False,True
2614,双生,双生,10.0,0.0,0.0,0.0,0.0,0.0,0.0,0.0,0.0,0.0,0.0,0,0,0,0.0,0.0,0,0,0,0,0.0,0.0,0,惊蛰推理,3男3女 4.5小时 进阶 2019.03发行,,miquan_ipad_ratings.csv,miquan,ipad,3,3,6,,4.5,进阶,2019,3,6,2019-03-01,4-5h,False,True
2615,无妄,无妄,10.0,0.0,0.0,0.0,0.0,0.0,0.0,0.0,0.0,0.0,0.0,0,0,0,0.0,0.0,0,0,0,0,0.0,0.0,0,惊蛰推理,4男2女 4.5小时 高阶,,miquan_ipad_ratings.csv,miquan,ipad,4,2,6,,4.5,高阶,,,6,,4-5h,False,True
2616,赶尸人,赶尸人,6.2,6.5,6.1,0.0,0.0,0.0,0.0,0.0,0.0,0.0,0.0,0,0,0,0.0,0.0,0,0,0,0,24159.0,4.7,830,葵花工作室,4男2女 4.5小时 进阶 2019.04发行,,miquan_ipad_ratings.csv,miquan,ipad,4,2,6,,4.5,进阶,2019,4,6,2019-04-01,4-5h,False,True
2617,来自乡下的你,来自乡下的你,6.1,6.4,6.3,0.0,6.8,0.0,0.0,0.0,0.0,0.0,0.0,0,0,0,0.0,0.0,0,0,0,0,8955.0,7500.0,90,葫芦世界,4男2女 4.5小时 进阶 2019.04发行,中式 推理 欢乐 都市,miquan_ipad_ratings.csv,miquan,ipad,4,2,6,,4.5,进阶,2019,4,6,2019-04-01,4-5h,False,True
2618,岳麓山下,岳麓山下,7.6,7.3,7.2,7.0,0.0,0.0,0.0,0.0,0.0,0.0,0.0,0,0,0,0.0,0.0,0,0,0,0,7033.0,17770.0,825,智乐源文化,3男3女 4.5小时 高阶 2019.07发行,,miquan_ipad_ratings.csv,miquan,ipad,3,3,6,,4.5,高阶,2019,7,6,2019-07-01,4-5h,False,True
2619,疯狂美食节,疯狂美食节3,6.0,0.0,0.0,0.0,0.0,0.0,0.0,0.0,0.0,0.0,0.0,0,0,0,0.0,0.0,0,0,0,0,9.5,0.0,0,红泥小火炉工作室,3男4女 4.5小时 进阶 2020.09发行,架空 机制 欢乐 都市,miquan_ipad_ratings.csv,miquan,ipad,3,4,7,,4.5,进阶,2020,9,7,2020-09-01,4-5h,True,False
2620,寒江愁,寒江愁,9.0,0.0,0.0,0.0,0.0,0.0,0.0,0.0,0.0,0.0,0.0,0,0,0,0.0,0.0,0,0,0,0,0.0,0.0,0,阿斯巴甜,4男2女 4.5小时 进阶,架空 推理 悬疑 武侠,miquan_ipad_ratings.csv,miquan,ipad,4,2,6,,4.5,进阶,,,6,,4-5h,False,True
2621,我的同学才不可能是妖怪,我的同学才不可能是妖怪,10.0,0.0,0.0,0.0,0.0,0.0,0.0,0.0,0.0,0.0,0.0,0,0,0,0.0,0.0,0,0,0,0,8955.0,0.0,0,企鹅PA推理工作室,4男3女 4.5小时 进阶 2018.12发行,中式 推理 欢乐 校园,miquan_ipad_ratings.csv,miquan,ipad,4,3,7,,4.5,进阶,2018,12,7,2018-12-01,4-5h,False,True
2623,人魈传说,人魈传说,3.0,0.0,0.0,0.0,0.0,0.0,0.0,0.0,0.0,0.0,0.0,0,0,0,0.0,0.0,0,0,0,0,2.8,0.0,0,,2男3女 4.5小时 进阶,中式 推理 沉浸 都市,miquan_ipad_ratings.csv,miquan,ipad,2,3,5,,4.5,进阶,,,5,,4-5h,True,False
2628,隐罪,隐罪,6.2,6.6,6.7,0.0,0.0,0.0,0.0,0.0,0.0,0.0,0.0,0,0,0,0.0,0.0,0,0,0,0,322.0,4735.0,73,鹿鸣工作室,5男3女 4.5小时 新手 2019.03发行,,miquan_ipad_ratings.csv,miquan,ipad,5,3,8,,4.5,新手,2019,3,8,2019-03-01,4-5h,False,True
2629,捞尸人,捞尸人,5.3,6.4,6.2,0.0,0.0,0.0,0.0,0.0,0.0,0.0,0.0,0,0,0,0.0,0.0,0,0,0,0,744.0,15144.0,205,葵花工作室,3男3女 4.5小时 进阶 2019.04发行,,miquan_ipad_ratings.csv,miquan,ipad,3,3,6,,4.5,进阶,2019,4,6,2019-04-01,4-5h,False,True
2631,消失的客人,消失的客人,2.0,0.0,0.0,0.0,0.0,0.0,0.0,0.0,0.0,0.0,0.0,0,0,0,0.0,0.0,0,0,0,0,0.0,0.0,0,,1男4女 4.5小时 进阶,,miquan_ipad_ratings.csv,miquan,ipad,1,4,5,,4.5,进阶,,,5,,4-5h,False,True
2632,上海滩风云,《上海滩风云》,4.0,0.0,0.0,0.0,0.0,0.0,0.0,0.0,0.0,0.0,0.0,0,0,0,0.0,0.0,0,0,0,0,0.0,0.0,0,,3男2女 4.5小时 进阶,,miquan_ipad_ratings.csv,miquan,ipad,3,2,5,,4.5,进阶,,,5,,4-5h,False,True
2635,吉普赛女郎,吉普赛女郎之死（再见卡门）,8.1,7.5,7.3,7.2,0.0,0.0,0.0,0.0,0.0,0.0,0.0,0,0,0,0.0,0.0,0,0,0,0,516.0,1224.0,92,,4男0女 4.5小时 进阶,,miquan_ipad_ratings.csv,miquan,ipad,4,0,4,,4.5,进阶,,,4,,4-5h,False,True
2637,温柔梦乡,温柔梦乡,6.0,0.0,0.0,0.0,0.0,0.0,0.0,0.0,0.0,0.0,0.0,0,0,0,0.0,0.0,0,0,0,0,0.0,0.0,0,企鹅PA推理工作室,4男3女 4.5小时 进阶 2019.04发行,,miquan_ipad_ratings.csv,miquan,ipad,4,3,7,,4.5,进阶,2019,4,7,2019-04-01,4-5h,False,True
2641,高家大院,高家大院,5.8,6.4,6.2,0.0,0.0,0.0,0.0,0.0,0.0,0.0,0.0,0,0,0,0.0,0.0,0,0,0,0,625.0,11453.0,192,西安蛛丝马迹,4男4女 4.5小时 进阶,古风 推理 惊悚 都市,miquan_ipad_ratings.csv,miquan,ipad,4,4,8,,4.5,进阶,,,8,,4-5h,False,True
2642,蒙轻纱的处女,蒙轻纱的处女,6.9,7.0,6.9,0.0,0.0,0.0,0.0,0.0,6.6,0.0,0.0,0,0,0,0.0,0.0,0,0,0,0,2.8,11879.0,169,万游文创,5男1女 4.0小时 进阶 2018.11发行,中式 推理 沉浸 都市,miquan_ipad_ratings.csv,miquan,ipad,5,1,6,,4.0,进阶,2018,11,6,2018-11-01,3-4h,True,False
2643,雪夜怪谈,雪夜怪谈,6.4,6.8,6.8,0.0,0.0,0.0,0.0,0.0,0.0,0.0,0.0,0,0,0,6.6,0.0,0,0,0,0,1.4,3838.0,50,靠脸吃饭推理社,4男2女 4.5小时 进阶 2019.01发行,,miquan_ipad_ratings.csv,miquan,ipad,4,2,6,,4.5,进阶,2019,1,6,2019-01-01,4-5h,True,False
2644,救救孩子,救救孩子,7.0,0.0,0.0,0.0,0.0,0.0,0.0,0.0,0.0,0.0,0.0,0,0,0,0.0,0.0,0,0,0,0,2.8,0.0,0,XY侦探工作室,4男2女 4.5小时 高阶,中式 推理 沉浸 校园,miquan_ipad_ratings.csv,miquan,ipad,4,2,6,,4.5,高阶,,,6,,4-5h,True,False
2646,年轮,年轮,9.0,8.6,8.6,0.0,0.0,0.0,0.0,8.2,0.0,0.0,0.0,0,0,0,0.0,0.0,0,0,0,0,189696.0,276044.0,27715,天津剧盟发行工作室,3男2女 4.5小时 高阶 2019.03发行,中式 情感 沉浸 新手,miquan_ipad_ratings.csv,miquan,ipad,3,2,5,,4.5,高阶,2019,3,5,2019-03-01,4-5h,False,True
2647,万箭穿心,万箭穿心,10.0,0.0,0.0,0.0,0.0,0.0,0.0,0.0,0.0,0.0,0.0,0,0,0,0.0,0.0,0,0,0,0,2.6,0.0,0,真相骑士,4男3女 4.0小时 进阶 2019.04发行,,miquan_ipad_ratings.csv,miquan,ipad,4,3,7,,4.0,进阶,2019,4,7,2019-04-01,3-4h,True,False
2648,心妖录之柳鬼,心妖录之柳鬼,3.0,0.0,0.0,0.0,0.0,0.0,0.0,0.0,0.0,0.0,0.0,0,0,0,0.0,0.0,0,0,0,0,0.0,0.0,0,志异文创,2男3女 4.5小时 进阶,,miquan_ipad_ratings.csv,miquan,ipad,2,3,5,,4.5,进阶,,,5,,4-5h,False,True
2649,云破月来花弄影,云破月来花弄影,6.4,6.7,6.3,0.0,0.0,6.8,0.0,0.0,0.0,0.0,0.0,0,0,0,0.0,0.0,0,0,0,0,3.4,16021.0,180,旖旎文化,4男3女 4.5小时 进阶 2019.02发行,古风 情感 沉浸 宫廷,miquan_ipad_ratings.csv,miquan,ipad,4,3,7,,4.5,进阶,2019,2,7,2019-02-01,4-5h,True,False
2650,恶贯满营,恶贯满营：风波篇,6.5,7.0,6.8,6.7,0.0,0.0,0.0,0.0,0.0,0.0,0.0,0,0,0,0.0,0.0,0,0,0,0,206.0,3118.0,46,荒诞剧社,5男1女 4.5小时 进阶,古风 推理 悬疑 武侠,miquan_ipad_ratings.csv,miquan,ipad,5,1,6,,4.5,进阶,,,6,,4-5h,False,True
2652,幕后玩家2,幕后玩家2,4.0,0.0,0.0,0.0,0.0,0.0,0.0,0.0,0.0,0.0,0.0,0,0,0,0.0,0.0,0,0,0,0,2.8,0.0,0,三更工作室,6男1女 4.5小时 进阶,港澳 推理 沉浸 都市,miquan_ipad_ratings.csv,miquan,ipad,6,1,7,,4.5,进阶,,,7,,4-5h,True,False
2654,惠子,惠子,6.4,6.6,6.4,0.0,0.0,0.0,0.0,0.0,0.0,0.0,0.0,0,0,0,0.0,0.0,0,0,0,0,44413.0,100162.0,1909,葵花工作室,3男2女 4.5小时 进阶 2019.03发行,日式 推理 惊悚 校园,miquan_ipad_ratings.csv,miquan,ipad,3,2,5,,4.5,进阶,2019,3,5,2019-03-01,4-5h,False,True
2655,嗜睡蔷薇,嗜睡蔷薇,8.1,7.6,7.3,0.0,0.0,0.0,0.0,0.0,0.0,0.0,0.0,0,0,0,0.0,0.0,0,0,0,0,11238.0,21994.0,1358,智乐源文化,我的豪门本系列第十部🌟《嗜睡蔷薇》🌟 📖剧本类型：民国/推理/惊悚/进阶 🙎完结配置：3⃣男3⃣女（反串随意） ⌚️体验时长：4⃣.5⃣小时 ❤️体验角色：王怀武 🌟DM：⚡️...全文,,miquan_ipad_ratings.csv,miquan,ipad,,,,,,进阶,,,,,,False,True
2657,知更鸟,知更鸟,2.0,0.0,0.0,0.0,0.0,0.0,0.0,0.0,0.0,0.0,0.0,0,0,0,0.0,0.0,0,0,0,0,9517.0,0.0,0,贤世器剧本工作室,5男2女 4.5小时 进阶 2018.12发行,,miquan_ipad_ratings.csv,miquan,ipad,5,2,7,,4.5,进阶,2018,12,7,2018-12-01,4-5h,False,True
2658,天启,天启,6.9,7.1,0.0,0.0,0.0,0.0,6.9,0.0,7.0,0.0,0.0,0,0,0,0.0,0.0,0,0,0,0,7607.0,3491.0,57,雪人剧制,5男2女 4.0小时 进阶 2019.01发行,架空 机制 沉浸 科幻,miquan_ipad_ratings.csv,miquan,ipad,5,2,7,,4.0,进阶,2019,1,7,2019-01-01,3-4h,False,True
2660,盛宴,盛宴,5.0,0.0,0.0,0.0,0.0,0.0,0.0,0.0,0.0,0.0,0.0,0,0,0,0.0,0.0,0,0,0,0,0.0,0.0,0,有间档案馆,4男3女 4.0小时 高阶,,miquan_ipad_ratings.csv,miquan,ipad,4,3,7,,4.0,高阶,,,7,,3-4h,False,True
2661,凉凉,凉凉,5.0,0.0,0.0,0.0,0.0,0.0,0.0,0.0,0.0,0.0,0.0,0,0,0,0.0,0.0,0,0,0,0,2.8,0.0,0,,3男3女 5.0小时 高阶,古风 推理 沉浸 武侠,miquan_ipad_ratings.csv,miquan,ipad,3,3,6,,5.0,高阶,,,6,,4-5h,True,False
2662,绝命赌局,绝命赌局：事发当晚,6.4,6.5,0.0,0.0,6.9,0.0,6.9,0.0,0.0,0.0,0.0,0,0,0,0.0,0.0,0,0,0,0,9.5,5611.0,71,谜里文创工作室,4男3女 4.5小时 进阶 2019.02发行,中式 机制 欢乐 都市,miquan_ipad_ratings.csv,miquan,ipad,4,3,7,,4.5,进阶,2019,2,7,2019-02-01,4-5h,True,False
2663,袖珍骑士之死,袖珍骑士之死,6.6,6.8,6.5,0.0,6.6,0.0,0.0,0.0,0.0,0.0,0.0,0,0,0,0.0,0.0,0,0,0,0,8961.0,16573.0,401,东吴侦探,4男2女 4.5小时 进阶 2018.11发行,欧美 推理 欢乐 校园,miquan_ipad_ratings.csv,miquan,ipad,4,2,6,,4.5,进阶,2018,11,6,2018-11-01,4-5h,False,True
2664,冥婚,冥婚,6.0,0.0,0.0,0.0,0.0,0.0,0.0,0.0,0.0,0.0,0.0,0,0,0,0.0,0.0,0,0,0,0,2.8,0.0,0,石狮晴宇,4男2女 4.5小时 进阶,民国 推理 沉浸 怪谈,miquan_ipad_ratings.csv,miquan,ipad,4,2,6,,4.5,进阶,,,6,,4-5h,True,False
2667,蜀界仙梦,蜀界仙梦,8.0,0.0,0.0,0.0,0.0,0.0,0.0,0.0,0.0,0.0,0.0,0,0,0,0.0,0.0,0,0,0,0,5.8,0.0,0,阿斯巴甜,6男2女 4.0小时 进阶 2018.10发行,架空 阵营 欢乐 武侠,miquan_ipad_ratings.csv,miquan,ipad,6,2,8,,4.0,进阶,2018,10,8,2018-10-01,3-4h,True,False
2668,狩猎之夜,狩猎之夜,6.0,0.0,0.0,0.0,0.0,0.0,0.0,0.0,0.0,0.0,0.0,0,0,0,0.0,0.0,0,0,0,0,0.0,0.0,0,谜之推理社,4男4女 4.5小时 进阶 2019.02发行,,miquan_ipad_ratings.csv,miquan,ipad,4,4,8,,4.5,进阶,2019,2,8,2019-02-01,4-5h,False,True
2669,暗至微光,暗至微光,7.0,0.0,0.0,0.0,0.0,0.0,0.0,0.0,0.0,0.0,0.0,0,0,0,0.0,0.0,0,0,0,0,0.0,0.0,0,绅士娱乐工作室,6男2女 4.5小时 进阶 2018.12发行,,miquan_ipad_ratings.csv,miquan,ipad,6,2,8,,4.5,进阶,2018,12,8,2018-12-01,4-5h,False,True
2670,吾皇在上,吾皇在上,5.4,5.8,0.0,0.0,6.7,0.0,0.0,0.0,0.0,0.0,0.0,0,0,0,0.0,6.1,0,0,0,0,5.8,16063.0,269,葵花工作室,5男4女 4.5小时 进阶 2018.09发行,古风 阵营 欢乐 都市,miquan_ipad_ratings.csv,miquan,ipad,5,4,9,,4.5,进阶,2018,9,9,2018-09-01,4-5h,True,False
2671,白塔至黑,白塔至黑,7.0,0.0,0.0,0.0,0.0,0.0,0.0,0.0,0.0,0.0,0.0,0,0,0,0.0,0.0,0,0,0,0,2.6,0.0,0,企鹅PA推理工作室,7男2女 4.5小时 高阶,,miquan_ipad_ratings.csv,miquan,ipad,7,2,9,,4.5,高阶,,,9,,4-5h,True,False
2672,浮世绘,浮世绘,10.0,0.0,0.0,0.0,0.0,0.0,0.0,0.0,0.0,0.0,0.0,0,0,0,0.0,0.0,0,0,0,0,9517.0,0.0,0,万游文创,5男3女 4.5小时 进阶,,miquan_ipad_ratings.csv,miquan,ipad,5,3,8,,4.5,进阶,,,8,,4-5h,False,True
2673,苏荷,苏荷,4.5,5.3,0.0,0.0,0.0,5.5,5.4,0.0,0.0,0.0,0.0,0,0,0,0.0,0.0,0,0,0,0,1.1,33501.0,469,佛系工作室,3男2女 4.0小时 新手 2020.08发行,,miquan_ipad_ratings.csv,miquan,ipad,3,2,5,,4.0,新手,2020,8,5,2020-08-01,3-4h,True,False
2675,秦淮八艳,秦淮八艳,5.5,5.9,0.0,0.0,6.7,0.0,0.0,0.0,0.0,0.0,0.0,0,0,0,0.0,5.9,0,0,0,0,5.8,59727.0,887,穗上日禾工作室,0男8女 4.5小时 新手 2018.10发行,古风 阵营 欢乐 仙侠,miquan_ipad_ratings.csv,miquan,ipad,0,8,8,,4.5,新手,2018,10,8,2018-10-01,4-5h,True,False
2676,迷途的羔羊,迷途的羔羊,6.2,6.6,0.0,6.5,0.0,0.0,6.5,0.0,0.0,0.0,0.0,0,0,0,0.0,0.0,0,0,0,0,2.6,5773.0,89,阿斯巴甜,4男2女 4.0小时 进阶 2018.12发行,,miquan_ipad_ratings.csv,miquan,ipad,4,2,6,,4.0,进阶,2018,12,6,2018-12-01,3-4h,True,False
2678,金陵宫阙,金陵宫阙,7.0,0.0,0.0,0.0,0.0,0.0,0.0,0.0,0.0,0.0,0.0,0,0,0,0.0,0.0,0,0,0,0,5.8,0.0,0,,4男3女 4.5小时 进阶,,miquan_ipad_ratings.csv,miquan,ipad,4,3,7,,4.5,进阶,,,7,,4-5h,True,False
2679,家宴,家宴,6.7,6.6,0.0,0.0,7.3,0.0,6.6,0.0,0.0,0.0,0.0,0,0,0,0.0,0.0,0,0,0,0,9.5,25470.0,342,雪人剧制,3男3女 4.0小时 进阶 2018.10发行,中式 机制 欢乐 都市,miquan_ipad_ratings.csv,miquan,ipad,3,3,6,,4.0,进阶,2018,10,6,2018-10-01,3-4h,True,False
2680,山姥传,山姥传,7.0,0.0,0.0,0.0,0.0,0.0,0.0,0.0,0.0,0.0,0.0,0,0,0,0.0,0.0,0,0,0,0,0.0,0.0,0,福尔摩四推理工作室,4男2女 4.5小时 进阶,日式 推理 惊悚 怪谈,miquan_ipad_ratings.csv,miquan,ipad,4,2,6,,4.5,进阶,,,6,,4-5h,False,True
2682,姑娘,姑娘,4.0,0.0,0.0,0.0,0.0,0.0,0.0,0.0,0.0,0.0,0.0,0,0,0,0.0,0.0,0,0,0,0,0.0,0.0,0,,2男3女 4.0小时 进阶,,miquan_ipad_ratings.csv,miquan,ipad,2,3,5,,4.0,进阶,,,5,,3-4h,False,True
2683,千万悬赏,千万悬赏,8.0,0.0,0.0,0.0,0.0,0.0,0.0,0.0,0.0,0.0,0.0,0,0,0,0.0,0.0,0,0,0,0,0.0,0.0,0,阿斯巴甜,4男2女 4.5小时 进阶,,miquan_ipad_ratings.csv,miquan,ipad,4,2,6,,4.5,进阶,,,6,,4-5h,False,True
2684,盲人监狱,盲人监狱,10.0,0.0,0.0,0.0,0.0,0.0,0.0,0.0,0.0,0.0,0.0,0,0,0,0.0,0.0,0,0,0,0,0.0,0.0,0,麻心汤圆,5男5女 4.5小时 高阶,,miquan_ipad_ratings.csv,miquan,ipad,5,5,10,,4.5,高阶,,,10,,4-5h,False,True
2685,魂断太武阁,魂断太武阁,5.0,0.0,0.0,0.0,0.0,0.0,0.0,0.0,0.0,0.0,0.0,0,0,0,0.0,0.0,0,0,0,0,8966.0,0.0,0,佛系工作室,4男3女 4.5小时 进阶,日式 推理 欢乐 玄幻,miquan_ipad_ratings.csv,miquan,ipad,4,3,7,,4.5,进阶,,,7,,4-5h,False,True
2686,天香楼,天香楼,8.0,0.0,0.0,0.0,0.0,0.0,0.0,0.0,0.0,0.0,0.0,0,0,0,0.0,0.0,0,0,0,0,2.8,0.0,0,叁千世界,3男4女 4.5小时 进阶,古风 推理 沉浸 武侠,miquan_ipad_ratings.csv,miquan,ipad,3,4,7,,4.5,进阶,,,7,,4-5h,True,False
2687,暮云春树,暮云春树,7.0,0.0,0.0,0.0,0.0,0.0,0.0,0.0,0.0,0.0,0.0,0,0,0,0.0,0.0,0,0,0,0,2.8,0.0,0,旖旎文化,5男3女 4.5小时 新手,中式 推理 沉浸 都市,miquan_ipad_ratings.csv,miquan,ipad,5,3,8,,4.5,新手,,,8,,4-5h,True,False
2689,吉野家杀人事件,吉野家杀人事件,5.0,0.0,0.0,0.0,0.0,0.0,0.0,0.0,0.0,0.0,0.0,0,0,0,0.0,0.0,0,0,0,0,0.0,0.0,0,,3男3女 4.5小时 进阶,日式 推理 悬疑 都市,miquan_ipad_ratings.csv,miquan,ipad,3,3,6,,4.5,进阶,,,6,,4-5h,False,True
2690,血戮歌谣,血戮歌谣,3.0,0.0,0.0,0.0,0.0,0.0,0.0,0.0,0.0,0.0,0.0,0,0,0,0.0,0.0,0,0,0,0,9.5,0.0,0,同盟救济会,7男3女 4.5小时 进阶,欧美 机制 欢乐 怪谈,miquan_ipad_ratings.csv,miquan,ipad,7,3,10,,4.5,进阶,,,10,,4-5h,True,False
2691,母系氏族,母系氏族,8.0,0.0,0.0,0.0,0.0,0.0,0.0,0.0,0.0,0.0,0.0,0,0,0,0.0,0.0,0,0,0,0,2.8,0.0,0,,6男2女 4.5小时 进阶,古风 推理 沉浸 战争,miquan_ipad_ratings.csv,miquan,ipad,6,2,8,,4.5,进阶,,,8,,4-5h,True,False
2692,水袖情,水袖情,8.4,8.0,7.5,7.5,0.0,0.0,0.0,0.0,0.0,0.0,0.0,0,0,0,0.0,0.0,0,0,0,0,16026.0,25895.0,1772,智乐源文化,百本选手说剧本:剧本《水袖情》6人本 3男3女（可以反串）剧本类型:盒装本 豪门 惊情系列 游戏时间:4小时左右 👬适合人群：豪...全文,民国 推理 悬疑 新手,miquan_ipad_ratings.csv,miquan,ipad,3,3,6,6,4.0,,,,6,,3-4h,False,True
2694,恶魔拷问屋,恶魔拷问屋,10.0,0.0,0.0,0.0,0.0,0.0,0.0,0.0,0.0,0.0,0.0,0,0,0,0.0,0.0,0,0,0,0,9517.0,0.0,0,秘密档案馆,5男3女 4.5小时 进阶 2018.08发行,,miquan_ipad_ratings.csv,miquan,ipad,5,3,8,,4.5,进阶,2018,8,8,2018-08-01,4-5h,False,True
2695,凤舞九天,凤舞九天,3.0,0.0,0.0,0.0,0.0,0.0,0.0,0.0,0.0,0.0,0.0,0,0,0,0.0,0.0,0,0,0,0,7607.0,0.0,0,南京桃花推理工作室,5男3女 4.0小时 进阶 2018.12发行,古风 机制 沉浸 宫廷,miquan_ipad_ratings.csv,miquan,ipad,5,3,8,,4.0,进阶,2018,12,8,2018-12-01,3-4h,False,True
2698,幽凝,幽凝(血目后续),5.0,0.0,0.0,0.0,0.0,0.0,0.0,0.0,0.0,0.0,0.0,0,0,0,0.0,0.0,0,0,0,0,0.0,0.0,0,,3男3女 4.5小时 进阶,,miquan_ipad_ratings.csv,miquan,ipad,3,3,6,,4.5,进阶,,,6,,4-5h,False,True
2700,心理咨询师,心理咨询师,6.1,6.5,6.7,0.0,0.0,0.0,0.0,0.0,0.0,0.0,0.0,0,0,0,0.0,0.0,0,0,0,0,422.0,6925.0,77,子不肴工作室,3男2女 4.5小时 高阶 2018.11发行,,miquan_ipad_ratings.csv,miquan,ipad,3,2,5,,4.5,高阶,2018,11,5,2018-11-01,4-5h,False,True
2702,三国新演义,三国新演义,6.2,6.1,0.0,0.0,6.7,0.0,0.0,0.0,0.0,0.0,0.0,0,0,0,0.0,6.6,0,0,0,0,5.8,7446.0,115,萝纪星球,7男0女 4.0小时 进阶 2019.11发行,,miquan_ipad_ratings.csv,miquan,ipad,7,0,7,,4.0,进阶,2019,11,7,2019-11-01,3-4h,True,False
2703,青衣怪谈2,青衣怪谈2,7.0,0.0,0.0,0.0,0.0,0.0,0.0,0.0,0.0,0.0,0.0,0,0,0,0.0,0.0,0,0,0,0,2.8,0.0,0,真相骑士,4男3女 4.5小时 进阶 2018.12发行,日式 推理 沉浸 怪谈,miquan_ipad_ratings.csv,miquan,ipad,4,3,7,,4.5,进阶,2018,12,7,2018-12-01,4-5h,True,False
2704,红楼越梦,红楼越梦,3.0,0.0,0.0,0.0,0.0,0.0,0.0,0.0,0.0,0.0,0.0,0,0,0,0.0,0.0,0,0,0,0,1.1,0.0,0,谜之推理社,3男3女 4.5小时 进阶 2019.02发行,古风 情感 演绎 武侠,miquan_ipad_ratings.csv,miquan,ipad,3,3,6,,4.5,进阶,2019,2,6,2019-02-01,4-5h,True,False
2705,丹心海棠,丹心海棠,6.0,0.0,0.0,0.0,0.0,0.0,0.0,0.0,0.0,0.0,0.0,0,0,0,0.0,0.0,0,0,0,0,8966.0,0.0,0,萝纪星球,3男3女 4.5小时 进阶,中式 推理 欢乐 都市,miquan_ipad_ratings.csv,miquan,ipad,3,3,6,,4.5,进阶,,,6,,4-5h,False,True
2708,假面舞会,假面舞会,6.0,0.0,0.0,0.0,0.0,0.0,0.0,0.0,0.0,0.0,0.0,0,0,0,0.0,0.0,0,0,0,0,0.0,0.0,0,成都辉耀超级探案馆,3男3女 4.5小时 高阶,,miquan_ipad_ratings.csv,miquan,ipad,3,3,6,,4.5,高阶,,,6,,4-5h,False,True
2709,咒乐园,咒乐园,5.0,0.0,0.0,0.0,0.0,0.0,0.0,0.0,0.0,0.0,0.0,0,0,0,0.0,0.0,0,0,0,0,0.0,0.0,0,,3男3女 4.5小时 进阶,,miquan_ipad_ratings.csv,miquan,ipad,3,3,6,,4.5,进阶,,,6,,4-5h,False,True
2710,驯狗人,驯狗人,6.1,6.2,0.0,0.0,6.6,0.0,6.1,0.0,0.0,0.0,0.0,0,0,0,0.0,0.0,0,0,0,0,9.5,9953.0,118,奥弗赛文娱乐,6男2女 4.5小时 进阶,中式 机制 欢乐 都市,miquan_ipad_ratings.csv,miquan,ipad,6,2,8,,4.5,进阶,,,8,,4-5h,True,False
2711,步步莲华,步步莲华,6.3,6.8,0.0,0.0,0.0,6.5,0.0,0.0,0.0,0.0,0.0,0,0,0,0.0,6.7,0,0,0,0,9517.0,11677.0,141,惊蛰推理,3男4女 4.5小时 进阶 2018.11发行,,miquan_ipad_ratings.csv,miquan,ipad,3,4,7,,4.5,进阶,2018,11,7,2018-11-01,4-5h,False,True
2712,艺世迷离,艺世迷离,5.0,0.0,0.0,0.0,0.0,0.0,0.0,0.0,0.0,0.0,0.0,0,0,0,0.0,0.0,0,0,0,0,0.0,0.0,0,旖旎文化,4男2女 4.5小时 进阶 2018.05发行,,miquan_ipad_ratings.csv,miquan,ipad,4,2,6,,4.5,进阶,2018,5,6,2018-05-01,4-5h,False,True
2714,曙光之末,曙光之末,7.0,0.0,0.0,0.0,0.0,0.0,0.0,0.0,0.0,0.0,0.0,0,0,0,0.0,0.0,0,0,0,0,0.0,0.0,0,鑫梦人生,3男2女 4.5小时 进阶 2018.11发行,,miquan_ipad_ratings.csv,miquan,ipad,3,2,5,,4.5,进阶,2018,11,5,2018-11-01,4-5h,False,True
2716,十字路口,罪恶之子：混沌的十字路口,10.0,0.0,0.0,0.0,0.0,0.0,0.0,0.0,0.0,0.0,0.0,0,0,0,0.0,0.0,0,0,0,0,3161.0,0.0,0,万向聚合,3男3女 6.0小时 进阶 2023.10发行,,miquan_ipad_ratings.csv,miquan,ipad,3,3,6,,6.0,进阶,2023,10,6,2023-10-01,5-6h,False,True
2717,恶意,恶意,5.5,6.0,6.0,0.0,0.0,0.0,0.0,0.0,0.0,0.0,0.0,0,0,0,5.9,0.0,0,0,0,0,1.4,54286.0,995,桌立方,4男2女 5.0小时 高阶 2021.04发行,,miquan_ipad_ratings.csv,miquan,ipad,4,2,6,,5.0,高阶,2021,4,6,2021-04-01,4-5h,True,False
2718,大唐画师案,大唐画师案,4.0,0.0,0.0,0.0,0.0,0.0,0.0,0.0,0.0,0.0,0.0,0,0,0,0.0,0.0,0,0,0,0,0.0,0.0,0,推理联盟,4男2女 4.5小时 进阶,架空 推理 悬疑 武侠,miquan_ipad_ratings.csv,miquan,ipad,4,2,6,,4.5,进阶,,,6,,4-5h,False,True
2719,狸猫换太子,狸猫换太子,4.0,0.0,0.0,0.0,0.0,0.0,0.0,0.0,0.0,0.0,0.0,0,0,0,0.0,0.0,0,0,0,0,2.8,0.0,0,,4男2女 4.5小时 进阶,古风 推理 沉浸 都市,miquan_ipad_ratings.csv,miquan,ipad,4,2,6,,4.5,进阶,,,6,,4-5h,True,False
2720,三界之下,三界之下,3.0,0.0,0.0,0.0,0.0,0.0,0.0,0.0,0.0,0.0,0.0,0,0,0,0.0,0.0,0,0,0,0,3.4,0.0,0,,3男3女 4.5小时 进阶,古风 情感 沉浸 都市,miquan_ipad_ratings.csv,miquan,ipad,3,3,6,,4.5,进阶,,,6,,4-5h,True,False
2721,儿童劫,儿童劫,10.0,0.0,0.0,0.0,0.0,0.0,0.0,0.0,0.0,0.0,0.0,0,0,0,0.0,0.0,0,0,0,0,5.8,0.0,0,武汉悠趣剧本原创工作室,4男2女 4.5小时 进阶 2019.02发行,,miquan_ipad_ratings.csv,miquan,ipad,4,2,6,,4.5,进阶,2019,2,6,2019-02-01,4-5h,True,False
2722,礼佛,礼佛,4.0,0.0,0.0,0.0,0.0,0.0,0.0,0.0,0.0,0.0,0.0,0,0,0,0.0,0.0,0,0,0,0,0.0,0.0,0,,2男4女 4.5小时 高阶,,miquan_ipad_ratings.csv,miquan,ipad,2,4,6,,4.5,高阶,,,6,,4-5h,False,True
2723,貔貅镇,貔貅镇,8.0,0.0,0.0,0.0,0.0,0.0,0.0,0.0,0.0,0.0,0.0,0,0,0,0.0,0.0,0,0,0,0,0.0,0.0,0,一乐馆,5男1女 4.5小时 进阶,架空 推理 悬疑 武侠,miquan_ipad_ratings.csv,miquan,ipad,5,1,6,,4.5,进阶,,,6,,4-5h,False,True
2724,未知客人,未知客人,6.6,6.8,6.7,0.0,0.0,0.0,0.0,0.0,0.0,0.0,0.0,0,0,0,0.0,0.0,0,0,0,0,1095.0,14941.0,199,真相骑士,3男3女 4.5小时 进阶 2018.07发行,,miquan_ipad_ratings.csv,miquan,ipad,3,3,6,,4.5,进阶,2018,7,6,2018-07-01,4-5h,False,True
2725,安娜的橱窗,安娜的橱窗,5.0,0.0,0.0,0.0,0.0,0.0,0.0,0.0,0.0,0.0,0.0,0,0,0,0.0,0.0,0,0,0,0,0.0,0.0,0,吴三疯子,4男3女 4.5小时 进阶,,miquan_ipad_ratings.csv,miquan,ipad,4,3,7,,4.5,进阶,,,7,,4-5h,False,True
2726,泡芙庄园,泡芙庄园,6.7,6.7,6.6,0.0,0.0,6.7,0.0,0.0,0.0,0.0,0.0,0,0,0,0.0,0.0,0,0,0,0,2.8,3351.0,49,真相骑士,4男3女 4.5小时 新手 2018.09发行,欧美 推理 沉浸 都市,miquan_ipad_ratings.csv,miquan,ipad,4,3,7,,4.5,新手,2018,9,7,2018-09-01,4-5h,True,False
2727,梦山,梦山,8.0,0.0,0.0,0.0,0.0,0.0,0.0,0.0,0.0,0.0,0.0,0,0,0,0.0,0.0,0,0,0,0,2.8,0.0,0,荒诞剧社,4男2女 5.0小时 高阶 2019.03发行,日式 推理 沉浸 玄幻,miquan_ipad_ratings.csv,miquan,ipad,4,2,6,,5.0,高阶,2019,3,6,2019-03-01,4-5h,True,False
2728,反光,反光,7.0,7.0,7.0,7.1,0.0,0.0,0.0,0.0,0.0,0.0,0.0,0,0,0,0.0,0.0,0,0,0,0,266.0,,49,,3男3女 4.5小时 进阶,,miquan_ipad_ratings.csv,miquan,ipad,3,3,6,,4.5,进阶,,,6,,4-5h,False,True
2729,桃园古宅,桃园古宅,6.3,6.6,6.6,0.0,0.0,0.0,0.0,0.0,0.0,0.0,0.0,0,0,0,0.0,0.0,0,0,0,0,352.0,5825.0,69,A+剧本工作室,4男3女 5.0小时 进阶,,miquan_ipad_ratings.csv,miquan,ipad,4,3,7,,5.0,进阶,,,7,,4-5h,False,True
2730,坠入深渊,坠入深渊,6.2,6.6,6.4,0.0,0.0,0.0,0.0,0.0,0.0,0.0,0.0,0,0,0,0.0,0.0,0,0,0,0,979.0,15295.0,247,75先生工作室,6男1女 4.5小时 进阶 2018.06发行,,miquan_ipad_ratings.csv,miquan,ipad,6,1,7,,4.5,进阶,2018,6,7,2018-06-01,4-5h,False,True
2732,窗边的女人,窗边的女人,8.5,8.0,7.7,0.0,0.0,0.0,0.0,0.0,0.0,0.0,0.0,0,0,0,0.0,0.0,0,0,0,0,179653.0,240661.0,15546,75先生工作室,4男2女 4.0小时 新手 2018.10发行,中式 情感 沉浸 新手,miquan_ipad_ratings.csv,miquan,ipad,4,2,6,,4.0,新手,2018,10,6,2018-10-01,3-4h,False,True
2733,紫藤夫人,紫藤夫人,8.4,7.9,7.9,7.6,0.0,0.0,0.0,0.0,0.0,0.0,0.0,0,0,0,0.0,0.0,0,0,0,0,42206.0,85113.0,4695,智乐源文化,百本选手说剧本:剧本《紫藤夫人》6人本 3男3女（🉑以反串）剧本类型:盒装本 豪门惊情 系列作品 游戏时间:4.5小时左右 👬适合人群：豪门 ...全文,,miquan_ipad_ratings.csv,miquan,ipad,3,3,6,6,4.5,,,,6,,4-5h,False,True
2734,青衣怪谈,青衣怪谈3：狐嫁女,6.6,7.0,6.8,0.0,0.0,0.0,0.0,0.0,0.0,0.0,0.0,0,0,0,0.0,0.0,0,0,0,0,224.0,3642.0,53,真相骑士,4男3女 4.5小时 进阶 2020.09发行,日式 推理 惊悚 怪谈,miquan_ipad_ratings.csv,miquan,ipad,4,3,7,,4.5,进阶,2020,9,7,2020-09-01,4-5h,False,True
2735,推理馆奇妙夜,推理馆奇妙夜,5.0,0.0,0.0,0.0,0.0,0.0,0.0,0.0,0.0,0.0,0.0,0,0,0,0.0,0.0,0,0,0,0,8968.0,0.0,0,企鹅PA推理工作室,4男2女 4.5小时 进阶,中式 推理 欢乐 都市,miquan_ipad_ratings.csv,miquan,ipad,4,2,6,,4.5,进阶,,,6,,4-5h,False,True
2736,派克戴维斯号,派克戴维斯号,6.6,6.8,6.8,0.0,0.0,0.0,0.0,0.0,0.0,0.0,0.0,0,0,0,0.0,0.0,0,0,0,0,475.0,10033.0,117,旖旎文化,4男3女 4.5小时 进阶 2018.08发行,,miquan_ipad_ratings.csv,miquan,ipad,4,3,7,,4.5,进阶,2018,8,7,2018-08-01,4-5h,False,True
2737,皇宫鬼戏,皇宫鬼戏,4.0,0.0,0.0,0.0,0.0,0.0,0.0,0.0,0.0,0.0,0.0,0,0,0,0.0,0.0,0,0,0,0,0.0,0.0,0,L&F谋杀之谜俱乐部,6男1女 4.5小时 进阶,,miquan_ipad_ratings.csv,miquan,ipad,6,1,7,,4.5,进阶,,,7,,4-5h,False,True
2738,殊途,殊途,3.0,0.0,0.0,0.0,0.0,0.0,0.0,0.0,0.0,0.0,0.0,0,0,0,0.0,0.0,0,0,0,0,2.8,0.0,0,月泷纱原创剧库工作室,4男2女 4.5小时 进阶,古风 推理 沉浸 玄幻,miquan_ipad_ratings.csv,miquan,ipad,4,2,6,,4.5,进阶,,,6,,4-5h,True,False
2740,欲海弥撒,欲海弥撒,3.0,0.0,0.0,0.0,0.0,0.0,0.0,0.0,0.0,0.0,0.0,0,0,0,0.0,0.0,0,0,0,0,0.0,0.0,0,谜之推理社,5男3女 4.5小时 新手 2018.07发行,,miquan_ipad_ratings.csv,miquan,ipad,5,3,8,,4.5,新手,2018,7,8,2018-07-01,4-5h,False,True
2741,星座怪谈,星座怪谈,6.1,6.5,6.6,6.6,0.0,0.0,0.0,0.0,0.0,0.0,0.0,0,0,0,0.0,0.0,0,0,0,0,277.0,4036.0,70,靠脸吃饭推理社,5男1女 4.5小时 进阶 2018.07发行,,miquan_ipad_ratings.csv,miquan,ipad,5,1,6,,4.5,进阶,2018,7,6,2018-07-01,4-5h,False,True
2742,藏山雪,藏山雪,7.6,7.2,7.1,7.0,0.0,0.0,0.0,0.0,0.0,0.0,0.0,0,0,0,0.0,0.0,0,0,0,0,816.0,4772.0,74,企鹅PA推理工作室,4男3女 4.5小时 进阶 2018.04发行,,miquan_ipad_ratings.csv,miquan,ipad,4,3,7,,4.5,进阶,2018,4,7,2018-04-01,4-5h,False,True
2743,幽林群岛,幽林群岛,7.6,7.2,7.0,0.0,0.0,7.3,0.0,0.0,0.0,0.0,0.0,0,0,0,0.0,0.0,0,0,0,0,2.8,5409.0,127,Siren剧本工作室,4男2女 4.5小时 进阶 2018.06发行,架空 推理 沉浸 校园,miquan_ipad_ratings.csv,miquan,ipad,4,2,6,,4.5,进阶,2018,6,6,2018-06-01,4-5h,True,False
2745,馒头山论剑,馒头山论剑,5.6,6.4,0.0,0.0,6.8,0.0,6.3,0.0,0.0,0.0,0.0,0,0,0,0.0,0.0,0,0,0,0,9.5,4380.0,60,,6男1女 4.5小时 进阶 2020.09发行,古风 机制 欢乐 武侠,miquan_ipad_ratings.csv,miquan,ipad,6,1,7,,4.5,进阶,2020,9,7,2020-09-01,4-5h,True,False
2746,桃花扇,桃花扇,6.1,6.6,0.0,0.0,0.0,6.6,0.0,0.0,0.0,6.5,0.0,0,0,0,0.0,0.0,0,0,0,0,1.1,3850.0,56,真相骑士,4男2女 4.5小时 新手 2019.06发行,古风 情感 演绎 家国,miquan_ipad_ratings.csv,miquan,ipad,4,2,6,,4.5,新手,2019,6,6,2019-06-01,4-5h,True,False
2747,孽岛疑云,孽岛疑云,9.1,8.4,8.4,8.2,0.0,0.0,0.0,0.0,0.0,0.0,0.0,0,0,0,0.0,0.0,0,0,0,0,101645.0,154527.0,10979,智乐源文化,【4.5小时/玉馨/有略c位/体验分：8分】 ✅一句话总结：强烈推荐作为推理入坑的第一本！ 『☁️关键词：时长短，明凶本，阅读量小，名字少，人物关系简单』 『☁️角色体验：男女角色体验没有明显差异...全文,,miquan_ipad_ratings.csv,miquan,ipad,,,,,4.5,,,,,,4-5h,False,True
2748,羽生夜谈,羽生夜谈,6.6,6.6,6.6,0.0,0.0,0.0,0.0,0.0,0.0,0.0,0.0,0,0,0,0.0,0.0,0,0,0,0,19611.0,30158.0,472,惊蛰推理,3男3女 4.5小时 进阶 2018.05发行,日式 推理 惊悚 怪谈,miquan_ipad_ratings.csv,miquan,ipad,3,3,6,,4.5,进阶,2018,5,6,2018-05-01,4-5h,False,True
2749,林湾宅,林湾宅,6.6,6.9,6.9,0.0,0.0,0.0,0.0,0.0,0.0,0.0,0.0,0,0,0,0.0,0.0,0,0,0,0,256.0,5338.0,56,,4男2女 4.5小时 进阶 2018.06发行,,miquan_ipad_ratings.csv,miquan,ipad,4,2,6,,4.5,进阶,2018,6,6,2018-06-01,4-5h,False,True
2750,地狱变,地狱变,2.0,0.0,0.0,0.0,0.0,0.0,0.0,0.0,0.0,0.0,0.0,0,0,0,0.0,0.0,0,0,0,0,0.0,0.0,0,,3男3女 4.0小时 进阶,,miquan_ipad_ratings.csv,miquan,ipad,3,3,6,,4.0,进阶,,,6,,3-4h,False,True
2751,盖弥书院,盖弥书院,6.7,6.7,6.6,0.0,0.0,0.0,0.0,0.0,0.0,0.0,0.0,0,0,0,0.0,0.0,0,0,0,0,270.0,5385.0,59,子不肴工作室,4男3女 4.5小时 进阶 2018.05发行,,miquan_ipad_ratings.csv,miquan,ipad,4,3,7,,4.5,进阶,2018,5,7,2018-05-01,4-5h,False,True
2752,瀛海笙歌,瀛海笙歌,3.0,0.0,0.0,0.0,0.0,0.0,0.0,0.0,0.0,0.0,0.0,0,0,0,0.0,0.0,0,0,0,0,5.8,0.0,0,沧海集,4男3女 4.5小时 进阶,,miquan_ipad_ratings.csv,miquan,ipad,4,3,7,,4.5,进阶,,,7,,4-5h,True,False
2753,业火馆事件,业火馆事件,6.2,6.5,6.7,6.6,0.0,0.0,0.0,0.0,0.0,0.0,0.0,0,0,0,0.0,0.0,0,0,0,0,546.0,10069.0,131,梦天游MOTIYO,4男2女 4.5小时 进阶 2018.05发行,,miquan_ipad_ratings.csv,miquan,ipad,4,2,6,,4.5,进阶,2018,5,6,2018-05-01,4-5h,False,True
2756,暗影计划2,暗影计划2,8.0,0.0,0.0,0.0,0.0,0.0,0.0,0.0,0.0,0.0,0.0,0,0,0,0.0,0.0,0,0,0,0,0.0,0.0,0,长安工作室,4男2女 4.5小时 进阶 2018.09发行,架空 推理 悬疑 武侠,miquan_ipad_ratings.csv,miquan,ipad,4,2,6,,4.5,进阶,2018,9,6,2018-09-01,4-5h,False,True
2757,消失的尸体,消失的尸体,5.2,6.1,6.1,0.0,0.0,6.0,0.0,0.0,0.0,0.0,0.0,0,0,0,0.0,0.0,0,0,0,0,308.0,5796.0,99,万游文创,4男1女 4.0小时 新手 2018.09发行,日式 推理 悬疑 其他,miquan_ipad_ratings.csv,miquan,ipad,4,1,5,,4.0,新手,2018,9,5,2018-09-01,3-4h,False,True
2758,堂下何人,堂下何人,8.0,0.0,0.0,0.0,0.0,0.0,0.0,0.0,0.0,0.0,0.0,0,0,0,0.0,0.0,0,0,0,0,9517.0,0.0,0,真相观测所,5男3女 4.5小时 进阶,古风 阵营 博弈 武侠,miquan_ipad_ratings.csv,miquan,ipad,5,3,8,,4.5,进阶,,,8,,4-5h,False,True
2760,雪与腥,雪与腥,7.0,0.0,0.0,0.0,0.0,0.0,0.0,0.0,0.0,0.0,0.0,0,0,0,0.0,0.0,0,0,0,0,0.0,0.0,0,,5男4女 4.5小时 进阶,日式 推理 惊悚 都市,miquan_ipad_ratings.csv,miquan,ipad,5,4,9,,4.5,进阶,,,9,,4-5h,False,True
2761,蛊魂铃,蛊魂铃,8.5,7.8,7.7,0.0,0.0,0.0,0.0,0.0,0.0,0.0,0.0,0,0,0,0.0,0.0,0,0,0,0,48321.0,92712.0,2726,Siren剧本工作室,百本选手说剧本:剧本《蛊魂铃》6人本 4男2女 剧本类型:盒装本 还原本 微惊悚 游戏时间:3.5小时左右 实话实说 这个本 我觉得挺惊艳的 推荐人群:新手玩家 （毕竟是5年前的剧本） 说回剧本 一个5～6 页纸的通读本 需要玩家 完成自己的任务 还有18张线索卡 帮助玩家 盘出真相 ...全文,架空 推理 惊悚 武侠,miquan_ipad_ratings.csv,miquan,ipad,4,2,6,6,3.5,新手,,,6,,3-4h,False,True
2762,王府百年,王府百年,7.0,0.0,0.0,0.0,0.0,0.0,0.0,0.0,0.0,0.0,0.0,0,0,0,0.0,0.0,0,0,0,0,2.8,0.0,0,谜之推理社,5男4女 4.5小时 新手,架空 推理 沉浸 都市,miquan_ipad_ratings.csv,miquan,ipad,5,4,9,,4.5,新手,,,9,,4-5h,True,False
2763,恒河部落,恒河部落,7.4,7.0,6.9,6.7,0.0,0.0,0.0,0.0,0.0,0.0,0.0,0,0,0,0.0,0.0,0,0,0,0,731.0,6185.0,131,西安蛛丝马迹,5男2女 4.5小时 进阶,,miquan_ipad_ratings.csv,miquan,ipad,5,2,7,,4.5,进阶,,,7,,4-5h,False,True
2764,魔狐魅影,魔狐魅影,7.0,0.0,0.0,0.0,0.0,0.0,0.0,0.0,0.0,0.0,0.0,0,0,0,0.0,0.0,0,0,0,0,2.8,0.0,0,As谋杀之谜,4男2女 4.5小时 进阶,古风 推理 沉浸 玄幻,miquan_ipad_ratings.csv,miquan,ipad,4,2,6,,4.5,进阶,,,6,,4-5h,True,False
2766,长藤凶宅,长藤凶宅,5.8,6.7,6.7,0.0,0.0,0.0,0.0,0.0,0.0,0.0,0.0,0,0,0,0.0,0.0,0,0,0,0,314.0,4392.0,64,嗷嗷原创,5男2女 4.5小时 进阶 2019.05发行,,miquan_ipad_ratings.csv,miquan,ipad,5,2,7,,4.5,进阶,2019,5,7,2019-05-01,4-5h,False,True
2767,珠帘异梦,珠帘异梦,7.6,7.3,6.9,6.9,0.0,0.0,0.0,0.0,0.0,0.0,0.0,0,0,0,0.0,0.0,0,0,0,0,5811.0,13701.0,683,智乐源文化,百本选手说剧本:剧本《珠帘异梦》6人本 3男3女（可以反串）剧本类型:豪门 惊情 系列 推理本 游戏时间:4小时左右 👬适合人群：豪门粉丝...全文,,miquan_ipad_ratings.csv,miquan,ipad,3,3,6,6,4.0,,,,6,,3-4h,False,True
2768,曲终大唐安,曲终大唐安,6.0,0.0,0.0,0.0,0.0,0.0,0.0,0.0,0.0,0.0,0.0,0,0,0,0.0,0.0,0,0,0,0,2.8,0.0,0,鱼丸剧本工作室,6男2女 4.5小时 进阶,古风 推理 沉浸 武侠,miquan_ipad_ratings.csv,miquan,ipad,6,2,8,,4.5,进阶,,,8,,4-5h,True,False
2769,打狗棒,打狗棒,6.0,0.0,0.0,0.0,0.0,0.0,0.0,0.0,0.0,0.0,0.0,0,0,0,0.0,0.0,0,0,0,0,0.0,0.0,0,嘿！侦探！桌游工作室,4男2女 4.5小时 进阶,架空 推理 悬疑 武侠,miquan_ipad_ratings.csv,miquan,ipad,4,2,6,,4.5,进阶,,,6,,4-5h,False,True
2770,老楼,老楼,4.0,0.0,0.0,0.0,0.0,0.0,0.0,0.0,0.0,0.0,0.0,0,0,0,0.0,0.0,0,0,0,0,0.0,0.0,0,,5男1女 4.5小时 进阶,,miquan_ipad_ratings.csv,miquan,ipad,5,1,6,,4.5,进阶,,,6,,4-5h,False,True
2774,困兽,困兽,7.0,6.7,0.0,0.0,7.1,0.0,7.5,0.0,0.0,0.0,0.0,0,0,0,0.0,0.0,0,0,0,0,9.5,5236.0,85,梦天游MOTIYO,6男1女 4.5小时 进阶 2018.03发行,架空 机制 欢乐 动物,miquan_ipad_ratings.csv,miquan,ipad,6,1,7,,4.5,进阶,2018,3,7,2018-03-01,4-5h,True,False
2776,凌汛,凌汛,6.0,0.0,0.0,0.0,0.0,0.0,0.0,0.0,0.0,0.0,0.0,0,0,0,0.0,0.0,0,0,0,0,2.8,0.0,0,梦天游MOTIYO,4男3女 4.5小时 进阶,中式 推理 沉浸 校园,miquan_ipad_ratings.csv,miquan,ipad,4,3,7,,4.5,进阶,,,7,,4-5h,True,False
2777,沧海遗珠,沧海遗珠,5.3,6.2,6.1,0.0,0.0,0.0,0.0,0.0,6.5,0.0,0.0,0,0,0,0.0,0.0,0,0,0,0,2.8,9516.0,127,旖旎文化,5男3女 4.5小时 进阶 2017.11发行,中式 推理 沉浸 都市,miquan_ipad_ratings.csv,miquan,ipad,5,3,8,,4.5,进阶,2017,11,8,2017-11-01,4-5h,True,False
2778,梨花旅店,梨花旅店,6.4,6.7,6.5,0.0,0.0,0.0,0.0,0.0,0.0,0.0,0.0,0,0,0,0.0,0.0,0,0,0,0,441.0,9126.0,173,,3男3女 4.5小时 进阶,日式 推理 惊悚 都市,miquan_ipad_ratings.csv,miquan,ipad,3,3,6,,4.5,进阶,,,6,,4-5h,False,True
2788,江湖客栈,江湖客栈,8.0,0.0,0.0,0.0,0.0,0.0,0.0,0.0,0.0,0.0,0.0,0,0,0,0.0,0.0,0,0,0,0,0.0,0.0,0,,2男2女 4.5小时 进阶,,miquan_ipad_ratings.csv,miquan,ipad,2,2,4,,4.5,进阶,,,4,,4-5h,False,True
2789,红楼梦中人,红楼梦中人,10.0,0.0,0.0,0.0,0.0,0.0,0.0,0.0,0.0,0.0,0.0,0,0,0,0.0,0.0,0,0,0,0,2.8,0.0,0,叁仟世界,3男2女 4.5小时 进阶,古风 推理 沉浸 宫廷,miquan_ipad_ratings.csv,miquan,ipad,3,2,5,,4.5,进阶,,,5,,4-5h,True,False
2797,和平饭店,和平饭店,6.0,0.0,0.0,0.0,0.0,0.0,0.0,0.0,0.0,0.0,0.0,0,0,0,0.0,0.0,0,0,0,0,0.0,0.0,0,叁千世界,4男1女 4.5小时 进阶 2020.01发行,,miquan_ipad_ratings.csv,miquan,ipad,4,1,5,,4.5,进阶,2020,1,5,2020-01-01,4-5h,False,True
2799,死亡数字,死亡数字,4.0,0.0,0.0,0.0,0.0,0.0,0.0,0.0,0.0,0.0,0.0,0,0,0,0.0,0.0,0,0,0,0,0.0,0.0,0,,3男3女 4.5小时 进阶,,miquan_ipad_ratings.csv,miquan,ipad,3,3,6,,4.5,进阶,,,6,,4-5h,False,True
2800,情堕教坊司,情堕教坊司,4.0,0.0,0.0,0.0,0.0,0.0,0.0,0.0,0.0,0.0,0.0,0,0,0,0.0,0.0,0,0,0,0,2.8,0.0,0,六扇门工作室,3男4女 4.5小时 进阶,古风 推理 沉浸 武侠,miquan_ipad_ratings.csv,miquan,ipad,3,4,7,,4.5,进阶,,,7,,4-5h,True,False
2801,宝阁惊奇,宝阁惊奇,3.0,0.0,0.0,0.0,0.0,0.0,0.0,0.0,0.0,0.0,0.0,0,0,0,0.0,0.0,0,0,0,0,2.8,0.0,0,六扇门工作室,5男2女 4.5小时 进阶,古风 推理 沉浸 武侠,miquan_ipad_ratings.csv,miquan,ipad,5,2,7,,4.5,进阶,,,7,,4-5h,True,False
2802,鸿运非运,鸿运非运,3.0,0.0,0.0,0.0,0.0,0.0,0.0,0.0,0.0,0.0,0.0,0,0,0,0.0,0.0,0,0,0,0,0.0,0.0,0,悉尼六扇门工作室,5男1女 4.5小时 进阶,架空 推理 悬疑 武侠,miquan_ipad_ratings.csv,miquan,ipad,5,1,6,,4.5,进阶,,,6,,4-5h,False,True
2804,杜鹃血,杜鹃血,6.5,6.7,6.6,0.0,0.0,6.6,0.0,0.0,0.0,0.0,0.0,0,0,0,0.0,0.0,0,0,0,0,1162.0,14083.0,221,就是个写本的原创剧本工作室,4男3女 4.5小时 进阶 2020.10发行,古风 推理 悬疑 宫廷,miquan_ipad_ratings.csv,miquan,ipad,4,3,7,,4.5,进阶,2020,10,7,2020-10-01,4-5h,False,True
2805,老槐树,老槐树,7.5,7.2,7.3,0.0,6.7,0.0,0.0,0.0,0.0,0.0,0.0,0,0,0,0.0,0.0,0,0,0,0,29114.0,46623.0,874,X剧本工作室,4男2女 4.5小时 进阶 2018.01发行,,miquan_ipad_ratings.csv,miquan,ipad,4,2,6,,4.5,进阶,2018,1,6,2018-01-01,4-5h,False,True
2806,参商,参商,7.0,0.0,0.0,0.0,0.0,0.0,0.0,0.0,0.0,0.0,0.0,0,0,0,0.0,0.0,0,0,0,0,2.8,0.0,0,,4男3女 4.5小时 进阶,古风 推理 沉浸 武侠,miquan_ipad_ratings.csv,miquan,ipad,4,3,7,,4.5,进阶,,,7,,4-5h,True,False
2809,纯白的恶意,纯白的恶意,7.0,0.0,0.0,0.0,0.0,0.0,0.0,0.0,0.0,0.0,0.0,0,0,0,0.0,0.0,0,0,0,0,2.8,0.0,0,As谋杀之谜,5男3女 4.5小时 进阶,日式 推理 沉浸 都市,miquan_ipad_ratings.csv,miquan,ipad,5,3,8,,4.5,进阶,,,8,,4-5h,True,False
2810,暗巷,暗巷,7.0,0.0,0.0,0.0,0.0,0.0,0.0,0.0,0.0,0.0,0.0,0,0,0,0.0,0.0,0,0,0,0,0.0,0.0,0,百变大侦探,5男2女 4.5小时 进阶,,miquan_ipad_ratings.csv,miquan,ipad,5,2,7,,4.5,进阶,,,7,,4-5h,False,True
2811,逐梦演艺圈,逐梦演艺圈,4.9,5.8,5.6,0.0,0.0,6.0,0.0,0.0,0.0,0.0,0.0,0,0,0,0.0,0.0,0,0,0,0,2.8,7212.0,107,谜之推理社,6男3女 4.5小时 进阶 2018.12发行,中式 推理 沉浸 都市,miquan_ipad_ratings.csv,miquan,ipad,6,3,9,,4.5,进阶,2018,12,9,2018-12-01,4-5h,True,False
2812,月光下的诅咒,月光下的诅咒,9.0,0.0,0.0,0.0,0.0,0.0,0.0,0.0,0.0,0.0,0.0,0,0,0,0.0,0.0,0,0,0,0,2.8,0.0,0,百草味出品,4男3女 4.5小时 进阶,中式 推理 沉浸 玄幻,miquan_ipad_ratings.csv,miquan,ipad,4,3,7,,4.5,进阶,,,7,,4-5h,True,False
2813,死亡面具,死亡面具,8.0,0.0,0.0,0.0,0.0,0.0,0.0,0.0,0.0,0.0,0.0,0,0,0,0.0,0.0,0,0,0,0,0.0,0.0,0,X剧本工作室,4男2女 4.5小时 新手 2017.12发行,,miquan_ipad_ratings.csv,miquan,ipad,4,2,6,,4.5,新手,2017,12,6,2017-12-01,4-5h,False,True
2815,请回答1998,请回答1998,9.0,0.0,0.0,0.0,0.0,0.0,0.0,0.0,0.0,0.0,0.0,0,0,0,0.0,0.0,0,0,0,0,0.0,0.0,0,,4男2女 4.5小时 进阶,,miquan_ipad_ratings.csv,miquan,ipad,4,2,6,,4.5,进阶,,,6,,4-5h,False,True
2816,博物馆奇妙夜,博物馆奇妙夜,7.0,0.0,0.0,0.0,0.0,0.0,0.0,0.0,0.0,0.0,0.0,0,0,0,0.0,0.0,0,0,0,0,0.0,0.0,0,,6男0女 4.5小时 进阶,,miquan_ipad_ratings.csv,miquan,ipad,6,0,6,,4.5,进阶,,,6,,4-5h,False,True
2817,冲不上的云霄,冲不上的云霄,5.0,0.0,0.0,0.0,0.0,0.0,0.0,0.0,0.0,0.0,0.0,0,0,0,0.0,0.0,0,0,0,0,0.0,0.0,0,,5男1女 4.5小时 进阶,,miquan_ipad_ratings.csv,miquan,ipad,5,1,6,,4.5,进阶,,,6,,4-5h,False,True
2818,午夜列车,午夜列车,8.0,0.0,0.0,0.0,0.0,0.0,0.0,0.0,0.0,0.0,0.0,0,0,0,0.0,0.0,0,0,0,0,0.0,0.0,0,,3男3女 4.5小时 进阶,,miquan_ipad_ratings.csv,miquan,ipad,3,3,6,,4.5,进阶,,,6,,4-5h,False,True
2820,渡厄,渡厄,2.0,0.0,0.0,0.0,0.0,0.0,0.0,0.0,0.0,0.0,0.0,0,0,0,0.0,0.0,0,0,0,0,0.0,0.0,0,,3男2女 4.5小时 进阶,,miquan_ipad_ratings.csv,miquan,ipad,3,2,5,,4.5,进阶,,,5,,4-5h,False,True
2837,雨中的钟楼,雨中的钟楼,2.0,0.0,0.0,0.0,0.0,0.0,0.0,0.0,0.0,0.0,0.0,0,0,0,0.0,0.0,0,0,0,0,0.0,0.0,0,推理大师,3男3女 2.0小时 新手,,miquan_ipad_ratings.csv,miquan,ipad,3,3,6,,2.0,新手,,,6,,<=3h,False,True
2841,罪恶,罪恶,10.0,0.0,0.0,0.0,0.0,0.0,0.0,0.0,0.0,0.0,0.0,0,0,0,0.0,0.0,0,0,0,0,0.0,0.0,0,一本到工作室,4男2女 5.0小时 高阶,,miquan_ipad_ratings.csv,miquan,ipad,4,2,6,,5.0,高阶,,,6,,4-5h,False,True
2845,穿越时空的爱,穿越时空的爱恋,6.0,0.0,0.0,0.0,0.0,0.0,0.0,0.0,0.0,0.0,0.0,0,0,0,0.0,0.0,0,0,0,0,0.0,0.0,0,剧情推理游戏工作室,3男3女 3.0小时 新手,,miquan_ipad_ratings.csv,miquan,ipad,3,3,6,,3.0,新手,,,6,,<=3h,False,True
2847,归来,【归来】,2.0,0.0,0.0,0.0,0.0,0.0,0.0,0.0,0.0,0.0,0.0,0,0,0,0.0,0.0,0,0,0,0,2.8,0.0,0,戏子出品,5男3女 4.5小时 高阶,中式 推理 沉浸 都市,miquan_ipad_ratings.csv,miquan,ipad,5,3,8,,4.5,高阶,,,8,,4-5h,True,False
2848,山鬼,山鬼,8.0,0.0,0.0,0.0,0.0,0.0,0.0,0.0,0.0,0.0,0.0,0,0,0,0.0,0.0,0,0,0,0,9517.0,0.0,0,,5男3女 4.5小时 进阶,,miquan_ipad_ratings.csv,miquan,ipad,5,3,8,,4.5,进阶,,,8,,4-5h,False,True
2849,龙城拍卖会,龙城拍卖会,8.0,0.0,0.0,0.0,0.0,0.0,0.0,0.0,0.0,0.0,0.0,0,0,0,0.0,0.0,0,0,0,0,9.5,0.0,0,叁仟世界,4男2女 4.5小时 进阶,架空 机制 欢乐 武侠,miquan_ipad_ratings.csv,miquan,ipad,4,2,6,,4.5,进阶,,,6,,4-5h,True,False
2850,阳关客栈,阳关客栈,6.0,0.0,0.0,0.0,0.0,0.0,0.0,0.0,0.0,0.0,0.0,0,0,0,0.0,0.0,0,0,0,0,7607.0,0.0,0,,5男3女 4.5小时 进阶,古风 机制 沉浸 都市,miquan_ipad_ratings.csv,miquan,ipad,5,3,8,,4.5,进阶,,,8,,4-5h,False,True
2854,最后的晚餐,最后的晚餐,3.0,0.0,0.0,0.0,0.0,0.0,0.0,0.0,0.0,0.0,0.0,0,0,0,0.0,0.0,0,0,0,0,9517.0,0.0,0,小宇宙工作室,5男3女 4.5小时 高阶 2021.02发行,,miquan_ipad_ratings.csv,miquan,ipad,5,3,8,,4.5,高阶,2021,2,8,2021-02-01,4-5h,False,True
2856,皂罗袍,皂罗袍,6.0,0.0,0.0,0.0,0.0,0.0,0.0,0.0,0.0,0.0,0.0,0,0,0,0.0,0.0,0,0,0,0,2.8,0.0,0,,4男3女 4.5小时 进阶,古风 推理 沉浸 宫廷,miquan_ipad_ratings.csv,miquan,ipad,4,3,7,,4.5,进阶,,,7,,4-5h,True,False
2858,腥火燎园,腥火燎园,10.0,0.0,0.0,0.0,0.0,0.0,0.0,0.0,0.0,0.0,0.0,0,0,0,0.0,0.0,0,0,0,0,8981.0,0.0,0,某部长工作室,6男2女 3.0小时 进阶 2017.08发行,架空 推理 欢乐 都市,miquan_ipad_ratings.csv,miquan,ipad,6,2,8,,3.0,进阶,2017,8,8,2017-08-01,<=3h,False,True
2859,太空谋杀案,太空谋杀案,6.0,0.0,0.0,0.0,0.0,0.0,0.0,0.0,0.0,0.0,0.0,0,0,0,0.0,0.0,0,0,0,0,9.5,0.0,0,梦天游MOTIYO,4男3女 4.5小时 高阶,欧美 机制 欢乐 科幻,miquan_ipad_ratings.csv,miquan,ipad,4,3,7,,4.5,高阶,,,7,,4-5h,True,False
2860,山河故人,山河故人,6.5,6.8,6.8,6.8,0.0,0.0,0.0,0.0,0.0,0.0,0.0,0,0,0,0.0,0.0,0,0,0,0,711.0,10276.0,164,某部长工作室,4男4女 4.5小时 高阶 2016.07发行,,miquan_ipad_ratings.csv,miquan,ipad,4,4,8,,4.5,高阶,2016,7,8,2016-07-01,4-5h,False,True
2861,良辰吉日,良辰吉日,7.1,7.1,6.9,0.0,0.0,0.0,0.0,0.0,0.0,0.0,0.0,0,0,0,0.0,0.0,0,0,0,0,20963.0,31687.0,615,沧海集,5男3女 4.5小时 新手 2017.11发行,架空 推理 惊悚 武侠,miquan_ipad_ratings.csv,miquan,ipad,5,3,8,,4.5,新手,2017,11,8,2017-11-01,4-5h,False,True
2862,狼人之血,狼人之血,7.0,6.9,6.8,0.0,0.0,0.0,0.0,0.0,0.0,0.0,0.0,0,0,0,0.0,0.0,0,0,0,0,263.0,4179.0,65,沸文桌游,5男3女 4.5小时 高阶,,miquan_ipad_ratings.csv,miquan,ipad,5,3,8,,4.5,高阶,,,8,,4-5h,False,True
2863,救赎之城之皇城内乱,救赎之城之皇城内乱,7.0,0.0,0.0,0.0,0.0,0.0,0.0,0.0,0.0,0.0,0.0,0,0,0,0.0,0.0,0,0,0,0,0.0,0.0,0,LARP原创工作室,3男2女 4.5小时 进阶,,miquan_ipad_ratings.csv,miquan,ipad,3,2,5,,4.5,进阶,,,5,,4-5h,False,True
2864,宫心计,宫心计,5.3,5.9,0.0,0.0,6.5,0.0,0.0,0.0,0.0,0.0,0.0,0,0,0,0.0,6.0,0,0,0,0,5.8,10145.0,189,万游文创,0男9女 4.5小时 进阶 2018.04发行,,miquan_ipad_ratings.csv,miquan,ipad,0,9,9,,4.5,进阶,2018,4,9,2018-04-01,4-5h,True,False
2865,东海梦魇,东海梦魇,6.0,0.0,0.0,0.0,0.0,0.0,0.0,0.0,0.0,0.0,0.0,0,0,0,0.0,0.0,0,0,0,0,2.6,0.0,0,萝纪星球,4男4女 4.0小时 进阶,,miquan_ipad_ratings.csv,miquan,ipad,4,4,8,,4.0,进阶,,,8,,3-4h,True,False
2866,大胥秘史,大胥秘史,7.3,7.1,0.0,7.0,0.0,0.0,0.0,0.0,0.0,0.0,0.0,0,0,0,0.0,7.1,0,0,0,0,9517.0,5094.0,90,十二楼原创剧本工作室,5男2女 4.0小时 进阶 2021.07发行,,miquan_ipad_ratings.csv,miquan,ipad,5,2,7,,4.0,进阶,2021,7,7,2021-07-01,3-4h,False,True
2867,暗影计划,暗影计划2,8.0,0.0,0.0,0.0,0.0,0.0,0.0,0.0,0.0,0.0,0.0,0,0,0,0.0,0.0,0,0,0,0,0.0,0.0,0,长安工作室,4男2女 4.5小时 进阶 2018.09发行,架空 推理 悬疑 武侠,miquan_ipad_ratings.csv,miquan,ipad,4,2,6,,4.5,进阶,2018,9,6,2018-09-01,4-5h,False,True
2870,暴风雪山庄,暴风雪山庄,5.0,0.0,0.0,0.0,0.0,0.0,0.0,0.0,0.0,0.0,0.0,0,0,0,0.0,0.0,0,0,0,0,0.0,0.0,0,萝纪星球,5男3女 4.5小时 高阶,,miquan_ipad_ratings.csv,miquan,ipad,5,3,8,,4.5,高阶,,,8,,4-5h,False,True
2871,福威镖局,福威镖局,7.0,0.0,0.0,0.0,0.0,0.0,0.0,0.0,0.0,0.0,0.0,0,0,0,0.0,0.0,0,0,0,0,0.0,0.0,0,,4男4女 4.5小时 进阶,架空 推理 悬疑 武侠,miquan_ipad_ratings.csv,miquan,ipad,4,4,8,,4.5,进阶,,,8,,4-5h,False,True
2874,捉妖记西游莲花精,捉妖记西游莲花精,10.0,0.0,0.0,0.0,0.0,0.0,0.0,0.0,0.0,0.0,0.0,0,0,0,0.0,0.0,0,0,0,0,8987.0,0.0,0,我是谜剧制,4男0女 4.5小时 进阶,架空 推理 欢乐 玄幻,miquan_ipad_ratings.csv,miquan,ipad,4,0,4,,4.5,进阶,,,4,,4-5h,False,True
2886,沉没的眼睛,沉没的眼睛,3.0,0.0,0.0,0.0,0.0,0.0,0.0,0.0,0.0,0.0,0.0,0,0,0,0.0,0.0,0,0,0,0,0.0,0.0,0,,3男2女 4.5小时 高阶,,miquan_ipad_ratings.csv,miquan,ipad,3,2,5,,4.5,高阶,,,5,,4-5h,False,True
2896,孝衣新娘,孝衣新娘,6.5,6.8,6.5,6.5,0.0,0.0,0.0,0.0,0.0,0.0,0.0,0,0,0,0.0,0.0,0,0,0,0,4592.0,17090.0,496,智乐源文化,5男5女 4.5小时 进阶 2017.06发行,,miquan_ipad_ratings.csv,miquan,ipad,5,5,10,,4.5,进阶,2017,6,10,2017-06-01,4-5h,False,True
2898,传说中的故事,传说中的故事,5.0,0.0,0.0,0.0,0.0,0.0,0.0,0.0,0.0,0.0,0.0,0,0,0,0.0,0.0,0,0,0,0,2.8,0.0,0,叁仟世界,3男2女 5.0小时 高阶,中式 推理 沉浸 都市,miquan_ipad_ratings.csv,miquan,ipad,3,2,5,,5.0,高阶,,,5,,4-5h,True,False
2910,禁锢之塔,禁锢之塔,5.0,0.0,0.0,0.0,0.0,0.0,0.0,0.0,0.0,0.0,0.0,0,0,0,0.0,0.0,0,0,0,0,9.5,0.0,0,次元枢纽,4男2女 4.5小时 进阶,欧美 机制 欢乐 都市,miquan_ipad_ratings.csv,miquan,ipad,4,2,6,,4.5,进阶,,,6,,4-5h,True,False
2919,未完结的爱,未完结的爱,2.0,0.0,0.0,0.0,0.0,0.0,0.0,0.0,0.0,0.0,0.0,0,0,0,0.0,0.0,0,0,0,0,2.8,0.0,0,叁仟世界,4男3女 4.5小时 进阶,中式 推理 沉浸 都市,miquan_ipad_ratings.csv,miquan,ipad,4,3,7,,4.5,进阶,,,7,,4-5h,True,False
2922,致命遗嘱,致命遗嘱,5.0,0.0,0.0,0.0,0.0,0.0,0.0,0.0,0.0,0.0,0.0,0,0,0,0.0,0.0,0,0,0,0,0.0,0.0,0,叁仟世界,5男1女 4.5小时 进阶,,miquan_ipad_ratings.csv,miquan,ipad,5,1,6,,4.5,进阶,,,6,,4-5h,False,True
2923,致命巧克力,致命巧克力,6.1,6.7,0.0,0.0,6.8,0.0,0.0,0.0,0.0,0.0,0.0,0,0,0,0.0,6.6,0,0,0,0,5.8,2805.0,44,,9男5女 5.0小时 高阶,,miquan_ipad_ratings.csv,miquan,ipad,9,5,14,,5.0,高阶,,,14,,4-5h,True,False
2936,上海滩事件,上海滩事件,5.0,0.0,0.0,0.0,0.0,0.0,0.0,0.0,0.0,0.0,0.0,0,0,0,0.0,0.0,0,0,0,0,0.0,0.0,0,推理大师,3男2女 2.0小时 新手,,miquan_ipad_ratings.csv,miquan,ipad,3,2,5,,2.0,新手,,,5,,<=3h,False,True
2937,Opal的闪耀,Opal的闪耀,3.0,0.0,0.0,0.0,0.0,0.0,0.0,0.0,0.0,0.0,0.0,0,0,0,0.0,0.0,0,0,0,0,0.0,0.0,0,,6男3女 4.5小时 进阶,,miquan_ipad_ratings.csv,miquan,ipad,6,3,9,,4.5,进阶,,,9,,4-5h,False,True
2939,丹水山庄,丹水山庄,7.8,7.5,7.0,7.1,0.0,0.0,0.0,0.0,0.0,0.0,0.0,0,0,0,0.0,0.0,0,0,0,0,17513.0,28966.0,1382,智乐源文化,5男2女 4.5小时 进阶 2016.08发行,,miquan_ipad_ratings.csv,miquan,ipad,5,2,7,,4.5,进阶,2016,8,7,2016-08-01,4-5h,False,True
2943,风声,风声,7.4,7.1,7.0,0.0,0.0,0.0,0.0,0.0,7.1,0.0,0.0,0,0,0,0.0,0.0,0,0,0,0,2.8,1811.0,44,,4男4女 3.0小时 进阶 2021.01发行,民国 推理 沉浸 家国,miquan_ipad_ratings.csv,miquan,ipad,4,4,8,,3.0,进阶,2021,1,8,2021-01-01,<=3h,True,False
2944,马戏团事件,不可思议的马戏团事件,4.0,0.0,0.0,0.0,0.0,0.0,0.0,0.0,0.0,0.0,0.0,0,0,0,0.0,0.0,0,0,0,0,8999.0,0.0,0,剧有料工作室,4男3女 2.0小时 新手 2022.05发行,,miquan_ipad_ratings.csv,miquan,ipad,4,3,7,,2.0,新手,2022,5,7,2022-05-01,<=3h,False,True
2947,廊桥咖啡馆,廊桥咖啡馆,6.0,0.0,0.0,0.0,0.0,0.0,0.0,0.0,0.0,0.0,0.0,0,0,0,0.0,0.0,0,0,0,0,9517.0,0.0,0,叁千世界,5男3女 3.0小时 进阶,,miquan_ipad_ratings.csv,miquan,ipad,5,3,8,,3.0,进阶,,,8,,<=3h,False,True
2948,傀儡的记忆,傀儡的记忆,8.2,7.6,7.4,7.4,0.0,0.0,0.0,0.0,0.0,0.0,0.0,0,0,0,0.0,0.0,0,0,0,0,21923.0,27983.0,1618,智乐源文化,我的豪门本系列第七本🌟《傀儡的记忆》🌟 📖剧本类型：民国/推理/豪门/悬疑/ 👦玩家配置：4⃣男2⃣女（性别随意） ⌚️体验时长：5⃣小时 ❤️体验角色：郭大（郭...全文,,miquan_ipad_ratings.csv,miquan,ipad,,,,,,,,,,,,False,True
2954,惊魂醉阳楼,惊魂醉阳楼,7.9,7.5,7.0,6.9,0.0,0.0,0.0,0.0,0.0,0.0,0.0,0,0,0,0.0,0.0,0,0,0,0,8307.0,21153.0,984,智乐源文化,【惊魂醉阳楼】豪门系列／推理／还原／本格 【角色时长】秦芳君／3.5小时 【人数配置】5男3女／可反串 【推荐角色】封面芳君，人见人爱。推理很简单，故事很精彩。没有特别边缘的局外人。 【豪门彩蛋】与嗜睡蔷薇、章东镇迷案、槿...全文,,miquan_ipad_ratings.csv,miquan,ipad,5,3,8,,3.5,,,,8,,3-4h,False,True
2955,禁止入内,没有圣器禁止入内,8.0,0.0,0.0,0.0,0.0,0.0,0.0,0.0,0.0,0.0,0.0,0,0,0,0.0,0.0,0,0,0,0,0.0,0.0,0,可疑的宣发工作室,3男3女 5.5小时 新手 2026.02发行,,miquan_ipad_ratings.csv,miquan,ipad,3,3,6,,5.5,新手,2026,2,6,2026-02-01,5-6h,False,True
2957,加勒比海,加勒比海,6.0,0.0,0.0,0.0,0.0,0.0,0.0,0.0,0.0,0.0,0.0,0,0,0,0.0,0.0,0,0,0,0,9.5,0.0,0,圆圆圈圈剧本工作室,5男2女 4.5小时 进阶 2021.08发行,欧美 机制 欢乐 都市,miquan_ipad_ratings.csv,miquan,ipad,5,2,7,,4.5,进阶,2021,8,7,2021-08-01,4-5h,True,False
2960,古堡,古堡,8.0,0.0,0.0,0.0,0.0,0.0,0.0,0.0,0.0,0.0,0.0,0,0,0,0.0,0.0,0,0,0,0,0.0,0.0,0,不凡剧制,3男3女 5.0小时 新手 2024.01发行,,miquan_ipad_ratings.csv,miquan,ipad,3,3,6,,5.0,新手,2024,1,6,2024-01-01,4-5h,False,True
2963,漫画家之死,漫画家之死,10.0,0.0,0.0,0.0,0.0,0.0,0.0,0.0,0.0,0.0,0.0,0,0,0,0.0,0.0,0,0,0,0,0.0,0.0,0,,4男2女 4.5小时 进阶,,miquan_ipad_ratings.csv,miquan,ipad,4,2,6,,4.5,进阶,,,6,,4-5h,False,True
2966,怒海余生,怒海余生,6.2,6.8,0.0,0.0,0.0,6.6,0.0,6.8,0.0,0.0,0.0,0,0,0,0.0,0.0,0,0,0,0,3083.0,3594.0,81,As谋杀之谜,4男2女 4.5小时 进阶,,miquan_ipad_ratings.csv,miquan,ipad,4,2,6,,4.5,进阶,,,6,,4-5h,False,True
2967,幽灵复仇,幽灵复仇,6.7,6.9,6.5,6.4,0.0,0.0,0.0,0.0,0.0,0.0,0.0,0,0,0,0.0,0.0,0,0,0,0,4827.0,14120.0,717,智乐源文化,5男2女 4.0小时 进阶 2016.12发行,,miquan_ipad_ratings.csv,miquan,ipad,5,2,7,,4.0,进阶,2016,12,7,2016-12-01,3-4h,False,True
2968,婚礼,婚礼,6.6,6.5,0.0,0.0,0.0,6.5,0.0,0.0,6.5,0.0,0.0,0,0,0,0.0,0.0,0,0,0,0,3.4,372.0,45,问题不大工作室,2男4女 4.0小时 新手 2022.07发行,中式 情感 沉浸 校园,miquan_ipad_ratings.csv,miquan,ipad,2,4,6,,4.0,新手,2022,7,6,2022-07-01,3-4h,True,False
2969,死穿白,死穿白,8.2,7.6,7.5,7.3,0.0,0.0,0.0,0.0,0.0,0.0,0.0,0,0,0,0.0,0.0,0,0,0,0,16023.0,16433.0,424,米宝海豚桌游工作室,5男3女 4.0小时 高阶 2019.12发行,,miquan_ipad_ratings.csv,miquan,ipad,5,3,8,,4.0,高阶,2019,12,8,2019-12-01,3-4h,False,True
2974,猎罪大师,猎罪大师,7.0,0.0,0.0,0.0,0.0,0.0,0.0,0.0,0.0,0.0,0.0,0,0,0,0.0,0.0,0,0,0,0,1.4,0.0,0,北辰工作室,4男3女 6.0小时 高阶,,miquan_ratings.csv,miquan,mobile,4,3,7,,6.0,高阶,,,7,,5-6h,True,False
2976,黎明谍影,黎明谍影,6.8,7.0,0.0,0.0,7.0,0.0,7.2,0.0,0.0,0.0,0.0,0,0,0,0.0,0.0,0,0,0,0,9.5,4257.0,212,大胡子工作室,4男3女 4.5小时 进阶 2022.07发行,架空 机制 欢乐 家国,miquan_ratings.csv,miquan,mobile,4,3,7,,4.5,进阶,2022,7,7,2022-07-01,4-5h,True,False
2977,百匠奇案2,百匠奇案2,8.1,7.8,0.0,7.3,0.0,0.0,7.1,0.0,0.0,0.0,0.0,0,0,0,0.0,0.0,0,0,0,0,2.6,18853.0,674,乱神企划工作室,5男3女 4.0小时 进阶 2020.09发行,,miquan_ratings.csv,miquan,mobile,5,3,8,,4.0,进阶,2020,9,8,2020-09-01,3-4h,True,False
2979,青年旅店失踪事件,青年旅店失踪事件,6.8,6.7,0.0,0.0,0.0,7.0,0.0,0.0,6.9,0.0,0.0,0,0,0,0.0,0.0,0,0,0,0,2733.0,2600.0,166,百里芳菲工作室,3男3女 5.5小时 进阶 2022.10发行,中式 情感 沉浸 都市,miquan_ratings.csv,miquan,mobile,3,3,6,,5.5,进阶,2022,10,6,2022-10-01,5-6h,False,True
2980,未终止的圆桌谜题,未终止的圆桌谜题,7.0,7.0,7.0,6.7,0.0,0.0,0.0,0.0,0.0,0.0,0.0,0,0,0,0.0,0.0,0,0,0,0,8356.0,14081.0,649,煽风点火; 山橘推理,5男2女 6.0小时 进阶 2022.02发行,日式 推理 悬疑 都市,miquan_ratings.csv,miquan,mobile,5,2,7,,6.0,进阶,2022,2,7,2022-02-01,5-6h,False,True
2981,推理作家的犯罪自白,推理作家的犯罪自白,7.5,7.4,7.1,6.7,0.0,0.0,0.0,0.0,0.0,0.0,0.0,0,0,0,0.0,0.0,0,0,0,0,26568.0,22011.0,1449,万物可爱,4男2女 5.0小时 进阶 2022.08发行,日式 推理 演绎法 刑侦,miquan_ratings.csv,miquan,mobile,4,2,6,,5.0,进阶,2022,8,6,2022-08-01,4-5h,False,True
2985,十二楼五城,十二楼五城,7.6,7.5,7.3,7.2,0.0,0.0,0.0,0.0,0.0,0.0,0.0,0,0,0,0.0,0.0,0,0,0,0,4870.0,6635.0,358,八方阁工作室,4男3女 5.0小时 进阶 2021.10发行,,miquan_ratings.csv,miquan,mobile,4,3,7,,5.0,进阶,2021,10,7,2021-10-01,4-5h,False,True
2986,怪邻居,怪邻居,7.5,7.3,6.7,0.0,6.8,0.0,0.0,0.0,0.0,0.0,0.0,0,0,0,0.0,0.0,0,0,0,0,8111.0,16299.0,538,空然新语,4男2女 4.5小时 进阶 2022.05发行,欧美 推理 欢乐 都市,miquan_ratings.csv,miquan,mobile,4,2,6,,4.5,进阶,2022,5,6,2022-05-01,4-5h,False,True
2987,戏子,戏子,7.6,7.3,7.4,0.0,0.0,0.0,0.0,0.0,0.0,0.0,0.0,0,0,0,6.7,0.0,0,0,0,0,1.4,6271.0,186,有糖谋杀之谜工作室,3男2女 6.0小时 高阶 2020.05发行,,miquan_ratings.csv,miquan,mobile,3,2,5,,6.0,高阶,2020,5,5,2020-05-01,5-6h,True,False
2988,佐川的手术刀,佐川的手术刀,6.7,6.9,6.8,6.9,0.0,0.0,0.0,0.0,0.0,0.0,0.0,0,0,0,0.0,0.0,0,0,0,0,2458.0,2448.0,100,狸猫发行,3男2女 4.5小时 进阶 2022.01发行,日式 推理 悬疑 都市,miquan_ratings.csv,miquan,mobile,3,2,5,,4.5,进阶,2022,1,5,2022-01-01,4-5h,False,True
2989,鹿鸣山,鹿鸣山,7.4,7.2,6.9,0.0,0.0,0.0,0.0,0.0,0.0,0.0,0.0,0,0,0,0.0,0.0,0,0,0,0,878.0,4522.0,134,百川望辰工作室,4男3女 4.5小时 进阶,,miquan_ratings.csv,miquan,mobile,4,3,7,,4.5,进阶,,,7,,4-5h,False,True
2990,以爱之名,以爱之名,7.3,6.6,0.0,0.0,0.0,7.0,6.3,0.0,0.0,0.0,0.0,0,0,0,0.0,0.0,0,0,0,0,7609.0,21447.0,549,诡迹迷雾工作室,3男3女 5.0小时 进阶 2021.06发行,中式 机制 沉浸 都市,miquan_ratings.csv,miquan,mobile,3,3,6,,5.0,进阶,2021,6,6,2021-06-01,4-5h,False,True
2992,金摇叶,金摇叶,6.1,6.4,0.0,0.0,0.0,6.5,0.0,0.0,0.0,6.7,0.0,0,0,0,0.0,0.0,0,0,0,0,2733.0,1055.0,143,万物欢喜剧制,3男3女 6.0小时 新手 2022.08发行,古风 情感 演绎 历史,miquan_ratings.csv,miquan,mobile,3,3,6,,6.0,新手,2022,8,6,2022-08-01,5-6h,False,True
2993,一眨眼已不是少年,一眨眼已不是少年,6.7,6.8,6.6,0.0,0.0,6.9,0.0,0.0,0.0,0.0,0.0,0,0,0,0.0,0.0,0,0,0,0,2733.0,3681.0,62,鼠尾草剧制,3男3女 4.0小时 进阶 2021.05发行,中式 情感 沉浸 成长,miquan_ratings.csv,miquan,mobile,3,3,6,,4.0,进阶,2021,5,6,2021-05-01,3-4h,False,True
2994,没想到吧,没想到吧,7.5,7.2,0.0,0.0,7.3,0.0,0.0,0.0,7.2,0.0,0.0,0,0,0,0.0,0.0,0,0,0,0,8856.0,6559.0,238,支猫剧本工作室,3男4女 4.5小时 新手 2022.07发行,中式 情感 欢乐 都市,miquan_ratings.csv,miquan,mobile,3,4,7,,4.5,新手,2022,7,7,2022-07-01,4-5h,False,True
2995,孝里藏刀,孝里藏刀,7.0,6.9,0.0,0.0,7.1,0.0,7.0,0.0,0.0,0.0,0.0,0,0,0,0.0,0.0,0,0,0,0,9.5,1395.0,68,往事工作室,3男3女 4.0小时 进阶 2022.03发行,民国 机制 欢乐 都市,miquan_ratings.csv,miquan,mobile,3,3,6,,4.0,进阶,2022,3,6,2022-03-01,3-4h,True,False
2997,未来的社会性死亡事件,未来的社会性死亡事件,6.0,6.6,6.3,6.2,0.0,0.0,0.0,0.0,0.0,0.0,0.0,0,0,0,0.0,0.0,0,0,0,0,11481.0,8275.0,397,可剧,3男3女 4.5小时 进阶 2022.10发行,日式 推理 演绎法 都市,miquan_ratings.csv,miquan,mobile,3,3,6,,4.5,进阶,2022,10,6,2022-10-01,4-5h,False,True
2998,恶鬼道,恶鬼道,7.3,7.0,6.9,0.0,0.0,0.0,0.0,0.0,0.0,0.0,0.0,0,0,0,0.0,0.0,0,0,0,0,7453.0,13014.0,447,墨鱼推理工作室,3男3女 4.5小时 进阶 2021.10发行,,miquan_ratings.csv,miquan,mobile,3,3,6,,4.5,进阶,2021,10,6,2021-10-01,4-5h,False,True
3005,扶风十二梦,扶风十二梦,7.2,7.1,0.0,0.0,0.0,7.3,0.0,0.0,7.3,0.0,0.0,0,0,0,0.0,0.0,0,0,0,0,2733.0,2091.0,138,戏子出品,3男3女 4.5小时 新手 2022.10发行,古风 情感 沉浸 战争,miquan_ratings.csv,miquan,mobile,3,3,6,,4.5,新手,2022,10,6,2022-10-01,4-5h,False,True
3006,彩虹城,彩虹城,6.7,6.7,0.0,0.0,0.0,6.9,0.0,0.0,6.8,0.0,0.0,0,0,0,0.0,0.0,0,0,0,0,2733.0,3732.0,255,FB发行工作室,3男3女 4.0小时 新手 2023.01发行,架空 情感 沉浸 都市,miquan_ratings.csv,miquan,mobile,3,3,6,,4.0,新手,2023,1,6,2023-01-01,3-4h,False,True
3007,独家古惑仔,独家古惑仔,8.5,7.6,0.0,0.0,8.6,0.0,7.6,0.0,0.0,0.0,0.0,0,0,0,0.0,0.0,0,0,0,0,9.5,28260.0,2163,银河制片厂,5男3女 5.5小时 进阶 2022.12发行,港澳 机制 欢乐 都市,miquan_ratings.csv,miquan,mobile,5,3,8,,5.5,进阶,2022,12,8,2022-12-01,5-6h,True,False
3009,在故事尽头等你,在故事尽头等你,10.0,0.0,0.0,0.0,0.0,0.0,0.0,0.0,0.0,0.0,0.0,0,0,0,0.0,0.0,0,0,0,0,6565.0,0.0,0,禾必工作室,3男3女 4.0小时 进阶 2022.12发行,,miquan_ratings.csv,miquan,mobile,3,3,6,,4.0,进阶,2022,12,6,2022-12-01,3-4h,False,True
3010,不为人知的故事,不为人知的故事,9.0,0.0,0.0,0.0,0.0,0.0,0.0,0.0,0.0,0.0,0.0,0,0,0,0.0,0.0,0,0,0,0,2733.0,0.0,0,逍山文创; 诸葛发行工作室,剧本类型：立意/沉浸/遗憾/警察 剧本时长：4小时 人物配送：3男/3女（尽量不要反串） 体验角色：柳宣然（周密） （梦中我是一名公主🧝🏻‍♀️有个英雄骑士在保护着我...全文,中式 情感 沉浸 都市,miquan_ratings.csv,miquan,mobile,,,,,4.0,,,,,,3-4h,False,True
3012,夏日轻推理,夏日轻推理,6.8,6.8,6.5,0.0,7.0,0.0,0.0,0.0,0.0,0.0,0.0,0,0,0,0.0,0.0,0,0,0,0,8111.0,1342.0,100,隐匿角色,3男3女 4.5小时 进阶 2023.01发行,中式 推理 欢乐 校园,miquan_ratings.csv,miquan,mobile,3,3,6,,4.5,进阶,2023,1,6,2023-01-01,4-5h,False,True
3013,好色之徒,好色之徒,8.0,7.7,0.0,0.0,0.0,0.0,0.0,0.0,7.8,0.0,0.0,0,0,0,8.3,0.0,0,0,0,0,2733.0,3256.0,202,百玄文创工作室,3男3女 4.5小时 进阶,,miquan_ratings.csv,miquan,mobile,3,3,6,,4.5,进阶,,,6,,4-5h,False,True
3014,喜欢你,喜欢你,7.0,6.8,0.0,0.0,0.0,7.0,0.0,0.0,6.9,0.0,0.0,0,0,0,0.0,0.0,0,0,0,0,2733.0,5879.0,271,黑白原创剧本工作室,3男3女 4.5小时 进阶 2022.10发行,中式 情感 沉浸 都市,miquan_ratings.csv,miquan,mobile,3,3,6,,4.5,进阶,2022,10,6,2022-10-01,4-5h,False,True
3015,苍月,苍月,8.7,8.3,0.0,7.6,0.0,0.0,0.0,8.2,0.0,0.0,0.0,0,0,0,0.0,0.0,0,0,0,0,5044.0,36789.0,3775,二类人生剧制,3男3女 7.0小时 高阶 2021.12发行,,miquan_ratings.csv,miquan,mobile,3,3,6,,7.0,高阶,2021,12,6,2021-12-01,6-8h,False,True
3019,丰饶吟唱团,丰饶吟唱团,7.7,7.2,7.4,0.0,0.0,0.0,0.0,0.0,0.0,0.0,7.4,0,0,0,0.0,0.0,0,0,0,0,59029.0,47588.0,4085,乱神企划工作室,4男3女 6.0小时 进阶 2023.01发行,,miquan_ratings.csv,miquan,mobile,4,3,7,,6.0,进阶,2023,1,7,2023-01-01,5-6h,False,True
3022,浪漫主义,浪漫主义,7.7,7.5,7.2,7.5,0.0,0.0,0.0,0.0,0.0,0.0,0.0,0,0,0,0.0,0.0,0,0,0,0,8111.0,2351.0,142,东南西北,4男2女 5.0小时 进阶 2022.06发行,架空 推理 欢乐 穿越,miquan_ratings.csv,miquan,mobile,4,2,6,,5.0,进阶,2022,6,6,2022-06-01,4-5h,False,True
3028,左左,左左,6.6,6.8,6.8,0.0,0.0,0.0,0.0,0.0,0.0,0.0,0.0,0,0,0,0.0,0.0,0,0,0,0,2812.0,8234.0,239,武汉Top剧本工作,4男3女 4.5小时 进阶 2021.12发行,,miquan_ratings.csv,miquan,mobile,4,3,7,,4.5,进阶,2021,12,7,2021-12-01,4-5h,False,True
3031,追赶星星的火车,追赶星星的火车,6.6,6.9,6.6,0.0,0.0,0.0,0.0,0.0,0.0,0.0,0.0,0,0,0,6.7,0.0,0,0,0,0,1.4,1456.0,77,方块巨制; 一只猫文创,补测系列🌟《追赶星星的火车》🌟 📖剧本类型：日式/推理/立意/沉浸 👦玩家配置：三男三女 ⌚️体验时长：5.5小时 🧡体验角色：城...全文,日式 推理 立意 其他,miquan_ratings.csv,miquan,mobile,3,3,6,,5.5,,,,6,,5-6h,True,False
3034,送别,送别,7.6,7.5,0.0,0.0,0.0,7.7,7.1,0.0,0.0,0.0,0.0,0,0,0,0.0,0.0,0,0,0,0,7609.0,2411.0,130,跳！大神工作室,3男3女 4.5小时 进阶 2022.11发行,架空 机制 沉浸 都市,miquan_ratings.csv,miquan,mobile,3,3,6,,4.5,进阶,2022,11,6,2022-11-01,4-5h,False,True
3035,芳龄,芳龄,7.3,7.2,0.0,0.0,0.0,7.3,0.0,0.0,7.5,0.0,0.0,0,0,0,0.0,0.0,0,0,0,0,2734.0,3755.0,220,万物欢喜剧制,2男4女 4.5小时 进阶 2022.06发行,中式 情感 沉浸 都市,miquan_ratings.csv,miquan,mobile,2,4,6,,4.5,进阶,2022,6,6,2022-06-01,4-5h,False,True
3037,我喜欢黑夜的时候,我喜欢黑夜的时候,6.3,6.5,0.0,0.0,0.0,6.7,0.0,0.0,6.7,0.0,0.0,0,0,0,0.0,0.0,0,0,0,0,2734.0,1090.0,134,云水瑶工作室,《我喜欢黑夜的时候》⭐️⭐️⭐️ 📖剧本类型：现代/架空/沉浸/情感 🙎🏻玩家配置：③男③女 ⏰体验时长：⑤小时 在...全文,架空 情感 沉浸 都市,miquan_ratings.csv,miquan,mobile,,,,,,,,,,,,False,True
3038,剪耳朵的人,剪耳朵的人,7.0,6.9,7.5,0.0,0.0,0.0,0.0,0.0,0.0,0.0,0.0,0,0,0,6.5,0.0,0,0,0,0,1.4,4672.0,254,束禾文化,4男2女 5.0小时 进阶 2021.11发行,,miquan_ratings.csv,miquan,mobile,4,2,6,,5.0,进阶,2021,11,6,2021-11-01,4-5h,True,False
3039,神遇之夏,神遇之夏,7.2,7.3,7.0,6.9,0.0,0.0,0.0,0.0,0.0,0.0,0.0,0,0,0,0.0,0.0,0,0,0,0,13404.0,16150.0,1179,空想馆; 魔术师工作室,2男4女 6.0小时 进阶 2023.01发行,,miquan_ratings.csv,miquan,mobile,2,4,6,,6.0,进阶,2023,1,6,2023-01-01,5-6h,False,True
3040,未完待续,未完待续,7.0,7.1,0.0,0.0,0.0,7.1,0.0,7.1,0.0,0.0,0.0,0,0,0,0.0,0.0,0,0,0,0,1.4,1145.0,118,暴风雪工作室,3男3女 4.5小时 进阶 2022.10发行,,miquan_ratings.csv,miquan,mobile,3,3,6,,4.5,进阶,2022,10,6,2022-10-01,4-5h,True,False
3043,云外的丁达尔,云外的丁达尔,9.0,0.0,0.0,0.0,0.0,0.0,0.0,0.0,0.0,0.0,0.0,0,0,0,0.0,0.0,0,0,0,0,0.0,0.0,0,工作室有轨,人数：4男2女(可反串)类型：硬核还原科幻时长：5-6小时 体验角色：陈浩宇 刷新我世界观的本《云外的丁达尔》推理：还原：本来以为只是随意打的一个本，没想到打完之后会让我这么念念不忘！真的是我差点就错过的宝藏！本开始的破冰游戏跟故...全文,,miquan_ratings.csv,miquan,mobile,4,2,6,,6.0,,,,6,,5-6h,False,True
3044,白鹿少女在风中悲鸣,白鹿少女在风中悲鸣,7.2,7.2,0.0,6.8,0.0,0.0,0.0,7.1,0.0,0.0,0.0,0,0,0,0.0,0.0,0,0,0,0,1.1,14227.0,1116,天地之间,3男3女 6.0小时 进阶 2023.02发行,,miquan_ratings.csv,miquan,mobile,3,3,6,,6.0,进阶,2023,2,6,2023-02-01,5-6h,True,False
3047,刁民3,刁民3,5.5,6.0,0.0,0.0,6.2,0.0,0.0,5.8,0.0,0.0,0.0,0,0,0,0.0,0.0,0,0,0,0,98.0,6420.0,171,好琦工作室,3男3女 4.5小时 进阶 2022.09发行,,miquan_ratings.csv,miquan,mobile,3,3,6,,4.5,进阶,2022,9,6,2022-09-01,4-5h,True,False
3048,DOG,DOG,8.1,7.9,0.0,0.0,0.0,7.5,0.0,0.0,7.6,0.0,0.0,0,0,0,0.0,0.0,0,0,0,0,2734.0,14587.0,1189,岛屿工作室,4男2女 5.0小时 新手 2022.10发行,架空 情感 沉浸 科幻,miquan_ratings.csv,miquan,mobile,4,2,6,,5.0,新手,2022,10,6,2022-10-01,4-5h,False,True
3049,罪恶演绎,罪恶演绎,8.4,7.7,7.5,0.0,7.6,0.0,0.0,0.0,0.0,0.0,0.0,0,0,0,0.0,0.0,0,0,0,0,8111.0,63087.0,4453,引力弹弓; 磁光效应,3男3女 5.0小时 新手 2023.01发行,架空 推理 欢乐 刑侦,miquan_ratings.csv,miquan,mobile,3,3,6,,5.0,新手,2023,1,6,2023-01-01,4-5h,False,True
3050,女巫请睁眼,女巫请睁眼,6.4,6.5,6.4,6.4,0.0,0.0,0.0,0.0,0.0,0.0,0.0,0,0,0,0.0,0.0,0,0,0,0,6562.0,3473.0,179,古余工作室; 久闻,3男3女 4.5小时 进阶 2023.01发行,,miquan_ratings.csv,miquan,mobile,3,3,6,,4.5,进阶,2023,1,6,2023-01-01,4-5h,False,True
3053,帝星紫微,帝星紫微,6.4,6.8,0.0,0.0,6.4,0.0,6.6,0.0,0.0,0.0,0.0,0,0,0,0.0,0.0,0,0,0,0,9.5,11864.0,781,FB发行工作室,4男4女 6.0小时 进阶 2023.01发行,架空 机制 欢乐 权谋,miquan_ratings.csv,miquan,mobile,4,4,8,,6.0,进阶,2023,1,8,2023-01-01,5-6h,True,False
3054,匹斯泰惊游白书,匹斯泰惊游白书,5.4,5.8,6.3,5.8,0.0,0.0,0.0,0.0,0.0,0.0,0.0,0,0,0,0.0,0.0,0,0,0,0,33371.0,22360.0,2003,灰烬工作室,4男3女 6.5小时 高阶 2023.01发行,架空 机制 沉浸 进阶,miquan_ratings.csv,miquan,mobile,4,3,7,,6.5,高阶,2023,1,7,2023-01-01,6-8h,False,True
3055,弑镜奇闻录,弑镜奇闻录,7.6,7.2,7.3,7.0,0.0,0.0,0.0,0.0,0.0,0.0,0.0,0,0,0,0.0,0.0,0,0,0,0,5648.0,2998.0,259,剧理力作工作室,3男3女 6.0小时 高阶 2023.01发行,,miquan_ratings.csv,miquan,mobile,3,3,6,,6.0,高阶,2023,1,6,2023-01-01,5-6h,False,True
3056,猎罪点与线,猎罪点与线,7.5,7.3,7.4,6.9,0.0,0.0,0.0,0.0,0.0,0.0,0.0,0,0,0,0.0,0.0,0,0,0,0,1602.0,5955.0,281,A+剧本工作室,4男2女 5.0小时 进阶 2022.06发行,,miquan_ratings.csv,miquan,mobile,4,2,6,,5.0,进阶,2022,6,6,2022-06-01,4-5h,False,True
3057,风林火山,风林火山,9.1,8.5,0.0,0.0,0.0,0.0,8.9,0.0,0.0,0.0,8.7,0,0,0,0.0,0.0,0,0,0,0,3160.0,84552.0,8808,百川望辰工作室,6男0女 7.0小时 进阶 2023.01发行,日式 机制 博弈 其他,miquan_ratings.csv,miquan,mobile,6,0,6,,7.0,进阶,2023,1,6,2023-01-01,6-8h,False,True
3058,回眸,回眸,6.5,6.7,0.0,0.0,0.0,6.7,0.0,0.0,6.7,0.0,0.0,0,0,0,0.0,0.0,0,0,0,0,2734.0,1675.0,139,火车头联合工作室,3男3女 4.5小时 进阶 2022.10发行,古风 情感 沉浸 仙侠,miquan_ratings.csv,miquan,mobile,3,3,6,,4.5,进阶,2022,10,6,2022-10-01,4-5h,False,True
3060,朗基努斯之枪,朗基努斯之枪,7.9,7.5,7.6,0.0,0.0,0.0,0.0,0.0,0.0,0.0,0.0,0,0,0,7.0,0.0,0,0,0,0,1.4,15107.0,1271,口袋发行,2男4女 6.0小时 进阶 2022.12发行,,miquan_ratings.csv,miquan,mobile,2,4,6,,6.0,进阶,2022,12,6,2022-12-01,5-6h,True,False
3062,马克西姆的悲剧,马克西姆的悲剧,6.7,6.8,6.8,6.5,0.0,0.0,0.0,0.0,0.0,0.0,0.0,0,0,0,0.0,0.0,0,0,0,0,8708.0,10322.0,665,起源ORIGIN工作室,3男3女 5.0小时 高阶 2022.08发行,,miquan_ratings.csv,miquan,mobile,3,3,6,,5.0,高阶,2022,8,6,2022-08-01,4-5h,False,True
3065,霓虹灯下,霓虹灯下,6.8,6.8,0.0,0.0,0.0,6.9,0.0,0.0,6.8,0.0,0.0,0,0,0,0.0,0.0,0,0,0,0,2880.0,6787.0,392,神之剧制,3男3女 4.5小时 进阶 2023.01发行,港澳 情感 沉浸 都市,miquan_ratings.csv,miquan,mobile,3,3,6,,4.5,进阶,2023,1,6,2023-01-01,4-5h,False,True
3066,倒错的悲挽诗,倒错的悲挽诗,7.2,7.0,0.0,6.9,0.0,0.0,0.0,7.3,0.0,0.0,0.0,0,0,0,0.0,0.0,0,0,0,0,5044.0,22775.0,1577,葵花工作室; 咪咕挑灯工作室,4男2女 5.5小时 高阶 2022.11发行,,miquan_ratings.csv,miquan,mobile,4,2,6,,5.5,高阶,2022,11,6,2022-11-01,5-6h,False,True
3069,一去二三里,一去二三里,8.2,7.8,0.0,0.0,0.0,8.0,0.0,0.0,7.9,0.0,0.0,0,0,0,0.0,0.0,0,0,0,0,2880.0,29048.0,2232,拾柒工作室,3男3女 4.5小时 进阶 2023.01发行,中式 情感 沉浸 乡土,miquan_ratings.csv,miquan,mobile,3,3,6,,4.5,进阶,2023,1,6,2023-01-01,4-5h,False,True
3074,一花一世界,一花一世界,7.9,7.6,0.0,0.0,0.0,7.9,0.0,0.0,7.8,0.0,0.0,0,0,0,0.0,0.0,0,0,0,0,2898.0,33052.0,3263,二类人生剧制,3男3女 6.5小时 进阶 2022.08发行,古风 情感 沉浸 武侠,miquan_ratings.csv,miquan,mobile,3,3,6,,6.5,进阶,2022,8,6,2022-08-01,6-8h,False,True
3075,九歌,九歌,7.1,7.1,0.0,0.0,0.0,7.5,0.0,6.7,0.0,0.0,0.0,0,0,0,0.0,0.0,0,0,0,0,1.4,1371.0,111,长庚剧制,3男3女 4.0小时 进阶 2022.07发行,古风 还原 沉浸 其他,miquan_ratings.csv,miquan,mobile,3,3,6,,4.0,进阶,2022,7,6,2022-07-01,3-4h,True,False
3076,散场,散场,7.5,7.3,0.0,0.0,0.0,7.5,0.0,0.0,7.3,0.0,0.0,0,0,0,0.0,0.0,0,0,0,0,2898.0,32196.0,2133,夜归人工作室,3男3女 4.5小时 新手 2023.01发行,中式 情感 沉浸 都市,miquan_ratings.csv,miquan,mobile,3,3,6,,4.5,新手,2023,1,6,2023-01-01,4-5h,False,True
3078,鲜衣怒马时少年,鲜衣怒马时少年,8.5,8.1,0.0,0.0,0.0,7.7,8.0,0.0,0.0,0.0,0.0,0,0,0,0.0,0.0,0,0,0,0,3161.0,63524.0,4262,九有出品; FB发行工作室,4男4女 6.5小时 进阶 2022.06发行,古风 机制 博弈 宫廷,miquan_ratings.csv,miquan,mobile,4,4,8,,6.5,进阶,2022,6,8,2022-06-01,6-8h,False,True
3080,二月十五夜风雨大作,二月十五夜风雨大作,7.2,7.2,7.0,0.0,0.0,0.0,0.0,0.0,0.0,0.0,0.0,0,0,0,7.0,0.0,0,0,0,0,1.4,667.0,66,LARP原创工作室,3男3女 4.5小时 进阶 2022.09发行,架空 推理 立意 武侠,miquan_ratings.csv,miquan,mobile,3,3,6,,4.5,进阶,2022,9,6,2022-09-01,4-5h,True,False
3082,迢迢,迢迢,8.0,7.9,0.0,0.0,0.0,7.8,0.0,0.0,7.7,0.0,0.0,0,0,0,0.0,0.0,0,0,0,0,2898.0,6740.0,441,臭猴子工作室; 博卡拉,3男3女 5.5小时 进阶 2023.01发行,架空 情感 沉浸 家国,miquan_ratings.csv,miquan,mobile,3,3,6,,5.5,进阶,2023,1,6,2023-01-01,5-6h,False,True
3083,落日之城,落日之城,8.4,8.0,0.0,0.0,0.0,8.1,0.0,0.0,7.8,0.0,0.0,0,0,0,0.0,0.0,0,0,0,0,2898.0,32687.0,3179,折子戏工作室,3男3女 5.0小时 进阶 2022.10发行,未来 情感 沉浸 科幻,miquan_ratings.csv,miquan,mobile,3,3,6,,5.0,进阶,2022,10,6,2022-10-01,4-5h,False,True
3084,慢慢又漫漫2搁浅,慢慢又漫漫2搁浅,8.0,7.6,0.0,0.0,0.0,7.9,0.0,0.0,7.9,0.0,0.0,0,0,0,0.0,0.0,0,0,0,0,2898.0,20399.0,1407,棋飞翔,3男3女 5.0小时 进阶 2023.01发行,架空 情感 沉浸 都市,miquan_ratings.csv,miquan,mobile,3,3,6,,5.0,进阶,2023,1,6,2023-01-01,4-5h,False,True
3085,杀死一只泰迪熊,杀死一只泰迪熊,6.3,6.7,6.7,6.6,0.0,0.0,0.0,0.0,0.0,0.0,0.0,0,0,0,0.0,0.0,0,0,0,0,9429.0,6984.0,376,久闻,3男3女 4.5小时 进阶 2022.12发行,,miquan_ratings.csv,miquan,mobile,3,3,6,,4.5,进阶,2022,12,6,2022-12-01,4-5h,False,True
3088,水镜出版社,水镜出版社,7.8,7.5,7.1,0.0,0.0,0.0,0.0,0.0,0.0,0.0,0.0,0,0,0,0.0,0.0,0,0,0,0,10716.0,11920.0,611,水镜出品,【水镜出版社】城限／推理／还原／惊悚／本格 【角色／时长】阿祖／5-6小时 【人数配置】5男3女／可反串 【推荐角色】无边缘位，阿祖属于体验感比较好的角色位，胆小勿选。 【选店建议】开本难度大，对店家要求高，一定...全文,,miquan_ratings.csv,miquan,mobile,5,3,8,,6.0,,,,8,,5-6h,False,True
3092,死亡笔记,死亡笔记,6.7,6.7,0.0,0.0,0.0,0.0,0.0,6.6,0.0,0.0,0.0,0,0,0,0.0,0.0,0,0,0,0,11.3,1153.0,124,北辰工作室,《死亡笔记》 人数：6人本三男三女 时长：两个半小时 类型：新手推理还原 这本纯纯流水线产物，一点也不日式的日式推理还原本。总体感觉像是《山河故人》➕《记忆碎片》揉合低配...全文,,miquan_ratings.csv,miquan,mobile,3,3,6,6,,新手,,,6,,,True,False
3094,离婚吧赶紧的,离婚吧赶紧的,5.5,5.8,0.0,0.0,6.8,0.0,5.6,0.0,0.0,0.0,0.0,0,0,0,0.0,0.0,0,0,0,0,9.5,163330.0,11013,嗷嗷原创,4男4女 4.0小时 新手 2022.12发行,中式 机制 欢乐 都市,miquan_ratings.csv,miquan,mobile,4,4,8,,4.0,新手,2022,12,8,2022-12-01,3-4h,True,False
3095,风吹麦浪,风吹麦浪,7.4,7.5,7.2,0.0,0.0,6.9,0.0,0.0,0.0,0.0,0.0,0,0,0,0.0,0.0,0,0,0,0,15154.0,27442.0,2183,浮生梦文创,3男3女 5.5小时 进阶 2023.01发行,日式 推理 其他 校园,miquan_ratings.csv,miquan,mobile,3,3,6,,5.5,进阶,2023,1,6,2023-01-01,5-6h,False,True
3101,假如天堂有假期,假如天堂有假期,7.0,6.8,0.0,0.0,0.0,7.1,0.0,0.0,7.1,0.0,0.0,0,0,0,0.0,0.0,0,0,0,0,2898.0,45218.0,2167,海上仙山; 可疑的宣发工作室,3男3女 4.0小时 新手 2023.02发行,中式 情感 沉浸 都市,miquan_ratings.csv,miquan,mobile,3,3,6,,4.0,新手,2023,2,6,2023-02-01,3-4h,False,True
3102,满船明月从此去,满船明月从此去,6.6,6.6,0.0,0.0,0.0,6.8,0.0,0.0,0.0,6.8,0.0,0,0,0,0.0,0.0,0,0,0,0,2898.0,2002.0,124,小重山剧制,3男3女 4.5小时 进阶 2021.12发行,古风 情感 演绎 武侠,miquan_ratings.csv,miquan,mobile,3,3,6,,4.5,进阶,2021,12,6,2021-12-01,4-5h,False,True
3105,头颅们的失眠夜,头颅们的失眠夜,8.7,8.3,8.2,0.0,0.0,0.0,0.0,0.0,0.0,0.0,0.0,0,0,0,0.0,0.0,0,0,0,0,113457.0,177417.0,22063,慢热TUO,3男3女 6.0小时 高阶 2022.11发行,日式 推理 惊悚 怪谈,miquan_ratings.csv,miquan,mobile,3,3,6,,6.0,高阶,2022,11,6,2022-11-01,5-6h,False,True
3106,见习恶魔,见习恶魔,7.4,6.0,0.0,0.0,7.2,0.0,7.6,0.0,0.0,0.0,0.0,0,0,0,0.0,0.0,0,0,0,0,3161.0,19591.0,1305,奇闻当铺工作室,4男4女 6.0小时 进阶 2022.08发行,,miquan_ratings.csv,miquan,mobile,4,4,8,,6.0,进阶,2022,8,8,2022-08-01,5-6h,False,True
3107,我好喜欢你,我好喜欢你,5.9,6.3,0.0,0.0,0.0,6.3,0.0,0.0,6.2,0.0,0.0,0,0,0,0.0,0.0,0,0,0,0,2898.0,470.0,68,零屿工作室,3男3女 4.5小时 进阶 2022.07发行,现代 情感 沉浸 都市,miquan_ratings.csv,miquan,mobile,3,3,6,,4.5,进阶,2022,7,6,2022-07-01,4-5h,False,True
3108,藏木于林,藏木于林,7.9,7.5,0.0,7.2,0.0,0.0,0.0,7.7,0.0,0.0,0.0,0,0,0,0.0,0.0,0,0,0,0,5044.0,23148.0,1813,常杀人工作室; 猫又集,4男2女 6.0小时 高阶 2022.10发行,,miquan_ratings.csv,miquan,mobile,4,2,6,,6.0,高阶,2022,10,6,2022-10-01,5-6h,False,True
3110,击坠神明之夜,击坠神明之夜,7.8,7.6,0.0,0.0,0.0,0.0,0.0,7.1,7.4,0.0,0.0,0,0,0,0.0,0.0,0,0,0,0,1.4,3752.0,172,一闪工作室,"第99本 时长：6.5小时 配置：4男2女 绝对的宝藏剧本,近期打过的最佳还原本。 故事以中世纪欧洲的黑暗历史为框架,将真实的历史事件和历史人物进行原创解构,赋予那段略显枯躁的历史更...全文",,miquan_ratings.csv,miquan,mobile,4,2,6,,6.5,,,,6,,6-8h,True,False
3113,我们的故事说来话长,我们的故事说来话长,6.0,6.2,0.0,0.0,0.0,6.4,0.0,0.0,6.4,0.0,0.0,0,0,0,0.0,0.0,0,0,0,0,2898.0,15368.0,633,东跑西颠工作室; 小火龙工作室,3男3女 4.0小时 新手 2022.11发行,中式 情感 沉浸 都市,miquan_ratings.csv,miquan,mobile,3,3,6,,4.0,新手,2022,11,6,2022-11-01,3-4h,False,True
3116,白熊,白熊,6.2,6.5,6.4,0.0,0.0,6.8,0.0,0.0,0.0,0.0,0.0,0,0,0,0.0,0.0,0,0,0,0,2898.0,8844.0,99,十月剧本工作室,3男3女 4.0小时 进阶 2021.01发行,中式 情感 沉浸 都市,miquan_ratings.csv,miquan,mobile,3,3,6,,4.0,进阶,2021,1,6,2021-01-01,3-4h,False,True
3117,灵猫少年神探团,灵猫少年神探团,10.0,0.0,0.0,0.0,0.0,0.0,0.0,0.0,0.0,0.0,0.0,0,0,0,0.0,0.0,0,0,0,0,2.8,0.0,0,剧美优品出版社,3男2女 5.5小时 进阶 2022.12发行,架空 推理 沉浸 校园,miquan_ratings.csv,miquan,mobile,3,2,5,,5.5,进阶,2022,12,5,2022-12-01,5-6h,True,False
3118,空想之笼,空想之笼,8.3,7.5,7.8,0.0,0.0,0.0,0.0,0.0,0.0,0.0,7.5,0,0,0,0.0,0.0,0,0,0,0,30350.0,37626.0,3293,空想馆; 妄想剧场工作室,5男2女 6.5小时 进阶 2022.09发行,,miquan_ratings.csv,miquan,mobile,5,2,7,,6.5,进阶,2022,9,7,2022-09-01,6-8h,False,True
3121,重楼,重楼,8.1,7.4,0.0,0.0,7.7,0.0,8.0,0.0,0.0,0.0,0.0,0,0,0,0.0,0.0,0,0,0,0,3161.0,31871.0,2689,久见文化,4男3女 6.0小时 进阶 2022.11发行,,miquan_ratings.csv,miquan,mobile,4,3,7,,6.0,进阶,2022,11,7,2022-11-01,5-6h,False,True
3123,十三梦,十三梦,7.0,6.9,0.0,0.0,0.0,7.2,0.0,0.0,0.0,7.2,0.0,0,0,0,0.0,0.0,0,0,0,0,2898.0,9201.0,668,青岚戏探,3男3女 4.5小时 进阶 2022.11发行,古风 情感 演绎 仙侠,miquan_ratings.csv,miquan,mobile,3,3,6,,4.5,进阶,2022,11,6,2022-11-01,4-5h,False,True
3124,昊天,昊天,6.8,6.9,0.0,0.0,0.0,6.9,0.0,0.0,0.0,7.2,0.0,0,0,0,0.0,0.0,0,0,0,0,2898.0,1369.0,49,猫又集,3男3女 4.5小时 进阶 2021.10发行,古风 情感 演绎 仙侠,miquan_ratings.csv,miquan,mobile,3,3,6,,4.5,进阶,2021,10,6,2021-10-01,4-5h,False,True
3125,案件再演,案件再演,7.6,7.1,7.0,0.0,7.8,0.0,0.0,0.0,0.0,0.0,0.0,0,0,0,0.0,0.0,0,0,0,0,8321.0,60177.0,2313,A+剧本工作室,3男3女 5.0小时 进阶 2022.10发行,架空 推理 欢乐 都市,miquan_ratings.csv,miquan,mobile,3,3,6,,5.0,进阶,2022,10,6,2022-10-01,4-5h,False,True
3127,娜娜,娜娜,6.7,7.1,6.6,6.4,0.0,0.0,0.0,0.0,0.0,0.0,0.0,0,0,0,0.0,0.0,0,0,0,0,13931.0,10517.0,725,就是玩工作室,4男2女 4.5小时 进阶 2022.08发行,,miquan_ratings.csv,miquan,mobile,4,2,6,,4.5,进阶,2022,8,6,2022-08-01,4-5h,False,True
3128,匆匆那年,匆匆那年,6.8,6.5,6.0,0.0,0.0,6.8,0.0,0.0,0.0,0.0,0.0,0,0,0,0.0,0.0,0,0,0,0,2898.0,11277.0,184,FB发行工作室,3男3女 4.5小时 进阶 2021.05发行,中式 情感 沉浸 校园,miquan_ratings.csv,miquan,mobile,3,3,6,,4.5,进阶,2021,5,6,2021-05-01,4-5h,False,True
3129,一品红棺,一品红棺,7.7,7.3,0.0,0.0,0.0,7.2,0.0,0.0,0.0,7.5,0.0,0,0,0,0.0,0.0,0,0,0,0,2898.0,11021.0,184,奶凶奶凶剧本工作室,4男2女 4.0小时 进阶 2021.01发行,,miquan_ratings.csv,miquan,mobile,4,2,6,,4.0,进阶,2021,1,6,2021-01-01,3-4h,False,True
3130,少年的你,少年的你,7.0,0.0,0.0,0.0,0.0,0.0,0.0,0.0,0.0,0.0,0.0,0,0,0,0.0,0.0,0,0,0,0,0.0,0.0,0,XY侦探工作室,4男2女 4.0小时 进阶,,miquan_ratings.csv,miquan,mobile,4,2,6,,4.0,进阶,,,6,,3-4h,False,True
3131,无间冬夏,无间冬夏,8.6,8.2,0.0,0.0,0.0,8.2,8.0,0.0,0.0,0.0,0.0,0,0,0,0.0,0.0,0,0,0,0,5.4,43244.0,3180,山海间工作室,3男3女 5.5小时 进阶 2022.11发行,中式 机制 沉浸 都市,miquan_ratings.csv,miquan,mobile,3,3,6,,5.5,进阶,2022,11,6,2022-11-01,5-6h,True,False
3133,从前有座玄离山,从前有座玄离山,6.4,6.6,5.9,0.0,6.8,0.0,0.0,0.0,0.0,0.0,0.0,0,0,0,0.0,0.0,0,0,0,0,8321.0,13447.0,267,大事件档案馆,4男3女 4.0小时 进阶 2021.05发行,架空 推理 欢乐 玄幻,miquan_ratings.csv,miquan,mobile,4,3,7,,4.0,进阶,2021,5,7,2021-05-01,3-4h,False,True
3134,医学院诡谈,医学院诡谈,7.4,7.2,6.8,0.0,0.0,0.0,0.0,0.0,0.0,0.0,0.0,0,0,0,0.0,0.0,0,0,0,0,9377.0,24284.0,1313,墨鱼推理工作室,3男3女 5.5小时 进阶 2022.10发行,,miquan_ratings.csv,miquan,mobile,3,3,6,,5.5,进阶,2022,10,6,2022-10-01,5-6h,False,True
3135,校忌,校忌,6.0,6.1,0.0,0.0,0.0,0.0,6.3,0.0,0.0,0.0,6.7,0,0,0,0.0,0.0,0,0,0,0,6090.0,14163.0,582,嗷嗷原创,4男4女 4.5小时 进阶 2022.10发行,,miquan_ratings.csv,miquan,mobile,4,4,8,,4.5,进阶,2022,10,8,2022-10-01,4-5h,False,True
3136,古察,古察,7.2,7.3,0.0,0.0,0.0,0.0,0.0,0.0,7.2,0.0,0.0,0,0,0,7.3,0.0,0,0,0,0,2908.0,7676.0,508,呓语剧本创作,4男2女 5.0小时 进阶 2022.07发行,,miquan_ratings.csv,miquan,mobile,4,2,6,,5.0,进阶,2022,7,6,2022-07-01,4-5h,False,True
3137,人间野鬼,人间野鬼,4.4,4.8,4.5,0.0,0.0,5.0,0.0,0.0,0.0,0.0,0.0,0,0,0,0.0,0.0,0,0,0,0,2908.0,12385.0,527,关键时刻文创,人们总说听过最多祷告的地方是医院的墙。 然而人间野鬼就是，这样一个现实题材的剧本 这是一个4男3女的盒装本，时长在5小时以内足够。 虽然这是一个情感本，但是他的推理部分做的也非...全文,架空 情感 沉浸 都市,miquan_ratings.csv,miquan,mobile,4,3,7,,5.0,,,,7,,4-5h,False,True
3138,坏小孩,坏小孩,10.0,0.0,0.0,0.0,0.0,0.0,0.0,0.0,0.0,0.0,0.0,0,0,0,0.0,0.0,0,0,0,0,2.8,0.0,0,雷梁海谋杀之谜工作室,3男3女 4.0小时 进阶,中式 推理 沉浸 校园,miquan_ratings.csv,miquan,mobile,3,3,6,,4.0,进阶,,,6,,3-4h,True,False
3140,半出好戏,半出好戏,8.2,8.0,0.0,0.0,0.0,8.2,0.0,7.1,0.0,0.0,0.0,0,0,0,0.0,0.0,0,0,0,0,2913.0,27148.0,1862,草庐,3男3女 4.0小时 进阶 2022.08发行,中式 情感 沉浸 都市,miquan_ratings.csv,miquan,mobile,3,3,6,,4.0,进阶,2022,8,6,2022-08-01,3-4h,False,True
3142,爱人错过,爱人错过,7.4,7.2,0.0,0.0,0.0,7.4,0.0,0.0,7.3,0.0,0.0,0,0,0,0.0,0.0,0,0,0,0,2913.0,14420.0,805,唯壹剧制,3男3女 4.5小时 新手,中式 情感 沉浸 都市,miquan_ratings.csv,miquan,mobile,3,3,6,,4.5,新手,,,6,,4-5h,False,True
3143,当海风吹过我的坟墓2,当海风吹过我的坟墓2,6.4,6.5,0.0,0.0,0.0,6.7,0.0,0.0,6.6,0.0,0.0,0,0,0,0.0,0.0,0,0,0,0,2913.0,27861.0,1080,壹直爽,3男3女 4.5小时 新手,中式 情感 沉浸 都市,miquan_ratings.csv,miquan,mobile,3,3,6,,4.5,新手,,,6,,4-5h,False,True
3145,毕业快乐,毕业快乐,7.7,7.3,0.0,0.0,0.0,7.6,0.0,0.0,7.4,0.0,0.0,0,0,0,0.0,0.0,0,0,0,0,2913.0,9096.0,475,七八制梦厂,2男4女 4.5小时 进阶,中式 情感 沉浸 都市,miquan_ratings.csv,miquan,mobile,2,4,6,,4.5,进阶,,,6,,4-5h,False,True
3146,第十二支玫瑰,第十二支玫瑰,7.8,7.7,6.8,6.7,0.0,0.0,0.0,0.0,0.0,0.0,0.0,0,0,0,0.0,0.0,0,0,0,0,9712.0,20092.0,873,低空飞行,3男3女 4.5小时 进阶,,miquan_ratings.csv,miquan,mobile,3,3,6,,4.5,进阶,,,6,,4-5h,False,True
3147,无人区玫瑰,无人区玫瑰,7.4,7.3,0.0,0.0,0.0,0.0,0.0,0.0,0.0,8.3,0.0,0,0,0,0.0,0.0,0,0,0,0,16312.0,10643.0,652,扶摇梦,3男3女 4.5小时 进阶 2022.06发行,,miquan_ratings.csv,miquan,mobile,3,3,6,,4.5,进阶,2022,6,6,2022-06-01,4-5h,False,True
3148,吾自齐天,吾自齐天,7.3,6.9,0.0,0.0,0.0,6.6,0.0,0.0,0.0,6.7,0.0,0,0,0,0.0,0.0,0,0,0,0,2913.0,7341.0,243,翰林院工作室,3男3女 5.0小时 进阶 2021.10发行,古风 情感 演绎 神话,miquan_ratings.csv,miquan,mobile,3,3,6,,5.0,进阶,2021,10,6,2021-10-01,4-5h,False,True
3150,官渡,官渡,7.7,7.3,0.0,0.0,6.9,0.0,0.0,0.0,0.0,0.0,0.0,0,0,0,0.0,7.2,0,0,0,0,5.8,12535.0,283,两级反转发行工作室,6男2女 4.0小时 进阶 2019.11发行,,miquan_ratings.csv,miquan,mobile,6,2,8,,4.0,进阶,2019,11,8,2019-11-01,3-4h,True,False
3153,当长河再度流淌时,当长河再度流淌时,7.7,7.3,6.8,0.0,0.0,0.0,0.0,0.0,0.0,0.0,0.0,0,0,0,8.4,0.0,0,0,0,0,1.4,11872.0,587,咪咕挑灯工作室; 葵花工作室,3男3女 4.5小时 进阶 2022.09发行,,miquan_ratings.csv,miquan,mobile,3,3,6,,4.5,进阶,2022,9,6,2022-09-01,4-5h,True,False
3154,狗血爱情事故,狗血爱情事故,6.4,6.3,0.0,0.0,7.2,0.0,6.2,0.0,0.0,0.0,0.0,0,0,0,0.0,0.0,0,0,0,0,9.5,9826.0,363,九州长歌工作室,4男3女 4.5小时 进阶 2022.06发行,架空 机制 欢乐 都市,miquan_ratings.csv,miquan,mobile,4,3,7,,4.5,进阶,2022,6,7,2022-06-01,4-5h,True,False
3156,一统秦楼,一统秦楼,7.3,6.9,0.0,0.0,6.9,0.0,7.3,0.0,0.0,0.0,0.0,0,0,0,0.0,0.0,0,0,0,0,9.5,17718.0,674,弥谷谜谷,4男3女 5.0小时 进阶,架空 机制 欢乐 武侠,miquan_ratings.csv,miquan,mobile,4,3,7,,5.0,进阶,,,7,,4-5h,True,False
3157,妖歌曼舞,妖歌曼舞,7.7,7.3,0.0,0.0,7.5,0.0,7.5,0.0,0.0,0.0,0.0,0,0,0,0.0,0.0,0,0,0,0,3161.0,18008.0,1036,树人工作室,3男3女 7.0小时 进阶 2022.07发行,,miquan_ratings.csv,miquan,mobile,3,3,6,,7.0,进阶,2022,7,6,2022-07-01,6-8h,False,True
3158,入殓师,入殓师,7.1,7.0,0.0,0.0,0.0,7.2,0.0,0.0,7.2,0.0,0.0,0,0,0,0.0,0.0,0,0,0,0,2914.0,15152.0,667,啃大瓜,3男3女 4.5小时 进阶 2022.10发行,中式 情感 沉浸 都市,miquan_ratings.csv,miquan,mobile,3,3,6,,4.5,进阶,2022,10,6,2022-10-01,4-5h,False,True
3159,福报,福报,6.9,6.9,6.3,0.0,7.1,0.0,0.0,0.0,0.0,0.0,0.0,0,0,0,0.0,0.0,0,0,0,0,8320.0,11212.0,366,库奈光年,4男3女 4.0小时 进阶 2022.06发行,中式 推理 欢乐 都市,miquan_ratings.csv,miquan,mobile,4,3,7,,4.0,进阶,2022,6,7,2022-06-01,3-4h,False,True
3160,似灵寺3,似灵寺3,6.6,6.6,0.0,0.0,0.0,6.8,0.0,0.0,6.8,0.0,0.0,0,0,0,0.0,0.0,0,0,0,0,2914.0,10054.0,255,鹅作剧; 鲸语文创,3男3女 4.5小时 进阶 2022.07发行,架空 情感 沉浸 都市,miquan_ratings.csv,miquan,mobile,3,3,6,,4.5,进阶,2022,7,6,2022-07-01,4-5h,False,True
3161,祁山,祁山,7.8,7.7,0.0,0.0,0.0,7.4,7.5,0.0,0.0,0.0,0.0,0,0,0,0.0,0.0,0,0,0,0,5.4,33381.0,2522,Mr.一番工作室,5男3女 7.0小时 进阶 2022.09发行,古风 机制 沉浸 历史,miquan_ratings.csv,miquan,mobile,5,3,8,,7.0,进阶,2022,9,8,2022-09-01,6-8h,True,False
3162,布达佩斯大饭店2,布达佩斯大饭店2,8.2,7.8,7.4,7.4,0.0,0.0,0.0,0.0,0.0,0.0,0.0,0,0,0,0.0,0.0,0,0,0,0,17142.0,26167.0,1642,SSR推理发行工作室,4男2女 4.5小时 进阶,,miquan_ratings.csv,miquan,mobile,4,2,6,,4.5,进阶,,,6,,4-5h,False,True
3165,余你,余你,6.3,6.4,0.0,0.0,0.0,6.5,0.0,0.0,0.0,6.4,0.0,0,0,0,0.0,0.0,0,0,0,0,2914.0,3086.0,193,PM工作室,3男3女 4.5小时 新手 2022.09发行,,miquan_ratings.csv,miquan,mobile,3,3,6,,4.5,新手,2022,9,6,2022-09-01,4-5h,False,True
3166,花吃了那女孩,花吃了那女孩,6.6,6.9,6.3,0.0,0.0,0.0,0.0,0.0,0.0,0.0,0.0,0,0,0,0.0,0.0,0,0,0,0,30204.0,120465.0,5370,脑力觉醒; 神隐六处,3男3女 5.0小时 进阶 2022.10发行,日式 推理 惊悚 怪谈,miquan_ratings.csv,miquan,mobile,3,3,6,,5.0,进阶,2022,10,6,2022-10-01,4-5h,False,True
3168,第十艺术,第十艺术,7.3,7.1,6.7,0.0,0.0,0.0,0.0,0.0,0.0,0.0,0.0,0,0,0,7.4,0.0,0,0,0,0,1.4,14308.0,839,隐匿角色,4男3女 6.0小时 进阶 2022.06发行,,miquan_ratings.csv,miquan,mobile,4,3,7,,6.0,进阶,2022,6,7,2022-06-01,5-6h,True,False
3169,空中小屋杀人事件,空中小屋杀人事件,6.1,6.4,6.6,6.1,0.0,0.0,0.0,0.0,0.0,0.0,0.0,0,0,0,0.0,0.0,0,0,0,0,1796.0,16787.0,301,威海不二工作室,4男2女 4.5小时 高阶 2021.02发行,,miquan_ratings.csv,miquan,mobile,4,2,6,,4.5,高阶,2021,2,6,2021-02-01,4-5h,False,True
3171,关于我成为杀手这件事,关于我成为杀手这件事,8.2,7.8,0.0,0.0,0.0,8.1,0.0,7.2,0.0,0.0,0.0,0,0,0,0.0,0.0,0,0,0,0,1.4,19272.0,1446,山人文化,《关于我成为杀手这件事》 角色：汉娜 类型：情感/还原/欧式/演绎 时长：5~7小时 人数：6人 3男3女（不...全文,,miquan_ratings.csv,miquan,mobile,3,3,6,6,7.0,,,,6,,6-8h,True,False
3172,子时已到3自寻生路,子时已到3自寻生路,6.7,6.9,6.7,0.0,0.0,0.0,0.0,0.0,0.0,0.0,0.0,0,0,0,0.0,0.0,0,0,0,0,9095.0,18869.0,641,津门探案,百本选手说剧本:剧本《子时已到3自寻生路》6人本 3男3女 剧本类型:盒装本 恐怖本 游戏时间:4.5小时左右 实话实说 这个本 同车 队友太给力 （3个女生是 奶 ）一直都在尖叫😱 而且 店家也 良心 （闭店开）剧情方面 胡说八道 故事 特别离谱 主要是 找一家 恐怖氛围 营造的好 的 店里开 （吐槽 这个本 的歌曲 不好听）实话实说 就是这样 剧本不行 DM 来...全文,日式 推理 惊悚 进阶,miquan_ratings.csv,miquan,mobile,3,3,6,6,4.5,,,,6,,4-5h,False,True
3174,开在泥沼之下,开在泥沼之下,7.1,7.1,0.0,0.0,0.0,0.0,0.0,6.7,0.0,0.0,0.0,0,0,0,6.8,0.0,0,0,0,0,6565.0,5996.0,203,剧幕工坊,3男3女 4.0小时 进阶 2021.11发行,,miquan_ratings.csv,miquan,mobile,3,3,6,,4.0,进阶,2021,11,6,2021-11-01,3-4h,False,True
3176,百万爆瓜,百万爆瓜,6.9,6.8,0.0,0.0,7.4,0.0,0.0,6.4,0.0,0.0,0.0,0,0,0,0.0,0.0,0,0,0,0,98.0,6171.0,194,音派文化工作室,3男3女 4.5小时 进阶 2022.06发行,,miquan_ratings.csv,miquan,mobile,3,3,6,,4.5,进阶,2022,6,6,2022-06-01,4-5h,True,False
3177,贤者之石,贤者之石,8.9,8.3,0.0,8.0,0.0,0.0,0.0,8.6,0.0,0.0,0.0,0,0,0,0.0,0.0,0,0,0,0,5044.0,39960.0,3526,第七诫工作室,3男3女 8.0小时 进阶 2020.05发行,,miquan_ratings.csv,miquan,mobile,3,3,6,,8.0,进阶,2020,5,6,2020-05-01,6-8h,False,True
3180,翌日行,翌日行,6.7,7.0,0.0,0.0,0.0,0.0,0.0,7.1,0.0,0.0,0.0,0,0,0,0.0,0.0,0,0,0,0,11.3,6219.0,203,佛系工作室,3男3女 4.0小时 进阶 2022.08发行,,miquan_ratings.csv,miquan,mobile,3,3,6,,4.0,进阶,2022,8,6,2022-08-01,3-4h,True,False
3181,一步之遥,一步之遥,7.5,7.3,6.9,0.0,0.0,0.0,0.0,0.0,7.4,0.0,0.0,0,0,0,0.0,0.0,0,0,0,0,6565.0,3184.0,114,木心工作室,3男3女 4.5小时 进阶 2022.04发行,,miquan_ratings.csv,miquan,mobile,3,3,6,,4.5,进阶,2022,4,6,2022-04-01,4-5h,False,True
3184,九龙大案,九龙大案,6.6,6.8,6.7,6.4,0.0,0.0,0.0,0.0,0.0,0.0,0.0,0,0,0,0.0,0.0,0,0,0,0,324.0,3250.0,117,千手千臂工作室,5男2女 4.5小时 进阶 2022.07发行,,miquan_ratings.csv,miquan,mobile,5,2,7,,4.5,进阶,2022,7,7,2022-07-01,4-5h,False,True
3185,守夜人,守夜人,7.5,7.4,0.0,0.0,0.0,0.0,0.0,7.4,0.0,0.0,0.0,0,0,0,0.0,0.0,0,0,0,0,11.3,18026.0,717,可疑的宣发工作室; 奇点剧本工作室,3男3女 5.0小时 进阶 2022.07发行,,miquan_ratings.csv,miquan,mobile,3,3,6,,5.0,进阶,2022,7,6,2022-07-01,4-5h,True,False
3186,琴梦未央,琴梦未央,7.1,7.1,0.0,0.0,0.0,6.4,0.0,7.1,0.0,0.0,0.0,0,0,0,0.0,0.0,0,0,0,0,1.4,12860.0,634,路人光环工作室,4男3女 4.5小时 进阶 2022.07发行,古风 还原 沉浸 历史,miquan_ratings.csv,miquan,mobile,4,3,7,,4.5,进阶,2022,7,7,2022-07-01,4-5h,True,False
3190,水调歌头,水调歌头,6.4,6.5,0.0,0.0,0.0,6.5,0.0,0.0,0.0,6.5,0.0,0,0,0,0.0,0.0,0,0,0,0,2915.0,3538.0,130,一直事务所,体验角色：沈容和 剧本评价：体量不大，4小时可以结束，剧情略显老套，男生三个渣男，女生都很惨，主爱情线，基本无亲情友...全文,古风 情感 演绎 家国,miquan_ratings.csv,miquan,mobile,,,,,4.0,,,,,,3-4h,False,True
3191,明月微凉,明月微凉,5.9,6.1,0.0,0.0,0.0,6.1,0.0,0.0,6.0,0.0,0.0,0,0,0,0.0,0.0,0,0,0,0,2915.0,1647.0,134,剧美优品出版社,3男3女 4.5小时 进阶 2022.08发行,古风 情感 沉浸 宫廷,miquan_ratings.csv,miquan,mobile,3,3,6,,4.5,进阶,2022,8,6,2022-08-01,4-5h,False,True
3192,一期一会,一期一会,8.0,7.6,6.3,0.0,0.0,0.0,0.0,0.0,0.0,0.0,0.0,0,0,0,0.0,0.0,0,0,0,0,2289.0,14819.0,575,折子戏工作室,3男3女 5.0小时 进阶,日式 推理 治愈 校园,miquan_ratings.csv,miquan,mobile,3,3,6,,5.0,进阶,,,6,,4-5h,False,True
3193,飞鱼照京霜,飞鱼照京霜,7.1,6.8,0.0,0.0,0.0,0.0,7.2,0.0,0.0,0.0,0.0,0,0,0,6.2,0.0,0,0,0,0,13834.0,64034.0,2487,破防推理,4男3女 5.0小时 进阶 2022.06发行,架空 机制 立意 武侠,miquan_ratings.csv,miquan,mobile,4,3,7,,5.0,进阶,2022,6,7,2022-06-01,4-5h,False,True
3194,邪门,邪门,7.2,7.1,0.0,0.0,0.0,0.0,0.0,7.0,0.0,0.0,0.0,0,0,0,0.0,0.0,0,0,0,0,11.3,13588.0,572,梦巴文化,2男3女 4.0小时 进阶 2022.04发行,日式 推理 惊悚 进阶,miquan_ratings.csv,miquan,mobile,2,3,5,,4.0,进阶,2022,4,5,2022-04-01,3-4h,True,False
3195,一间花铺,一间花铺,7.3,7.2,0.0,0.0,0.0,7.4,0.0,0.0,7.3,0.0,0.0,0,0,0,0.0,0.0,0,0,0,0,2916.0,97877.0,4080,时间裂缝,3男3女 4.5小时 新手 2022.07发行,中式 情感 沉浸 都市,miquan_ratings.csv,miquan,mobile,3,3,6,,4.5,新手,2022,7,6,2022-07-01,4-5h,False,True
3196,孙策,孙策,8.1,7.6,0.0,0.0,0.0,7.9,0.0,0.0,0.0,8.5,0.0,0,0,0,0.0,0.0,0,0,0,0,2916.0,122212.0,8086,岛屿工作室,3男4女 5.0小时 进阶 2022.07发行,古风 情感 演绎 历史,miquan_ratings.csv,miquan,mobile,3,4,7,,5.0,进阶,2022,7,7,2022-07-01,4-5h,False,True
3197,他曾在春天死去,他曾在春天死去,7.5,7.2,0.0,0.0,0.0,7.5,6.3,0.0,0.0,0.0,0.0,0,0,0,0.0,0.0,0,0,0,0,7609.0,9986.0,410,杭间剧制,3男3女 4.5小时 进阶 2022.06发行,中式 机制 沉浸 都市,miquan_ratings.csv,miquan,mobile,3,3,6,,4.5,进阶,2022,6,6,2022-06-01,4-5h,False,True
3198,你要这么想我也没办法,你要这么想我也没办法,7.4,6.9,0.0,0.0,7.6,0.0,0.0,0.0,6.8,0.0,0.0,0,0,0,0.0,0.0,0,0,0,0,8856.0,33497.0,1594,闲顽工作室,3男3女 4.0小时 进阶 2022.07发行,中式 情感 欢乐 都市,miquan_ratings.csv,miquan,mobile,3,3,6,,4.0,进阶,2022,7,6,2022-07-01,3-4h,False,True
3199,远远乡,远远乡,7.9,7.4,0.0,0.0,0.0,7.8,0.0,0.0,7.8,0.0,0.0,0,0,0,0.0,0.0,0,0,0,0,2916.0,18217.0,1036,预谋剧制; 斗茶工作室,3男3女 4.5小时 新手,架空 情感 沉浸 其他,miquan_ratings.csv,miquan,mobile,3,3,6,,4.5,新手,,,6,,4-5h,False,True
3200,黎明晚星,黎明晚星,7.5,7.2,0.0,0.0,0.0,7.1,0.0,0.0,7.1,0.0,0.0,0,0,0,0.0,0.0,0,0,0,0,2916.0,2546.0,162,渡梦工作室,3男3女 4.5小时 进阶 2022.04发行,未来 情感 沉浸 都市,miquan_ratings.csv,miquan,mobile,3,3,6,,4.5,进阶,2022,4,6,2022-04-01,4-5h,False,True
3201,十八日的死神碑,十八日的死神碑,6.8,6.7,6.8,6.4,0.0,0.0,0.0,0.0,0.0,0.0,0.0,0,0,0,0.0,0.0,0,0,0,0,2928.0,9968.0,356,万物可爱,4男3女 5.0小时 进阶 2021.12发行,日式 推理 悬疑 都市,miquan_ratings.csv,miquan,mobile,4,3,7,,5.0,进阶,2021,12,7,2021-12-01,4-5h,False,True
3203,七尺之下,七尺之下,7.5,7.3,0.0,0.0,0.0,7.4,0.0,7.1,0.0,0.0,0.0,0,0,0,0.0,0.0,0,0,0,0,1.4,8651.0,332,慢热TUO,3男3女 5.0小时 新手 2022.08发行,中式 还原 沉浸 新手,miquan_ratings.csv,miquan,mobile,3,3,6,,5.0,新手,2022,8,6,2022-08-01,4-5h,True,False
3205,流云飞雪,流云飞雪,7.4,7.0,6.4,0.0,0.0,0.0,7.3,0.0,0.0,0.0,0.0,0,0,0,0.0,0.0,0,0,0,0,2.6,15221.0,609,卿城文创,4男4女 6.0小时 高阶 2022.02发行,架空 机制 悬疑 武侠,miquan_ratings.csv,miquan,mobile,4,4,8,,6.0,高阶,2022,2,8,2022-02-01,5-6h,True,False
3207,星空落下那一天,星空落下那一天,6.9,6.8,0.0,0.0,0.0,0.0,0.0,6.9,6.8,0.0,0.0,0,0,0,0.0,0.0,0,0,0,0,1.4,7646.0,275,M18第Y现场,补测系列⭕️《星空落下那一天》⭕️ 📖剧本类型:未来｜穿越｜还原｜立意｜情感 👦玩家配置:三男四女（不可反串） 🕰体验时长4-5小时 这是一部很特别的本子，可能现代情感本创作空间...全文,,miquan_ratings.csv,miquan,mobile,3,4,7,,5.0,,,,7,,4-5h,True,False
3208,搞钱2,搞钱2,6.6,6.4,0.0,0.0,7.3,0.0,6.6,0.0,0.0,0.0,0.0,0,0,0,0.0,0.0,0,0,0,0,9.5,82585.0,2167,大象剧制,5男5女 4.5小时 进阶 2022.07发行,架空 机制 欢乐 都市,miquan_ratings.csv,miquan,mobile,5,5,10,,4.5,进阶,2022,7,10,2022-07-01,4-5h,True,False
3209,年年岁岁,年年岁岁,7.6,7.2,0.0,0.0,7.1,0.0,7.1,0.0,0.0,0.0,0.0,0,0,0,0.0,0.0,0,0,0,0,9.5,5900.0,200,LARP原创工作室,3男3女 4.0小时 进阶,中式 机制 欢乐 都市,miquan_ratings.csv,miquan,mobile,3,3,6,,4.0,进阶,,,6,,3-4h,True,False
3214,地君,地君,7.0,6.5,0.0,0.0,7.1,0.0,0.0,0.0,0.0,0.0,0.0,0,0,0,0.0,6.9,0,0,0,0,5.8,47175.0,1466,黑巢剧本工作室,6男1女 4.5小时 进阶 2021.10发行,,miquan_ratings.csv,miquan,mobile,6,1,7,,4.5,进阶,2021,10,7,2021-10-01,4-5h,True,False
3215,永不褪色的山楂林,永不褪色的山楂林,8.5,8.3,0.0,0.0,0.0,8.3,0.0,0.0,8.3,0.0,0.0,0,0,0,0.0,0.0,0,0,0,0,2916.0,163034.0,14311,不俗发行工作室,4男3女 5.0小时 进阶 2022.05发行,民国 情感 沉浸 历史,miquan_ratings.csv,miquan,mobile,4,3,7,,5.0,进阶,2022,5,7,2022-05-01,4-5h,False,True
3216,杜鹃,杜鹃,7.4,7.2,0.0,0.0,0.0,7.3,0.0,0.0,0.0,8.3,0.0,0,0,0,0.0,0.0,0,0,0,0,2916.0,14500.0,731,棋飞翔,4男3女 4.5小时 进阶 2022.01发行,古风 情感 演绎 权谋,miquan_ratings.csv,miquan,mobile,4,3,7,,4.5,进阶,2022,1,7,2022-01-01,4-5h,False,True
3221,西首尔死囚异闻录,西首尔死囚异闻录,6.1,6.0,6.1,5.9,0.0,0.0,0.0,0.0,0.0,0.0,0.0,0,0,0,0.0,0.0,0,0,0,0,8637.0,11857.0,582,Siren剧本工作室,4男2女 6.0小时 高阶,,miquan_ratings.csv,miquan,mobile,4,2,6,,6.0,高阶,,,6,,5-6h,False,True
3222,殡仪馆,殡仪馆,6.1,6.6,6.5,0.0,0.0,0.0,0.0,0.0,0.0,0.0,0.0,0,0,0,0.0,0.0,0,0,0,0,1526.0,13985.0,371,天津第一现场,3男4女 4.5小时 进阶 2022.04发行,,miquan_ratings.csv,miquan,mobile,3,4,7,,4.5,进阶,2022,4,7,2022-04-01,4-5h,False,True
3223,中华龙组,中华龙组,7.2,6.7,0.0,0.0,7.6,0.0,6.6,0.0,0.0,0.0,0.0,0,0,0,0.0,0.0,0,0,0,0,9.5,21114.0,716,银河制片厂,4男3女 4.5小时 新手 2021.12发行,中式 机制 欢乐 家国,miquan_ratings.csv,miquan,mobile,4,3,7,,4.5,新手,2021,12,7,2021-12-01,4-5h,True,False
3224,无衣,无衣,7.3,7.1,0.0,0.0,0.0,6.9,0.0,0.0,7.4,0.0,0.0,0,0,0,0.0,0.0,0,0,0,0,7609.0,8980.0,339,月汐工作室,【5小时/萧成/没有明显边缘/体验分：7分】 ✅一句话总结：有点古早的家国本 『🪖关键词：民国背景，小学生文笔，跑团机制流程不合理，依靠演绎拉体验，没必要再补课』 『🪖角色体验：男女角色体验没有明显偏差。略...全文,民国 机制 沉浸 家国,miquan_ratings.csv,miquan,mobile,,,,,5.0,,,,,,4-5h,False,True
3225,荒岛奇旅,荒岛奇旅,7.3,6.5,0.0,0.0,7.2,0.0,6.9,0.0,0.0,0.0,0.0,0,0,0,0.0,0.0,0,0,0,0,9.5,6346.0,218,叱鲸文化,3男4女 4.5小时 进阶 2021.12发行,架空 机制 欢乐 都市,miquan_ratings.csv,miquan,mobile,3,4,7,,4.5,进阶,2021,12,7,2021-12-01,4-5h,True,False
3226,朱砂,朱砂,8.1,7.7,0.0,0.0,7.8,0.0,7.5,0.0,0.0,0.0,0.0,0,0,0,0.0,0.0,0,0,0,0,9.5,46492.0,2607,FB发行工作室,3男4女 5.5小时 进阶 2022.07发行,架空 机制 欢乐 宫廷,miquan_ratings.csv,miquan,mobile,3,4,7,,5.5,进阶,2022,7,7,2022-07-01,5-6h,True,False
3228,诸神黄昏,诸神黄昏,7.7,7.0,0.0,6.3,0.0,0.0,7.6,0.0,0.0,0.0,0.0,0,0,0,0.0,0.0,0,0,0,0,3161.0,14301.0,540,梦境岭剧本工作室,4男3女 6.0小时 高阶 2022.04发行,,miquan_ratings.csv,miquan,mobile,4,3,7,,6.0,高阶,2022,4,7,2022-04-01,5-6h,False,True
3229,少年与恶的距离,少年与恶的距离,7.0,7.1,0.0,0.0,0.0,0.0,0.0,6.8,0.0,0.0,0.0,0,0,0,7.2,0.0,0,0,0,0,6565.0,4206.0,259,青行灯工作室,3男3女 4.0小时 新手 2022.07发行,,miquan_ratings.csv,miquan,mobile,3,3,6,,4.0,新手,2022,7,6,2022-07-01,3-4h,False,True
3230,一方烟火,一方烟火,7.5,7.2,0.0,0.0,0.0,7.3,0.0,6.8,0.0,0.0,0.0,0,0,0,0.0,0.0,0,0,0,0,2916.0,16038.0,539,天地之间,3男3女 4.0小时 进阶 2022.06发行,中式 情感 沉浸 都市,miquan_ratings.csv,miquan,mobile,3,3,6,,4.0,进阶,2022,6,6,2022-06-01,3-4h,False,True
3232,干掉天眼玩家,干掉天眼玩家,5.7,5.8,0.0,0.0,6.2,0.0,0.0,0.0,0.0,0.0,0.0,0,0,0,0.0,6.1,0,0,0,0,5.8,36002.0,536,十库工作室,4男3女 4.5小时 新手 2021.03发行,中式 阵营 欢乐 新手,miquan_ratings.csv,miquan,mobile,4,3,7,,4.5,新手,2021,3,7,2021-03-01,4-5h,True,False
3235,暗蝉,暗蝉,5.4,5.6,6.0,0.0,0.0,0.0,0.0,0.0,0.0,0.0,0.0,0,0,0,5.3,0.0,0,0,0,0,1.4,14792.0,501,神域文化,3男3女 4.5小时 高阶 2022.07发行,,miquan_ratings.csv,miquan,mobile,3,3,6,,4.5,高阶,2022,7,6,2022-07-01,4-5h,True,False
3236,本格已死,本格已死,6.4,6.4,6.7,6.2,0.0,0.0,0.0,0.0,0.0,0.0,0.0,0,0,0,0.0,0.0,0,0,0,0,13685.0,15182.0,487,剧游方舟,3男3女 4.5小时 进阶,,miquan_ratings.csv,miquan,mobile,3,3,6,,4.5,进阶,,,6,,4-5h,False,True
3237,双城,双城,6.8,6.5,0.0,0.0,0.0,6.5,0.0,0.0,0.0,6.6,0.0,0,0,0,0.0,0.0,0,0,0,0,2916.0,5872.0,264,百夜行剧制,类型：立意/沉浸/机制 角色分配：3男3女 时长：4-5小时 角色：陆红芍 评价❤️‍🔥❤️‍🔥❤️‍🔥❤️‍🔥❤️‍🔥 双城这个本一看名字和简介 其实有经验的玩家可...全文,,miquan_ratings.csv,miquan,mobile,3,3,6,,5.0,,,,6,,4-5h,False,True
3238,如果白昼落尽,如果白昼落尽,8.5,8.1,0.0,0.0,0.0,0.0,0.0,7.7,8.2,0.0,0.0,0,0,0,0.0,0.0,0,0,0,0,1.4,68167.0,5519,一闪工作室; DialMforMurder,百本选手说剧本:剧本《如果白昼落尽》6人本 3男3女 剧本类型:城限本 情感 还原本 游戏时间:4.5小时 👬适合人群：老本 考古 ❤剧情感受：原生家庭 的 ...全文,,miquan_ratings.csv,miquan,mobile,3,3,6,6,4.5,,,,6,,4-5h,True,False
3239,下次一定,下次一定,7.0,0.0,0.0,0.0,0.0,0.0,0.0,0.0,0.0,0.0,0.0,0,0,0,0.0,0.0,0,0,0,0,2916.0,0.0,0,好琦工作室,3男3女 4.5小时 进阶 2021.02发行,,miquan_ratings.csv,miquan,mobile,3,3,6,,4.5,进阶,2021,2,6,2021-02-01,4-5h,False,True
3241,商女,商女,7.1,6.9,0.0,0.0,0.0,7.0,0.0,0.0,0.0,7.2,0.0,0,0,0,0.0,0.0,0,0,0,0,2916.0,6235.0,288,一.一剧本发行工作室,在谈论这个本的时候有些纠结，这个本的我的定位是古风情感大型演绎的本子。听名字就知道女性因素可能会重一些，但是结束下来七个小时我的感觉就是有两个女生反而有点边缘，男生有一个略边。前期偏向于欢乐互动，后期沉浸演绎。除开这些先说一下优点，剧情其实整体还是可以的，文笔很棒，内容很长两本加上来大概有一百来页，需要慢慢看，但...全文,古风 情感 演绎 武侠,miquan_ratings.csv,miquan,mobile,,,,,7.0,,,,,,6-8h,False,True
3242,十一月一日天气晴,十一月一日天气晴,6.7,6.7,6.3,0.0,0.0,0.0,0.0,0.0,0.0,0.0,0.0,0,0,0,7.3,0.0,0,0,0,0,1.4,1800.0,72,时间裂缝,5男1女 4.5小时 进阶 2022.01发行,,miquan_ratings.csv,miquan,mobile,5,1,6,,4.5,进阶,2022,1,6,2022-01-01,4-5h,True,False
3244,无言,无言,7.1,7.2,7.1,0.0,0.0,0.0,0.0,0.0,0.0,0.0,0.0,0,0,0,6.7,0.0,0,0,0,0,1.4,4369.0,190,剧文出品,3男3女 4.5小时 进阶 2022.05发行,,miquan_ratings.csv,miquan,mobile,3,3,6,,4.5,进阶,2022,5,6,2022-05-01,4-5h,True,False
3247,致新世界,致新世界,8.9,8.7,0.0,0.0,0.0,8.6,7.7,0.0,0.0,0.0,0.0,0,0,0,0.0,0.0,0,0,0,0,5.4,50515.0,3928,折子戏工作室,《致 新世界》 剧本类型：情感沉浸 剧本人数：四男两女（可反串～） 剧本时长：6—7小时 ob角色：流浪者 “想和你看日落，只谈微风...全文,未来 机制 沉浸 科幻,miquan_ratings.csv,miquan,mobile,4,2,6,,7.0,,,,6,,6-8h,True,False
3248,离恨天,离恨天,6.3,6.4,5.6,0.0,0.0,0.0,0.0,0.0,6.7,0.0,0.0,0,0,0,0.0,0.0,0,0,0,0,2.8,2196.0,89,木屋发行工作室,3男3女 4.5小时 进阶 2021.01发行,古风 推理 沉浸 玄幻,miquan_ratings.csv,miquan,mobile,3,3,6,,4.5,进阶,2021,1,6,2021-01-01,4-5h,True,False
3250,谋杀月亮,谋杀月亮,6.5,6.4,0.0,6.1,0.0,0.0,0.0,6.5,0.0,0.0,0.0,0,0,0,0.0,0.0,0,0,0,0,5044.0,3674.0,147,T-Game发行工作室,4男2女 7.0小时 高阶,,miquan_ratings.csv,miquan,mobile,4,2,6,,7.0,高阶,,,6,,6-8h,False,True
3251,敕令,敕令,6.0,0.0,0.0,0.0,0.0,0.0,0.0,0.0,0.0,0.0,0.0,0,0,0,0.0,0.0,0,0,0,0,2916.0,0.0,0,,4男4女 4.5小时 进阶,古风 情感 演绎 武侠,miquan_ratings.csv,miquan,mobile,4,4,8,,4.5,进阶,,,8,,4-5h,False,True
3253,不过一池星光,不过一池星光,7.9,7.4,0.0,0.0,0.0,7.7,0.0,0.0,7.6,0.0,0.0,0,0,0,0.0,0.0,0,0,0,0,2916.0,44784.0,2485,大亦文创工作室,3男3女 5.0小时 进阶 2022.05发行,架空 情感 沉浸 童话,miquan_ratings.csv,miquan,mobile,3,3,6,,5.0,进阶,2022,5,6,2022-05-01,4-5h,False,True
3255,告别诗,告别诗,7.8,7.4,0.0,0.0,0.0,7.9,0.0,0.0,7.8,0.0,0.0,0,0,0,0.0,0.0,0,0,0,0,2916.0,249762.0,22674,月影工作室,3男3女 4.0小时 新手 2022.06发行,中式 情感 沉浸 校园,miquan_ratings.csv,miquan,mobile,3,3,6,,4.0,新手,2022,6,6,2022-06-01,3-4h,False,True
3256,我与春风皆过客,我与春风皆过客,6.0,0.0,0.0,0.0,0.0,0.0,0.0,0.0,0.0,0.0,0.0,0,0,0,0.0,0.0,0,0,0,0,6565.0,0.0,0,基本演绎工作室,剧本名称:《我与春风皆过客》 角色配置: 4男3女(不可反串) 剧本类型:立意/演绎/城限 剧本时长: 4小时 剧本杀店...全文,,miquan_ratings.csv,miquan,mobile,4,3,7,,4.0,,,,7,,3-4h,False,True
3257,良人何不归,良人何不归,6.8,6.8,0.0,0.0,0.0,6.9,0.0,0.0,0.0,7.5,0.0,0,0,0,0.0,0.0,0,0,0,0,2916.0,8029.0,351,摆渡工作室; 一页工作室,3男3女 4.5小时 进阶 2022.04发行,古风 情感 演绎 武侠,miquan_ratings.csv,miquan,mobile,3,3,6,,4.5,进阶,2022,4,6,2022-04-01,4-5h,False,True
3258,牌花,牌花,7.6,7.4,6.8,6.8,0.0,0.0,0.0,0.0,0.0,0.0,0.0,0,0,0,0.0,0.0,0,0,0,0,12678.0,20139.0,964,伯乐剧本工作室; 豆芽剧本工作室,4男3女 5.0小时 高阶 2022.03发行,,miquan_ratings.csv,miquan,mobile,4,3,7,,5.0,高阶,2022,3,7,2022-03-01,4-5h,False,True
3259,云端里的永夜城,云端里的永夜城,6.7,7.1,7.0,0.0,0.0,0.0,0.0,0.0,0.0,0.0,0.0,0,0,0,6.9,0.0,0,0,0,0,1.4,287.0,47,十一维工作室,4男3女 5.5小时 高阶 2021.07发行,,miquan_ratings.csv,miquan,mobile,4,3,7,,5.5,高阶,2021,7,7,2021-07-01,5-6h,True,False
3260,莫格街的晚宴,莫格街的晚宴,8.0,7.5,7.8,7.4,0.0,0.0,0.0,0.0,0.0,0.0,0.0,0,0,0,0.0,0.0,0,0,0,0,54150.0,65638.0,4295,橘·剧本实验室,4男2女 7.0小时 高阶 2022.04发行,日式 推理 悬疑 都市,miquan_ratings.csv,miquan,mobile,4,2,6,,7.0,高阶,2022,4,6,2022-04-01,6-8h,False,True
3261,半生,半生,6.3,6.5,0.0,0.0,0.0,6.9,6.3,0.0,0.0,0.0,0.0,0,0,0,0.0,0.0,0,0,0,0,3161.0,713.0,38,Yomi工作室,3男3女 4.5小时 新手,古风 机制 博弈 神话,miquan_ratings.csv,miquan,mobile,3,3,6,,4.5,新手,,,6,,4-5h,False,True
3262,毛茸茸公寓,毛茸茸公寓,7.6,7.2,0.0,0.0,7.3,0.0,6.8,0.0,0.0,0.0,0.0,0,0,0,0.0,0.0,0,0,0,0,9.5,7775.0,284,剧游方舟,百本选手说剧本:剧本《毛茸茸公寓》7人本 4女3男（可以反串）剧本类型:盒装本 情感本 游戏时间:4小时 👬适合人群：🈶 宠物的玩家 爱 宠物的玩家 新手玩家 ❤剧情感...全文,架空 机制 欢乐 拟人,miquan_ratings.csv,miquan,mobile,,,,7,4.0,新手,,,7,,3-4h,True,False
3263,拂衣行,拂衣行,7.3,6.9,0.0,0.0,6.9,0.0,0.0,0.0,0.0,0.0,0.0,0,0,0,0.0,7.0,0,0,0,0,5.8,2163.0,68,原力剧制,4男4女 4.5小时 新手 2021.10发行,架空 阵营 欢乐 武侠,miquan_ratings.csv,miquan,mobile,4,4,8,,4.5,新手,2021,10,8,2021-10-01,4-5h,True,False
3264,长岛冰茶,长岛冰茶,7.1,6.7,0.0,0.0,0.0,6.9,0.0,0.0,0.0,6.8,0.0,0,0,0,0.0,0.0,0,0,0,0,2916.0,7580.0,266,鼠尾草剧制,3男3女 4.5小时 新手 2022.02发行,,miquan_ratings.csv,miquan,mobile,3,3,6,,4.5,新手,2022,2,6,2022-02-01,4-5h,False,True
3266,遗物整理师,遗物整理师,6.5,6.6,0.0,0.0,0.0,6.9,5.8,0.0,0.0,0.0,0.0,0,0,0,0.0,0.0,0,0,0,0,7609.0,34810.0,1343,瓦特工作室,3男3女 4.0小时 进阶 2022.06发行,中式 机制 沉浸 都市,miquan_ratings.csv,miquan,mobile,3,3,6,,4.0,进阶,2022,6,6,2022-06-01,3-4h,False,True
3267,怪人十二面相,怪人十二面相,8.1,7.9,7.3,7.4,0.0,0.0,0.0,0.0,0.0,0.0,0.0,0,0,0,0.0,0.0,0,0,0,0,35962.0,45575.0,3292,低空飞行,3男3女 6.5小时 高阶 2022.05发行,,miquan_ratings.csv,miquan,mobile,3,3,6,,6.5,高阶,2022,5,6,2022-05-01,6-8h,False,True
3268,你知道蓝溪山吗,你知道蓝溪山吗,7.3,7.1,0.0,0.0,7.2,0.0,0.0,0.0,0.0,7.1,0.0,0,0,0,0.0,0.0,0,0,0,0,1.5,13091.0,571,枫叶工作室,3男3女 4.5小时 进阶,,miquan_ratings.csv,miquan,mobile,3,3,6,,4.5,进阶,,,6,,4-5h,True,False
3269,叫爸爸,叫爸爸,8.4,7.9,0.0,0.0,8.3,0.0,7.4,0.0,0.0,0.0,0.0,0,0,0,0.0,0.0,0,0,0,0,3.8,180257.0,10425,联合趣玩UF,5男2女 4.5小时 新手 2022.06发行,中式 机制 欢乐 都市,miquan_ratings.csv,miquan,mobile,5,2,7,,4.5,新手,2022,6,7,2022-06-01,4-5h,True,False
3270,不可思议的万分之一杀人事件,不可思议的万分之一杀人事件,7.6,7.1,7.2,0.0,6.8,0.0,0.0,0.0,0.0,0.0,0.0,0,0,0,0.0,0.0,0,0,0,0,14696.0,17916.0,793,堕落天使工作室,3男3女 4.5小时 高阶,中式 推理 欢乐 都市,miquan_ratings.csv,miquan,mobile,3,3,6,,4.5,高阶,,,6,,4-5h,False,True
3271,风不止,风不止,2.0,0.0,0.0,0.0,0.0,0.0,0.0,0.0,0.0,0.0,0.0,0,0,0,0.0,0.0,0,0,0,0,2.8,0.0,0,玩字工作室,3男3女 4.0小时 进阶 2021.03发行,中式 推理 沉浸 都市,miquan_ratings.csv,miquan,mobile,3,3,6,,4.0,进阶,2021,3,6,2021-03-01,3-4h,True,False
3272,红黑馆事件,红黑馆事件,8.0,7.0,8.1,7.3,0.0,0.0,0.0,0.0,0.0,0.0,0.0,0,0,0,0.0,0.0,0,0,0,0,80204.0,158986.0,9851,剧游方舟,百本选手说剧本:剧本《红黑馆事件》6人本 3男3女（可以反串）剧本类型:盒装本 推理 还原本 游戏时间:5.5小时左右 👬适合人群：欢乐本玩家 ❤剧情感受：约等于...全文,,miquan_ratings.csv,miquan,mobile,3,3,6,6,5.5,,,,6,,5-6h,False,True
3273,昨日歌,昨日歌,6.7,6.4,5.7,0.0,0.0,0.0,0.0,0.0,6.7,0.0,0.0,0,0,0,0.0,0.0,0,0,0,0,2.8,9361.0,253,律美婧工作室,3男3女 4.0小时 进阶 2020.12发行,中式 推理 沉浸 都市,miquan_ratings.csv,miquan,mobile,3,3,6,,4.0,进阶,2020,12,6,2020-12-01,3-4h,True,False
3274,任月未圆,任月未圆,7.7,7.5,0.0,0.0,0.0,7.2,0.0,0.0,0.0,7.4,0.0,0,0,0,0.0,0.0,0,0,0,0,6562.0,10205.0,479,方块巨制,【5小时/丁荣贵/存在明显c位和边缘/体验分：3分】 ❎一句话总结：枯燥的深宅大院大戏 『🌙关键词：边c明显，文笔不错，故事平淡，流程拖沓，不是哭本，立意为主，埋了吧……』 『🌙角色体验：女生体验优于男生；大c位：梁...全文,,miquan_ratings.csv,miquan,mobile,,,,,5.0,,,,,,4-5h,False,True
3276,白衣归,白衣归,6.8,6.6,0.0,0.0,0.0,0.0,0.0,0.0,0.0,6.6,0.0,0,0,0,0.0,0.0,0,0,0,0,708.0,2397.0,53,水镜出品,“白衣归”是结合古风和恐怖的分幕式情感本，3男3女的角色配置，主推爱情+亲情线；剧本体量不大，前期1小时恐怖、1小时硬核、2小时情感。 虽然四小时的剧本耗时不长，但是设计的推进节奏慢，没有明确的背景交代，需要层层还原会导致玩家代...全文,架空 推理 惊悚 新手,miquan_ratings.csv,miquan,mobile,3,3,6,,1.0,,,,6,,<=3h,False,True
3278,丧钟为谁而鸣,丧钟为谁而鸣,8.3,7.5,0.0,0.0,0.0,0.0,7.9,0.0,0.0,0.0,0.0,0,0,0,7.7,0.0,0,0,0,0,21261.0,31192.0,1382,鼠尾草剧制,4男2女 4.5小时 进阶 2021.11发行,,miquan_ratings.csv,miquan,mobile,4,2,6,,4.5,进阶,2021,11,6,2021-11-01,4-5h,False,True
3279,普兰国,普兰国,6.1,6.7,0.0,0.0,0.0,0.0,6.7,0.0,0.0,0.0,0.0,0,0,0,6.6,0.0,0,0,0,0,734.0,6133.0,144,乱神企划工作室,4男2女 5.0小时 进阶,,miquan_ratings.csv,miquan,mobile,4,2,6,,5.0,进阶,,,6,,4-5h,False,True
3280,倒吊蟾,倒吊蟾,6.5,6.5,0.0,0.0,0.0,0.0,0.0,0.0,0.0,7.3,0.0,0,0,0,0.0,0.0,0,0,0,0,1111.0,7605.0,141,旧几原创剧本工作室,3男3女 4.0小时 进阶 2021.06发行,,miquan_ratings.csv,miquan,mobile,3,3,6,,4.0,进阶,2021,6,6,2021-06-01,3-4h,False,True
3281,传灯录,传灯录,7.4,7.4,6.3,0.0,0.0,7.5,0.0,0.0,0.0,0.0,0.0,0,0,0,0.0,0.0,0,0,0,0,2.8,18022.0,637,慢热TUO,4男3女 4.5小时 进阶 2021.11发行,古风 推理 沉浸 家国,miquan_ratings.csv,miquan,mobile,4,3,7,,4.5,进阶,2021,11,7,2021-11-01,4-5h,True,False
3282,余光,余光,7.6,6.9,0.0,0.0,0.0,7.1,0.0,0.0,0.0,7.6,0.0,0,0,0,0.0,0.0,0,0,0,0,6562.0,18479.0,679,聊爆工作室,3男3女 4.5小时 新手 2021.11发行,中式 情感 演绎 新手,miquan_ratings.csv,miquan,mobile,3,3,6,,4.5,新手,2021,11,6,2021-11-01,4-5h,False,True
3283,旗袍,旗袍,6.6,7.1,6.6,0.0,0.0,7.2,0.0,0.0,0.0,0.0,0.0,0,0,0,0.0,0.0,0,0,0,0,2.8,10174.0,172,纸上千秋工作室,4男3女 3.0小时 新手 2021.04发行,民国 推理 沉浸 家国,miquan_ratings.csv,miquan,mobile,4,3,7,,3.0,新手,2021,4,7,2021-04-01,<=3h,True,False
3284,斗破苍穹,斗破苍穹,6.3,5.6,0.0,0.0,0.0,5.6,6.8,0.0,0.0,0.0,0.0,0,0,0,0.0,0.0,0,0,0,0,3161.0,19110.0,574,小剧一场; FB发行工作室,3男4女 6.0小时 高阶 2021.12发行,古风 机制 博弈 武侠,miquan_ratings.csv,miquan,mobile,3,4,7,,6.0,高阶,2021,12,7,2021-12-01,5-6h,False,True
3285,清迈的雨天永不停歇,清迈的雨天永不停歇,6.5,6.4,0.0,0.0,0.0,6.4,0.0,0.0,0.0,6.8,0.0,0,0,0,0.0,0.0,0,0,0,0,6562.0,8114.0,325,卡卡工作室; ALLSTAR工作室,3男3女 4.0小时 进阶 2022.01发行,,miquan_ratings.csv,miquan,mobile,3,3,6,,4.0,进阶,2022,1,6,2022-01-01,3-4h,False,True
3289,被风吹过的夏天,被风吹过的夏天,7.2,6.5,5.6,0.0,0.0,6.8,0.0,0.0,0.0,0.0,0.0,0,0,0,0.0,0.0,0,0,0,0,2.8,7696.0,170,核剧辩; 月汐工作室,3男3女 4.0小时 进阶 2022.02发行,中式 推理 沉浸 校园,miquan_ratings.csv,miquan,mobile,3,3,6,,4.0,进阶,2022,2,6,2022-02-01,3-4h,True,False
3291,奇异人生2100,奇异人生2100,7.8,7.5,0.0,0.0,0.0,0.0,6.9,0.0,7.5,0.0,0.0,0,0,0,0.0,0.0,0,0,0,0,7609.0,17382.0,641,群星工作室,补测小众宝藏系列🌟《奇异人生2100》🌟 📖剧本类型:架空｜机制｜沉浸｜立意 👦玩家配置:三男三女 🕰体验时长:4-5小时 一个很有创意和特色的本子，未来科幻的世界里 ...全文,架空 机制 沉浸 思辨,miquan_ratings.csv,miquan,mobile,3,3,6,,5.0,,,,6,,4-5h,False,True
3292,相册,相册,7.6,7.3,6.4,0.0,0.0,0.0,0.0,0.0,0.0,0.0,0.0,0,0,0,7.1,0.0,0,0,0,0,1.4,2118.0,79,白八工作室,3男3女 4.0小时 进阶 2021.01发行,,miquan_ratings.csv,miquan,mobile,3,3,6,,4.0,进阶,2021,1,6,2021-01-01,3-4h,True,False
3294,尸速公路,尸速公路,6.3,6.6,6.5,0.0,0.0,0.0,0.0,0.0,0.0,0.0,0.0,0,0,0,0.0,0.0,0,0,0,0,16246.0,20409.0,760,司家侦探,3男3女 4.5小时 进阶 2022.03发行,,miquan_ratings.csv,miquan,mobile,3,3,6,,4.5,进阶,2022,3,6,2022-03-01,4-5h,False,True
3296,李白,李白,6.9,6.6,0.0,0.0,0.0,6.6,0.0,6.2,0.0,0.0,0.0,0,0,0,0.0,0.0,0,0,0,0,1.4,3640.0,137,非羽工作室,3男3女 4.5小时 进阶 2022.03发行,古风 还原 沉浸 武侠,miquan_ratings.csv,miquan,mobile,3,3,6,,4.5,进阶,2022,3,6,2022-03-01,4-5h,True,False
3297,难生恨,难生恨,7.6,7.3,0.0,0.0,0.0,7.4,0.0,0.0,0.0,7.5,0.0,0,0,0,0.0,0.0,0,0,0,0,6562.0,24285.0,1669,青岚戏探,3男3女 5.0小时 进阶 2021.09发行,古风 情感 演绎 仙侠,miquan_ratings.csv,miquan,mobile,3,3,6,,5.0,进阶,2021,9,6,2021-09-01,4-5h,False,True
3298,可甜了,可甜了,7.3,6.7,5.8,0.0,0.0,7.0,0.0,0.0,0.0,0.0,0.0,0,0,0,0.0,0.0,0,0,0,0,3.4,14449.0,491,实迷文化,3男3女 4.5小时 新手 2021.11发行,架空 情感 沉浸 都市,miquan_ratings.csv,miquan,mobile,3,3,6,,4.5,新手,2021,11,6,2021-11-01,4-5h,True,False
3299,来电2,来电2,6.1,6.4,0.0,0.0,6.8,0.0,6.2,0.0,0.0,0.0,0.0,0,0,0,0.0,0.0,0,0,0,0,3.8,92673.0,2254,剧堆,3男3女 3.5小时 新手 2022.05发行,架空 机制 欢乐 都市,miquan_ratings.csv,miquan,mobile,3,3,6,,3.5,新手,2022,5,6,2022-05-01,3-4h,True,False
3300,听到请回答,听到请回答,8.0,7.5,6.9,0.0,0.0,0.0,0.0,0.0,0.0,0.0,0.0,0,0,0,8.0,0.0,0,0,0,0,1.4,6559.0,263,入梦剧制; 惊人院,4男2女 4.0小时 进阶 2021.12发行,,miquan_ratings.csv,miquan,mobile,4,2,6,,4.0,进阶,2021,12,6,2021-12-01,3-4h,True,False
3301,我的区长爸爸,我的区长爸爸,8.2,7.7,0.0,0.0,0.0,7.9,6.8,0.0,0.0,0.0,0.0,0,0,0,0.0,0.0,0,0,0,0,7609.0,33016.0,1338,一只猫文创,3男3女 4.0小时 新手 2022.03发行,中式 机制 沉浸 校园,miquan_ratings.csv,miquan,mobile,3,3,6,,4.0,新手,2022,3,6,2022-03-01,3-4h,False,True
3302,落子无悔,落子无悔,7.0,7.0,0.0,0.0,0.0,7.2,0.0,0.0,0.0,7.4,0.0,0,0,0,0.0,0.0,0,0,0,0,6562.0,21498.0,1040,东方剧制,补测🌟《落子无悔》🌟 古风｜仙侠｜演绎｜情感本 玩家人数:三男三女 体验时长:4-5小时 这个本记得22年打的，是我打的东方剧制家第一...全文,古风 情感 演绎 仙侠,miquan_ratings.csv,miquan,mobile,3,3,6,,5.0,,,,6,,4-5h,False,True
3304,曼哈顿,曼哈顿,7.6,7.4,7.1,0.0,0.0,0.0,0.0,0.0,0.0,0.0,0.0,0,0,0,7.3,0.0,0,0,0,0,1.4,26192.0,1195,就是玩工作室,4男2女 4.5小时 进阶 2022.02发行,,miquan_ratings.csv,miquan,mobile,4,2,6,,4.5,进阶,2022,2,6,2022-02-01,4-5h,True,False
3306,将至2,将至2,7.4,7.5,0.0,6.4,0.0,0.0,6.7,0.0,0.0,0.0,0.0,0,0,0,0.0,0.0,0,0,0,0,2.6,22884.0,827,老玉米联合工作室,4男4女 5.0小时 进阶,架空 机制 悬疑 武侠,miquan_ratings.csv,miquan,mobile,4,4,8,,5.0,进阶,,,8,,4-5h,True,False
3307,霜华引,霜华引,6.3,6.3,0.0,0.0,0.0,6.5,0.0,0.0,0.0,6.8,0.0,0,0,0,0.0,0.0,0,0,0,0,6562.0,12726.0,335,剧满楼创意工作室,3男3女 4.0小时 进阶 2021.06发行,古风 情感 演绎 仙侠,miquan_ratings.csv,miquan,mobile,3,3,6,,4.0,进阶,2021,6,6,2021-06-01,3-4h,False,True
3309,山河无名,山河无名,8.2,7.8,0.0,0.0,0.0,7.8,7.0,0.0,0.0,0.0,0.0,0,0,0,0.0,0.0,0,0,0,0,7609.0,21315.0,1172,宿韵联达,3男3女 4.5小时 新手 2021.12发行,民国 机制 沉浸 校园,miquan_ratings.csv,miquan,mobile,3,3,6,,4.5,新手,2021,12,6,2021-12-01,4-5h,False,True
3311,梵高先生,梵高先生,7.2,6.9,6.7,0.0,0.0,0.0,0.0,0.0,0.0,0.0,0.0,0,0,0,0.0,0.0,0,0,0,0,4808.0,8760.0,187,锡世文创,3男3女 4.0小时 进阶 2021.07发行,,miquan_ratings.csv,miquan,mobile,3,3,6,,4.0,进阶,2021,7,6,2021-07-01,3-4h,False,True
3313,人上人,人上人,6.0,0.0,0.0,0.0,0.0,0.0,0.0,0.0,0.0,0.0,0.0,0,0,0,0.0,0.0,0,0,0,0,7609.0,0.0,0,大事件档案馆,4男3女 4.0小时 进阶 2020.12发行,中式 机制 沉浸 都市,miquan_ratings.csv,miquan,mobile,4,3,7,,4.0,进阶,2020,12,7,2020-12-01,3-4h,False,True
3314,玫瑰少年,玫瑰少年,7.5,7.2,6.8,0.0,0.0,0.0,0.0,0.0,0.0,0.0,0.0,0,0,0,7.5,0.0,0,0,0,0,1.4,29102.0,1066,妄想剧场工作室,4男2女 4.0小时 进阶,,miquan_ratings.csv,miquan,mobile,4,2,6,,4.0,进阶,,,6,,3-4h,True,False
3315,浊酒敬浮生,浊酒敬浮生,2.0,0.0,0.0,0.0,0.0,0.0,0.0,0.0,0.0,0.0,0.0,0,0,0,0.0,0.0,0,0,0,0,2.8,0.0,0,黑猫剧社,3男3女 4.0小时 进阶 2021.05发行,民国 推理 沉浸 战争,miquan_ratings.csv,miquan,mobile,3,3,6,,4.0,进阶,2021,5,6,2021-05-01,3-4h,True,False
3316,爱尔兰多的巫师,爱尔兰多的巫师,7.6,7.2,7.2,6.9,0.0,0.0,0.0,0.0,0.0,0.0,0.0,0,0,0,0.0,0.0,0,0,0,0,17427.0,27245.0,1163,曼彻斯特書局,3男4女 6.0小时 高阶 2021.10发行,,miquan_ratings.csv,miquan,mobile,3,4,7,,6.0,高阶,2021,10,7,2021-10-01,5-6h,False,True
3318,遥不可及,遥不可及,7.0,0.0,0.0,0.0,0.0,0.0,0.0,0.0,0.0,0.0,0.0,0,0,0,0.0,0.0,0,0,0,0,2.8,0.0,0,迷若谷,4男3女 4.0小时 进阶 2021.04发行,架空 推理 沉浸 都市,miquan_ratings.csv,miquan,mobile,4,3,7,,4.0,进阶,2021,4,7,2021-04-01,3-4h,True,False
3320,疯子和疯子和疯子和疯子和疯子和疯子,疯子和疯子和疯子和疯子和疯子和疯子,7.0,7.0,0.0,0.0,0.0,0.0,0.0,7.1,0.0,0.0,0.0,0,0,0,6.7,0.0,0,0,0,0,6565.0,71684.0,2723,旧梦改造车间,3男3女 4.5小时 进阶 2022.01发行,,miquan_ratings.csv,miquan,mobile,3,3,6,,4.5,进阶,2022,1,6,2022-01-01,4-5h,False,True
3321,把爱吐进垃圾桶,把爱吐进垃圾桶,6.6,6.5,0.0,0.0,0.0,6.7,6.5,0.0,0.0,0.0,0.0,0,0,0,0.0,0.0,0,0,0,0,7609.0,3569.0,87,黄昏别馆,3男3女 3.5小时 新手 2021.12发行,中式 机制 沉浸 都市,miquan_ratings.csv,miquan,mobile,3,3,6,,3.5,新手,2021,12,6,2021-12-01,3-4h,False,True
3322,云光川,云光川,6.7,6.9,6.7,0.0,0.0,0.0,0.0,0.0,0.0,0.0,0.0,0,0,0,6.7,0.0,0,0,0,0,1.4,7465.0,229,剧幕工坊,3男3女 5.0小时 进阶 2022.03发行,,miquan_ratings.csv,miquan,mobile,3,3,6,,5.0,进阶,2022,3,6,2022-03-01,4-5h,True,False
3323,发条爸爸,发条爸爸,6.7,7.1,6.1,0.0,0.0,0.0,0.0,0.0,7.0,0.0,0.0,0,0,0,0.0,0.0,0,0,0,0,7609.0,15147.0,482,九州长歌工作室,3男3女 3.5小时 进阶 2022.03发行,中式 机制 沉浸 都市,miquan_ratings.csv,miquan,mobile,3,3,6,,3.5,进阶,2022,3,6,2022-03-01,3-4h,False,True
3324,兴疯作浪,兴疯作浪,6.7,6.7,0.0,0.0,6.9,0.0,0.0,0.0,0.0,0.0,0.0,0,0,0,0.0,6.7,0,0,0,0,5.8,2250.0,68,猛龙有家剧本发行工作室,4男3女 3.5小时 新手 2022.03发行,民国 阵营 欢乐 新手,miquan_ratings.csv,miquan,mobile,4,3,7,,3.5,新手,2022,3,7,2022-03-01,3-4h,True,False
3325,乱世佳人,乱世佳人,8.2,7.7,0.0,0.0,0.0,7.7,0.0,0.0,0.0,8.4,0.0,0,0,0,0.0,0.0,0,0,0,0,6568.0,32364.0,1220,忆拾玖发行工作室; 小本买卖工作室,3男3女 4.0小时 进阶 2021.07发行,,miquan_ratings.csv,miquan,mobile,3,3,6,,4.0,进阶,2021,7,6,2021-07-01,3-4h,False,True
3326,二十不惑,二十不惑,7.6,7.0,0.0,0.0,0.0,6.9,7.1,0.0,0.0,0.0,0.0,0,0,0,0.0,0.0,0,0,0,0,7609.0,18162.0,432,诡迷剧本发行工作室,3男3女 4.5小时 进阶 2021.03发行,中式 机制 沉浸 都市,miquan_ratings.csv,miquan,mobile,3,3,6,,4.5,进阶,2021,3,6,2021-03-01,4-5h,False,True
3327,橡皮,橡皮,7.8,7.5,0.0,0.0,0.0,7.8,6.4,0.0,0.0,0.0,0.0,0,0,0,0.0,0.0,0,0,0,0,7609.0,48175.0,1849,天津剧盟发行工作室,2男4女 4.0小时 进阶 2022.03发行,中式 机制 沉浸 都市,miquan_ratings.csv,miquan,mobile,2,4,6,,4.0,进阶,2022,3,6,2022-03-01,3-4h,False,True
3329,我和我的战争,我和我的战争,8.3,7.8,6.9,0.0,0.0,0.0,0.0,0.0,7.6,0.0,0.0,0,0,0,0.0,0.0,0,0,0,0,2.8,8429.0,248,LARP原创工作室,4男2女 4.5小时 进阶 2021.05发行,欧美 推理 沉浸 战争,miquan_ratings.csv,miquan,mobile,4,2,6,,4.5,进阶,2021,5,6,2021-05-01,4-5h,True,False
3330,奇妙万事屋,奇妙万事屋,7.8,7.4,0.0,0.0,7.4,0.0,0.0,7.3,0.0,0.0,0.0,0,0,0,0.0,0.0,0,0,0,0,1.5,32782.0,1351,浮生梦文创,4男3女 6.0小时 进阶 2022.01发行,日式 还原 欢乐 二次元,miquan_ratings.csv,miquan,mobile,4,3,7,,6.0,进阶,2022,1,7,2022-01-01,5-6h,True,False
3331,似锦,似锦,7.2,7.2,0.0,0.0,0.0,7.0,0.0,0.0,6.7,0.0,0.0,0,0,0,0.0,0.0,0,0,0,0,3.4,6411.0,134,涟漪剧本工作室,3男3女 4.0小时 进阶 2021.02发行,中式 情感 沉浸 校园,miquan_ratings.csv,miquan,mobile,3,3,6,,4.0,进阶,2021,2,6,2021-02-01,3-4h,True,False
3332,木鬼,木鬼,6.7,6.6,0.0,0.0,0.0,0.0,0.0,6.6,0.0,0.0,0.0,0,0,0,0.0,0.0,0,0,0,0,11.3,28444.0,917,PlayLab工作室,3男3女 4.0小时 新手 2022.02发行,,miquan_ratings.csv,miquan,mobile,3,3,6,,4.0,新手,2022,2,6,2022-02-01,3-4h,True,False
3333,星河旅馆,星河旅馆,7.2,6.9,0.0,0.0,0.0,0.0,6.2,0.0,7.1,0.0,0.0,0,0,0,0.0,0.0,0,0,0,0,7609.0,7645.0,266,纸上千秋工作室,3男3女 3.5小时 新手 2022.01发行,中式 机制 沉浸 都市,miquan_ratings.csv,miquan,mobile,3,3,6,,3.5,新手,2022,1,6,2022-01-01,3-4h,False,True
3334,天山落雪,天山落雪,5.4,5.5,0.0,0.0,0.0,5.8,0.0,0.0,0.0,5.8,0.0,0,0,0,0.0,0.0,0,0,0,0,6569.0,1883.0,84,兔圆剧制,3男3女 4.0小时 新手,古风 情感 演绎 其他,miquan_ratings.csv,miquan,mobile,3,3,6,,4.0,新手,,,6,,3-4h,False,True
3335,荧光杀人事件,荧光杀人事件,6.7,6.6,6.8,0.0,0.0,0.0,0.0,0.0,0.0,0.0,0.0,0,0,0,5.9,0.0,0,0,0,0,1.4,13768.0,565,叱鲸文化,3男3女 4.5小时 进阶 2022.03发行,日式 推理 立意 都市,miquan_ratings.csv,miquan,mobile,3,3,6,,4.5,进阶,2022,3,6,2022-03-01,4-5h,True,False
3336,那一束月光,那一束月光,7.5,7.3,0.0,0.0,0.0,7.3,0.0,0.0,7.4,0.0,0.0,0,0,0,0.0,0.0,0,0,0,0,3.4,163545.0,7551,神域文化,3男3女 4.5小时 进阶 2022.03发行,中式 情感 沉浸 都市,miquan_ratings.csv,miquan,mobile,3,3,6,,4.5,进阶,2022,3,6,2022-03-01,4-5h,True,False
3338,一直下雨的星期天,一直下雨的星期天,7.2,6.8,0.0,0.0,0.0,0.0,6.3,0.0,7.3,0.0,0.0,0,0,0,0.0,0.0,0,0,0,0,7609.0,15072.0,556,东方剧制; 入界文创,《一直下雨的星期天》你与星辰皆可收藏😭 （机制 情感·3男4女） ⏳：4.5小时 🎭角色线路（4对cp，男左...全文,中式 机制 沉浸 都市,miquan_ratings.csv,miquan,mobile,3,4,7,,4.5,,,,7,,4-5h,False,True
3339,菖蒲与栀子花,菖蒲与栀子花,8.3,7.8,0.0,0.0,0.0,7.6,0.0,0.0,7.6,0.0,0.0,0,0,0,0.0,0.0,0,0,0,0,3.4,16158.0,744,南昌罗生门推理室,4男3女 4.5小时 进阶 2022.01发行,中式 情感 沉浸 都市,miquan_ratings.csv,miquan,mobile,4,3,7,,4.5,进阶,2022,1,7,2022-01-01,4-5h,True,False
3340,起风了·祈风,起风了·祈风,6.2,6.2,0.0,0.0,0.0,6.4,0.0,0.0,0.0,6.3,0.0,0,0,0,0.0,0.0,0,0,0,0,6570.0,3194.0,49,有糖谋杀之谜工作室,3男3女 4.0小时 进阶 2021.02发行,,miquan_ratings.csv,miquan,mobile,3,3,6,,4.0,进阶,2021,2,6,2021-02-01,3-4h,False,True
3341,须臾,须臾,9.0,8.5,8.6,0.0,0.0,0.0,0.0,0.0,0.0,0.0,0.0,0,0,0,0.0,0.0,0,0,0,0,115266.0,105136.0,10105,涟漪剧本工作室,3男3女 6.0小时 高阶 2020.10发行,,miquan_ratings.csv,miquan,mobile,3,3,6,,6.0,高阶,2020,10,6,2020-10-01,5-6h,False,True
3342,阴明寺,阴明寺,7.6,7.0,6.8,6.7,0.0,0.0,0.0,0.0,0.0,0.0,0.0,0,0,0,0.0,0.0,0,0,0,0,1969.0,3381.0,160,百川望辰工作室,3男1女 2.0小时 新手,,miquan_ratings.csv,miquan,mobile,3,1,4,,2.0,新手,,,4,,<=3h,False,True
3344,泉溪村,泉溪村,7.0,7.0,6.8,0.0,0.0,0.0,0.0,0.0,0.0,0.0,0.0,0,0,0,0.0,0.0,0,0,0,0,1062.0,5775.0,213,鑫梦人生,2男2女 3.5小时 新手 2021.08发行,日式 推理 惊悚 其他,miquan_ratings.csv,miquan,mobile,2,2,4,,3.5,新手,2021,8,4,2021-08-01,3-4h,False,True
3345,黑星之陨,黑星之陨,7.1,0.0,0.0,0.0,0.0,0.0,0.0,7.0,0.0,7.1,0.0,0,0,0,7.0,0.0,0,0,0,0,6250.0,12168.0,366,羲和工作室,2男3女 4.5小时 进阶 2021.06发行,,miquan_ratings.csv,miquan,mobile,2,3,5,,4.5,进阶,2021,6,5,2021-06-01,4-5h,False,True
3346,日暮归思,日暮归思,8.1,7.7,0.0,0.0,0.0,7.8,0.0,0.0,0.0,7.8,0.0,0,0,0,0.0,0.0,0,0,0,0,6570.0,30632.0,1445,百玄文创工作室,体验角色衬衣男，时长6h，记录下意外坐牢的一天。 打之前听闻《日暮归思》是一个亲情治愈本，所以还是抱有挺高期待的。等拿到角色后发现，整个故事里几乎只有死去的战友，对珍视女儿的描写少之又少，更不必说在场的其他角色。所以在长达三个小时的互相输出环节，个人参与感...全文,,miquan_ratings.csv,miquan,mobile,,,,,6.0,,,,,,5-6h,False,True
3347,忒修斯少女,忒修斯少女,6.1,6.5,6.4,0.0,0.0,0.0,0.0,0.0,0.0,0.0,0.0,0,0,0,0.0,0.0,0,0,0,0,762.0,8386.0,214,九州长歌工作室,0男6女 3.5小时 进阶,,miquan_ratings.csv,miquan,mobile,0,6,6,,3.5,进阶,,,6,,3-4h,False,True
3349,加官进爵,加官进爵,6.8,6.5,0.0,0.0,6.8,0.0,7.0,0.0,0.0,0.0,0.0,0,0,0,0.0,0.0,0,0,0,0,3.8,3405.0,113,末晗文化,5男5女 4.5小时 进阶 2021.11发行,架空 机制 欢乐 历史,miquan_ratings.csv,miquan,mobile,5,5,10,,4.5,进阶,2021,11,10,2021-11-01,4-5h,True,False
3350,尾行,尾行,8.0,0.0,0.0,0.0,0.0,0.0,0.0,0.0,0.0,0.0,0.0,0,0,0,0.0,0.0,0,0,0,0,0.0,0.0,0,益本剧制,3男2女 3.0小时 新手 2021.12发行,日式 推理 惊悚 都市,miquan_ratings.csv,miquan,mobile,3,2,5,,3.0,新手,2021,12,5,2021-12-01,<=3h,False,True
3352,痛仰,痛仰,7.3,6.8,6.2,0.0,0.0,0.0,0.0,0.0,7.1,0.0,0.0,0,0,0,0.0,0.0,0,0,0,0,6570.0,7810.0,259,侦心不改,3男3女 4.0小时 进阶,,miquan_ratings.csv,miquan,mobile,3,3,6,,4.0,进阶,,,6,,3-4h,False,True
3353,彩虹岛,彩虹岛,7.5,7.4,6.4,0.0,0.0,0.0,0.0,0.0,7.4,0.0,0.0,0,0,0,0.0,0.0,0,0,0,0,2.8,8583.0,237,墨染剧本发行工作室,补测系列《🌈岛》 📖剧本类型:中式｜沉浸｜推理｜都市｜新手 👦玩家配置:三男三女（不可反串） 🕰体验时长:4个小时 一本新手情感本入门级的，你要说太烂不至于我对...全文,中式 推理 沉浸 都市,miquan_ratings.csv,miquan,mobile,3,3,6,,4.0,新手,,,6,,3-4h,True,False
3354,嗜生,嗜生,6.3,6.7,6.6,0.0,6.7,0.0,0.0,0.0,0.0,0.0,0.0,0,0,0,0.0,0.0,0,0,0,0,2248.0,5832.0,185,东方快车工作室,2男4女 5.0小时 进阶 2022.01发行,国外 推理 欢乐 都市,miquan_ratings.csv,miquan,mobile,2,4,6,,5.0,进阶,2022,1,6,2022-01-01,4-5h,False,True
3357,别说你还好,别说你还好,5.8,6.5,0.0,0.0,0.0,0.0,6.3,0.0,6.7,0.0,0.0,0,0,0,0.0,0.0,0,0,0,0,7609.0,2768.0,58,艺坛文化,补测系列《别说你还好》 📖剧本类型：中式｜机制｜成长｜情感｜ 👦玩家配置：三男三女 ⌚️体验时长：4.5个小时 时光缓缓流淌，...全文,中式 机制 沉浸 都市,miquan_ratings.csv,miquan,mobile,3,3,6,,4.5,,,,6,,4-5h,False,True
3360,杀进头等舱,杀进头等舱,5.6,5.8,0.0,0.0,6.5,0.0,5.9,0.0,0.0,0.0,0.0,0,0,0,0.0,0.0,0,0,0,0,3.8,22485.0,558,千手千臂工作室,4男3女 4.5小时 进阶 2022.02发行,中式 机制 欢乐 都市,miquan_ratings.csv,miquan,mobile,4,3,7,,4.5,进阶,2022,2,7,2022-02-01,4-5h,True,False
3362,慢慢又漫漫,慢慢又漫漫,8.0,7.6,0.0,0.0,0.0,7.6,6.5,0.0,0.0,0.0,0.0,0,0,0,0.0,0.0,0,0,0,0,7609.0,30772.0,1341,棋飞翔,3男3女 5.0小时 进阶 2021.10发行,中式 机制 沉浸 都市,miquan_ratings.csv,miquan,mobile,3,3,6,,5.0,进阶,2021,10,6,2021-10-01,4-5h,False,True
3363,黑夜将至,黑夜将至,7.5,7.0,0.0,7.0,0.0,0.0,0.0,0.0,0.0,0.0,0.0,0,0,0,0.0,7.0,0,0,0,0,9517.0,17073.0,563,星环剧制,3男3女 4.5小时 进阶 2022.02发行,,miquan_ratings.csv,miquan,mobile,3,3,6,,4.5,进阶,2022,2,6,2022-02-01,4-5h,False,True
3364,当世界无声无息,当世界无声无息,6.6,6.6,6.4,0.0,0.0,0.0,0.0,6.8,0.0,0.0,0.0,0,0,0,0.0,0.0,0,0,0,0,5044.0,8827.0,308,水镜出品,4男2女 5.0小时 进阶 2022.03发行,,miquan_ratings.csv,miquan,mobile,4,2,6,,5.0,进阶,2022,3,6,2022-03-01,4-5h,False,True
3365,DM又死了,DM又死了,5.7,6.1,6.1,0.0,0.0,0.0,0.0,0.0,0.0,0.0,0.0,0,0,0,0.0,0.0,0,0,0,0,15891.0,30181.0,785,武汉Top剧本工作,3男3女 4.5小时 进阶 2022.04发行,,miquan_ratings.csv,miquan,mobile,3,3,6,,4.5,进阶,2022,4,6,2022-04-01,4-5h,False,True
3366,这美好的一天,这美好的一天,8.0,7.2,7.7,0.0,0.0,0.0,0.0,0.0,0.0,0.0,0.0,0,0,0,6.7,0.0,0,0,0,0,1.4,19561.0,1124,嫌疑猫SUSPECAT,时长为6小时，这美好的一天必然不属于孟宏伟，我曾以为沥川的小女孩是史上最边，但自从见过孟宏伟之后，我要对小女孩说句对不起！孟宏伟是个连本都没有的男人，还要和别人分享同一视角！他的存在仿佛一个谜题，为什么会是七人本呢？也许作者是想让非孟宏伟的其他6名玩家知道，你们拿到本的瞬间即是美好的一天！,,miquan_ratings.csv,miquan,mobile,,,,7,6.0,,,,7,,5-6h,True,False
3368,刀光贱影,刀光贱影,5.6,5.9,0.0,0.0,6.5,0.0,6.0,0.0,0.0,0.0,0.0,0,0,0,0.0,0.0,0,0,0,0,3.8,6369.0,143,猛龙有家剧本发行工作室,3男3女 3.5小时 新手 2022.03发行,架空 机制 欢乐 武侠,miquan_ratings.csv,miquan,mobile,3,3,6,,3.5,新手,2022,3,6,2022-03-01,3-4h,True,False
3369,异想魔术馆,异想魔术馆,7.1,7.0,7.1,0.0,6.6,0.0,0.0,0.0,0.0,0.0,0.0,0,0,0,0.0,0.0,0,0,0,0,11972.0,24717.0,918,葵花工作室,4男2女 6.0小时 高阶 2021.12发行,架空 推理 欢乐 都市,miquan_ratings.csv,miquan,mobile,4,2,6,,6.0,高阶,2021,12,6,2021-12-01,5-6h,False,True
3370,童谣在黑夜中消失,童谣在黑夜中消失,6.0,0.0,0.0,0.0,0.0,0.0,0.0,0.0,0.0,0.0,0.0,0,0,0,0.0,0.0,0,0,0,0,3.8,0.0,0,剧妖文化,3男3女 4.5小时 进阶 2022.02发行,架空 机制 欢乐 都市,miquan_ratings.csv,miquan,mobile,3,3,6,,4.5,进阶,2022,2,6,2022-02-01,4-5h,True,False
3371,丁达尔效应,丁达尔效应,3.0,0.0,0.0,0.0,0.0,0.0,0.0,0.0,0.0,0.0,0.0,0,0,0,0.0,0.0,0,0,0,0,7609.0,0.0,0,案发现场工作室,3男3女 4.5小时 新手 2021.11发行,中式 机制 沉浸 都市,miquan_ratings.csv,miquan,mobile,3,3,6,,4.5,新手,2021,11,6,2021-11-01,4-5h,False,True
3373,青鸟之夏,青鸟之夏,6.6,6.7,6.5,0.0,0.0,0.0,0.0,0.0,6.8,0.0,0.0,0,0,0,0.0,0.0,0,0,0,0,6575.0,3454.0,92,灵魂剧院,3男3女 4.0小时 新手 2021.08发行,日式 情感 演绎 二次元,miquan_ratings.csv,miquan,mobile,3,3,6,,4.0,新手,2021,8,6,2021-08-01,3-4h,False,True
3375,榴莲,榴莲,6.4,6.6,6.6,0.0,0.0,0.0,0.0,0.0,7.0,0.0,0.0,0,0,0,0.0,0.0,0,0,0,0,3.8,2967.0,79,小黑板发行工作室,3男3女 4.5小时 进阶 2022.01发行,中式 机制 欢乐 都市,miquan_ratings.csv,miquan,mobile,3,3,6,,4.5,进阶,2022,1,6,2022-01-01,4-5h,True,False
3376,镖师,镖师,8.3,7.8,0.0,0.0,0.0,7.6,7.6,0.0,0.0,0.0,0.0,0,0,0,0.0,0.0,0,0,0,0,1465.0,27891.0,1111,夜归人工作室; 忆拾玖发行工作室,4男3女 4.5小时 新手 2021.11发行,民国 情感 跑团 武侠,miquan_ratings.csv,miquan,mobile,4,3,7,,4.5,新手,2021,11,7,2021-11-01,4-5h,False,True
3378,失去第一次爱的人,失去第一次爱的人,7.1,6.7,6.0,0.0,0.0,0.0,0.0,0.0,6.8,0.0,0.0,0,0,0,0.0,0.0,0,0,0,0,7609.0,7816.0,254,珏得发行工作室,3男3女 4.0小时 进阶 2021.11发行,中式 机制 沉浸 都市,miquan_ratings.csv,miquan,mobile,3,3,6,,4.0,进阶,2021,11,6,2021-11-01,3-4h,False,True
