query,script_title,overall_rating,剧情,推理,悬疑,欢乐,情感,机制,还原,沉浸,演绎,玩法,故事,难度,互动,立意,阵营,本格,变格,恐怖,硬核,want_count,played_count,review_count,publishers,metadata,tags
龙傲天,,0,0,0,0,0,0,0,0,0,0,0,0,0,0,0,0,0,0,0,0,0,0,0,,,
蜕变俱乐部2,蜕变俱乐部2：海的女儿,7.2,7.1,0,0,0,6.5,6.9,0,0,0,0,0,0,0,0,0,0,0,0,0,7607,14689,198,阿斯巴甜,4男3女 4.0小时 高阶 2020.08发行,欧美 机制 沉浸 童话
今夕何夕,今夕何夕,6.7,7.0,6.4,0,0,6.9,0,0,0,0,0,0,0,0,0,0,0,0,0,0,2.8,19494,250,KEYS工作室,5男2女 4.5小时 进阶 2020.08发行,古风 推理 沉浸 家国
蜕变俱乐部,蜕变俱乐部,7.3,7.2,0,7.1,0,0,7.1,0,0,0,0,0,0,0,0,0,0,0,0,0,2.6,17865,239,阿斯巴甜,4男3女 5.0小时 高阶 2020.06发行,
土狗,土狗,8.0,7.7,0,7.6,0,0,0,8.0,0,0,0,0,0,0,0,0,0,0,0,0,5049,37782,5692,解语花剧本工作室,4男2女 7.0小时 进阶 2025.06发行,
我是谜答案,,0,0,0,0,0,0,0,0,0,0,0,0,0,0,0,0,0,0,0,0,0,0,0,,,
百变大侦探,,0,0,0,0,0,0,0,0,0,0,0,0,0,0,0,0,0,0,0,0,0,0,0,,,
苍岐,,0,0,0,0,0,0,0,0,0,0,0,0,0,0,0,0,0,0,0,0,0,0,0,,,
再见的三次方,,0,0,0,0,0,0,0,0,0,0,0,0,0,0,0,0,0,0,0,0,0,0,0,,,
虚无的十字架,,0,0,0,0,0,0,0,0,0,0,0,0,0,0,0,0,0,0,0,0,0,0,0,,,
暗黑者2七宗欲,,0,0,0,0,0,0,0,0,0,0,0,0,0,0,0,0,0,0,0,0,0,0,0,,,
野蔷薇2落椿,,0,0,0,0,0,0,0,0,0,0,0,0,0,0,0,0,0,0,0,0,0,0,0,,,
雉双归,雉双归,8.0,7.7,7.3,0,0,7.4,0,0,0,0,0,0,0,0,0,0,0,0,0,0,2.8,33133,1608,慢热TUO,【5小时/令翼/没有边缘/体验分：8分】 ✅一句话总结：宝藏盒装有机会快来补课呀！ 『🌟关键词：ip本，推理情感并重，流程衔接顺畅，文笔细腻，故事分享大会，有结局抉择』 『🌟角色体验：男女玩家体验没有明...全文,古风 推理 沉浸 武侠
东君前传,,0,0,0,0,0,0,0,0,0,0,0,0,0,0,0,0,0,0,0,0,0,0,0,,,
俞家旅店,俞家旅店,7.2,6.8,6.7,6.7,0,0,0,0,0,0,0,0,0,0,0,0,0,0,0,0,1338,3951,190,百川望辰工作室,3男1女 2.0小时 新手,架空 推理 悬疑 新手
三体最终决议,,0,0,0,0,0,0,0,0,0,0,0,0,0,0,0,0,0,0,0,0,0,0,0,,,
你还有遗憾吗,你还有遗憾吗,6.7,6.3,0,0,0,6.4,0,0,0,6.1,0,0,0,0,0,0,0,0,0,0,1.1,3110,101,西安如约而至; 天津剧盟发行工作室,2男4女 4.5小时 新手 2021.08发行,
哈哈哈,,0,0,0,0,0,0,0,0,0,0,0,0,0,0,0,0,0,0,0,0,0,0,0,,,
兔子的世界下起了胡萝卜雨,兔子的世界下起了胡萝卜雨,7,0,0,0,0,0,0,0,0,0,0,0,0,0,0,0,0,0,0,0,1.1,0,0,九袋剧探,3男3女 4.5小时 新手,
将死未死的THX,将死未死的THX,6.1,6.5,6.4,6.3,0,0,0,0,0,0,0,0,0,0,0,0,0,0,0,0,14084,33466,1143,满分工作室; DA剧本工场,【将死未死的THX】反转／推理／还原／悬疑 【角色时长】眼镜男／7小时 【人数配置】4男2女／可反串 【推荐角色】无边缘位，确实想上车体验的话推荐衬衫男／卫衣女 【选店建议】该本对DM要求极高！不是演...全文,
大雪侦探和倒霉蛋,大雪，侦探和倒霉蛋,8.3,7.8,0,7.4,0,0,0,7.9,0,0,0,0,0,0,0,0,0,0,0,0,1.1,88756,6011,苏墨工作室; 起源ORIGIN工作室,3男3女 6.0小时 高阶 2022.06发行,
夜行惊奇卷,怪闻！夜行惊奇卷,7.5,7.2,7.4,0,0,0,0,0,0,0,0,0,0,0,0,0,0,0,0,0,38395,60271,3528,葵花工作室; 咪咕挑灯工作室,3男3女 5.5小时 高阶 2022.06发行,
群雄逐鹿,群雄逐鹿,8.7,7.9,0,0,0,7.2,8.4,0,0,0,0,0,0,0,0,0,0,0,0,0,41583,74259,3720,FB发行工作室,5男3女 7.0小时 进阶 2022.05发行,
玛丽苏推理守则,玛丽苏推理守则,7.3,6.7,6.8,0,7.6,0,0,0,0,0,0,0,0,0,0,0,0,0,0,0,16359,29558,1460,隐匿角色,3男4女 4.0小时 进阶 2022.03发行,日式 推理 欢乐 二次元
林记凉茶铺,林记凉茶铺：1996,8.5,7.9,0,0,0,8.1,0,0,0,8.2,0,0,0,0,0,0,0,0,0,0,1.1,35057,2531,国家地理探测室,3男3女 4.5小时 进阶 2022.03发行,
疯子和疯子和疯子,疯子和疯子和疯子和疯子和疯子和疯子,7.0,7.0,0,0,0,0,0,7.1,0,0,0,0,0,0,6.7,0,0,0,0,0,6578,71707,2725,旧梦改造车间,3男3女 4.5小时 进阶 2022.01发行,
239,,0,0,0,0,0,0,0,0,0,0,0,0,0,0,0,0,0,0,0,0,0,0,0,,,
婚礼谋杀案,,0,0,0,0,0,0,0,0,0,0,0,0,0,0,0,0,0,0,0,0,0,0,0,,,
怪病侵袭,,0,0,0,0,0,0,0,0,0,0,0,0,0,0,0,0,0,0,0,0,0,0,0,,,
神秘研究所,,0,0,0,0,0,0,0,0,0,0,0,0,0,0,0,0,0,0,0,0,0,0,0,,,
隋唐大运河原版,,0,0,0,0,0,0,0,0,0,0,0,0,0,0,0,0,0,0,0,0,0,0,0,,,
盛世蓝星号,,0,0,0,0,0,0,0,0,0,0,0,0,0,0,0,0,0,0,0,0,0,0,0,,,
大明青龙劫,,0,0,0,0,0,0,0,0,0,0,0,0,0,0,0,0,0,0,0,0,0,0,0,,,
西部惊魂英文,,0,0,0,0,0,0,0,0,0,0,0,0,0,0,0,0,0,0,0,0,0,0,0,,,
恐怖童谣,恐怖童谣惊魂祭,5.8,6.6,6.5,0,0,0,0,0,0,0,0,0,0,0,0,0,0,0,0,0,494,4768,64,,4男2女 4.0小时 进阶 2020.05发行,
四大名捕3之龙门客栈,,0,0,0,0,0,0,0,0,0,0,0,0,0,0,0,0,0,0,0,0,0,0,0,,,
红色幽灵,,0,0,0,0,0,0,0,0,0,0,0,0,0,0,0,0,0,0,0,0,0,0,0,,,
奥伯利庄园,,0,0,0,0,0,0,0,0,0,0,0,0,0,0,0,0,0,0,0,0,0,0,0,,,
古堡惊魂,古堡惊魂,4,0,0,0,0,0,0,0,0,0,0,0,0,0,0,0,0,0,0,0,0,0,0,,5男3女 4.5小时 进阶,
帝国旅馆谋杀案英文,,0,0,0,0,0,0,0,0,0,0,0,0,0,0,0,0,0,0,0,0,0,0,0,,,
疯人院,,0,0,0,0,0,0,0,0,0,0,0,0,0,0,0,0,0,0,0,0,0,0,0,,,
无间道,,0,0,0,0,0,0,0,0,0,0,0,0,0,0,0,0,0,0,0,0,0,0,0,,,
好莱坞案件英文,,0,0,0,0,0,0,0,0,0,0,0,0,0,0,0,0,0,0,0,0,0,0,0,,,
捉妖相府鱼美人1之爱的信仰,,0,0,0,0,0,0,0,0,0,0,0,0,0,0,0,0,0,0,0,0,0,0,0,,,
塞西尔迷雾,,0,0,0,0,0,0,0,0,0,0,0,0,0,0,0,0,0,0,0,0,0,0,0,,,
修玛疑案,,0,0,0,0,0,0,0,0,0,0,0,0,0,0,0,0,0,0,0,0,0,0,0,,,
酒红色的谋杀,,0,0,0,0,0,0,0,0,0,0,0,0,0,0,0,0,0,0,0,0,0,0,0,,,
深蓝阵雨,,0,0,0,0,0,0,0,0,0,0,0,0,0,0,0,0,0,0,0,0,0,0,0,,,
狂欢节的悲剧,,0,0,0,0,0,0,0,0,0,0,0,0,0,0,0,0,0,0,0,0,0,0,0,,,
四大名捕1之铁鸡帮,,0,0,0,0,0,0,0,0,0,0,0,0,0,0,0,0,0,0,0,0,0,0,0,,,
隋唐大运河修正版,,0,0,0,0,0,0,0,0,0,0,0,0,0,0,0,0,0,0,0,0,0,0,0,,,
香槟迷情,,0,0,0,0,0,0,0,0,0,0,0,0,0,0,0,0,0,0,0,0,0,0,0,,,
七宗罪,,0,0,0,0,0,0,0,0,0,0,0,0,0,0,0,0,0,0,0,0,0,0,0,,,
富豪之死,,0,0,0,0,0,0,0,0,0,0,0,0,0,0,0,0,0,0,0,0,0,0,0,,,
幽灵特快,,0,0,0,0,0,0,0,0,0,0,0,0,0,0,0,0,0,0,0,0,0,0,0,,,
四大名捕4之皇宫秘史,,0,0,0,0,0,0,0,0,0,0,0,0,0,0,0,0,0,0,0,0,0,0,0,,,
救生艇,,0,0,0,0,0,0,0,0,0,0,0,0,0,0,0,0,0,0,0,0,0,0,0,,,
不可思议之谜,,0,0,0,0,0,0,0,0,0,0,0,0,0,0,0,0,0,0,0,0,0,0,0,,,
雪地惊情,,0,0,0,0,0,0,0,0,0,0,0,0,0,0,0,0,0,0,0,0,0,0,0,,,
沃特顿庄园,,0,0,0,0,0,0,0,0,0,0,0,0,0,0,0,0,0,0,0,0,0,0,0,,,
东方之星号游轮事件,,0,0,0,0,0,0,0,0,0,0,0,0,0,0,0,0,0,0,0,0,0,0,0,,,
大明星的最后演出,,0,0,0,0,0,0,0,0,0,0,0,0,0,0,0,0,0,0,0,0,0,0,0,,,
临终遗言,,0,0,0,0,0,0,0,0,0,0,0,0,0,0,0,0,0,0,0,0,0,0,0,,,
上海滩杀人.事件,,0,0,0,0,0,0,0,0,0,0,0,0,0,0,0,0,0,0,0,0,0,0,0,,,
南瓜投毒者,,0,0,0,0,0,0,0,0,0,0,0,0,0,0,0,0,0,0,0,0,0,0,0,,,
孤泣之魂2,,0,0,0,0,0,0,0,0,0,0,0,0,0,0,0,0,0,0,0,0,0,0,0,,,
德州扑克血色牌局,,0,0,0,0,0,0,0,0,0,0,0,0,0,0,0,0,0,0,0,0,0,0,0,,,
图纹窃案,,0,0,0,0,0,0,0,0,0,0,0,0,0,0,0,0,0,0,0,0,0,0,0,,,
绝命楼兰,,0,0,0,0,0,0,0,0,0,0,0,0,0,0,0,0,0,0,0,0,0,0,0,,,
奕剑决,,0,0,0,0,0,0,0,0,0,0,0,0,0,0,0,0,0,0,0,0,0,0,0,,,
死亡致意,,0,0,0,0,0,0,0,0,0,0,0,0,0,0,0,0,0,0,0,0,0,0,0,,,
神秘岛,,0,0,0,0,0,0,0,0,0,0,0,0,0,0,0,0,0,0,0,0,0,0,0,,,
酒馆剧,,0,0,0,0,0,0,0,0,0,0,0,0,0,0,0,0,0,0,0,0,0,0,0,,,
东方之星游轮续集,,0,0,0,0,0,0,0,0,0,0,0,0,0,0,0,0,0,0,0,0,0,0,0,,,
咪咕夜总会,,0,0,0,0,0,0,0,0,0,0,0,0,0,0,0,0,0,0,0,0,0,0,0,,,
最后的救赎,,0,0,0,0,0,0,0,0,0,0,0,0,0,0,0,0,0,0,0,0,0,0,0,,,
孤泣之魂,,0,0,0,0,0,0,0,0,0,0,0,0,0,0,0,0,0,0,0,0,0,0,0,,,
生化危机,,0,0,0,0,0,0,0,0,0,0,0,0,0,0,0,0,0,0,0,0,0,0,0,,,
津门遗云,,0,0,0,0,0,0,0,0,0,0,0,0,0,0,0,0,0,0,0,0,0,0,0,,,
四大名捕番外龙血珠被盗案,,0,0,0,0,0,0,0,0,0,0,0,0,0,0,0,0,0,0,0,0,0,0,0,,,
办公室谋杀,,0,0,0,0,0,0,0,0,0,0,0,0,0,0,0,0,0,0,0,0,0,0,0,,,
中贸经理之死,,0,0,0,0,0,0,0,0,0,0,0,0,0,0,0,0,0,0,0,0,0,0,0,,,
巴顿将军的信,,0,0,0,0,0,0,0,0,0,0,0,0,0,0,0,0,0,0,0,0,0,0,0,,,
帝落轩辕,,0,0,0,0,0,0,0,0,0,0,0,0,0,0,0,0,0,0,0,0,0,0,0,,,
海余生,,0,0,0,0,0,0,0,0,0,0,0,0,0,0,0,0,0,0,0,0,0,0,0,,,
老烟枪,,0,0,0,0,0,0,0,0,0,0,0,0,0,0,0,0,0,0,0,0,0,0,0,,,
华丽的背后,,0,0,0,0,0,0,0,0,0,0,0,0,0,0,0,0,0,0,0,0,0,0,0,,,
美术室杀人事件,,0,0,0,0,0,0,0,0,0,0,0,0,0,0,0,0,0,0,0,0,0,0,0,,,
四大名捕2之千门宫,,0,0,0,0,0,0,0,0,0,0,0,0,0,0,0,0,0,0,0,0,0,0,0,,,
反派盛宴,,0,0,0,0,0,0,0,0,0,0,0,0,0,0,0,0,0,0,0,0,0,0,0,,,
死穿白英文,,0,0,0,0,0,0,0,0,0,0,0,0,0,0,0,0,0,0,0,0,0,0,0,,,
女演员之死,,0,0,0,0,0,0,0,0,0,0,0,0,0,0,0,0,0,0,0,0,0,0,0,,,
飞弹机关宅邸杀人事件,,0,0,0,0,0,0,0,0,0,0,0,0,0,0,0,0,0,0,0,0,0,0,0,,,
愤怒的葡萄,,0,0,0,0,0,0,0,0,0,0,0,0,0,0,0,0,0,0,0,0,0,0,0,,,
魔盗之殇,,0,0,0,0,0,0,0,0,0,0,0,0,0,0,0,0,0,0,0,0,0,0,0,,,
米兰凶杀案,,0,0,0,0,0,0,0,0,0,0,0,0,0,0,0,0,0,0,0,0,0,0,0,,,
电梯恶魔,,0,0,0,0,0,0,0,0,0,0,0,0,0,0,0,0,0,0,0,0,0,0,0,,,
致命倒计时,,0,0,0,0,0,0,0,0,0,0,0,0,0,0,0,0,0,0,0,0,0,0,0,,,
青龙山精神病院,,0,0,0,0,0,0,0,0,0,0,0,0,0,0,0,0,0,0,0,0,0,0,0,,,
风声潜伏,,0,0,0,0,0,0,0,0,0,0,0,0,0,0,0,0,0,0,0,0,0,0,0,,,
摇滚俱乐部,,0,0,0,0,0,0,0,0,0,0,0,0,0,0,0,0,0,0,0,0,0,0,0,,,
死去的女儿连续一周每晚都回家,,0,0,0,0,0,0,0,0,0,0,0,0,0,0,0,0,0,0,0,0,0,0,0,,,
捉妖相府鱼美人2之妖有妖道,,0,0,0,0,0,0,0,0,0,0,0,0,0,0,0,0,0,0,0,0,0,0,0,,,
夜总杀人夜,,0,0,0,0,0,0,0,0,0,0,0,0,0,0,0,0,0,0,0,0,0,0,0,,,
绝命派对,,0,0,0,0,0,0,0,0,0,0,0,0,0,0,0,0,0,0,0,0,0,0,0,,,
致命巧克力修正版,,0,0,0,0,0,0,0,0,0,0,0,0,0,0,0,0,0,0,0,0,0,0,0,,,
校园不思议事件,,0,0,0,0,0,0,0,0,0,0,0,0,0,0,0,0,0,0,0,0,0,0,0,,,
电梯惊魂,,0,0,0,0,0,0,0,0,0,0,0,0,0,0,0,0,0,0,0,0,0,0,0,,,
致命喷泉,,0,0,0,0,0,0,0,0,0,0,0,0,0,0,0,0,0,0,0,0,0,0,0,,,
光棍节血案,,0,0,0,0,0,0,0,0,0,0,0,0,0,0,0,0,0,0,0,0,0,0,0,,,
夜袭,,0,0,0,0,0,0,0,0,0,0,0,0,0,0,0,0,0,0,0,0,0,0,0,,,
救赎之城泰坦黑金,,0,0,0,0,0,0,0,0,0,0,0,0,0,0,0,0,0,0,0,0,0,0,0,,,
人生考场,,0,0,0,0,0,0,0,0,0,0,0,0,0,0,0,0,0,0,0,0,0,0,0,,,
军师1望明路,,0,0,0,0,0,0,0,0,0,0,0,0,0,0,0,0,0,0,0,0,0,0,0,,,
血色残阳,,0,0,0,0,0,0,0,0,0,0,0,0,0,0,0,0,0,0,0,0,0,0,0,,,
导演之死,,0,0,0,0,0,0,0,0,0,0,0,0,0,0,0,0,0,0,0,0,0,0,0,,,
血海无涯,,0,0,0,0,0,0,0,0,0,0,0,0,0,0,0,0,0,0,0,0,0,0,0,,,
率土之滨,,0,0,0,0,0,0,0,0,0,0,0,0,0,0,0,0,0,0,0,0,0,0,0,,,
生死道,,0,0,0,0,0,0,0,0,0,0,0,0,0,0,0,0,0,0,0,0,0,0,0,,,
滴血之瞳,,0,0,0,0,0,0,0,0,0,0,0,0,0,0,0,0,0,0,0,0,0,0,0,,,
凝视深渊,,0,0,0,0,0,0,0,0,0,0,0,0,0,0,0,0,0,0,0,0,0,0,0,,,
西部惊魂,,0,0,0,0,0,0,0,0,0,0,0,0,0,0,0,0,0,0,0,0,0,0,0,,,
跌落的玫瑰完美版,,0,0,0,0,0,0,0,0,0,0,0,0,0,0,0,0,0,0,0,0,0,0,0,,,
校园不可思议事件,,0,0,0,0,0,0,0,0,0,0,0,0,0,0,0,0,0,0,0,0,0,0,0,,,
雨中别墅,,0,0,0,0,0,0,0,0,0,0,0,0,0,0,0,0,0,0,0,0,0,0,0,,,
盛典前夜,,0,0,0,0,0,0,0,0,0,0,0,0,0,0,0,0,0,0,0,0,0,0,0,,,
江夏劫,,0,0,0,0,0,0,0,0,0,0,0,0,0,0,0,0,0,0,0,0,0,0,0,,,
红影,,0,0,0,0,0,0,0,0,0,0,0,0,0,0,0,0,0,0,0,0,0,0,0,,,
盘山寺,,0,0,0,0,0,0,0,0,0,0,0,0,0,0,0,0,0,0,0,0,0,0,0,,,
人吃人,,0,0,0,0,0,0,0,0,0,0,0,0,0,0,0,0,0,0,0,0,0,0,0,,,
古堡迷踪,,0,0,0,0,0,0,0,0,0,0,0,0,0,0,0,0,0,0,0,0,0,0,0,,,
万灵血,,0,0,0,0,0,0,0,0,0,0,0,0,0,0,0,0,0,0,0,0,0,0,0,,,
吸血鬼系列-鲜血盛宴,,0,0,0,0,0,0,0,0,0,0,0,0,0,0,0,0,0,0,0,0,0,0,0,,,
元帝之殇,,0,0,0,0,0,0,0,0,0,0,0,0,0,0,0,0,0,0,0,0,0,0,0,,,
无间旅途,,0,0,0,0,0,0,0,0,0,0,0,0,0,0,0,0,0,0,0,0,0,0,0,,,
绝命阳光号,,0,0,0,0,0,0,0,0,0,0,0,0,0,0,0,0,0,0,0,0,0,0,0,,,
开膛手杰克,开膛手杰克,0,0,0,0,0,0,0,0,0,0,0,0,0,0,0,0,0,0,0,0,9517,0,0,千语剧本杀,3男2女 4.0小时 新手 2021.10发行,
惊魂首映,,0,0,0,0,0,0,0,0,0,0,0,0,0,0,0,0,0,0,0,0,0,0,0,,,
天命,,0,0,0,0,0,0,0,0,0,0,0,0,0,0,0,0,0,0,0,0,0,0,0,,,
意大利手枪面,,0,0,0,0,0,0,0,0,0,0,0,0,0,0,0,0,0,0,0,0,0,0,0,,,
雪玉山,,0,0,0,0,0,0,0,0,0,0,0,0,0,0,0,0,0,0,0,0,0,0,0,,,
南越王陵完美版,,0,0,0,0,0,0,0,0,0,0,0,0,0,0,0,0,0,0,0,0,0,0,0,,,
致命圣诞夜,,0,0,0,0,0,0,0,0,0,0,0,0,0,0,0,0,0,0,0,0,0,0,0,,,
病毒,,0,0,0,0,0,0,0,0,0,0,0,0,0,0,0,0,0,0,0,0,0,0,0,,,
颍汝流风,,0,0,0,0,0,0,0,0,0,0,0,0,0,0,0,0,0,0,0,0,0,0,0,,,
霍格沃兹的阴影,,0,0,0,0,0,0,0,0,0,0,0,0,0,0,0,0,0,0,0,0,0,0,0,,,
金陵风云,,0,0,0,0,0,0,0,0,0,0,0,0,0,0,0,0,0,0,0,0,0,0,0,,,
董事长之死,,0,0,0,0,0,0,0,0,0,0,0,0,0,0,0,0,0,0,0,0,0,0,0,,,
兽心,,0,0,0,0,0,0,0,0,0,0,0,0,0,0,0,0,0,0,0,0,0,0,0,,,
诛心太平间,,0,0,0,0,0,0,0,0,0,0,0,0,0,0,0,0,0,0,0,0,0,0,0,,,
西门变,,0,0,0,0,0,0,0,0,0,0,0,0,0,0,0,0,0,0,0,0,0,0,0,,,
人间,,0,0,0,0,0,0,0,0,0,0,0,0,0,0,0,0,0,0,0,0,0,0,0,,,
乐声,,0,0,0,0,0,0,0,0,0,0,0,0,0,0,0,0,0,0,0,0,0,0,0,,,
朱颜雪泪,,0,0,0,0,0,0,0,0,0,0,0,0,0,0,0,0,0,0,0,0,0,0,0,,,
sevenjsb院,,0,0,0,0,0,0,0,0,0,0,0,0,0,0,0,0,0,0,0,0,0,0,0,,,
幕后玩家,幕后玩家2,4,0,0,0,0,0,0,0,0,0,0,0,0,0,0,0,0,0,0,0,2.8,0,0,三更工作室,6男1女 4.5小时 进阶,港澳 推理 沉浸 都市
记忆碎片,记忆碎片,7.9,7.2,0,0,7.5,0,7.0,0,0,0,0,0,0,0,0,0,0,0,0,0,3.8,47141,1294,Siren剧本工作室,4男3女 3.0小时 新手 2018.03发行,欧美 机制 欢乐 玄幻
沉怨雪,,0,0,0,0,0,0,0,0,0,0,0,0,0,0,0,0,0,0,0,0,0,0,0,,,
孽岛疑云完整版,,0,0,0,0,0,0,0,0,0,0,0,0,0,0,0,0,0,0,0,0,0,0,0,,,
白guan,,0,0,0,0,0,0,0,0,0,0,0,0,0,0,0,0,0,0,0,0,0,0,0,,,
春雪琵琶行,,0,0,0,0,0,0,0,0,0,0,0,0,0,0,0,0,0,0,0,0,0,0,0,,,
恶果,恶果,6.1,6.5,0,0,0,0,0,0,0,0,0,0,0,0,0,6.5,0,0,0,0,626,3587,55,飞鱼计划-八号剧本工作室,4男2女 4.5小时 进阶 2018.04发行,
喋血黄昏,,0,0,0,0,0,0,0,0,0,0,0,0,0,0,0,0,0,0,0,0,0,0,0,,,
泥潭,泥潭,10,0,0,0,0,0,0,0,0,0,0,0,0,0,0,0,0,0,0,0,1.1,0,0,岛屿工作室,2男4女 7.0小时 新手 2026.04发行,中式 情感 沉浸 其他
头7,,0,0,0,0,0,0,0,0,0,0,0,0,0,0,0,0,0,0,0,0,0,0,0,,,
令花移,,0,0,0,0,0,0,0,0,0,0,0,0,0,0,0,0,0,0,0,0,0,0,0,,,
训狗人,,0,0,0,0,0,0,0,0,0,0,0,0,0,0,0,0,0,0,0,0,0,0,0,,,
沙缁迷藏,,0,0,0,0,0,0,0,0,0,0,0,0,0,0,0,0,0,0,0,0,0,0,0,,,
雪目,,0,0,0,0,0,0,0,0,0,0,0,0,0,0,0,0,0,0,0,0,0,0,0,,,
赤红之瞳,,0,0,0,0,0,0,0,0,0,0,0,0,0,0,0,0,0,0,0,0,0,0,0,,,
0217,,0,0,0,0,0,0,0,0,0,0,0,0,0,0,0,0,0,0,0,0,0,0,0,,,
局,,0,0,0,0,0,0,0,0,0,0,0,0,0,0,0,0,0,0,0,0,0,0,0,,,
瑾园孤花,,0,0,0,0,0,0,0,0,0,0,0,0,0,0,0,0,0,0,0,0,0,0,0,,,
黑夜之下,,0,0,0,0,0,0,0,0,0,0,0,0,0,0,0,0,0,0,0,0,0,0,0,,,
桃源归梦完美版,,0,0,0,0,0,0,0,0,0,0,0,0,0,0,0,0,0,0,0,0,0,0,0,,,
烬,,0,0,0,0,0,0,0,0,0,0,0,0,0,0,0,0,0,0,0,0,0,0,0,,,
费马的审判,费马的审判,7.3,7.1,7.1,6.8,0,0,0,0,0,0,0,0,0,0,0,0,0,0,0,0,26316,53870,1208,肆言良语,3男3女 5.0小时 进阶 2019.03发行,日式 推理 悬疑 都市
麋鹿,,0,0,0,0,0,0,0,0,0,0,0,0,0,0,0,0,0,0,0,0,0,0,0,,,
seven精神病院2,,0,0,0,0,0,0,0,0,0,0,0,0,0,0,0,0,0,0,0,0,0,0,0,,,
赌技奇谈-修正版,,0,0,0,0,0,0,0,0,0,0,0,0,0,0,0,0,0,0,0,0,0,0,0,,,
无咎,无咎,6.6,6.8,6.6,0,0,6.6,0,0,0,0,0,0,0,0,0,0,0,0,0,0,2.8,12847,217,荒诞剧社,3男3女 4.5小时 进阶 2019.06发行,中式 推理 沉浸 都市
渊,,0,0,0,0,0,0,0,0,0,0,0,0,0,0,0,0,0,0,0,0,0,0,0,,,
猎狼,,0,0,0,0,0,0,0,0,0,0,0,0,0,0,0,0,0,0,0,0,0,0,0,,,
嗜血黄昏,嗜血黄昏,2,0,0,0,0,0,0,0,0,0,0,0,0,0,0,0,0,0,0,0,0,0,0,同盟救济会,6男1女 4.5小时 进阶,
不止一日,,0,0,0,0,0,0,0,0,0,0,0,0,0,0,0,0,0,0,0,0,0,0,0,,,
IDO,,0,0,0,0,0,0,0,0,0,0,0,0,0,0,0,0,0,0,0,0,0,0,0,,,
无常整理版,,0,0,0,0,0,0,0,0,0,0,0,0,0,0,0,0,0,0,0,0,0,0,0,,,
惊魂游乐园,,0,0,0,0,0,0,0,0,0,0,0,0,0,0,0,0,0,0,0,0,0,0,0,,,
空A1774完整修订版,,0,0,0,0,0,0,0,0,0,0,0,0,0,0,0,0,0,0,0,0,0,0,0,,,
死祭完整,,0,0,0,0,0,0,0,0,0,0,0,0,0,0,0,0,0,0,0,0,0,0,0,,,
奠,,0,0,0,0,0,0,0,0,0,0,0,0,0,0,0,0,0,0,0,0,0,0,0,,,
聆听阁里叹伶仃,,0,0,0,0,0,0,0,0,0,0,0,0,0,0,0,0,0,0,0,0,0,0,0,,,
格林的花园,,0,0,0,0,0,0,0,0,0,0,0,0,0,0,0,0,0,0,0,0,0,0,0,,,
碧玉坠整理,,0,0,0,0,0,0,0,0,0,0,0,0,0,0,0,0,0,0,0,0,0,0,0,,,
豪门之裂镜重圆,,0,0,0,0,0,0,0,0,0,0,0,0,0,0,0,0,0,0,0,0,0,0,0,,,
人事,,0,0,0,0,0,0,0,0,0,0,0,0,0,0,0,0,0,0,0,0,0,0,0,,,
安娜,,0,0,0,0,0,0,0,0,0,0,0,0,0,0,0,0,0,0,0,0,0,0,0,,,
蛊魂铃2临安城下,,0,0,0,0,0,0,0,0,0,0,0,0,0,0,0,0,0,0,0,0,0,0,0,,,
十洲志,,0,0,0,0,0,0,0,0,0,0,0,0,0,0,0,0,0,0,0,0,0,0,0,,,
一一一整理版,,0,0,0,0,0,0,0,0,0,0,0,0,0,0,0,0,0,0,0,0,0,0,0,,,
再见卡门,,0,0,0,0,0,0,0,0,0,0,0,0,0,0,0,0,0,0,0,0,0,0,0,,,
肉身坐佛像,,0,0,0,0,0,0,0,0,0,0,0,0,0,0,0,0,0,0,0,0,0,0,0,,,
静止的玛利亚(6人开放-现代,,0,0,0,0,0,0,0,0,0,0,0,0,0,0,0,0,0,0,0,0,0,0,0,,,
扇中仙(7人开放-古代,,0,0,0,0,0,0,0,0,0,0,0,0,0,0,0,0,0,0,0,0,0,0,0,,,
南去北落叶(7人开放-现代,,0,0,0,0,0,0,0,0,0,0,0,0,0,0,0,0,0,0,0,0,0,0,0,,,
安生(6人开放-情感-2男4女,,0,0,0,0,0,0,0,0,0,0,0,0,0,0,0,0,0,0,0,0,0,0,0,,,
百年好合(8人开放-近现代,,0,0,0,0,0,0,0,0,0,0,0,0,0,0,0,0,0,0,0,0,0,0,0,,,
夜半无人时(6人开放-恐怖,,0,0,0,0,0,0,0,0,0,0,0,0,0,0,0,0,0,0,0,0,0,0,0,,,
棋局黑白(7人开放-警匪,,0,0,0,0,0,0,0,0,0,0,0,0,0,0,0,0,0,0,0,0,0,0,0,,,
家用电器杀人事件(6人开放-变格推理,,0,0,0,0,0,0,0,0,0,0,0,0,0,0,0,0,0,0,0,0,0,0,0,,,
唐伯虎(7人开放-欢乐,,0,0,0,0,0,0,0,0,0,0,0,0,0,0,0,0,0,0,0,0,0,0,0,,,
王府疑云(7人半开放-古装,,0,0,0,0,0,0,0,0,0,0,0,0,0,0,0,0,0,0,0,0,0,0,0,,,
普陀裕(7人开放-灵异-4男3女,,0,0,0,0,0,0,0,0,0,0,0,0,0,0,0,0,0,0,0,0,0,0,0,,,
蛹(7人开放-欧美-3男2女2随机,,0,0,0,0,0,0,0,0,0,0,0,0,0,0,0,0,0,0,0,0,0,0,0,,,
过阴(6人开放-香港,,0,0,0,0,0,0,0,0,0,0,0,0,0,0,0,0,0,0,0,0,0,0,0,,,
浮图孽世(6人开放-变格架空-3男3女,,0,0,0,0,0,0,0,0,0,0,0,0,0,0,0,0,0,0,0,0,0,0,0,,,
野樱花事件--无人生还(7人开放-现代,,0,0,0,0,0,0,0,0,0,0,0,0,0,0,0,0,0,0,0,0,0,0,0,,,
天使的战争(5人开放-欧美,,0,0,0,0,0,0,0,0,0,0,0,0,0,0,0,0,0,0,0,0,0,0,0,,,
壁垒(7人开放-欧美,,0,0,0,0,0,0,0,0,0,0,0,0,0,0,0,0,0,0,0,0,0,0,0,,,
问米(6人开放-现代,,0,0,0,0,0,0,0,0,0,0,0,0,0,0,0,0,0,0,0,0,0,0,0,,,
着魔(6人开放-玄幻-4男2女,,0,0,0,0,0,0,0,0,0,0,0,0,0,0,0,0,0,0,0,0,0,0,0,,,
风中有朵雨做的云(5人开放-变格-3男2女,,0,0,0,0,0,0,0,0,0,0,0,0,0,0,0,0,0,0,0,0,0,0,0,,,
末路超市(6人开放-末日,,0,0,0,0,0,0,0,0,0,0,0,0,0,0,0,0,0,0,0,0,0,0,0,,,
死亡小组(6人开放-现代战争-6男,,0,0,0,0,0,0,0,0,0,0,0,0,0,0,0,0,0,0,0,0,0,0,0,,,
葬爱(8人开放-搞笑-4男4女,,0,0,0,0,0,0,0,0,0,0,0,0,0,0,0,0,0,0,0,0,0,0,0,,,
咒怨(7人开放-近现代,,0,0,0,0,0,0,0,0,0,0,0,0,0,0,0,0,0,0,0,0,0,0,0,,,
青玉案(7人开放-架空历史-5男2女,,0,0,0,0,0,0,0,0,0,0,0,0,0,0,0,0,0,0,0,0,0,0,0,,,
溺亡(5人开放-现代,,0,0,0,0,0,0,0,0,0,0,0,0,0,0,0,0,0,0,0,0,0,0,0,,,
择(5人开放-架空,,0,0,0,0,0,0,0,0,0,0,0,0,0,0,0,0,0,0,0,0,0,0,0,,,
一出好戏(4人开放-悬疑烧脑,,0,0,0,0,0,0,0,0,0,0,0,0,0,0,0,0,0,0,0,0,0,0,0,,,
宫殇(8人半开放-古代,,0,0,0,0,0,0,0,0,0,0,0,0,0,0,0,0,0,0,0,0,0,0,0,,,
洪衙埕巷(7人开放-古代-5男2女,,0,0,0,0,0,0,0,0,0,0,0,0,0,0,0,0,0,0,0,0,0,0,0,,,
奉养(6人开放-灵异-3男3女,,0,0,0,0,0,0,0,0,0,0,0,0,0,0,0,0,0,0,0,0,0,0,0,,,
拼命(5人开放-警匪,,0,0,0,0,0,0,0,0,0,0,0,0,0,0,0,0,0,0,0,0,0,0,0,,,
法老的血刑(6人开放-古埃及,,0,0,0,0,0,0,0,0,0,0,0,0,0,0,0,0,0,0,0,0,0,0,0,,,
顺和古村(10人开放-现代,,0,0,0,0,0,0,0,0,0,0,0,0,0,0,0,0,0,0,0,0,0,0,0,,,
失格21克(5人开放-近现代,,0,0,0,0,0,0,0,0,0,0,0,0,0,0,0,0,0,0,0,0,0,0,0,,,
无相山(7人开放-灵异,,0,0,0,0,0,0,0,0,0,0,0,0,0,0,0,0,0,0,0,0,0,0,0,,,
醉三关(7人开放-近现代-5男2女,,0,0,0,0,0,0,0,0,0,0,0,0,0,0,0,0,0,0,0,0,0,0,0,,,
爱者之贻(6人开放-古代,,0,0,0,0,0,0,0,0,0,0,0,0,0,0,0,0,0,0,0,0,0,0,0,,,
朝夕村(6人开放-近现代,,0,0,0,0,0,0,0,0,0,0,0,0,0,0,0,0,0,0,0,0,0,0,0,,,
隔世经年(8人开放-现代,,0,0,0,0,0,0,0,0,0,0,0,0,0,0,0,0,0,0,0,0,0,0,0,,,
JAY(5人开放-现代,,0,0,0,0,0,0,0,0,0,0,0,0,0,0,0,0,0,0,0,0,0,0,0,,,
灵媒(6人开放-灵异,,0,0,0,0,0,0,0,0,0,0,0,0,0,0,0,0,0,0,0,0,0,0,0,,,
荒村(7人开放-灵异-4男3女,,0,0,0,0,0,0,0,0,0,0,0,0,0,0,0,0,0,0,0,0,0,0,0,,,
异魂(7人开放-变格灵异,,0,0,0,0,0,0,0,0,0,0,0,0,0,0,0,0,0,0,0,0,0,0,0,,,
不止有鬼(6人开放-灵异,,0,0,0,0,0,0,0,0,0,0,0,0,0,0,0,0,0,0,0,0,0,0,0,,,
一楼的尽头(5人开放-悬疑烧脑-无性别要求,,0,0,0,0,0,0,0,0,0,0,0,0,0,0,0,0,0,0,0,0,0,0,0,,,
全都飞起来(5人开放-欢乐,,0,0,0,0,0,0,0,0,0,0,0,0,0,0,0,0,0,0,0,0,0,0,0,,,
蚊不知(6人开放-昆虫,,0,0,0,0,0,0,0,0,0,0,0,0,0,0,0,0,0,0,0,0,0,0,0,,,
绑架(5人开放-现代,,0,0,0,0,0,0,0,0,0,0,0,0,0,0,0,0,0,0,0,0,0,0,0,,,
南毛北马(8人开放-古代,,0,0,0,0,0,0,0,0,0,0,0,0,0,0,0,0,0,0,0,0,0,0,0,,,
蒹葭(7人开放-现代,,0,0,0,0,0,0,0,0,0,0,0,0,0,0,0,0,0,0,0,0,0,0,0,,,
贺兰决(6人开放-古代-2男4女,,0,0,0,0,0,0,0,0,0,0,0,0,0,0,0,0,0,0,0,0,0,0,0,,,
白教堂的亡灵(6人开放-欧美,,0,0,0,0,0,0,0,0,0,0,0,0,0,0,0,0,0,0,0,0,0,0,0,,,
找到你了(6人开放-架空,,0,0,0,0,0,0,0,0,0,0,0,0,0,0,0,0,0,0,0,0,0,0,0,,,
穿越疯人院(6人开放-现代,,0,0,0,0,0,0,0,0,0,0,0,0,0,0,0,0,0,0,0,0,0,0,0,,,
密闭(5人开放-近现代,,0,0,0,0,0,0,0,0,0,0,0,0,0,0,0,0,0,0,0,0,0,0,0,,,
面剧(5人封闭-现代-3男2女,,0,0,0,0,0,0,0,0,0,0,0,0,0,0,0,0,0,0,0,0,0,0,0,,,
我的朋友(6人开放-变格,,0,0,0,0,0,0,0,0,0,0,0,0,0,0,0,0,0,0,0,0,0,0,0,,,
明月几时有(6人开放-古代,,0,0,0,0,0,0,0,0,0,0,0,0,0,0,0,0,0,0,0,0,0,0,0,,,
尘埃(6人开放-埃及,,0,0,0,0,0,0,0,0,0,0,0,0,0,0,0,0,0,0,0,0,0,0,0,,,
莲花观(6人开放-架空-4男2女,,0,0,0,0,0,0,0,0,0,0,0,0,0,0,0,0,0,0,0,0,0,0,0,,,
相墓剧本(6人开放-盗墓,,0,0,0,0,0,0,0,0,0,0,0,0,0,0,0,0,0,0,0,0,0,0,0,,,
新恶童(6人开放-现代,,0,0,0,0,0,0,0,0,0,0,0,0,0,0,0,0,0,0,0,0,0,0,0,,,
白日孤灯(8人开放-现代-4男3女1随机,,0,0,0,0,0,0,0,0,0,0,0,0,0,0,0,0,0,0,0,0,0,0,0,,,
死岛(7人开放-哲学,,0,0,0,0,0,0,0,0,0,0,0,0,0,0,0,0,0,0,0,0,0,0,0,,,
中东有声音(5人开放-中东,,0,0,0,0,0,0,0,0,0,0,0,0,0,0,0,0,0,0,0,0,0,0,0,,,
仙乂(5人开放-修真,,0,0,0,0,0,0,0,0,0,0,0,0,0,0,0,0,0,0,0,0,0,0,0,,,
乌托邦(6人开放-架空-4男1女1随机,,0,0,0,0,0,0,0,0,0,0,0,0,0,0,0,0,0,0,0,0,0,0,0,,,
捉迷藏(6人开放-变格灵异,,0,0,0,0,0,0,0,0,0,0,0,0,0,0,0,0,0,0,0,0,0,0,0,,,
凰朝(7人开放-古风阵营-5男2女,,0,0,0,0,0,0,0,0,0,0,0,0,0,0,0,0,0,0,0,0,0,0,0,,,
养尸整理版(6人开放-恐怖,,0,0,0,0,0,0,0,0,0,0,0,0,0,0,0,0,0,0,0,0,0,0,0,,,
喵的名字(8人开放-架空,,0,0,0,0,0,0,0,0,0,0,0,0,0,0,0,0,0,0,0,0,0,0,0,,,
玲珑筛子(6人开放-架空,,0,0,0,0,0,0,0,0,0,0,0,0,0,0,0,0,0,0,0,0,0,0,0,,,
醒来(5人开放-灵异,,0,0,0,0,0,0,0,0,0,0,0,0,0,0,0,0,0,0,0,0,0,0,0,,,
狐嫁女(6~7人开放-仙侠,,0,0,0,0,0,0,0,0,0,0,0,0,0,0,0,0,0,0,0,0,0,0,0,,,
鄂西山灵(6人开放-近现代-3男3女,,0,0,0,0,0,0,0,0,0,0,0,0,0,0,0,0,0,0,0,0,0,0,0,,,
七里山塘(7人开放-古代,,0,0,0,0,0,0,0,0,0,0,0,0,0,0,0,0,0,0,0,0,0,0,0,,,
黑红梅方(6人开放-欧美,,0,0,0,0,0,0,0,0,0,0,0,0,0,0,0,0,0,0,0,0,0,0,0,,,
靳柯再刺秦王(9人开放-历史欢乐,,0,0,0,0,0,0,0,0,0,0,0,0,0,0,0,0,0,0,0,0,0,0,0,,,
雪迹7(7人开放-现代,,0,0,0,0,0,0,0,0,0,0,0,0,0,0,0,0,0,0,0,0,0,0,0,,,
鬼曼童(7人开放-灵异微恐,,0,0,0,0,0,0,0,0,0,0,0,0,0,0,0,0,0,0,0,0,0,0,0,,,
枪(6人半开放-警匪,,0,0,0,0,0,0,0,0,0,0,0,0,0,0,0,0,0,0,0,0,0,0,0,,,
畸形屋(6人开放-现代,,0,0,0,0,0,0,0,0,0,0,0,0,0,0,0,0,0,0,0,0,0,0,0,,,
坠世之心(7人开放-现代,,0,0,0,0,0,0,0,0,0,0,0,0,0,0,0,0,0,0,0,0,0,0,0,,,
花子音视频完整版(5人开放-恐怖,,0,0,0,0,0,0,0,0,0,0,0,0,0,0,0,0,0,0,0,0,0,0,0,,,
极乐密室(5人开放-近代,,0,0,0,0,0,0,0,0,0,0,0,0,0,0,0,0,0,0,0,0,0,0,0,,,
肆零贰(5人开放-现代,,0,0,0,0,0,0,0,0,0,0,0,0,0,0,0,0,0,0,0,0,0,0,0,,,
萌萌二次元(6人开放-小动物,,0,0,0,0,0,0,0,0,0,0,0,0,0,0,0,0,0,0,0,0,0,0,0,,,
同学会(6人开放-现代,,0,0,0,0,0,0,0,0,0,0,0,0,0,0,0,0,0,0,0,0,0,0,0,,,
seven精神病院3(6人开放-近现代,,0,0,0,0,0,0,0,0,0,0,0,0,0,0,0,0,0,0,0,0,0,0,0,,,
雪夜无声(8人开放-变格悬疑,,0,0,0,0,0,0,0,0,0,0,0,0,0,0,0,0,0,0,0,0,0,0,0,,,
蘼世天歌,,0,0,0,0,0,0,0,0,0,0,0,0,0,0,0,0,0,0,0,0,0,0,0,,,
阿卡姆,,0,0,0,0,0,0,0,0,0,0,0,0,0,0,0,0,0,0,0,0,0,0,0,,,
ctm的爱情,,0,0,0,0,0,0,0,0,0,0,0,0,0,0,0,0,0,0,0,0,0,0,0,,,
今夕又何年,今夕又何年,5,0,0,0,0,0,0,0,0,0,0,0,0,0,0,0,0,0,0,0,1.1,0,0,羽砚剧本工作室,3男3女 4.5小时 进阶 2020.09发行,
安娜2:降临,安娜2：降临,7,0,0,0,0,0,0,0,0,0,0,0,0,0,0,0,0,0,0,0,0,0,0,雲深工作室,4男3女 4.5小时 进阶 2019.10发行,
漫漫长夜终极版,,0,0,0,0,0,0,0,0,0,0,0,0,0,0,0,0,0,0,0,0,0,0,0,,,
现世,,0,0,0,0,0,0,0,0,0,0,0,0,0,0,0,0,0,0,0,0,0,0,0,,,
即墨,,0,0,0,0,0,0,0,0,0,0,0,0,0,0,0,0,0,0,0,0,0,0,0,,,
王国巨象扫描,,0,0,0,0,0,0,0,0,0,0,0,0,0,0,0,0,0,0,0,0,0,0,0,,,
套马,,0,0,0,0,0,0,0,0,0,0,0,0,0,0,0,0,0,0,0,0,0,0,0,,,
古镜奇谈2月染长安,,0,0,0,0,0,0,0,0,0,0,0,0,0,0,0,0,0,0,0,0,0,0,0,,,
古木吟2.0,,0,0,0,0,0,0,0,0,0,0,0,0,0,0,0,0,0,0,0,0,0,0,0,,,
往生镇1,,0,0,0,0,0,0,0,0,0,0,0,0,0,0,0,0,0,0,0,0,0,0,0,,,
后天魔,,0,0,0,0,0,0,0,0,0,0,0,0,0,0,0,0,0,0,0,0,0,0,0,,,
蜕变2,,0,0,0,0,0,0,0,0,0,0,0,0,0,0,0,0,0,0,0,0,0,0,0,,,
骸,,0,0,0,0,0,0,0,0,0,0,0,0,0,0,0,0,0,0,0,0,0,0,0,,,
百里黄泉,,0,0,0,0,0,0,0,0,0,0,0,0,0,0,0,0,0,0,0,0,0,0,0,,,
猫脸老太,猫脸老太,7.2,7.3,6.7,0,0,0,0,0,0,0,0,0,0,0,0,0,0,0,0,0,14985,30985,547,灰帆文化,3男3女 4.0小时 进阶 2020.06发行,
鉴表师,,0,0,0,0,0,0,0,0,0,0,0,0,0,0,0,0,0,0,0,0,0,0,0,,,
《》书名号,,0,0,0,0,0,0,0,0,0,0,0,0,0,0,0,0,0,0,0,0,0,0,0,,,
山河永寂,山河永寂,7.2,7.1,6.4,0,0,7.0,0,0,0,0,0,0,0,0,0,0,0,0,0,0,1.1,47082,1045,威海不二工作室,3男3女 4.5小时 新手 2020.07发行,古风 情感 沉浸 家国
虚花悟,,0,0,0,0,0,0,0,0,0,0,0,0,0,0,0,0,0,0,0,0,0,0,0,,,
绝崖雕rar,,0,0,0,0,0,0,0,0,0,0,0,0,0,0,0,0,0,0,0,0,0,0,0,,,
睁开双眼1.0,,0,0,0,0,0,0,0,0,0,0,0,0,0,0,0,0,0,0,0,0,0,0,0,,,
生化校园完整版,,0,0,0,0,0,0,0,0,0,0,0,0,0,0,0,0,0,0,0,0,0,0,0,,,
大钟,大钟,6,0,0,0,0,0,0,0,0,0,0,0,0,0,0,0,0,0,0,0,0,0,0,面游时代,3男3女 4.5小时 进阶 2020.05发行,
今夕何夕整理版,,0,0,0,0,0,0,0,0,0,0,0,0,0,0,0,0,0,0,0,0,0,0,0,,,
刑事侦缉档案-献祭者,刑事侦缉档案：献祭者,6.3,6.3,0,6.4,0,0,6.0,0,0,0,0,0,0,0,0,0,0,0,0,0,2.6,38746,896,迷宫推理社,5男3女 4.0小时 高阶 2020.07发行,
蜕变俱乐部2海的女儿,蜕变俱乐部2：海的女儿,7.2,7.1,0,0,0,6.5,6.9,0,0,0,0,0,0,0,0,0,0,0,0,0,7607,14689,198,阿斯巴甜,4男3女 4.0小时 高阶 2020.08发行,欧美 机制 沉浸 童话
漆昼之翁,,0,0,0,0,0,0,0,0,0,0,0,0,0,0,0,0,0,0,0,0,0,0,0,,,
如是我闻整理版,,0,0,0,0,0,0,0,0,0,0,0,0,0,0,0,0,0,0,0,0,0,0,0,,,
人间不值得整理,,0,0,0,0,0,0,0,0,0,0,0,0,0,0,0,0,0,0,0,0,0,0,0,,,
湖心岛2:围局,湖心岛2：围局,3,0,0,0,0,0,0,0,0,0,0,0,0,0,0,0,0,0,0,0,2.6,0,0,戏精推理发行工作室,2男3女 4.5小时 进阶,
恐怖游轮整理,,0,0,0,0,0,0,0,0,0,0,0,0,0,0,0,0,0,0,0,0,0,0,0,,,
清平调整理版,,0,0,0,0,0,0,0,0,0,0,0,0,0,0,0,0,0,0,0,0,0,0,0,,,
魔女的幸福之夜整理版,,0,0,0,0,0,0,0,0,0,0,0,0,0,0,0,0,0,0,0,0,0,0,0,,,
1%,,0,0,0,0,0,0,0,0,0,0,0,0,0,0,0,0,0,0,0,0,0,0,0,,,
古镜奇谈1浮生沉梦,,0,0,0,0,0,0,0,0,0,0,0,0,0,0,0,0,0,0,0,0,0,0,0,,,
琴瑟合冥,,0,0,0,0,0,0,0,0,0,0,0,0,0,0,0,0,0,0,0,0,0,0,0,,,
前男友的100种死法,前男友的100种死法,4.2,4.9,0,0,5.6,0,4.5,0,0,0,0,0,0,0,0,0,0,0,0,0,3.8,137071,2675,山橘推理; 闲顽工作室,0男5女 4.0小时 新手 2020.09发行,中式 机制 欢乐 都市
肿胀的脚,,0,0,0,0,0,0,0,0,0,0,0,0,0,0,0,0,0,0,0,0,0,0,0,,,
爪洼神国,,0,0,0,0,0,0,0,0,0,0,0,0,0,0,0,0,0,0,0,0,0,0,0,,,
我于万物之中,我于万物之中,8.2,7.7,7.5,0,0,0,0,0,0,0,7.4,0,0,0,0,0,0,0,0,0,37185,59383,2210,子夜推理工作室,百本选手说剧本:剧本《我于万物之中》6人本 4男2女 剧本类型:盒装本 设定推理 游戏时间:4小时左右 👬适合人群：喜欢 SCP 玩家 ❤剧情感...全文,
出轨,,0,0,0,0,0,0,0,0,0,0,0,0,0,0,0,0,0,0,0,0,0,0,0,,,
刺秦《7-8》,,0,0,0,0,0,0,0,0,0,0,0,0,0,0,0,0,0,0,0,0,0,0,0,,,
人间不值得,人间不值得,4.8,5.6,5.3,0,6.4,0,0,0,0,0,0,0,0,0,0,0,0,0,0,0,20341,29293,465,酒葫芦工作室,3男3女 4.0小时 进阶 2020.09发行,架空 推理 欢乐 都市
楼兰骨,,0,0,0,0,0,0,0,0,0,0,0,0,0,0,0,0,0,0,0,0,0,0,0,,,
鹿乌,,0,0,0,0,0,0,0,0,0,0,0,0,0,0,0,0,0,0,0,0,0,0,0,,,
精神小伙《7-8》,,0,0,0,0,0,0,0,0,0,0,0,0,0,0,0,0,0,0,0,0,0,0,0,,,
赛尔城下7人高清自用,,0,0,0,0,0,0,0,0,0,0,0,0,0,0,0,0,0,0,0,0,0,0,0,,,
月下沙利叶复盘没有剧,,0,0,0,0,0,0,0,0,0,0,0,0,0,0,0,0,0,0,0,0,0,0,0,,,
烟雨华庭,,0,0,0,0,0,0,0,0,0,0,0,0,0,0,0,0,0,0,0,0,0,0,0,,,
恐山大祭-测,,0,0,0,0,0,0,0,0,0,0,0,0,0,0,0,0,0,0,0,0,0,0,0,,,
吃来的爱,吃来的爱,1,0,0,0,0,0,0,0,0,0,0,0,0,0,0,0,0,0,0,0,0,0,0,LARP原创工作室,4男3女 4.0小时 进阶 2020.11发行,中式 推理 欢乐 科幻
师傅大师兄被妖怪抓走了《6》,,0,0,0,0,0,0,0,0,0,0,0,0,0,0,0,0,0,0,0,0,0,0,0,,,
"早安,打工人",,0,0,0,0,0,0,0,0,0,0,0,0,0,0,0,0,0,0,0,0,0,0,0,,,
新鲜丧尸已送达请签收,新鲜丧尸已送达请签收,6.4,6.5,0,0,6.9,0,6.6,0,0,0,0,0,0,0,0,0,0,0,0,0,3.8,13187,211,鲜焰文化,5男2女 4.5小时 进阶 2020.11发行,未来 机制 欢乐 怪谈
上海滩...事件,上海滩事件,5,0,0,0,0,0,0,0,0,0,0,0,0,0,0,0,0,0,0,0,0,0,0,推理大师,3男2女 2.0小时 新手,
豪门21野狐悠谈,,0,0,0,0,0,0,0,0,0,0,0,0,0,0,0,0,0,0,0,0,0,0,0,,,
渊虞唐,渊虞唐,6.1,6.7,0,0,0,6.6,0,0,0,6.7,0,0,0,0,0,0,0,0,0,0,1.1,6228,74,剧幕工坊,3男3女 4.0小时 进阶 2020.11发行,古风 情感 演绎 都市
家宴2继承者们,家宴2：继承者们,7.1,6.8,0,0,7.4,0,6.9,0,0,0,0,0,0,0,0,0,0,0,0,0,3.8,40611,794,DA剧本工场; 雪人剧制,剧本类型:火锅/撕逼/欢乐/互动 游戏人数:6人（3男3女） 游戏时常:4小时 体验店家...全文,中式 机制 欢乐 都市
舍离2-断念,舍离2：断念,5.9,6.2,5.5,0,0,6.6,0,0,0,0,0,0,0,0,0,0,0,0,0,0,1.1,149987,2839,桌立方,3男3女 4.5小时 进阶 2021.01发行,古风 情感 沉浸 玄幻
无限剑决,,0,0,0,0,0,0,0,0,0,0,0,0,0,0,0,0,0,0,0,0,0,0,0,,,
七月半,七月半,6,0,0,0,0,0,0,0,0,0,0,0,0,0,0,0,0,0,0,0,0,0,0,大连漫纪元剧本工作室,5男2女 4.5小时 进阶,
赤狐书生之佛狸祠下,赤狐书生之佛狸祠下,7,0,0,0,0,0,0,0,0,0,0,0,0,0,0,0,0,0,0,0,1.1,0,0,空然新语,3男3女 4.0小时 进阶 2020.12发行,古风 情感 演绎 玄幻
莲,,0,0,0,0,0,0,0,0,0,0,0,0,0,0,0,0,0,0,0,0,0,0,0,,,
悬崖边上的根号3,,0,0,0,0,0,0,0,0,0,0,0,0,0,0,0,0,0,0,0,0,0,0,0,,,
野蔷薇,,0,0,0,0,0,0,0,0,0,0,0,0,0,0,0,0,0,0,0,0,0,0,0,,,
世界以痛吻我我要抱之以歌,,0,0,0,0,0,0,0,0,0,0,0,0,0,0,0,0,0,0,0,0,0,0,0,,,
女厕2冥镜,女厕2：冥镜,5.6,6.3,0,0,0,0,6.2,0,0,0,0,0,0,0,0,0,0,0,0,0,471,20901,266,梦境岭剧本工作室,3男3女 4.0小时 进阶 2021.01发行,日式 机制 惊悚 校园
阿尔忒斯之眸,,0,0,0,0,0,0,0,0,0,0,0,0,0,0,0,0,0,0,0,0,0,0,0,,,
谍影2南京风沙,,0,0,0,0,0,0,0,0,0,0,0,0,0,0,0,0,0,0,0,0,0,0,0,,,
魔女屋,,0,0,0,0,0,0,0,0,0,0,0,0,0,0,0,0,0,0,0,0,0,0,0,,,
雪之谷,,0,0,0,0,0,0,0,0,0,0,0,0,0,0,0,0,0,0,0,0,0,0,0,,,
山猪精的幸福生活被打扰之后,山猪精的幸福生活被打扰之后,5.0,5.6,0,0,6.0,0,0,0,0,0,0,0,0,0,0,5.7,0,0,0,0,5.8,71992,1095,东方剧制,3男4女 4.0小时 新手 2021.02发行,架空 阵营 欢乐 新手
绣花鞋,,0,0,0,0,0,0,0,0,0,0,0,0,0,0,0,0,0,0,0,0,0,0,0,,,
朝天阙,,0,0,0,0,0,0,0,0,0,0,0,0,0,0,0,0,0,0,0,0,0,0,0,,,
晓人间落月,晓人间·落月,5.6,6.0,5.8,0,0,6.4,0,0,0,0,0,0,0,0,0,0,0,0,0,0,1.1,18418,264,月石工作室,2男3女 4.0小时 新手 2021.07发行,中式 情感 沉浸 校园
oh!我亲爱的老同学,Oh！我亲爱的老同学,8,0,0,0,0,0,0,0,0,0,0,0,0,0,0,0,0,0,0,0,0,0,0,沧之溟工作室,4男4女 4.5小时 进阶 2021.04发行,中式 推理 欢乐 都市
豪门23-期须乃至,,0,0,0,0,0,0,0,0,0,0,0,0,0,0,0,0,0,0,0,0,0,0,0,,,
豪门24-泉之馆,,0,0,0,0,0,0,0,0,0,0,0,0,0,0,0,0,0,0,0,0,0,0,0,,,
黑子迷局2:无光诡局,黑子迷局2：无光诡局,6.1,6.4,0,6.5,0,0,6.6,0,0,0,0,0,0,0,0,0,0,0,0,0,2.6,7928,109,燃工作室,4男4女 4.0小时 高阶,
陪葬,陪葬,6.1,6.1,5.9,0,0,0,0,0,0,0,0,0,0,0,0,0,0,0,0,0,19864,32394,533,葵花工作室,3男3女 6.0小时 进阶 2021.06发行,古风 推理 惊悚 宫廷
兵临城下2,兵临城下2：你好，新天津,6.2,6.6,0,0,0,6.6,0,0,0,0,0,0,0,0,0,5.9,0,0,0,0,1.1,85434,1576,老玉米联合工作室,4男4女 4.0小时 进阶 2021.06发行,民国 情感 沉浸 战争
黑羊公馆,,0,0,0,0,0,0,0,0,0,0,0,0,0,0,0,0,0,0,0,0,0,0,0,,,
童话,,0,0,0,0,0,0,0,0,0,0,0,0,0,0,0,0,0,0,0,0,0,0,0,,,
相爱是最小的共产主义,,0,0,0,0,0,0,0,0,0,0,0,0,0,0,0,0,0,0,0,0,0,0,0,,,
通缉令掘齿者,通缉令掘齿者,8.1,7.1,7.8,7.1,0,0,0,0,0,0,0,0,0,0,0,0,0,0,0,0,30473,47391,1862,A+剧本工作室,3男2女 4.5小时 高阶 2021.04发行,
天国,天国,10,0,0,0,0,0,0,0,0,0,0,0,0,0,0,0,0,0,0,0,0,0,0,入梦剧制,4男3女 5.0小时 高阶 2021.12发行,
那皇军不是白来了么,,0,0,0,0,0,0,0,0,0,0,0,0,0,0,0,0,0,0,0,0,0,0,0,,,
途惊北海道,,0,0,0,0,0,0,0,0,0,0,0,0,0,0,0,0,0,0,0,0,0,0,0,,,
"死神,癫狂与逻辑学家",死神癫狂与逻辑学家,4.5,5.3,5.4,0,0,0,0,0,0,0,0,0,0,0,5.2,0,0,0,0,0,1.4,28240,474,松火推理; 东方剧制,3男3女 4.5小时 进阶 2021.07发行,
咆哮吧!恶龙,咆哮吧！恶龙,5.4,5.7,0,0,6.2,0,6.0,0,0,0,0,0,0,0,0,0,0,0,0,0,6091,18108,260,浮生梦文创; 饭团娱乐,4男4女 4.0小时 新手 2021.07发行,
地狱的19层,,0,0,0,0,0,0,0,0,0,0,0,0,0,0,0,0,0,0,0,0,0,0,0,,,
点妖簿,点妖簿,7.3,7.0,6.6,0,0,7.2,0,0,0,0,0,0,0,0,0,0,0,0,0,0,1.1,17873,408,猫又集,4男2女 4.0小时 进阶 2020.12发行,古风 情感 沉浸 玄幻
复泉楼,复泉楼,6.6,6.8,6.6,0,0,0,0,0,6.4,0,0,0,0,0,0,0,0,0,0,0,2.8,9656,460,智乐源文化,【复泉楼】豪门系列／推理／阵营／还原／本格 【角色时长】吕微至／4小时 【人数配置】3男3女／可反串 【推荐角色】谷负相对边缘 【彩蛋联动】豪门本特有栏目！复泉楼与裂镜重圆、泉之馆有彩蛋联动，另外一个联动可能影响游...全文,民国 推理 沉浸 豪门
鲸鱼马戏团,鲸鱼马戏团,7.9,7.5,6.4,0,0,7.6,0,0,0,0,0,0,0,0,0,0,0,0,0,0,1.1,159501,5179,黑羽毛工作室; LARP原创工作室,〖补测评〗 类型：欢乐 情感（纯亲情）推理 时长：4小时 人数：二男四女（我们仙女局） 体验角色：飞飞（废...全文,其他 情感 沉浸 童话
想要成为rapstar吗,想要成为RapStar吗,6.3,6.1,0,0,7.0,0,6.2,0,0,0,0,0,0,0,0,0,0,0,0,0,3.8,21776,362,庐州怪兽工作室,百本选手说剧本:剧本《想要成为RapStar吗》8人本 4男4女 剧本类型:盒装本 欢乐本 游戏时间:5小时左右 这个本是 2年前 发行的 剧本 现在看 比较简单 故事 还比较 内娱 🈶凶案 🈶唱歌 🈶绕口令 🈶勾心斗角 尔虞吾诈 推荐人群:新手玩家 建议整车 社牛玩家 说唱歌手 18+ 以上 （今天遇到了 顶配车 和 超级DM 所以 ...全文,中式 机制 欢乐 都市
大郎该吃药了,,0,0,0,0,0,0,0,0,0,0,0,0,0,0,0,0,0,0,0,0,0,0,0,,,
七月十三日,七月十三日,8.9,8.3,8.5,0,0,0,0,0,0,0,0,0,0,0,0,0,0,0,0,0,116055,118817,8007,灰烬工作室,4男2女 6.0小时 高阶 2019.11发行,日式 推理 惊悚 都市
悬崖边上的根号三,,0,0,0,0,0,0,0,0,0,0,0,0,0,0,0,0,0,0,0,0,0,0,0,,,
蜇蜂之死,蜇蜂之死,7.1,7.0,7.1,0,0,0,0,0,6.3,0,0,0,0,0,0,0,0,0,0,0,2.8,7.1,1859,外星人,3男3女 5.0小时 高阶 2021.03发行,架空 推理 沉浸 都市
小团圆(5人半开放防疫事迹,,0,0,0,0,0,0,0,0,0,0,0,0,0,0,0,0,0,0,0,0,0,0,0,,,
夜总会杀人夜,,0,0,0,0,0,0,0,0,0,0,0,0,0,0,0,0,0,0,0,0,0,0,0,,,
虞渊唐,,0,0,0,0,0,0,0,0,0,0,0,0,0,0,0,0,0,0,0,0,0,0,0,,,
粉灯,,0,0,0,0,0,0,0,0,0,0,0,0,0,0,0,0,0,0,0,0,0,0,0,,,
约,,0,0,0,0,0,0,0,0,0,0,0,0,0,0,0,0,0,0,0,0,0,0,0,,,
焰之扉,,0,0,0,0,0,0,0,0,0,0,0,0,0,0,0,0,0,0,0,0,0,0,0,,,
青玉赌坊2怡红怨,,0,0,0,0,0,0,0,0,0,0,0,0,0,0,0,0,0,0,0,0,0,0,0,,,
校规2返校,第二十二条校规2：返校,4.7,5.6,5.5,0,0,0,0,0,0,0,0,0,0,0,0,0,0,0,0,0,37357,83001,1249,真相骑士,3男3女 4.5小时 进阶 2021.02发行,日式 推理 惊悚 校园
我祝你孤独也祝你幸福,,0,0,0,0,0,0,0,0,0,0,0,0,0,0,0,0,0,0,0,0,0,0,0,,,
风,,0,0,0,0,0,0,0,0,0,0,0,0,0,0,0,0,0,0,0,0,0,0,0,,,
备忘录;死后即阅,备忘录：死后即阅,6.7,6.8,0,6.8,0,0,6.4,0,0,0,0,0,0,0,0,0,0,0,0,0,1.8,52434,1304,司家侦探,3男2女 5.0小时 高阶 2021.04发行,
你妈逼你结婚了吗,,0,0,0,0,0,0,0,0,0,0,0,0,0,0,0,0,0,0,0,0,0,0,0,,,
玫瑰玫瑰,,0,0,0,0,0,0,0,0,0,0,0,0,0,0,0,0,0,0,0,0,0,0,0,,,
不可思议的万分之一分,,0,0,0,0,0,0,0,0,0,0,0,0,0,0,0,0,0,0,0,0,0,0,0,,,
十二面相,怪人十二面相,8.1,7.9,7.3,7.4,0,0,0,0,0,0,0,0,0,0,0,0,0,0,0,0,35974,45596,3295,低空飞行,3男3女 6.5小时 高阶 2022.05发行,
凤启长安,凤启长安,5.9,6.0,5.8,0,0,6.0,0,0,0,0,0,0,0,0,0,0,0,0,0,0,1.1,5083,118,知道剧行,3男3女 3.0小时 进阶 2021.10发行,古风 情感 沉浸 权谋
豪门-孤舟萤,,0,0,0,0,0,0,0,0,0,0,0,0,0,0,0,0,0,0,0,0,0,0,0,,,
花与爱莉丝,花与爱莉丝,8.1,7.7,7.4,7.4,0,0,0,0,0,0,0,0,0,0,0,0,0,0,0,0,5049,63987,4069,浮生梦文创,4男3女 4.5小时 进阶 2022.06发行,
JT花屋,,0,0,0,0,0,0,0,0,0,0,0,0,0,0,0,0,0,0,0,0,0,0,0,,,
小吊梨汤2从前的月亮是个橘子,,0,0,0,0,0,0,0,0,0,0,0,0,0,0,0,0,0,0,0,0,0,0,0,,,
w,,0,0,0,0,0,0,0,0,0,0,0,0,0,0,0,0,0,0,0,0,0,0,0,,,
永不褪色山楂林,,0,0,0,0,0,0,0,0,0,0,0,0,0,0,0,0,0,0,0,0,0,0,0,,,
晴天神社2卖快乐的人,,0,0,0,0,0,0,0,0,0,0,0,0,0,0,0,0,0,0,0,0,0,0,0,,,
六个盒子β帕佐庄园,,0,0,0,0,0,0,0,0,0,0,0,0,0,0,0,0,0,0,0,0,0,0,0,,,
桔梗花消失的秋天,,0,0,0,0,0,0,0,0,0,0,0,0,0,0,0,0,0,0,0,0,0,0,0,,,
八苦捌苦,,0,0,0,0,0,0,0,0,0,0,0,0,0,0,0,0,0,0,0,0,0,0,0,,,
兔子世界下起胡萝卜雨,,0,0,0,0,0,0,0,0,0,0,0,0,0,0,0,0,0,0,0,0,0,0,0,,,
树洞,《树洞》,0,0,0,0,0,0,0,0,0,0,0,0,0,0,0,0,0,0,0,0,0,0,0,V崽工作室,2男4女 4.5小时 新手 2022.07发行,中式 情感 沉浸 都市
王府诡谈,王府诡谈,6.7,7.0,6.7,6.8,0,0,0,0,0,0,0,0,0,0,0,0,0,0,0,0,266,2904,87,神之剧制,4男2女 4.0小时 新手 2021.11发行,
椰枣,,0,0,0,0,0,0,0,0,0,0,0,0,0,0,0,0,0,0,0,0,0,0,0,,,
裁员,,0,0,0,0,0,0,0,0,0,0,0,0,0,0,0,0,0,0,0,0,0,0,0,,,
后来待续,,0,0,0,0,0,0,0,0,0,0,0,0,0,0,0,0,0,0,0,0,0,0,0,,,
恶名昭著2,恶名昭著2：无耻之徒,8.1,7.8,7.2,0,0,7.5,0,0,0,0,0,0,0,0,0,0,0,0,0,0,29823,58297,2522,东方剧制,4男3女 4.5小时 进阶 2021.07发行,
如是,如是,7,0,0,0,0,0,0,0,0,0,0,0,0,0,0,0,0,0,0,0,1.1,0,0,山海明侦社,3男3女 3.5小时 新手 2021.09发行,
安娜前传荼蘼花开,安娜前传：荼蘼花开,2,0,0,0,0,0,0,0,0,0,0,0,0,0,0,0,0,0,0,0,0,0,0,雲深工作室,3男3女 4.5小时 进阶 2021.09发行,
天才在左我在右,,0,0,0,0,0,0,0,0,0,0,0,0,0,0,0,0,0,0,0,0,0,0,0,,,
望海祠豪门26,,0,0,0,0,0,0,0,0,0,0,0,0,0,0,0,0,0,0,0,0,0,0,0,,,
瘆2,,0,0,0,0,0,0,0,0,0,0,0,0,0,0,0,0,0,0,0,0,0,0,0,,,
犯罪创意馆-基,犯罪创意馆：基本演绎,5.7,6.1,6.3,6.2,0,0,0,0,0,0,0,0,0,0,0,0,0,0,0,0,706,5576,126,剧作时代,4男3女 4.5小时 高阶 2021.08发行,
归,,0,0,0,0,0,0,0,0,0,0,0,0,0,0,0,0,0,0,0,0,0,0,0,,,
虚构,,0,0,0,0,0,0,0,0,0,0,0,0,0,0,0,0,0,0,0,0,0,0,0,,,
晚婚,晚婚,5.4,5.9,0,0,0,6.4,0,0,0,6.5,0,0,0,0,0,0,0,0,0,0,1.1,8805,135,帽子戏法工作室,3男3女 4.0小时 进阶 2020.11发行,
白昼,,0,0,0,0,0,0,0,0,0,0,0,0,0,0,0,0,0,0,0,0,0,0,0,,,
恶龙从未杀死持剑的少年,恶龙从未杀死持剑的少年,7.0,7.0,0,0,0,7.2,6.8,0,0,0,0,0,0,0,0,0,0,0,0,0,7607,5047,93,贰叁工作室,3男3女 4.5小时 进阶,欧美 机制 沉浸 战争
记事,,0,0,0,0,0,0,0,0,0,0,0,0,0,0,0,0,0,0,0,0,0,0,0,,,
狗咬狗,,0,0,0,0,0,0,0,0,0,0,0,0,0,0,0,0,0,0,0,0,0,0,0,,,
放弃生活去北极,放弃生活去北极,7.5,7.2,0,0,0,0,7.1,0,7.1,0,0,0,0,0,0,0,0,0,0,0,7607,26085,677,东方剧制,补测系列🌟《放弃生活去北极》🌟 📖剧本类型:日式｜机制｜治愈｜沉浸 👦玩家配置:三男三女 🕰体验时长:4-5小时 一部印象很深的本子，体验感很不错的盒装...全文,日式 机制 沉浸 都市
兔偶公馆,,0,0,0,0,0,0,0,0,0,0,0,0,0,0,0,0,0,0,0,0,0,0,0,,,
烟花,烟花,4,0,0,0,0,0,0,0,0,0,0,0,0,0,0,0,0,0,0,0,1.1,0,0,马栏山创艺文化,3男3女 4.0小时 进阶 2021.07发行,
诸葛七星传​,,0,0,0,0,0,0,0,0,0,0,0,0,0,0,0,0,0,0,0,0,0,0,0,,,
一马当先,,0,0,0,0,0,0,0,0,0,0,0,0,0,0,0,0,0,0,0,0,0,0,0,,,
病娇2恋爱日记,,0,0,0,0,0,0,0,0,0,0,0,0,0,0,0,0,0,0,0,0,0,0,0,,,
邪,,0,0,0,0,0,0,0,0,0,0,0,0,0,0,0,0,0,0,0,0,0,0,0,,,
豪门27:仪式之门,,0,0,0,0,0,0,0,0,0,0,0,0,0,0,0,0,0,0,0,0,0,0,0,,,
脱单大会脱光大会,,0,0,0,0,0,0,0,0,0,0,0,0,0,0,0,0,0,0,0,0,0,0,0,,,
白衣2青山云海,,0,0,0,0,0,0,0,0,0,0,0,0,0,0,0,0,0,0,0,0,0,0,0,,,
亲爱的你听我解释,,0,0,0,0,0,0,0,0,0,0,0,0,0,0,0,0,0,0,0,0,0,0,0,,,
人在天庭朝九晚五,,0,0,0,0,0,0,0,0,0,0,0,0,0,0,0,0,0,0,0,0,0,0,0,,,
来日纵使千千阙歌​,,0,0,0,0,0,0,0,0,0,0,0,0,0,0,0,0,0,0,0,0,0,0,0,,,
拜庙​,,0,0,0,0,0,0,0,0,0,0,0,0,0,0,0,0,0,0,0,0,0,0,0,,,
惊池大覃,,0,0,0,0,0,0,0,0,0,0,0,0,0,0,0,0,0,0,0,0,0,0,0,,,
龙宴3,,0,0,0,0,0,0,0,0,0,0,0,0,0,0,0,0,0,0,0,0,0,0,0,,,
你想和我在瑞士谈场恋爱么,,0,0,0,0,0,0,0,0,0,0,0,0,0,0,0,0,0,0,0,0,0,0,0,,,
深林,深林,7.7,6.9,0,6.8,0,0,7.6,0,0,0,0,0,0,0,0,0,0,0,0,0,2.6,24380,737,無花果工作室,5男0女 4.5小时 进阶 2021.04发行,
羊,,0,0,0,0,0,0,0,0,0,0,0,0,0,0,0,0,0,0,0,0,0,0,0,,,
78七八,,0,0,0,0,0,0,0,0,0,0,0,0,0,0,0,0,0,0,0,0,0,0,0,,,
死亡序章-我的尸体,,0,0,0,0,0,0,0,0,0,0,0,0,0,0,0,0,0,0,0,0,0,0,0,,,
诡海,,0,0,0,0,0,0,0,0,0,0,0,0,0,0,0,0,0,0,0,0,0,0,0,,,
我却乌云遮目,,0,0,0,0,0,0,0,0,0,0,0,0,0,0,0,0,0,0,0,0,0,0,0,,,
72七二,,0,0,0,0,0,0,0,0,0,0,0,0,0,0,0,0,0,0,0,0,0,0,0,,,
尔虞我诈,,0,0,0,0,0,0,0,0,0,0,0,0,0,0,0,0,0,0,0,0,0,0,0,,,
沙影,沙影,8.2,7.8,7.2,0,0,7.7,0,0,0,0,0,0,0,0,0,0,0,0,0,0,1.1,15524,398,凤凰谷工作室,补测系列🌟《沙影》🌟 📖剧本类型:中式｜立意｜童话｜情感 🕰体验时长:5个小时 👦玩家配置:三男三女 这是一部早期古早情感本，本子立意的占比...全文,
"彼岸2:雪花绽放的那天,风车转动",彼岸2·雪花绽放的那天风车转动,7.3,7.2,6.5,0,0,0,0,0,7.3,0,0,0,0,0,0,0,0,0,0,0,7607,7248,220,拾柒工作室,4男3女 4.5小时 进阶,中式 机制 沉浸 童话
糖,,0,0,0,0,0,0,0,0,0,0,0,0,0,0,0,0,0,0,0,0,0,0,0,,,
人间记,,0,0,0,0,0,0,0,0,0,0,0,0,0,0,0,0,0,0,0,0,0,0,0,,,
印斯茅斯,印斯茅斯,7.8,7.4,7.2,7.2,0,0,0,0,0,0,0,0,0,0,0,0,0,0,0,0,21060,45282,1740,外星人,百本选手说剧本:剧本《印斯茅斯》7人本 4男3女 剧本类型:盒装本 还原本 微恐+跑团 游戏时间:5小时左右 这个本 是 2年前的剧本 质量还是 挺不错的 剧本中 🈶 凶案 🈶密室 🈶许多可以盘的东西 剧本 阅读量 适中 难度 也还可以 说回剧本 ...全文,
持斧奥夫外传:玩剧本吗,,0,0,0,0,0,0,0,0,0,0,0,0,0,0,0,0,0,0,0,0,0,0,0,,,
豪门28枉痴心,,0,0,0,0,0,0,0,0,0,0,0,0,0,0,0,0,0,0,0,0,0,0,0,,,
逢山遇鬼2:知命,逢山遇鬼2：知命,7.2,7.1,0,0,0,7.1,0,6.6,0,0,0,0,0,0,0,0,0,0,0,0,3083,24534,657,沧之溟工作室,3男4女 3.5小时 新手 2021.12发行,古风 还原 沉浸 玄幻
你好2:她说,你好2：她说,6.4,6.6,0,0,0,7.0,6.6,0,0,0,0,0,0,0,0,0,0,0,0,0,7607,8967,245,梦墨绘梦馆,3男3女 4.0小时 进阶 2022.01发行,中式 机制 沉浸 都市
大梦朱颜改,,0,0,0,0,0,0,0,0,0,0,0,0,0,0,0,0,0,0,0,0,0,0,0,,,
聆听者2密语人,聆听者2：密语人,10,0,0,0,0,0,0,0,0,0,0,0,0,0,0,0,0,0,0,0,0,0,0,伊一工作室,3男4女 4.5小时 新手 2022.03发行,
江湖,,0,0,0,0,0,0,0,0,0,0,0,0,0,0,0,0,0,0,0,0,0,0,0,,,
达知县平安街2,达知县.平安街2,6.3,6.5,6.5,0,0,0,0,0,0,0,0,0,0,0,6.4,0,0,0,0,0,1.4,7035,91,豆芽剧本工作室,4男2女 4.0小时 进阶 2021.04发行,
北纬65°的风,,0,0,0,0,0,0,0,0,0,0,0,0,0,0,0,0,0,0,0,0,0,0,0,,,
DM又S了,,0,0,0,0,0,0,0,0,0,0,0,0,0,0,0,0,0,0,0,0,0,0,0,,,
涂川2三生契,涂川2：三生契,8.2,7.5,0,0,0,7.9,0,0,0,8.7,0,0,0,0,0,0,0,0,0,0,45304,96993,4857,,3男3女 4.5小时 新手 2021.12发行,古风 情感 演绎 玄幻
水镜八奇2权倾天下,,0,0,0,0,0,0,0,0,0,0,0,0,0,0,0,0,0,0,0,0,0,0,0,,,
桑北2月隐西凌,,0,0,0,0,0,0,0,0,0,0,0,0,0,0,0,0,0,0,0,0,0,0,0,,,
239二三九,,0,0,0,0,0,0,0,0,0,0,0,0,0,0,0,0,0,0,0,0,0,0,0,,,
爱尔兰巫师,,0,0,0,0,0,0,0,0,0,0,0,0,0,0,0,0,0,0,0,0,0,0,0,,,
达摩克里斯之剑,,0,0,0,0,0,0,0,0,0,0,0,0,0,0,0,0,0,0,0,0,0,0,0,,,
稚双归,,0,0,0,0,0,0,0,0,0,0,0,0,0,0,0,0,0,0,0,0,0,0,0,,,
奇异人生,奇异人生,8.4,8.0,7.1,0,0,0,0,0,7.6,0,0,0,0,0,0,0,0,0,0,0,2.8,13727,540,群星工作室; 选剧本工作室,3男2女 4.0小时 进阶,架空 推理 沉浸 科幻
横行加勒比:无人之海,横行加勒比：无人之海,7.0,6.8,0,0,0,0,7.3,0,0,0,0,0,0,0,6.9,0,0,0,0,0,751,5099,128,山橘推理,4男2女 4.0小时 新手 2021.11发行,欧美 机制 立意 新手
半盏茶事,半盏茶事,6.8,6.3,5.4,0,0,6.6,0,0,0,0,0,0,0,0,0,0,0,0,0,0,1.1,17889,509,帽子戏法工作室,3男4女 4.0小时 进阶 2021.06发行,中式 情感 沉浸 都市
半仙儿·春日怨,,0,0,0,0,0,0,0,0,0,0,0,0,0,0,0,0,0,0,0,0,0,0,0,,,
玻璃屋3漫游白兔屋,,0,0,0,0,0,0,0,0,0,0,0,0,0,0,0,0,0,0,0,0,0,0,0,,,
新第二十二条校规2七夜,新第二十二条校规2：七夜,5.3,5.8,0,0,0,0,0,5.8,0,0,0,0,0,0,0,0,0,0,0,0,11.3,20421,366,真相骑士,4男3女 4.5小时 新手 2022.08发行,
百年谋杀漫谈,,0,0,0,0,0,0,0,0,0,0,0,0,0,0,0,0,0,0,0,0,0,0,0,,,
空中小屋,空中小屋杀人事件,6.1,6.4,6.6,6.1,0,0,0,0,0,0,0,0,0,0,0,0,0,0,0,0,1796,16787,301,威海不二工作室,4男2女 4.5小时 高阶 2021.02发行,
子时已到3,子时已到3自寻生路,6.7,6.9,6.7,0,0,0,0,0,0,0,0,0,0,0,0,0,0,0,0,0,9095,18869,641,津门探案,百本选手说剧本:剧本《子时已到3自寻生路》6人本 3男3女 剧本类型:盒装本 恐怖本 游戏时间:4.5小时左右 实话实说 这个本 同车 队友太给力 （3个女生是 奶 ）一直都在尖叫😱 而且 店家也 良心 （闭店开）剧情方面 胡说八道 故事 特别离谱 主要是 找一家 恐怖氛围 营造的好 的 店里开 （吐槽 这个本 的歌曲 不好...全文,日式 推理 惊悚 进阶
新海底,,0,0,0,0,0,0,0,0,0,0,0,0,0,0,0,0,0,0,0,0,0,0,0,,,
野寺坊彷徨之夜,,0,0,0,0,0,0,0,0,0,0,0,0,0,0,0,0,0,0,0,0,0,0,0,,,
倒转颠末者推理书,,0,0,0,0,0,0,0,0,0,0,0,0,0,0,0,0,0,0,0,0,0,0,0,,,
大话西游-长安乱,,0,0,0,0,0,0,0,0,0,0,0,0,0,0,0,0,0,0,0,0,0,0,0,,,
游子三旬一期一会,,0,0,0,0,0,0,0,0,0,0,0,0,0,0,0,0,0,0,0,0,0,0,0,,,
WWW创伤废土世界,WwW创伤废土世界,7.4,7.3,0,0,0,0,0,7.4,0,0,0,0,0,0,7.3,0,0,0,0,0,6578,5879,363,武汉未蓝原创,3男3女 5.0小时 进阶 2022.12发行,
当长河再度流淌,当长河再度流淌时,7.7,7.3,6.8,0,0,0,0,0,0,0,0,0,0,0,8.4,0,0,0,0,0,1.4,11872,587,咪咕挑灯工作室; 葵花工作室,3男3女 4.5小时 进阶 2022.09发行,
豪门30曼娜,,0,0,0,0,0,0,0,0,0,0,0,0,0,0,0,0,0,0,0,0,0,0,0,,,
豪门31冥海缒幽,,0,0,0,0,0,0,0,0,0,0,0,0,0,0,0,0,0,0,0,0,0,0,0,,,
明天,,0,0,0,0,0,0,0,0,0,0,0,0,0,0,0,0,0,0,0,0,0,0,0,,,
90后才不会变老呢,,0,0,0,0,0,0,0,0,0,0,0,0,0,0,0,0,0,0,0,0,0,0,0,,,
云海,,0,0,0,0,0,0,0,0,0,0,0,0,0,0,0,0,0,0,0,0,0,0,0,,,
击坠神明之夜复盘,,0,0,0,0,0,0,0,0,0,0,0,0,0,0,0,0,0,0,0,0,0,0,0,,,
无名之町下,无名之町·下,7.7,7.8,0,7.1,0,0,0,7.6,0,0,0,0,0,0,0,0,0,0,0,0,1.1,6799,412,五味子剧制,3男3女 5.5小时 进阶,
克莱因囚笼,启元：克莱因囚笼,8.5,7.5,8.1,0,0,0,0,0,0,0,7.7,0,0,0,0,0,0,0,0,0,19022,17461,1742,二类人生剧制,百本选手说剧本:剧本《启元:克莱因囚笼》6人本 4男2女 剧本类型:城限本 推理本 游戏时间:5.5小时左右 👬适合人群：逻辑流 玩家 ❤剧情感受：🈶 ...全文,
一颗开花的树,,0,0,0,0,0,0,0,0,0,0,0,0,0,0,0,0,0,0,0,0,0,0,0,,,
等,,0,0,0,0,0,0,0,0,0,0,0,0,0,0,0,0,0,0,0,0,0,0,0,,,
叫爸爸2丧尸ruarua,叫爸爸2：丧尸RuaRua,7.0,7.1,0,0,7.3,0,6.8,0,0,0,0,0,0,0,0,0,0,0,0,0,3.8,28100,879,SSR推理发行工作室,3男3女 4.5小时 新手 2023.01发行,未来 机制 欢乐 末日
zooooo进化大作战,Zooooo！进化大作战！,7.6,6.9,0,0,7.7,0,7.2,0,0,0,0,0,0,0,0,0,0,0,0,0,3.8,46241,2408,可疑的宣发工作室; 帽子戏法工作室,4男3女 5.0小时 进阶 2023.01发行,架空 机制 欢乐 拟人
有人说于归,有人说·于归,7.1,7.1,0,0,0,7.2,0,0,0,0,7.2,0,0,0,0,0,0,0,0,0,2.1,8357,384,时间裂缝,3男3女 4.5小时 进阶 2023.01发行,古风 情感 食玩 玄幻
庄周梦蝶2锦瑟传,,0,0,0,0,0,0,0,0,0,0,0,0,0,0,0,0,0,0,0,0,0,0,0,,,
怪闻泉隐炽焰卷,,0,0,0,0,0,0,0,0,0,0,0,0,0,0,0,0,0,0,0,0,0,0,0,,,
说谎者,,0,0,0,0,0,0,0,0,0,0,0,0,0,0,0,0,0,0,0,0,0,0,0,,,
温度生来平凡,,0,0,0,0,0,0,0,0,0,0,0,0,0,0,0,0,0,0,0,0,0,0,0,,,
夜歌幻木吟,,0,0,0,0,0,0,0,0,0,0,0,0,0,0,0,0,0,0,0,0,0,0,0,,,
顶楼极恶之宴,,0,0,0,0,0,0,0,0,0,0,0,0,0,0,0,0,0,0,0,0,0,0,0,,,
一三九,,0,0,0,0,0,0,0,0,0,0,0,0,0,0,0,0,0,0,0,0,0,0,0,,,
天下决,,0,0,0,0,0,0,0,0,0,0,0,0,0,0,0,0,0,0,0,0,0,0,0,,,
缠绕列车,,0,0,0,0,0,0,0,0,0,0,0,0,0,0,0,0,0,0,0,0,0,0,0,,,
吾自齐天2,吾自齐天2：奉君天阙客,7.7,7.3,0,0,0,7.4,0,0,0,7.7,0,0,0,0,0,0,0,0,0,0,1.1,3591,179,翰林院工作室,3男3女 4.5小时 新手 2022.07发行,古风 情感 演绎 神话
普罗米修斯的杀人事件2起源,,0,0,0,0,0,0,0,0,0,0,0,0,0,0,0,0,0,0,0,0,0,0,0,,,
dog,DOG,8.1,7.9,0,0,0,7.5,0,0,7.6,0,0,0,0,0,0,0,0,0,0,0,1.1,14587,1189,岛屿工作室,4男2女 5.0小时 新手 2022.10发行,架空 情感 沉浸 科幻
阎罗帖2杀人者的预判,,0,0,0,0,0,0,0,0,0,0,0,0,0,0,0,0,0,0,0,0,0,0,0,,,
推理作家的独白,,0,0,0,0,0,0,0,0,0,0,0,0,0,0,0,0,0,0,0,0,0,0,0,,,
圣杯侦探和倒霉蛋,圣杯、侦探和倒霉蛋,5.1,5.5,5.8,5.6,0,0,0,0,0,0,0,0,0,0,0,0,0,0,0,0,8806,7670,543,苏墨工作室; 起源ORIGIN工作室,4男2女 6.5小时 进阶 2023.01发行,
蝉蜕之谜,,0,0,0,0,0,0,0,0,0,0,0,0,0,0,0,0,0,0,0,0,0,0,0,,,
理想国,,0,0,0,0,0,0,0,0,0,0,0,0,0,0,0,0,0,0,0,0,0,0,0,,,
小女孩绽放的夜晚,,0,0,0,0,0,0,0,0,0,0,0,0,0,0,0,0,0,0,0,0,0,0,0,,,
夏日轻,,0,0,0,0,0,0,0,0,0,0,0,0,0,0,0,0,0,0,0,0,0,0,0,,,
百匠奇案1,,0,0,0,0,0,0,0,0,0,0,0,0,0,0,0,0,0,0,0,0,0,0,0,,,
极乐,,0,0,0,0,0,0,0,0,0,0,0,0,0,0,0,0,0,0,0,0,0,0,0,,,
CX祭,,0,0,0,0,0,0,0,0,0,0,0,0,0,0,0,0,0,0,0,0,0,0,0,,,
致曾来过的你,,0,0,0,0,0,0,0,0,0,0,0,0,0,0,0,0,0,0,0,0,0,0,0,,,
风声之独白,,0,0,0,0,0,0,0,0,0,0,0,0,0,0,0,0,0,0,0,0,0,0,0,,,
YiYi,Yi Yi,7.5,7.3,0,0,0,7.4,0,0,7.3,0,0,0,0,0,0,0,0,0,0,0,1.1,5521,425,坏达摩工作室,4男3女 6.0小时 新手 2023.02发行,中式 情感 沉浸 都市
乱神志耀斑,乱神志·耀斑,7.2,7.5,0,6.4,0,0,0,6.9,0,0,0,0,0,0,0,0,0,0,0,0,5049,13469,708,乱神企划工作室,4男4女 5.0小时 进阶 2022.09发行,
寸血山河,,0,0,0,0,0,0,0,0,0,0,0,0,0,0,0,0,0,0,0,0,0,0,0,,,
心愿杂货铺,心愿杂货铺,7.0,7.0,0,0,7.0,0,7.0,0,0,0,0,0,0,0,0,0,0,0,0,0,3.8,2918,77,不挑事原创工作室,心愿杂货铺 人数：7人（4男3女 不可反串） 游戏时常：3-4小时 类型：城限 现代 欢乐 情感 体验地点：哈尔滨市听风阁演绎推理馆 在喜欢在杂货铺里故意买放了很久很久...全文,中式 机制 欢乐 校园
鲁冰花,鲁冰花,6.7,6.7,6.6,0,0,7.0,0,0,0,0,0,0,0,0,0,0,0,0,0,0,2.8,6124,129,故事作坊,3男3女 4.5小时 进阶 2021.05发行,中式 推理 沉浸 都市
花衣魔笛手,花衣魔笛手,7.4,7.2,0,0,0,0,0,7.0,0,0,0,0,0,0,0,0,0,0,0,0,11.3,4493,345,百里芳菲工作室,3男3女 5.5小时 进阶 2023.03发行,
落水狗,落水狗,7.4,7.0,7.1,6.8,0,0,0,0,0,0,0,0,0,0,0,0,0,0,0,0,4627,3086,196,叁叁零制片厂,4男2女 6.0小时 进阶 2022.06发行,
定风波,定风波,7.4,7.3,0,0,0,7.3,6.6,0,0,0,0,0,0,0,0,0,0,0,0,0,7607,5017,219,九狸剧制,4男3女 5.0小时 进阶,古风 机制 沉浸 武侠
B612,B612,7.6,7.0,0,0,0,7.5,7.2,0,0,0,0,0,0,0,0,0,0,0,0,0,7607,8474,765,百玄文创工作室,3男3女 5.0小时 进阶 2023.02发行,中式 机制 沉浸 思辨
少年僧侣我的尸体,,0,0,0,0,0,0,0,0,0,0,0,0,0,0,0,0,0,0,0,0,0,0,0,,,
三周目最后的神秘,,0,0,0,0,0,0,0,0,0,0,0,0,0,0,0,0,0,0,0,0,0,0,0,,,
乌贼公寓,乌贼公寓,6.0,6.2,0,0,0,0,0,0,6.5,0,0,0,0,0,0,0,0,0,0,0,4292,5882,434,折子戏工作室,4男3女 6.0小时 进阶 2022.10发行,日式 情感 治愈 其他
被焰火照亮的嫌疑犯,被焰火照亮的嫌疑犯,8.1,7.8,7.2,7.1,0,0,0,0,0,0,0,0,0,0,0,0,0,0,0,0,21728,38244,2927,万物可爱,4男2女 5.5小时 进阶 2023.01发行,日式 推理 悬疑 都市
星空之旅银河列车,星空之旅：银河列车,6.6,6.6,0,0,0,0,0,0,6.6,0,0,0,0,0,0,0,0,0,0,0,4292,1174,141,芙蕾米的创作工坊,3男3女 5.5小时 进阶 2023.02发行,
虚构幻想,虚构幻想,8.2,7.6,7.7,0,0,0,0,0,0,0,7.5,0,0,0,0,0,0,0,0,0,30936,38786,3421,曼彻斯特書局,3男3女 5.0小时 进阶 2023.03发行,
茕茕,茕茕,7.0,6.9,0,0,0,7.2,0,0,7.1,0,0,0,0,0,0,0,0,0,0,0,1.1,18711,1615,伍指山,3男3女 5.0小时 新手 2023.03发行,古风 情感 沉浸 权谋
哀悼的夜莺,哀悼的夜莺,7.2,7.3,0,0,0,7.5,0,6.9,0,0,0,0,0,0,0,0,0,0,0,0,3082,3157,152,糖果发行工作室,3男3女 4.5小时 进阶 2022.04发行,
这个杀手有点东西但不多,这个杀手有点东西，但不多,6.0,6.2,0,0,6.9,0,6.3,0,0,0,0,0,0,0,0,0,0,0,0,0,3.8,30701,1101,十库工作室,先说结论:推荐 剧本类型:盒装，欢乐机制游戏人数:6人(3男3女)推荐人物:陈思卿游戏时长:4小时 无剧透测评:整个本的质量鉴于一般和推荐之间，相对于很多盒装来说这个本还是有些长处的，同时这个本还是有特殊受众面的，如果是新手，我可以给到...全文,中式 机制 欢乐 都市
诅家庄豪门32,,0,0,0,0,0,0,0,0,0,0,0,0,0,0,0,0,0,0,0,0,0,0,0,,,
像你一样的我雪融,像你一样的我·雪融,3,0,0,0,0,0,0,0,0,0,0,0,0,0,0,0,0,0,0,0,7607,0,0,無花果工作室,3男3女 4.5小时 进阶 2022.01发行,中式 机制 沉浸 都市
恋爱规则怪谈,恋爱规则怪谈,6.0,6.1,0,0,6.8,0,6.1,0,0,0,0,0,0,0,0,0,0,0,0,0,3.8,11958,613,东方剧制,3男3女 4.5小时 新手 2023.03发行,架空 机制 欢乐 都市
福尔摩斯,福尔摩斯：最后一案,7.0,7.3,0,7.0,0,0,0,7.1,0,0,0,0,0,0,0,0,0,0,0,0,1.1,3702,343,十二行诗,百本选手说剧本:剧本《福尔摩斯:最后一案》6人本 3男3女 剧本类型:城限本 推理本 ip本 游戏时间:6小时左右 实话实说 这个本 首先 是一个 ip本 所以 我的 推荐人群 是 看过 福尔摩斯探案集 的 原著粉丝 因为 剧本里🈶 彩蛋 然后 这个本 是一个 推理本 用 基本演绎法 案件丝滑 故事 也还不错 适合新手 综上所述:一般偏上吧,
夕颜的告白,夕颜的告白,6.7,6.9,0,6.7,0,0,0,7.1,0,0,0,0,0,0,0,0,0,0,0,0,5049,3627,283,燃工作室,4男2女 5.0小时 高阶 2023.01发行,
句号,句号,7.1,6.9,0,0,0,7.3,0,0,7.2,0,0,0,0,0,0,0,0,0,0,0,1.1,7218,531,狸猫文创,3男3女 4.5小时 新手 2023.02发行,中式 情感 沉浸 都市
白八书电,,0,0,0,0,0,0,0,0,0,0,0,0,0,0,0,0,0,0,0,0,0,0,0,,,
不喜,不喜,8.7,8.5,7.2,0,0,0,0,0,0,0,0,0,0,0,0,0,0,0,0,0,31197,26680,2657,岛屿工作室,0男6女 4.5小时 进阶 2023.01发行,
琢玉,琢玉,8.0,7.5,0,0,0,7.8,0,0,7.8,0,0,0,0,0,0,0,0,0,0,0,1.1,28835,2566,云水遥工作室; 慢热TUO,3男3女 5.5小时 进阶 2023.03发行,古风 情感 沉浸 家国
灵异电视台封门村,灵异电视台：封门村,7.2,7.3,7.0,0,0,0,0,0,0,0,0,0,0,0,0,0,0,0,0,0,6450,8593,248,剧作时代,补测系列《灵异电视台:封门村》 📔剧本类型:中式｜惊悚｜推理本 👦玩家人数:三男三女 🕰体验时长:5小时 一部中式恐怖的推理本，故事写的很不错，...全文,
白日昭只,白日昭只,7.5,7.5,7.1,0,0,7.2,0,0,0,0,0,0,0,0,0,0,0,0,0,0,3707,4620,194,谜因工作室,第230本 时长：6小时 配置：3男3女 作为一个微恐情感推理本，前期的民俗仪式对于脆皮玩家来说还是稍微有些不友好的。不过这部分和后面剧情的关系也不太大，建议在这里不浪费太...全文,日式 推理 演绎法 都市
娜美娅之歌,娜美娅之歌,8.4,7.5,7.8,7.4,0,0,0,0,0,0,0,0,0,0,0,0,0,0,0,0,19808,16382,779,KEYS工作室,4男2女 4.0小时 进阶 2021.04发行,
金陵有座东君客栈,金陵有座东君客栈,7.0,7.1,0,0,7.3,0,7.2,0,0,0,0,0,0,0,0,0,0,0,0,0,3.8,13740,292,九州长歌工作室,3男3女 4.5小时 进阶 2022.11发行,架空 机制 欢乐 其他
凯拉十世疯人院里有个诡,,0,0,0,0,0,0,0,0,0,0,0,0,0,0,0,0,0,0,0,0,0,0,0,,,
朝夕拾3山河如愿,,0,0,0,0,0,0,0,0,0,0,0,0,0,0,0,0,0,0,0,0,0,0,0,,,
念念,念念,7.0,7.1,0,0,0,7.3,0,0,7.2,0,0,0,0,0,0,0,0,0,0,0,1.1,7553,404,剧鲨文化,3男3女 4.0小时 进阶 2023.01发行,中式 情感 沉浸 都市
治愈我,治愈我,8,0,0,0,0,0,0,0,0,0,0,0,0,0,0,0,0,0,0,0,1.4,0,0,刻己剧制,3男2女 4.0小时 新手,架空 推理 立意 新手
人世间,人世间,6.8,6.9,0,0,0,7.1,0,0,7.0,0,0,0,0,0,0,0,0,0,0,0,1.1,2548,98,人间剧制,《人世间》是一个3男3女的近现代情感沉浸本，与大部分民国本那种水深火热的氛围相比较，《人世间》则更多的把视角放在了那个时期的小人物上，从小家到大家的展现了在当年的抗战时期，每个人甚至是每个家庭所做出的努力。《人世间》的游戏时长比较短暂，大概4-5小时就能结束，但这个本的沉浸时间比较...全文,中式 情感 沉浸 家国
露从今夜白,露从今夜白,8.0,7.5,0,0,0,7.6,0,0,7.6,0,0,0,0,0,0,0,0,0,0,0,1.1,5676,433,慢热TUO,2男4女 4.5小时 新手 2023.01发行,中式 情感 沉浸 其他
梦里依稀灯火寒,梦里依稀灯火寒,8,0,0,0,0,0,0,0,0,0,0,0,0,0,0,0,0,0,0,0,3082,0,0,末晗文化,4男3女 4.5小时 进阶 2020.12发行,古风 还原 沉浸 武侠
芳华养老院,芳华养老院,7.1,7.0,0,0,7.4,0,0,0,7.1,0,0,0,0,0,0,0,0,0,0,0,454,1475,66,鼎甜工作室; 大吸盘工作室,4男4女 5.0小时 进阶 2022.07发行,
雾隐村,雾隐村,6.0,6.3,0,6.2,0,0,0,6.6,0,0,0,0,0,0,0,0,0,0,0,0,4.5,48549,3297,久闻,5男1女 6.0小时 高阶 2023.03发行,
聊斋异世录,聊斋异世录,6.7,7.0,0,0,0,7.1,0,0,6.9,0,0,0,0,0,0,0,0,0,0,0,1.1,21271,1906,折子戏工作室,3男4女 5.5小时 进阶 2023.01发行,古风 情感 沉浸 玄幻
隐匿于零度之下,隐匿于零度之下,7.0,7.0,7.1,6.8,0,0,0,0,0,0,0,0,0,0,0,0,0,0,0,0,9074,15041,712,剧六文娱,4男2女 6.0小时 高阶 2022.06发行,
所念皆星河,所念皆星河,6.4,6.5,0,0,0,6.9,0,0,0,7.0,0,0,0,0,0,0,0,0,0,0,1.1,10875,163,彼岸花; 造梦人文创,3男3女 4.0小时 进阶 2021.03发行,
玫瑰歌舞厅,玫瑰歌舞厅,6.5,6.6,0,0,0,6.7,0,0,6.8,0,0,0,0,0,0,0,0,0,0,0,1.1,5390,382,九州长歌工作室; 稻草人工作室,3男3女 5.0小时 进阶,中式 情感 沉浸 都市
雾岛家杀人事件,雾岛家杀人事件,7.0,6.8,7.1,6.7,0,0,0,0,0,0,0,0,0,0,0,0,0,0,0,0,20246,28622,1566,鱼玄机工作室; 东方剧制,3男3女 7.0小时 高阶 2022.07发行,日式 推理 演绎法 都市
1992,,0,0,0,0,0,0,0,0,0,0,0,0,0,0,0,0,0,0,0,0,0,0,0,,,
黯黯,黯黯,6.4,6.4,0,0,0,6.9,0,0,6.9,0,0,0,0,0,0,0,0,0,0,0,1.1,23785,2034,长青工作室,3男3女 5.0小时 新手 2023.02发行,古风 情感 沉浸 玄幻
寄生虫,寄生虫,7.9,7.3,7.7,0,0,0,0,0,0,0,0,0,0,0,0,0,0,0,0,0,590,2327,79,悖匠原创推理工作室,4男2女 4.0小时 进阶 2020.01发行,
我想杀了我最好的朋友,我想杀了我最好的朋友,6.3,6.6,0,0,6.3,0,0,6.1,0,0,0,0,0,0,0,0,0,0,0,0,99,14687,713,归途工作室,3男3女 4.5小时 新手 2023.03发行,中式 还原 欢乐 新手
怪闻3溯灵绘梦卷,,0,0,0,0,0,0,0,0,0,0,0,0,0,0,0,0,0,0,0,0,0,0,0,,,
63六三,,0,0,0,0,0,0,0,0,0,0,0,0,0,0,0,0,0,0,0,0,0,0,0,,,
天气好的时候我会去见你,天气好的时候，我会去见你,7.5,7.1,0,0,0,7.4,6.9,0,0,0,0,0,0,0,0,0,0,0,0,0,7607,9994,698,风月发行,3男3女 5.0小时 进阶 2023.03发行,架空 机制 沉浸 都市
妖猫出长安,,0,0,0,0,0,0,0,0,0,0,0,0,0,0,0,0,0,0,0,0,0,0,0,,,
销冠,销冠,5,0,0,0,0,0,0,0,0,0,0,0,0,0,0,0,0,0,0,0,3.8,0,0,入局文化,5男4女 5.0小时 进阶 2021.06发行,中式 机制 欢乐 都市
意难平,意难平,7.0,6.9,0,0,0,7.2,6.6,0,0,0,0,0,0,0,0,0,0,0,0,0,7607,9947,502,红袖工作室,3男3女 4.5小时 进阶 2022.07发行,中式 机制 沉浸 都市
7日游戏,7日游戏,6.7,6.9,6.8,6.8,0,0,0,0,0,0,0,0,0,0,0,0,0,0,0,0,3853,812,77,戏精剧本杀,《7日游戏》展会私车测评 类型：推理 机制 未来 配置：3男3女 时长：5小时 人物：...全文,
逃离北极,逃离北极,6.1,6.4,0,0,6.4,0,6.7,0,0,0,0,0,0,0,0,0,0,0,0,0,3.8,8250,236,浮生文宝工作室,9男1女 4.5小时 进阶 2021.11发行,欧美 机制 欢乐 都市
拥抱黑夜的海葵花,,0,0,0,0,0,0,0,0,0,0,0,0,0,0,0,0,0,0,0,0,0,0,0,,,
极目不见故土,极目不见故土,7.3,7.3,0,0,7.0,0,0,0,0,0,0,0,0,0,0,7.1,0,0,0,0,5.8,56977,2491,脑力觉醒,3男3女 4.0小时 新手 2023.05发行,民国 阵营 欢乐 新手
青竹馆,,0,0,0,0,0,0,0,0,0,0,0,0,0,0,0,0,0,0,0,0,0,0,0,,,
超级灵魂画手,超级灵魂画手,7.1,6.6,0,0,7.7,0,6.8,0,0,0,0,0,0,0,0,0,0,0,0,0,3.8,27250,995,凰扑君笑,4男3女 4.0小时 进阶 2022.10发行,架空 机制 欢乐 都市
菜市场,菜市场,6.4,6.3,5.6,0,7.2,0,0,0,0,0,0,0,0,0,0,0,0,0,0,0,2557,32043,753,久闻,4男3女 3.0小时 新手 2021.09发行,中式 推理 欢乐 都市
朱雀衣,朱雀衣,7.0,6.8,0,0,6.9,0,0,0,0,0,0,0,0,0,0,7.1,0,0,0,0,5.8,8876,247,瑶池工作室,4男4女 4.0小时 进阶 2021.05发行,
河神,河神,1,0,0,0,0,0,0,0,0,0,0,0,0,0,0,0,0,0,0,0,0,0,0,云深不知处,3男2女 4.0小时 进阶,
戏鬼,戏鬼,7.2,7.3,0,0,0,0,0,7.4,0,0,0,0,0,0,7.0,0,0,0,0,0,6578,7913,588,帽子戏法工作室,3男3女 5.0小时 进阶 2022.11发行,
十虎,十虎,7.4,7.0,0,0,0,7.1,0,0,7.3,0,0,0,0,0,0,0,0,0,0,0,1.1,16545,1695,剧喵工作室,3男3女 5.0小时 进阶 2023.03发行,
上城区博弈,,0,0,0,0,0,0,0,0,0,0,0,0,0,0,0,0,0,0,0,0,0,0,0,,,
望左弥敦,望左弥敦,7.7,7.4,7.2,6.9,0,0,0,0,0,0,0,0,0,0,0,0,0,0,0,0,15915,19908,1871,九有出品,3男3女 5.5小时 新手 2023.03发行,港澳 推理 悬疑 新手
齐天,齐天,7.6,6.8,0,0,7.2,0,7.6,0,0,0,0,0,0,0,0,0,0,0,0,0,3161,54457,4522,FB发行工作室,5男3女 6.0小时 新手 2023.03发行,架空 机制 博弈 新手
持斧奥夫2蒙特实验,持斧奥夫2：蒙特实验,7.9,7.3,0,7.6,0,0,0,7.6,0,0,0,0,0,0,0,0,0,0,0,0,5049,26092,2901,本该如此,5男1女 7.5小时 高阶 2023.02发行,
虚明之主2天空上的海平面,虚明之主2：天空上的海平面,7.7,7.2,7.3,6.9,0,0,0,0,0,0,0,0,0,0,0,0,0,0,0,0,11250,10505,898,集闲社文创,3男3女 5.0小时 进阶 2023.04发行,
谁让我穿上了小熊睡衣,谁让我穿上了小熊睡衣,5.0,5.6,5.3,0,0,0,0,0,0,0,0,0,0,0,0,0,0,0,0,0,5071,13470,560,畅读剧制,3男3女 4.5小时 新手 2023.03发行,
坏蛋,坏蛋,6.6,6.6,0,0,0,6.5,0,0,6.5,0,0,0,0,0,0,0,0,0,0,0,1.1,11006,447,造梦人文创; 李白工作室,3男3女 4.5小时 进阶 2023.03发行,古风 情感 沉浸 怪谈
不适合复仇的夜晚,不适合复仇的夜晚,7.2,7.4,7.2,6.8,0,0,0,0,0,0,0,0,0,0,0,0,0,0,0,0,10120,6276,534,贵阳·不二,4男2女 5.5小时 进阶 2023.04发行,
手写的从前,手写的从前,6.0,5.9,0,0,0,6.0,0,0,6.0,0,0,0,0,0,0,0,0,0,0,0,1.1,972,124,MT麦田剧本发行社,3男3女 4.5小时 新手 2023.03发行,中式 情感 沉浸 校园
暮色四合,暮色四合,8.6,8.1,0,0,0,8.2,0,0,8.1,0,0,0,0,0,0,0,0,0,0,0,1.1,38608,4242,二次曝光工作室,3男3女 4.5小时 进阶 2023.04发行,中式 情感 沉浸 成长
辛末十四年,辛末十四年,10,0,0,0,0,0,0,0,0,0,0,0,0,0,0,0,0,0,0,0,1.1,0,0,墨盏剧制,3男3女 5.5小时 进阶 2022.10发行,中式 情感 沉浸 家国
星光电台,星光电台,8.2,7.7,0,0,0,7.6,0,0,0,0,0,0,0,0,8.2,0,0,0,0,0,1.1,20787,2058,表里山河创作,3男3女 5.5小时 进阶 2023.03发行,
黑巫术山庄,黑巫术山庄,8.2,7.7,7.7,0,0,0,0,0,0,0,7.5,0,0,0,0,0,0,0,0,0,34804,63848,6114,慢热TUO,3男3女 5.0小时 进阶 2023.03发行,
时光作渡,时光作渡,7.3,7.1,0,0,0,7.4,0,0,0,8.1,0,0,0,0,0,0,0,0,0,0,1.1,8453,739,3502发行工作室,3男3女 4.5小时 新手 2023.04发行,架空 情感 演绎 新手
永利街13号,永利街13号,6.8,7.0,0,0,0,0,0,7.0,0,0,0,0,0,0,0,0,0,0,0,0,11.3,19257,760,福尔马麟,3男3女 4.5小时 新手 2023.04发行,
人在部落朝九晚五,人在部落，朝九晚五,8,0,0,0,0,0,0,0,0,0,0,0,0,0,0,0,0,0,0,0,3.8,0,0,剧堆,3男3女 4.5小时 进阶 2022.03发行,架空 机制 欢乐 都市
当窥视降临,当窥视降临,7.9,7.4,0,7.2,0,0,0,7.7,0,0,0,0,0,0,0,0,0,0,0,0,5049,16742,1000,佛言剧本工作室,4男3女 6.0小时 高阶 2022.05发行,
黑猫旅馆,,0,0,0,0,0,0,0,0,0,0,0,0,0,0,0,0,0,0,0,0,0,0,0,,,
妖怪妖怪,,0,0,0,0,0,0,0,0,0,0,0,0,0,0,0,0,0,0,0,0,0,0,0,,,
克莱因湖,克莱因湖,7.7,7.2,0,0,0,0,0,6.8,0,0,0,0,0,0,7.6,0,0,0,0,0,6578,4740,239,萧氏剧盟,3男2女 4.5小时 进阶 2022.05发行,
日恩即意安,日恩即意安,7.6,7.5,0,0,0,7.5,7.3,0,0,0,0,0,0,0,0,0,0,0,0,0,7607,9679,394,命阁文创,3男3女 4.0小时 进阶 2022.04发行,架空 机制 沉浸 都市
紫夜长歌,紫夜长歌,8,0,0,0,0,0,0,0,0,0,0,0,0,0,0,0,0,0,0,0,1.1,0,0,下一秒剧制,3男3女 5.0小时 新手 2023.01发行,古风 情感 沉浸 家国
灵凰曲,灵凰曲,6.1,6.2,0,0,0,6.4,0,5.9,0,0,0,0,0,0,0,0,0,0,0,0,3082,1723,191,无间剧制工作室,3男3女 5.0小时 进阶 2023.04发行,古风 还原 沉浸 其他
贺兰晴雪,贺兰晴雪,6.0,6.3,0,0,0,6.6,0,6.0,0,0,0,0,0,0,0,0,0,0,0,0,3082,4060,389,蓝鲸剧制,3男3女 4.0小时 进阶 2023.05发行,古风 还原 沉浸 家国
雪地里相爱,雪地里相爱,6.2,6.3,0,0,0,6.6,0,0,6.5,0,0,0,0,0,0,0,0,0,0,0,1.1,10433,740,云珂工作室,3男3女 4.5小时 新手 2023.05发行,架空 情感 沉浸 都市
数学家,,0,0,0,0,0,0,0,0,0,0,0,0,0,0,0,0,0,0,0,0,0,0,0,,,
三十三,三十三,7.0,7.0,7.0,0,0,0,0,0,0,0,0,0,0,0,7.1,0,0,0,0,0,1.4,4554,118,羊刀工作室,5男5女 4.5小时 进阶 2021.09发行,
漫画里的小黑人,漫画里的小黑人,5.6,5.9,0,0,6.5,0,0,5.8,0,0,0,0,0,0,0,0,0,0,0,0,99,4266,263,三生烟火,3男3女 4.5小时 新手 2023.04发行,
皮格马利翁,皮格马利翁,7.4,7.3,7.3,0,0,0,0,0,0,0,7.0,0,0,0,0,0,0,0,0,0,14806,8412,783,剧沐文化,4男2女 6.0小时 高阶 2023.03发行,
谁杀了河狸爸爸,谁杀了河狸爸爸,8.1,7.5,0,0,7.9,0,7.2,0,0,0,0,0,0,0,0,0,0,0,0,0,3.8,8763,337,探案笔记,《谁杀了河狸爸爸》无剧透 类型：欢乐，机制 人数：6男2女（可反串） 时长：5个小时 剧本叨叨： 很幸运，跨年夜选了这个本子，也选了这家...全文,架空 机制 欢乐 动物
云上倾,云上倾,7.4,7.4,0,0,0,7.3,0,0,7.2,0,0,0,0,0,0,0,0,0,0,0,1.1,15509,1459,里安文创,3男3女 5.0小时 进阶 2023.04发行,古风 情感 沉浸 武侠
月光酒馆,月光酒馆,7.9,7.4,0,0,0,7.5,0,0,0,7.8,0,0,0,0,0,0,0,0,0,0,1.1,31386,1348,预谋剧制,3男3女 5.0小时 进阶 2021.12发行,
旧梦惊尘,旧梦惊尘,7.3,7.3,0,0,0,7.3,0,0,0,7.7,0,0,0,0,0,0,0,0,0,0,1.1,8313,181,折子戏工作室,3男4女 4.0小时 进阶 2020.05发行,
虚明之主,虚明之主,7.8,7.1,7.6,7.1,0,0,0,0,0,0,0,0,0,0,0,0,0,0,0,0,17554,16187,1249,集闲社文创,3男3女 5.0小时 进阶 2022.10发行,
昭昭2烈烈,昭昭2：烈烈,7.2,7.1,0,0,0,7.0,0,0,0,7.3,0,0,0,0,0,0,0,0,0,0,1.1,5048,198,凤栖梧剧制,4男3女 4.5小时 进阶,古风 情感 演绎 战争
谁炸了我家茅坑,谁炸了我家茅坑,5.4,6.1,0,0,6.8,0,6.1,0,0,0,0,0,0,0,0,0,0,0,0,0,3.8,9151,129,大圣工作室,4男2女 4.5小时 进阶 2021.02发行,架空 机制 欢乐 都市
孑身,,0,0,0,0,0,0,0,0,0,0,0,0,0,0,0,0,0,0,0,0,0,0,0,,,
谋杀安徒生,谋杀安徒生,7.7,7.6,0,0,7.4,0,0,0,0,0,0,0,0,0,7.2,0,0,0,0,0,3.8,49491,2605,小生笔笔文创,3男3女 4.5小时 新手 2023.05发行,架空 机制 欢乐 童话
骑单车到月亮,,0,0,0,0,0,0,0,0,0,0,0,0,0,0,0,0,0,0,0,0,0,0,0,,,
那年那片海,,0,0,0,0,0,0,0,0,0,0,0,0,0,0,0,0,0,0,0,0,0,0,0,,,
雾岛,雾岛,10,0,0,0,0,0,0,0,0,0,0,0,0,0,0,0,0,0,0,0,1.4,0,0,风云剧会,4男2女 4.5小时 进阶 2021.11发行,
花吃了那个女孩2,,0,0,0,0,0,0,0,0,0,0,0,0,0,0,0,0,0,0,0,0,0,0,0,,,
我予,我予,6.4,6.8,0,0,0,6.7,0,0,6.7,0,0,0,0,0,0,0,0,0,0,0,2,1574,181,山人文化; 桌立方,3男3女 5.0小时 高阶 2023.05发行,
黑日,黑日,6.9,6.6,0,0,0,7.3,0,0,7.4,0,0,0,0,0,0,0,0,0,0,0,1.1,80840,7954,草庐; 大叔文创,2男4女 6.5小时 进阶 2023.05发行,架空 情感 沉浸 都市
名侦探的试炼,名侦探的试炼,8.3,7.7,7.6,0,0,0,0,7.8,0,0,0,0,0,0,0,0,0,0,0,0,5049,35071,3790,天津剧盟发行工作室; 南本出品,3男3女 6.5小时 高阶 2023.04发行,
百年家书,百年家书,6.6,6.6,0,0,0,6.9,0,0,6.9,0,0,0,0,0,0,0,0,0,0,0,1.1,16004,780,小女孩出品,3男3女 5.5小时 进阶 2022.07发行,中式 情感 沉浸 家国
咸鱼天台,咸鱼天台,7.0,7.1,0,0,0,0,0,6.8,0,0,0,0,0,0,7.3,0,0,0,0,0,5149,2932,224,,3男3女 4.5小时 进阶 2023.02发行,
她在尘间遇见少年,她在尘间遇见少年,6.9,6.8,0,0,0,7.1,0,0,7.1,0,0,0,0,0,0,0,0,0,0,0,1.1,12668,1109,啃大瓜,3男3女 4.5小时 进阶 2023.04发行,中式 情感 沉浸 校园
十六,十六,5.8,6.0,0,0,6.5,6.2,0,0,0,0,0,0,0,0,0,0,0,0,0,0,8861,14939,645,,3男3女 4.5小时 新手 2023.05发行,架空 情感 欢乐 校园
牌花2无罪,,0,0,0,0,0,0,0,0,0,0,0,0,0,0,0,0,0,0,0,0,0,0,0,,,
李清照,李清照,6.0,6.2,0,0,0,6.5,0,0,6.4,0,0,0,0,0,0,0,0,0,0,0,16554,14180,1309,,3男4女 5.0小时 新手 2023.05发行,古风 情感 沉浸 家国
蓝坠入深海的启明星,蓝_坠入深海的启明星,7.5,7.0,0,0,0,7.2,0,0,7.2,0,0,0,0,0,0,0,0,0,0,0,1.1,1908,214,扶摇文创工作室; 桌立方,3男3女 4.5小时 进阶 2023.05发行,架空 情感 沉浸 家国
罗拉西里的巫女,罗拉西里的巫女,8.5,8.3,7.9,0,0,0,0,0,0,0,7.7,0,0,0,0,0,0,0,0,0,76158,115185,12452,灰烬工作室,4男2女 8.0小时 进阶 2023.05发行,
月隐于时针之隙,,0,0,0,0,0,0,0,0,0,0,0,0,0,0,0,0,0,0,0,0,0,0,0,,,
格拉多之门,格拉多之门,7.3,6.6,7.1,6.8,0,0,0,0,0,0,0,0,0,0,0,0,0,0,0,0,7373,5068,425,梧桐剧制,4男2女 5.0小时 高阶 2023.06发行,
如果春夏秋冬,如果·春夏秋冬,7.2,6.8,0,0,0,7.0,0,0,0,0,0,0,0,0,7.3,0,0,0,0,0,1.1,3274,283,雨过天晴工作室,3男3女 4.5小时 进阶 2023.05发行,
南风,南风,6.2,6.4,0,0,0,6.5,0,0,6.4,0,0,0,0,0,0,0,0,0,0,0,1.1,3821,310,西安蛛丝马迹,3男3女 5.5小时 新手 2023.06发行,古风 情感 沉浸 其他
春日与风铃,春日与风铃,7.1,7.0,0,0,0,6.9,0,0,6.8,0,0,0,0,0,0,0,0,0,0,0,2726,7767,404,,3男3女 4.0小时 新手 2023.01发行,架空 情感 沉浸 校园
假如哲也从世界上消失,假如哲也从世界上消失,7.3,7.4,6.9,6.9,0,0,0,0,0,0,0,0,0,0,0,0,0,0,0,0,6664,1906,164,武汉Top剧本工作; 聊爆工作室,3男3女 4.5小时 进阶 2023.01发行,日式 推理 悬疑 二次元
食尸鬼盛宴,食尸鬼盛宴,7.3,7.2,0,0,0,0,0,7.1,0,0,7.0,0,0,0,0,0,0,0,0,0,4.5,31149,2415,低空飞行,3男3女 6.0小时 进阶 2023.05发行,
觉醒,觉醒,7.2,7.2,0,0,0,7.3,0,0,7.4,0,0,0,0,0,0,0,0,0,0,0,1.1,5415,567,狸猫文创,我哭得像一个傻子今生不悔入华夏! 剧本基本信息剧本名称:觉醒 剧本类型:情感 沉浸 家国玩家配置:3男3女时长:5小时难易程度:新手...全文,民国 情感 沉浸 家国
胡不归,胡不归,6.4,6.4,0,0,0,6.8,0,0,6.7,0,0,0,0,0,0,0,0,0,0,0,1.1,17261,1607,浮生梦文创,3男3女 5.0小时 进阶 2023.04发行,古风 情感 沉浸 玄幻
芸芸,芸芸,7.4,7.3,0,0,0,7.4,0,0,7.1,0,0,0,0,0,0,0,0,0,0,0,1.1,116086,7219,不俗发行工作室,3男3女 4.5小时 新手 2023.06发行,古风 情感 沉浸 仙侠
墨羊,墨羊,7.7,7.5,0,7.3,0,0,0,7.6,0,0,0,0,0,0,0,0,0,0,0,0,5049,54588,4372,慢热TUO,4男2女 6.0小时 进阶 2023.05发行,
浮世奇案簿·长安,浮世奇案簿·长安,7.5,7.3,7.4,6.8,0,0,0,0,0,0,0,0,0,0,0,0,0,0,0,0,16594,20059,1669,Yomi工作室,3男3女 4.5小时 高阶 2022.09发行,
大漠谣,大漠谣,7.8,7.5,0,0,0,7.7,0,0,7.6,0,0,0,0,0,0,0,0,0,0,0,1.1,101570,8923,海上仙山,3男4女 5.5小时 进阶 2023.05发行,古风 情感 沉浸 历史
你懂我意思吧,你懂我意思吧,6.3,6.4,0,0,7.1,0,6.5,0,0,0,0,0,0,0,0,0,0,0,0,0,3.8,27938,992,壹直爽,5男5女 4.5小时 进阶 2023.05发行,架空 机制 欢乐 都市
如果我变成回忆,,0,0,0,0,0,0,0,0,0,0,0,0,0,0,0,0,0,0,0,0,0,0,0,,,
颠倒生死的推理轮战,,0,0,0,0,0,0,0,0,0,0,0,0,0,0,0,0,0,0,0,0,0,0,0,,,
触不到的恋人,触不到的恋人,7.7,7.2,0,0,7.4,7.6,0,0,0,0,0,0,0,0,0,0,0,0,0,0,8861,33306,2765,白鲸剧制,3男3女 5.0小时 进阶 2023.05发行,现代 情感 欢乐 玄幻
甜蜜家园,甜蜜家园,10,0,0,0,0,0,0,0,0,0,0,0,0,0,0,0,0,0,0,0,0,0,0,渔舟剧本工作室,3男3女 4.0小时 进阶 2022.03发行,
消失的恋人,,0,0,0,0,0,0,0,0,0,0,0,0,0,0,0,0,0,0,0,0,0,0,0,,,
老嫂子俱乐部,老嫂子俱乐部,5.6,5.9,0,0,6.4,0,6.1,0,0,0,0,0,0,0,0,0,0,0,0,0,3.8,8985,248,飞鱼探案; 十库工作室,百本选手说剧本：剧本《老嫂子俱乐部》6人本 3男3女 剧本类型：盒装本 欢乐本 游戏时间：4小时左右 避雷本 预警 这个本 不如 《老骗子俱乐部》各个方面都 不行 比较无聊的 一个本 全类型的本 什么都🈶一点 什么都 没写好 剧本 写的不好 故事 也不好 机制一般 剧本里的 字 字迹比较小 看不清楚 总结一句话：这...全文,架空 机制 欢乐 都市
多巴胺,多巴胺,6.6,6.7,6.9,6.6,0,0,0,0,0,0,0,0,0,0,0,0,0,0,0,0,914,6183,150,亥酉工作室,4男3女 6.0小时 高阶 2021.05发行,
推理小说家的挑战,推理小说家的挑战,7,0,0,0,0,0,0,0,0,0,0,0,0,0,0,0,0,0,0,0,0,...,0,岁月推理剧本工作室,3男2女 4.5小时 进阶 2022.07发行,架空 推理 欢乐 都市
时间牢笼,时间牢笼,8.3,7.1,8.4,0,0,0,0,0,0,0,7.3,0,0,0,0,0,0,0,0,0,23686,15907,1348,九饼工作室,4男2女 7.0小时 高阶 2022.05发行,
劣质小说,劣质小说,6.7,6.9,0,0,0,0,0,6.6,0,0,0,0,0,0,6.6,0,0,0,0,0,6578,12406,1256,起源ORIGIN工作室,3男4女 5.5小时 进阶 2023.05发行,
逃出迷雾镇,逃出迷雾镇,8.5,8.0,0,0,0,0,0,7.5,0,0,0,0,0,0,8.3,0,0,0,0,0,2983,134289,11467,表里山河创作,【5小时/席麟/没有边缘/体验分：9分】 ✅一句话总结：2023上半年最强盒装 『🌟关键词：很新的题材，理科生浪漫，立意很好（表里山河yyds），没有无效环节』 『🌟角色体验：男女角色没有明...全文,
百物语怪谈事件簿,百物语：怪谈事件簿,7.4,7.1,7.0,0,0,0,0,0,0,0,7.0,0,0,0,0,0,0,0,0,0,51387,50660,2846,疯狂剧制,3男3女 6.0小时 新手 2023.06发行,日式 推理 设定 怪谈
以太想告诉你一个秘密,以太想告诉你一个秘密,7.3,7.2,0,7.3,0,0,0,7.2,0,0,0,0,0,0,0,0,0,0,0,0,5049,16241,1218,寻初工作室,3男3女 5.5小时 进阶 2023.06发行,
绝体绝命的少女,,0,0,0,0,0,0,0,0,0,0,0,0,0,0,0,0,0,0,0,0,0,0,0,,,
送你一朵小花花2,送你一朵小花花2,8,0,0,0,0,0,0,0,0,0,0,0,0,0,0,0,0,0,0,0,1.1,0,0,笙笙剧制,2男2女 4.5小时 新手 2022.07发行,中式 情感 沉浸 都市
常春藤公寓,常春藤公寓,7.3,7.3,6.9,0,0,0,0,0,0,0,0,0,0,0,0,0,0,0,0,0,13671,53622,3147,鑫梦人生,4男2女 4.5小时 进阶 2023.05发行,
雪嫁娘,雪嫁娘,7.6,7.5,0,0,0,0,0,7.4,0,0,0,0,0,0,0,0,0,0,0,0,11.3,19313,1110,九州长歌工作室; 戏梦师工作室,3男3女 5.0小时 新手 2023.06发行,
东坡,东坡,5.5,5.9,0,0,0,6.1,0,0,6.2,0,0,0,0,0,0,0,0,0,0,0,1.1,9729,819,呓语剧本创作,3男3女 5.5小时 进阶 2023.05发行,古风 情感 沉浸 历史
天地藏春,天地藏春,8.4,8.0,0,0,0,8.1,0,0,8.0,0,0,0,0,0,0,0,0,0,0,0,1.1,65773,7065,东方剧制,3男3女 5.5小时 进阶 2023.06发行,民国 情感 沉浸 家国
45,,0,0,0,0,0,0,0,0,0,0,0,0,0,0,0,0,0,0,0,0,0,0,0,,,
红莓花下,山楂林终：红莓花下,8.5,8.2,0,0,0,8.4,0,0,8.3,0,0,0,0,0,0,0,0,0,0,0,1.1,81173,8249,不俗发行工作室,4男3女 5.5小时 进阶 2023.06发行,现代 情感 沉浸 历史
神不在的第四日,神不在的第四日,7.5,6.8,7.5,7.1,0,0,0,0,0,0,0,0,0,0,0,0,0,0,0,0,23763,39626,3589,木屋发行工作室,3男3女 5.5小时 进阶 2023.06发行,
献给莹的杀人事件,献给莹的杀人事件,7.4,7.2,7.2,0,0,0,0,0,0,0,6.9,0,0,0,0,0,0,0,0,0,30658,46724,3980,嫌疑猫SUSPECAT,4男2女 6.5小时 高阶 2023.05发行,
铜钱连环杀人事件,铜钱连环杀人事件,6.8,6.7,6.8,6.5,0,0,0,0,0,0,0,0,0,0,0,0,0,0,0,0,26467,21068,1410,久闻,3男3女 5.0小时 进阶 2023.07发行,日式 推理 悬疑 都市
一个死去的朋友,一个死去的朋友,7.5,7.3,6.7,0,0,0,0,0,0,0,0,0,0,0,0,0,0,0,0,0,2289,12009,720,DA剧本工场,3男3女 4.0小时 新手 2023.06发行,现代 推理 治愈 新手
声声慢2,声声慢2：此生不换,6.4,6.6,0,0,0,6.8,0,0,6.6,0,0,0,0,0,0,0,0,0,0,0,1.1,12500,772,瓦特工作室,3男3女 5.0小时 新手 2023.06发行,古风 情感 沉浸 仙侠
驴头马面与我的推理小说,驴头马面与我的推理小说,5.9,0,0,0,7.5,0,0,0,0,7.1,7.3,0,0,0,0,0,0,0,0,0,32231,28204,3086,羲和工作室,3男3女 5.5小时 进阶 2023.07发行,
风禾尽起,风禾尽起,8.4,8.0,0,0,0,8.0,0,0,8.0,0,0,0,0,0,0,0,0,0,0,0,1.1,41769,4494,大亦文创工作室,百本选手说剧本:剧本《风禾尽起》6人本 3男3女（不🉑反串）剧本类型:城限本 古风 情感本 游戏时间:6小时 👬适合人群：新手玩家 古风 情感本 ❤剧情感受：大唐盛世 安...全文,古风 情感 沉浸 其他
无人循环,艾希什影院：无人循环,8.4,7.6,8.3,7.7,0,0,0,0,0,0,0,0,0,0,0,0,0,0,0,0,68595,107800,11524,灰烬工作室,百本选手说剧本:剧本《艾希什影院:无人循环》6人本 4男2女（可反串）剧本类型:城限本 硬核本 游戏时间:6小时左右 👬适合人群：灰...全文,
早安我的主人,,0,0,0,0,0,0,0,0,0,0,0,0,0,0,0,0,0,0,0,0,0,0,0,,,
豪门雨异妍,,0,0,0,0,0,0,0,0,0,0,0,0,0,0,0,0,0,0,0,0,0,0,0,,,
桃花依旧,桃花依旧,5.8,6.2,0,0,0,6.4,0,0,6.4,0,0,0,0,0,0,0,0,0,0,0,1.1,4218,341,迷城剧制,3男3女 6.0小时 进阶 2023.07发行,古风 情感 沉浸 武侠
山岗上的长风,山岗上的长风,8.7,8.1,0,0,0,8.4,0,0,8.3,0,0,0,0,0,0,0,0,0,0,0,1.1,77750,7995,不俗发行工作室,3男3女 5.0小时 进阶 2023.08发行,民国 情感 沉浸 家国
刺,,0,0,0,0,0,0,0,0,0,0,0,0,0,0,0,0,0,0,0,0,0,0,0,,,
生还之日,生还之日,8.5,7.6,7.7,7.5,0,0,0,0,0,0,0,0,0,0,0,0,0,0,0,0,18249,11930,1181,雁北堂,2男2女 3.5小时 新手 2023.03发行,现代 推理 悬疑 新手
自白,自白,8.1,7.6,7.4,0,0,0,0,0,0,0,7.1,0,0,0,0,0,0,0,0,0,11352,8409,822,某部长工作室,4男2女 5.0小时 高阶 2023.04发行,日式 推理 演绎法 刑侦
追凶者的奇思妙想,追凶者的奇思妙想,7.6,7.5,6.9,7.1,0,0,0,0,0,0,0,0,0,0,0,0,0,0,0,0,17828,27114,2592,司家侦探; 魔术师工作室,3男3女 6.5小时 进阶 2023.09发行,
转眼,转眼,9,0,0,0,0,0,0,0,0,0,0,0,0,0,0,0,0,0,0,0,1.1,0,0,老宅工作室,3男3女 4.0小时 进阶 2022.12发行,中式 情感 沉浸 都市
不死之徒,不死之徒,7.4,6.6,7.3,6.9,0,0,0,0,0,0,0,0,0,0,0,0,0,0,0,0,5410,4372,391,雁北堂,2男2女 3.0小时 进阶 2023.06发行,
商鞅,商鞅,6.9,6.6,0,0,0,7.1,0,0,0,8.2,0,0,0,0,0,0,0,0,0,0,1.1,28954,2905,枫叶工作室; 泷麟工作室,3男4女 5.5小时 进阶 2023.06发行,古风 情感 演绎 家国
无形之刃,无形之刃,7.1,6.9,6.9,0,0,0,0,0,0,0,0,0,0,0,7.0,0,0,0,0,0,1.4,3111,300,雁北堂,2男2女 4.5小时 新手 2023.08发行,👬适合人群：新手 欢乐 推理 ❤剧情感受：这个系列目前为止比较差的本！4人本居然又有边缘，真的建议把视角平衡一下，至少让大家都有的盘。 整个剧本只有两个案件，第一案就一页剧...全文
渡鸦,,0,0,0,0,0,0,0,0,0,0,0,0,0,0,0,0,0,0,0,0,0,0,0,,,
我想你,我想你,6.1,6.4,0,0,0,6.7,0,0,6.5,0,0,0,0,0,0,0,0,0,0,0,1.1,2941,209,罗曼蒂克,3男3女 5.0小时 新手 2023.09发行,中式 情感 沉浸 其他
继焰重明,继焰重明,9,0,0,0,0,0,0,0,0,0,0,0,0,0,0,0,0,0,0,0,1.1,0,0,聚象文创,3男3女 5.0小时 进阶 2023.09发行,古风 情感 立意 家国
我们相约昨日重逢,我们相约昨日重逢,5.2,5.7,0,0,0,5.8,0,0,5.6,0,0,0,0,0,0,0,0,0,0,0,1.1,12106,517,疯狂剧制,3男3女 4.5小时 新手 2023.09发行,现代 情感 沉浸 校园
白夜传说迷雾镇,,0,0,0,0,0,0,0,0,0,0,0,0,0,0,0,0,0,0,0,0,0,0,0,,,
秋千下的推理者,秋千下的推理者,9,0,0,0,0,0,0,0,0,0,0,0,0,0,0,0,0,0,0,0,99,0,0,迷城剧制,4男2女 4.5小时 新手 2023.06发行,现代 还原 欢乐 新手
十字馆,,0,0,0,0,0,0,0,0,0,0,0,0,0,0,0,0,0,0,0,0,0,0,0,,,
旧赋,旧赋,7.9,7.4,0,0,0,7.9,0,0,0,8.3,0,0,0,0,0,0,0,0,0,0,1.1,48365,4511,方块巨制; 核码文创,3男3女 5.0小时 进阶 2023.06发行,
山之神2,山之神2,7.1,7.1,0,0,7.2,7.3,0,0,0,0,0,0,0,0,0,0,0,0,0,0,8861,12511,561,白鹿书院,百本选手说剧本:剧本《山之神2》6人本 3男3女 剧本类型:盒装本 情感本 游戏时间:5小时 实话实说 这个本 确实不行 我们车 大水龙头 🚰 小红帽 都没有 哭 还有 大哥 也 没哭 小机制 🈚️聊 不好玩 剧情 也比较尴尬 故事 也是 强行按头 真的是 连第一部 都不如,现代 情感 欢乐 其他
将夜鱼跃此时海,将夜：鱼跃此时海,5,0,0,0,0,0,0,0,0,0,0,0,0,0,0,0,0,0,0,0,1.1,0,0,梦墨绘梦馆; 卡卡工作室,3男3女 5.0小时 新手 2023.06发行,古风 情感 沉浸 玄幻
三分天下,三分天下,7.8,7.5,0,0,0,0,7.5,0,0,0,7.3,0,0,0,0,0,0,0,0,0,3160,34885,3352,FB发行工作室,5男3女 6.5小时 进阶 2023.06发行,
无法透光的人生小叙,,0,0,0,0,0,0,0,0,0,0,0,0,0,0,0,0,0,0,0,0,0,0,0,,,
小三劝退师,你喜欢就好：小三劝退师,6.7,6.8,0,0,6.9,0,0,0,0,0,0,0,0,0,0,0,0,0,0,0,5975,11960,653,闲顽工作室,3男3女 4.5小时 新手 2023.05发行,架空 其他 欢乐 新手
落书,落书,7.7,7.0,0,0,0,7.8,0,0,0,8.7,0,0,0,0,0,0,0,0,0,0,1.1,54580,5620,狸猫文创; 五号剧制,3男3女 5.5小时 新手 2023.07发行,古风 情感 演绎 仙侠
名侦探修炼,名侦探修炼手册,6.6,6.8,6.7,0,0,0,0,0,0,0,6.9,0,0,0,0,0,0,0,0,0,6672,7123,546,浮生梦文创,4男3女 6.0小时 进阶 2023.06发行,凡人皆有一死，凡人皆有价值。 “我们要成为夏洛克级侦探， 无关家族荣耀，只为侦探之名号。” 类型：日式 推理 还原 欢乐 微机制...全文
此时彼刻之人,此时彼刻之人,8.6,8.4,8.2,0,0,0,0,0,0,0,7.9,0,0,0,0,0,0,0,0,0,115754,158607,20942,橘·剧本实验室,3男3女 7.0小时 进阶 2023.06发行,
魍魉塔豪门34,,0,0,0,0,0,0,0,0,0,0,0,0,0,0,0,0,0,0,0,0,0,0,0,,,
天衣无缝,天衣无缝,7.6,6.9,7.6,6.9,0,0,0,0,0,0,0,0,0,0,0,0,0,0,0,0,13222,13916,1382,暗号文创; 隐匿角色,4男2女 6.0小时 高阶 2023.05发行,
妖怪集市,妖怪集市,7.3,6.8,0,0,7.4,0,7.4,0,0,0,0,0,0,0,0,0,0,0,0,0,3.8,12228,1109,浮生文宝工作室,4男2女 6.0小时 进阶 2023.05发行,架空 机制 欢乐 玄幻
雾海同行,雾海同行,7.8,7.4,0,0,7.3,0,7.5,0,0,0,0,0,0,0,0,0,0,0,0,0,3160,32659,1096,疯狂剧制,4男2女 4.5小时 进阶 2022.04发行,
民间恐怖故事村,民间恐怖故事·村,6.9,7.0,0,0,0,0,0,7.1,0,0,0,0,0,0,0,0,0,0,0,0,11.3,63774,2894,司家侦探; 造梦人文创,百本选手说剧本:剧本《民间恐怖故事•村》6人本 3男3女（可以反串）剧本类型:盒装本 惊悚 还原 中式 游戏时间:4.5小时左右 👬适合人群：...全文,
春风替我遇见你,,0,0,0,0,0,0,0,0,0,0,0,0,0,0,0,0,0,0,0,0,0,0,0,,,
我的神明朋友,我的神明朋友,7.9,7.4,0,0,0,7.6,0,0,7.5,0,0,0,0,0,0,0,0,0,0,0,1.1,7291,581,天津剧盟发行工作室,3男3女 4.5小时 新手 2023.05发行,中式 情感 沉浸 都市
落凡,落凡,7.3,7.1,0,0,0,7.4,0,0,0,7.3,0,0,0,0,0,0,0,0,0,0,1.1,8061,665,黑糖文化,3男3女 5.5小时 新手 2023.06发行,古风 情感 演绎 玄幻
神尘,神尘,8.5,7.9,0,7.4,0,0,0,7.8,0,0,0,0,0,0,0,0,0,0,0,0,5049,34402,2064,外星人,2男3女 4.0小时 进阶 2020.12发行,
未逢春时,未逢春时,8.4,7.8,0,0,0,8.1,0,0,8.0,0,0,0,0,0,0,0,0,0,0,0,1.1,36485,5093,岛屿工作室,3男3女 6.5小时 新手 2024.12发行,古风 情感 沉浸 宫廷
死循环,,0,0,0,0,0,0,0,0,0,0,0,0,0,0,0,0,0,0,0,0,0,0,0,,,
宿醉2组织手册,,0,0,0,0,0,0,0,0,0,0,0,0,0,0,0,0,0,0,0,0,0,0,0,,,
粉墨,粉墨,4.6,4.9,0,0,0,5.2,0,0,5.3,0,0,0,0,0,0,0,0,0,0,0,1.1,11641,2109,仲夏清晨,3男3女 6.5小时 进阶 2025.10发行,架空 情感 沉浸 都市
壁上观,壁上观,8.0,7.7,0,0,0,8.0,0,0,0,8.4,0,0,0,0,0,0,0,0,0,0,1.1,51806,7410,枫叶工作室; FB发行工作室,2男4女 6.0小时 新手 2025.09发行,古风 情感 演绎 神话
加个v2,,0,0,0,0,0,0,0,0,0,0,0,0,0,0,0,0,0,0,0,0,0,0,0,,,
见信如晤,见信如晤,7.8,7.4,0,0,0,7.7,0,0,7.5,0,0,0,0,0,0,0,0,0,0,0,1.1,8351,712,片屿出品; 跳东湖工作室,3男3女 5.5小时 新手 2023.06发行,现代 情感 沉浸 都市
情侣分手指南,情侣分手指南,7.0,6.9,0,0,7.4,0,7.0,0,0,0,0,0,0,0,0,0,0,0,0,0,3.8,15726,1368,谜语剧制,《情侣分手指南》玩完秒懂爱情真谛了！ 朋友们，必须给大家安利这个剧本杀 。光看👀名字我就觉得刺激，玩完之后觉得这个本子简直了，绝对能让你重新审视自己的另一半。 剧本人数:3️⃣男3️⃣女（最好别反串） 剧本时长:5小时...全文,现代 机制 欢乐 都市
贵阴贱壁,,0,0,0,0,0,0,0,0,0,0,0,0,0,0,0,0,0,0,0,0,0,0,0,,,
完蛋我被恋爱脑包围了,完蛋！我被恋爱脑包围了,6.0,6.1,0,0,6.9,0,6.2,0,0,0,0,0,0,0,0,0,0,0,0,0,3.8,46600,2641,疯狂剧制,4男4女 4.0小时 新手 2024.09发行,现代 机制 欢乐 都市
再zha一次就上岸,再zha一次就上岸,6.9,6.5,0,0,7.5,0,6.8,0,0,0,0,0,0,0,0,0,0,0,0,0,3.8,20635,1266,可疑的宣发工作室,百本选手说剧本:剧本《再zha一次就上岸》6人本 3男3女（可以反串）剧本类型:盒装本 欢乐 机制本 游戏时间:4小时左右 👬适合人群：纯 新手玩家 熟人车 ...全文,现代 机制 欢乐 都市
孽障,孽障,7.4,7.2,0,0,0,7.6,0,0,7.6,0,0,0,0,0,0,0,0,0,0,0,1.1,30166,4913,云上居工作室; 天地之间,《孽障》⭐️⭐️⭐️⭐️ 📖剧本类型：架空/古风/情感/新手 🙎🏻玩家配置：③男③女 🕰体验时长：8小时 🎉体验店铺：橋Free ⭐️DM:白芷/合...全文,架空 情感 沉浸 其他
超人气偶像剧,超人气偶像剧,7.9,7.2,0,0,8.1,0,0,0,0,0,0,0,0,0,0,0,0,0,0,0,18307,43243,3627,海上仙山,3男3女 4.5小时 新手 2023.07发行,现代 其他 欢乐 新手
杀完人要喝白开水,杀完人要喝白开水,7.2,7.1,0,0,0,0,0,6.9,0,0,0,0,0,0,7.5,0,0,0,0,0,6578,2024,3288,岛屿工作室,3男3女 5.0小时 新手 2024.08发行,
目视你直到死去,,0,0,0,0,0,0,0,0,0,0,0,0,0,0,0,0,0,0,0,0,0,0,0,,,
海是一场雨,海是一场雨,7.2,7.2,0,0,0,7.4,0,0,7.3,0,0,0,0,0,0,0,0,0,0,0,1.1,31996,2978,瓦特工作室; 未来剧业,百本选手说剧本:剧本《海是一场雨》6人本 3男3女（不🉑反串）剧本类型:盒装本 情感本 游戏时间:6小时 👬适合人群：🈚️ ❤剧情感受：割裂 极...全文,架空 情感 沉浸 其他
无相人考古奇案,无相人考古奇案,9.1,8.8,0,0,0,0,0,8.6,0,0,0,0,0,0,9.1,0,0,0,0,0,2984,126129,21958,表里山河创作,3男3女 7.0小时 进阶 2025.09发行,
豪门08:孽岛疑云,,0,0,0,0,0,0,0,0,0,0,0,0,0,0,0,0,0,0,0,0,0,0,0,,,
诡计患者的谜题,诡计患者的谜题,8.4,7.0,8.7,0,0,0,0,0,0,0,7.7,0,0,0,0,0,0,0,0,0,68862,62876,7977,灰烬工作室,3男3女 8.0小时 进阶 2024.07发行,
河堤,,0,0,0,0,0,0,0,0,0,0,0,0,0,0,0,0,0,0,0,0,0,0,0,,,
未有来时2坠入,,0,0,0,0,0,0,0,0,0,0,0,0,0,0,0,0,0,0,0,0,0,0,0,,,
之间邮局,之间邮局,8.6,8.2,0,0,0,8.4,0,0,0,0,0,0,0,0,8.4,0,0,0,0,0,1.1,31890,5499,德雾昂剧制,《之间邮局》⭐️⭐️⭐️⭐️➕ 📖剧本类型：现代/情感/立意/都市 🙎🏻玩家配置：③男③女 ⏰体验时长：7.5小时 🏠体验店铺：橋Free ⭐️D...全文,
命不该绝!!,命不该绝,7.1,7.3,0,0,0,0,0,7.4,0,0,6.6,0,0,0,0,0,0,0,0,0,31223,26057,2917,空想馆,3男3女 8.0小时 进阶 2023.10发行,
秋意浓,秋意浓,7.6,7.7,7.1,7.1,0,0,0,0,0,0,0,0,0,0,0,0,0,0,0,0,16657,12040,1866,空想馆,4男2女 7.0小时 进阶 2025.05发行,日式 推理 悬疑 怪谈
刁民乡村欢乐撕逼,,0,0,0,0,0,0,0,0,0,0,0,0,0,0,0,0,0,0,0,0,0,0,0,,,
东京恐怖故事加藤病院,东京恐怖故事：加藤病院,7.5,7.4,0,0,0,0,0,7.4,0,0,0,0,0,0,0,0,0,0,0,0,11.3,30152,1770,剧作时代; 长月文创,3男4女 4.5小时 新手 2023.01发行,日式 还原 惊悚 新手
杀意渐起之时,当杀意渐起之时,6.8,7.0,0,0,0,0,0,7.2,0,0,6.9,0,0,0,0,0,0,0,0,0,3,24970,2628,李白工作室; 未来剧业,3男3女 5.5小时 进阶 2025.09发行,
逃脱艺术家2叙弗涅密契,逃脱艺术家2：叙弗涅密契,8.8,7.9,8.6,0,0,0,0,0,0,0,8.3,0,0,0,0,0,0,0,0,0,39202,24244,3881,山橘推理; 为雨发行工作室,3男3女 10.0小时 进阶 2025.03发行,
病娇3,,0,0,0,0,0,0,0,0,0,0,0,0,0,0,0,0,0,0,0,0,0,0,0,,,
长生门,,0,0,0,0,0,0,0,0,0,0,0,0,0,0,0,0,0,0,0,0,0,0,0,,,
间花铺,,0,0,0,0,0,0,0,0,0,0,0,0,0,0,0,0,0,0,0,0,0,0,0,,,
红色主题家国情感系例,,0,0,0,0,0,0,0,0,0,0,0,0,0,0,0,0,0,0,0,0,0,0,0,,,
如故,如故,9.2,8.9,0,0,0,8.9,0,0,8.9,0,0,0,0,0,0,0,0,0,0,0,1.1,151804,24962,东方剧制,3男3女 8.0小时 进阶 2025.05发行,古风 情感 沉浸 其他
关于Y的奇迹《6人悬疑推理本》,,0,0,0,0,0,0,0,0,0,0,0,0,0,0,0,0,0,0,0,0,0,0,0,,,
流芳,,0,0,0,0,0,0,0,0,0,0,0,0,0,0,0,0,0,0,0,0,0,0,0,,,
瘆,,0,0,0,0,0,0,0,0,0,0,0,0,0,0,0,0,0,0,0,0,0,0,0,,,
爱幼妇产医院2,爱幼妇产医院2,0,0,0,0,0,0,0,0,0,0,0,0,0,0,0,0,0,0,0,0,0,0,0,夜笙阁,3男3女 5.0小时 进阶 2024.06发行,
狐尔小姐-售后资料,,0,0,0,0,0,0,0,0,0,0,0,0,0,0,0,0,0,0,0,0,0,0,0,,,
拆迁2买房,拆迁2：买房,7.3,6.7,0,0,7.5,0,7.1,0,0,0,0,0,0,0,0,0,0,0,0,0,3.8,72280,3002,疯狂剧制; 非凡大陆工作室,5男5女 4.5小时 新手 2023.09发行,中式 机制 欢乐 都市
苍歧2青川无水印,,0,0,0,0,0,0,0,0,0,0,0,0,0,0,0,0,0,0,0,0,0,0,0,,,
酒大奇迹,,0,0,0,0,0,0,0,0,0,0,0,0,0,0,0,0,0,0,0,0,0,0,0,,,
蟪蛄春秋,蟪蛄春秋,8.5,8.0,0,0,0,8.3,0,0,8.2,0,0,0,0,0,0,0,0,0,0,0,1.1,106349,13867,不俗发行工作室,3男3女 5.5小时 进阶 2024.05发行,架空 情感 沉浸 其他
豪门16:月落洼,,0,0,0,0,0,0,0,0,0,0,0,0,0,0,0,0,0,0,0,0,0,0,0,,,
天衍四十九手册,,0,0,0,0,0,0,0,0,0,0,0,0,0,0,0,0,0,0,0,0,0,0,0,,,
待君至,,0,0,0,0,0,0,0,0,0,0,0,0,0,0,0,0,0,0,0,0,0,0,0,,,
恶之华,恶之华,7.7,7.4,0,0,0,7.6,0,0,7.6,0,0,0,0,0,0,0,0,0,0,0,1.1,25041,3610,东方剧制,3男3女 5.5小时 新手 2025.07发行,架空 情感 沉浸 其他
甲乙丙丁,甲乙丙丁,7.5,7.3,0,0,0,7.6,0,0,0,8.1,0,0,0,0,0,0,0,0,0,0,1.1,13676,2514,长青工作室,《甲乙丙丁》⭐️⭐️⭐️⭐️ 📖剧本类型：民国/历史/情感/演绎 👦🏻玩家配置：③男③女 ⏰体验时长：6-7小时 ⭐️体验角色...全文,
来财,来财,1,0,0,0,0,0,0,0,0,0,0,0,0,0,0,0,0,0,0,0,0,0,0,剧库,3男3女 4.5小时 新手 2025.06发行,
民间恐怖故事·我的窒爱,民间恐怖故事：我的窒爱,7.8,7.6,0,0,0,0,0,7.5,0,0,0,0,0,0,0,0,0,0,0,0,11.3,18498,2307,司家侦探,3男3女 4.0小时 新手 2025.09发行,
超能,,0,0,0,0,0,0,0,0,0,0,0,0,0,0,0,0,0,0,0,0,0,0,0,,,
弄潮手册,,0,0,0,0,0,0,0,0,0,0,0,0,0,0,0,0,0,0,0,0,0,0,0,,,
胎屋,胎屋,6.9,6.8,0,6.8,0,0,0,6.9,0,0,0,0,0,0,0,0,0,0,0,0,5049,3901,435,谜瓜,2男2女 2.5小时 新手 2025.09发行,
蛰伏,蛰伏,8.1,7.5,0,0,0,8.0,0,0,8.1,0,0,0,0,0,0,0,0,0,0,0,1.1,50035,5405,长月文创; 造物工作室,3男3女 5.5小时 进阶 2024.01发行,现代 情感 沉浸 其他
雪乡连环杀人事件2,雪乡连环杀人事件2,5.6,6.2,0,0,0,0,0,6.0,0,0,0,0,0,0,0,0,0,0,0,0,11.3,46311,3237,李白工作室,百本选手说剧本:剧本《雪乡连环杀人事件2》6人本 3男3女（可以反串）剧本类型:盒装本 游戏时间:3.5小时 👬适合人群：🈚️ ❤剧情感受...全文,
见鬼,见鬼,6.3,6.7,0,6.8,0,0,0,6.7,0,0,0,0,0,0,0,0,0,0,0,0,5049,9172,650,谜语剧制,3男3女 4.5小时 新手 2025.08发行,
季风吹过橘色的海,季风吹过橘色的海Ⅱ：苦夏,4,0,0,0,0,0,0,0,0,0,0,0,0,0,0,0,0,0,0,0,2508,0,0,瓦特工作室; 未来剧业,新本推荐｜橘海续作😭《季风2:苦夏》温柔又破防 🎬 类型：现代青春｜治愈微虐｜沉浸还原｜校园情感 🔍 发行工作室：未来剧业 📚 作者：青猫箓 ⏰ 时长：约5小时 👥 人数：6人（3男3女 不建议...全文,现代 情感 沉浸 都市
火化吧!赶紧的整理,,0,0,0,0,0,0,0,0,0,0,0,0,0,0,0,0,0,0,0,0,0,0,0,,,
告白诗,告白诗,5.3,5.7,0,0,0,5.9,0,0,5.8,0,0,0,0,0,0,0,0,0,0,0,1.1,35400,1403,剧火工作室,3男3女 4.0小时 新手 2024.05发行,中式 情感 沉浸 校园
杀马特驾到通通闪开,杀马特驾到！通通闪开,7.1,7.0,0,0,7.8,0,7.1,0,0,0,0,0,0,0,0,0,0,0,0,0,3.8,61690,5551,疯狂剧制,4男4女 4.0小时 新手 2025.04发行,现代 机制 欢乐 校园
寒门贰,,0,0,0,0,0,0,0,0,0,0,0,0,0,0,0,0,0,0,0,0,0,0,0,,,
捉小三,捉小三,4.0,4.3,0,0,5.1,0,0,0,0,0,0,0,0,0,0,0,0,0,0,0,28375,27235,1669,离火九运,5男5女 3.5小时 新手 2024.10发行,民国 其他 欢乐 新手
如是我观,如是我观,8.6,8.0,0,7.7,0,0,0,8.4,0,0,0,0,0,0,0,0,0,0,0,0,5049,127300,15582,奇迹于你工作室,4男2女 7.0小时 高阶 2024.08发行,
别在派对搞谋杀,别在派对搞谋杀,6.9,6.9,6.9,0,7.2,0,0,0,0,0,0,0,0,0,0,0,0,0,0,0,4827,7397,783,谜瓜,3男1女 3.0小时 新手 2025.02发行,架空 推理 欢乐 其他
木夕僧之戏沉浸剧情,,0,0,0,0,0,0,0,0,0,0,0,0,0,0,0,0,0,0,0,0,0,0,0,,,
立方馆杀人事件始末,,0,0,0,0,0,0,0,0,0,0,0,0,0,0,0,0,0,0,0,0,0,0,0,,,
金河往事,金河往事,6.9,6.7,0,0,0,7.0,0,0,0,8.0,0,0,0,0,0,0,0,0,0,0,1.1,17028,2917,枫叶工作室,2男4女 6.0小时 进阶 2025.07发行,古风 情感 沉浸 进阶
豪门43:应邪化仆,,0,0,0,0,0,0,0,0,0,0,0,0,0,0,0,0,0,0,0,0,0,0,0,,,
空山,空山,7.8,7.5,0,0,0,7.8,0,0,0,7.9,0,0,0,0,0,0,0,0,0,0,1.1,51024,7719,热核·NBC,3男3女 7.0小时 进阶 2025.03发行,古风 情感 演绎 武侠
娘娘千岁,K的游戏12：娘娘千岁,7.4,7.1,0,0,7.7,0,6.7,0,0,0,0,0,0,0,0,0,0,0,0,0,3.8,32018,862,K的游戏,这个本，我们四男一女玩的，玩了5个小时，第一阶段撕逼撕了3个半小时。太有意思，一群男生阴阳怪气的撕逼。喜欢欢乐，机制和撕逼的朋友一定要上车。K的游戏全系列对新手都很友好，也不需要DM，可以几个好友买个娘娘千岁一起愉快撕逼起来。,古风 机制 欢乐 宫廷
此去,此去,7.5,7.3,0,0,0,7.4,0,0,7.4,0,0,0,0,0,0,0,0,0,0,0,1.1,16863,2189,草庐,时长7小时（不算换装和等人的时间） 角色云笛 阅读量240页（分了40慕左右） 疑慕首车此去，因为朋友想玩被迫请假来玩的一个本，其实本来没报什么希望，因为一看女生两个恋陪位，男生一个恋陪位和一个无情位，我就感觉这个...全文,架空 情感 沉浸 神话
南墙贰,,0,0,0,0,0,0,0,0,0,0,0,0,0,0,0,0,0,0,0,0,0,0,0,,,
南墙,南墙,8.5,8.1,0,0,0,8.2,0,0,0,8.3,0,0,0,0,0,0,0,0,0,0,1.1,151271,15363,热核·NBC,3男3女 6.0小时 进阶 2023.06发行,古风 情感 演绎 武侠
少奶奶的第99次出逃,,0,0,0,0,0,0,0,0,0,0,0,0,0,0,0,0,0,0,0,0,0,0,0,,,
血腥爱情故事,血腥爱情故事,6.9,7.1,0,7.0,0,0,0,7.1,0,0,0,0,0,0,0,0,0,0,0,0,23695,12183,1171,,3男3女 4.0小时 新手 2025.08发行,
六角馆的谋杀鉴赏,,0,0,0,0,0,0,0,0,0,0,0,0,0,0,0,0,0,0,0,0,0,0,0,,,
命藏町的白雪姬,命藏町的白雪姬,8.0,7.6,7.8,0,0,0,0,0,0,0,7.5,0,0,0,0,0,0,0,0,0,4829,35376,5274,进化论工作室,3男3女 8.0小时 进阶 2025.04发行,日式 推理 设定 怪谈
装病,装病,7.2,7.0,0,0,7.7,0,7.1,0,0,0,0,0,0,0,0,0,0,0,0,0,3.8,68429,5032,司家侦探,🌟《装病》🌟 📖剧本类型：现代/机制/欢乐/搞笑/ 👦玩家配置：三男三女（可以反串） ⌚️体验时长：4.5小时 🧡体验角色：王活DIE（人老，实话...全文,现代 机制 欢乐 其他
洗劫罗马所有的情书,洗劫罗马所有的情书,8.0,7.7,0,0,7.8,7.8,0,0,0,0,0,0,0,0,0,0,0,0,0,0,8861,44775,4708,小吃车工作室,《洗劫罗马所有的情书》⭐️⭐️⭐️⭐️ 📖剧本类型：欧美/浪漫/情感/沉浸 👦🏻玩家配置：③男③女 ⏰体验时长：4.5小时 ⭐️DM:🐺 ❤️体验...全文,欧美 情感 欢乐 魔法
洗劫巴黎所有星星,,0,0,0,0,0,0,0,0,0,0,0,0,0,0,0,0,0,0,0,0,0,0,0,,,
洗劫伦敦所有的玫瑰,洗劫伦敦所有的玫瑰,8.4,8.0,0,0,0,8.0,0,0,7.7,0,0,0,0,0,0,0,0,0,0,0,1.1,178413,18994,北京萝卜头文化,3男3女 5.0小时 新手 2023.07发行,现代 情感 沉浸 都市
喜菩萨,,0,0,0,0,0,0,0,0,0,0,0,0,0,0,0,0,0,0,0,0,0,0,0,,,
案件重演完整版,,0,0,0,0,0,0,0,0,0,0,0,0,0,0,0,0,0,0,0,0,0,0,0,,,
那一束月光2旅行的意义,,0,0,0,0,0,0,0,0,0,0,0,0,0,0,0,0,0,0,0,0,0,0,0,,,
科举2,科举2,6.2,6.7,0,0,7.0,0,6.8,0,0,0,0,0,0,0,0,0,0,0,0,0,3.8,19009,1485,嗷嗷原创,第261本 时长：5小时 配置：6男2女 《科举2》与《科举1》相比较可以说是完全的换汤不换药，无论是流程还是机制都是原来的那一套，甚至说缺点都完全继承...全文,古风 机制 欢乐 其他
红豆2月光,红豆2月光,8.6,8.0,0,0,0,8.6,0,0,8.5,0,0,0,0,0,0,0,0,0,0,0,1.1,79073,12737,仲夏清晨,百本选手说剧本:剧本《红豆2月光》6人本 3男3女（不可反串）剧本类型:城限本 情感本 游戏时间:7小时 👬适合人群：喜欢 红豆 的 玩家 🌟体验亮点：A本 凑乎 B本 🉑 C本 晴...全文,现代 情感 沉浸 家国
红豆6人推荐人群-民国情感立意本格5H,,0,0,0,0,0,0,0,0,0,0,0,0,0,0,0,0,0,0,0,0,0,0,0,,,
东京恐怖故事·自杀森林,东京恐怖故事：自杀森林,6.9,7.1,6.8,0,0,0,0,0,0,0,0,0,0,0,0,0,0,0,0,0,4829,12207,665,剧作时代,2男4女 4.5小时 进阶 2022.05发行,日式 推理 惊悚 怪谈
东京恐怖故事崇山乐园,东京恐怖故事：崇山乐园,8.2,7.7,0,0,0,0,0,0,0,0,0,0,0,0,0,0,0,0,0,0,35514,60102,4436,剧作时代; 水镜出品,3男4女 4.5小时 新手 2023.11发行,日式 其他 惊悚 新手
我是大掌柜,我是大掌柜,7.9,7.1,0,0,7.5,0,7.7,0,0,0,0,0,0,0,0,0,0,0,0,0,3.8,38799,2828,未来剧业,百本选手说剧本:剧本《我是大掌柜》8人本 4男4女（可以反串）🉑开 6人版本 ～ 7人版本 剧本类型:盒装本 机制本 游戏时间:5小时左右 👬适合人群：全类型...全文,古风 机制 欢乐 历史
拆迁2买房了,,0,0,0,0,0,0,0,0,0,0,0,0,0,0,0,0,0,0,0,0,0,0,0,,,
科举,科举,7.0,6.8,0,0,7.5,0,0,0,0,0,0,0,0,0,0,6.9,0,0,0,0,5.8,161012,10191,疯狂剧制; 嗷嗷原创,百本选手说剧本:剧本《科举》8人本 4男4女 剧本类型:盒装本 欢乐 阵营本 游戏时间:4小时左右 👬适合人群：新手玩家 ❤剧情感受：...全文,古风 阵营 欢乐 权谋
爱幼妇产医院(8人开放-惊悚恐怖-4男4女,,0,0,0,0,0,0,0,0,0,0,0,0,0,0,0,0,0,0,0,0,0,0,0,,,
玻璃屋整理,,0,0,0,0,0,0,0,0,0,0,0,0,0,0,0,0,0,0,0,0,0,0,0,,,
大萨披不连环事件,,0,0,0,0,0,0,0,0,0,0,0,0,0,0,0,0,0,0,0,0,0,0,0,,,
加个v呗,加个V呗,8.7,7.9,8.0,0,8.1,0,0,0,0,0,0,0,0,0,0,0,0,0,0,0,4829,71472,6615,谜瓜,2男2女 2.5小时 新手 2024.10发行,现代 推理 欢乐 都市
窥镜完整版,,0,0,0,0,0,0,0,0,0,0,0,0,0,0,0,0,0,0,0,0,0,0,0,,,
抓小三只是睡觉的关系,抓小三《只是睡觉的关系》,5.6,6.1,0,0,6.8,0,0,0,0,0,0,0,0,0,0,0,0,0,0,0,53087,66809,3969,有暖气工作室,4男4女 4.5小时 新手 2024.10发行,现代 其他 欢乐 新手
温床,温床,7.9,7.6,0,0,0,7.7,0,0,7.7,0,0,0,0,0,0,0,0,0,0,0,1.1,63439,8872,热核·NBC,时长七小时 角色亚当 阅读量150页左右 价格238 首先我说一个重点，能接受毫无伦理道德的玩家（剧情上两位玩家一男（男A）一女（女A）在教堂...全文,架空 情感 沉浸 都市
秦风颂,秦风颂,8.4,8.0,0,0,0,8.2,0,0,8.2,0,0,0,0,0,0,0,0,0,0,0,1.1,121404,14299,海上仙山,百本选手说剧本:剧本《秦风颂》6人本 3男3女 （不🉑反串）剧本类型:城限本 情感本 游戏时间:8小时左右 👬适合人群：情感本玩家 ❤剧情感...全文,架空 情感 沉浸 其他
反骨,反骨,6.6,6.4,0,0,0,7.0,0,0,0,7.7,0,0,0,0,0,0,0,0,0,0,1.1,44233,6624,德雾昂剧制; 天地之间,3男3女 6.5小时 进阶 2025.06发行,古风 情感 演绎 仙侠
前男友的100种si法,,0,0,0,0,0,0,0,0,0,0,0,0,0,0,0,0,0,0,0,0,0,0,0,,,
《中彩票》-无水印,,0,0,0,0,0,0,0,0,0,0,0,0,0,0,0,0,0,0,0,0,0,0,0,,,
二流货色,二流货色II：青花,8.5,8.0,0,0,0,8.2,0,0,8.0,0,0,0,0,0,0,0,0,0,0,0,1.1,26003,3380,未来剧业; 角色失重工作室,3男3女 5.0小时 新手 2026.04发行,现代 情感 沉浸 都市
麻了隔壁,麻了隔壁,6.6,6.3,0,0,7.3,0,6.6,0,0,0,0,0,0,0,0,0,0,0,0,0,3.8,120788,4788,疯狂剧制,百本选手说剧本：剧本《麻了隔壁》10人本 5男5女（7人 8人9人 均可开本）剧本类型：盒装本 欢乐 机制本 游戏时间:5小时左右 实话实说 这个本 还挺不错的 推荐人群：新手玩家 公司团建 戏精玩家 熟人车 （🈶小游戏 🈶机制）大家都是 开店的 又都是 邻居 就 一起努力 赚大钱吧 最后…… 人均800个心眼子 勾心斗角 ...全文,架空 机制 欢乐 都市
古木吟情感催泪,,0,0,0,0,0,0,0,0,0,0,0,0,0,0,0,0,0,0,0,0,0,0,0,,,
野狗不需要墓碑,野狗不需要墓碑,6.3,6.8,0,0,0,0,0,6.5,0,0,0,0,0,0,0,0,0,0,0,0,113457,114222,9937,天恩院; 未来剧业,🌟《野狗不需要墓碑》🌟 📖剧本类型：还原/惊悚/情感/欢乐 👦玩家配置：三男三女（尽量不反串呗） ⌚️体验时长：4.5小时 🌟带本DM：⚡️...全文,
野狗不需要墓碑2:天生坏种,野狗不需要墓碑2：天生坏种,6.5,7.0,0,6.8,0,0,0,6.7,0,0,0,0,0,0,0,0,0,0,0,0,5049,36523,2968,天恩院; 未来剧业,“癫狂隐晦间 有爱悄然滋生” #野狗不需要墓碑2 4月底到店可约 2男4女 时长4.5小时 e家推理探案馆 【新手·还原·另类情感·体验流】,👬适合人群：还原 欢乐 情感 ❤剧情感受：时长4.5h，完美的保持了上一部的风格，连输出模式都一样，时长也几乎一致，依旧是全类型剧本，前期小游戏欢乐破冰、中间穿插无厘头凶案推理、一头雾水故事还原、结局自由发挥输出情感...全文
窃云台,窃云台,8.5,8.0,0,0,0,8.5,0,0,0,8.7,0,0,0,0,0,0,0,0,0,0,1.1,104222,15689,海上仙山; 他山之石,3男3女 7.5小时 进阶 2025.08发行,古风 情感 演绎 家国
告别词,,0,0,0,0,0,0,0,0,0,0,0,0,0,0,0,0,0,0,0,0,0,0,0,,,
璃火,璃火,7.8,7.4,0,0,0,7.6,0,0,0,8.4,0,0,0,0,0,0,0,0,0,0,69454,145565,16933,,2男4女 6.0小时 进阶 2024.11发行,古风 情感 演绎 仙侠
死亡回响,死亡回响,9.0,8.5,8.9,8.6,0,0,0,0,0,0,0,0,0,0,0,0,0,0,0,0,4837,150790,23554,灰烬工作室,3男3女 8.0小时 进阶 2025.01发行,日式 推理 悬疑 其他
异世录,,0,0,0,0,0,0,0,0,0,0,0,0,0,0,0,0,0,0,0,0,0,0,0,,,
剧本杀小白新手教程,,0,0,0,0,0,0,0,0,0,0,0,0,0,0,0,0,0,0,0,0,0,0,0,,,
DM培训系统教程,,0,0,0,0,0,0,0,0,0,0,0,0,0,0,0,0,0,0,0,0,0,0,0,,,
铃兰女校2富江花子,铃兰女校2富江花子,8.7,8.3,0,0,0,0,0,8.0,0,0,0,0,0,0,0,0,0,0,0,0,11.3,73344,6994,剧作时代,3男4女 6.0小时 进阶 2024.06发行,
猫岛2犬山谋杀循环,猫岛2：犬山谋杀循环,7.5,7.4,0,7.5,0,0,0,0,0,0,0,0,0,0,0,0,0,0,0,0,81055,87521,13231,,3男3女 8.0小时 进阶 2025.04发行,
猫岛谋杀循环,猫岛谋杀循环,9.1,8.7,8.6,8.5,0,0,0,0,0,0,0,0,0,0,0,0,0,0,0,0,4838,236965,49388,灰烬工作室,百本选手说剧本:剧本《猫岛谋杀循环》6人本 3男3女（🉑以反串）剧本类型:城限本 推理 还原 欢乐 情感 惊悚 游戏时间:6小时左右 👬适合人群：全类型 ...全文,
流氓叙事,流氓叙事,8.9,8.6,0,0,0,8.8,0,0,8.8,0,0,0,0,0,0,0,0,0,0,0,3.4,179194,40563,不俗发行工作室,百本选手说剧本:剧本《流氓叙事》6人本 3男3女 或 2男4女 剧本类型:城限本 情感本 游戏时间:7小时 👬适合人群：情感本 玩家 🌟体验亮点...全文,架空 情感 沉浸 其他
志怪桃花源记,志怪·桃花源记,8.3,7.8,0,0,0,0,0,0,0,0,0,0,0,0,0,0,0,0,0,0,11628,10557,1368,九州长歌工作室; 水镜出品,3男3女 5.5小时 新手 2025.09发行,
怪谈事务所手册-.pdf,,0,0,0,0,0,0,0,0,0,0,0,0,0,0,0,0,0,0,0,0,0,0,0,,,
我与我诀别,我，与我诀别,8.6,8.1,0,0,0,0,0,8.4,0,0,8.1,0,0,0,0,0,0,0,0,0,3,91413,15217,东方迷雾; 墨菲工作室,2男4女 6.5小时 进阶 2025.11发行,
患者们的临终游戏手册.pdf,,0,0,0,0,0,0,0,0,0,0,0,0,0,0,0,0,0,0,0,0,0,0,0,,,
花光一万亿手册.pdf,,0,0,0,0,0,0,0,0,0,0,0,0,0,0,0,0,0,0,0,0,0,0,0,,,
无名女尸手册.pdf,,0,0,0,0,0,0,0,0,0,0,0,0,0,0,0,0,0,0,0,0,0,0,0,,,
彗星手册.pdf,,0,0,0,0,0,0,0,0,0,0,0,0,0,0,0,0,0,0,0,0,0,0,0,,,
降咒组织者手册.pdf,,0,0,0,0,0,0,0,0,0,0,0,0,0,0,0,0,0,0,0,0,0,0,0,,,
《樱再会霜汐子》手册.pdf,,0,0,0,0,0,0,0,0,0,0,0,0,0,0,0,0,0,0,0,0,0,0,0,,,
祝福手册.pdf,,0,0,0,0,0,0,0,0,0,0,0,0,0,0,0,0,0,0,0,0,0,0,0,,,
雪夜城手册.pdf,,0,0,0,0,0,0,0,0,0,0,0,0,0,0,0,0,0,0,0,0,0,0,0,,,
记忆解体手册.pdf,,0,0,0,0,0,0,0,0,0,0,0,0,0,0,0,0,0,0,0,0,0,0,0,,,
回忆梦游指南手册.pdf,,0,0,0,0,0,0,0,0,0,0,0,0,0,0,0,0,0,0,0,0,0,0,0,,,
余烬下的假面·组织者手册.pdf,,0,0,0,0,0,0,0,0,0,0,0,0,0,0,0,0,0,0,0,0,0,0,0,,,
难却星河手册.pdf,,0,0,0,0,0,0,0,0,0,0,0,0,0,0,0,0,0,0,0,0,0,0,0,,,
梭哈监狱手册.pdf,,0,0,0,0,0,0,0,0,0,0,0,0,0,0,0,0,0,0,0,0,0,0,0,,,
脑洞在跳舞手册.pdf,,0,0,0,0,0,0,0,0,0,0,0,0,0,0,0,0,0,0,0,0,0,0,0,,,
欲缚,欲缚,6.9,6.8,0,0,0,7.4,0,0,7.3,0,0,0,0,0,0,0,0,0,0,0,1.1,25770,3868,超人工作室,3男3女 7.0小时 进阶 2025.08发行,古风 情感 沉浸 其他
一夫一妻环岛异闻手册.pdf,,0,0,0,0,0,0,0,0,0,0,0,0,0,0,0,0,0,0,0,0,0,0,0,,,
底层逻辑,底层逻辑,7.9,6.6,8.2,0,0,0,0,0,0,0,7.9,0,0,0,0,0,0,0,0,0,37,21309,3592,极限推理,3男3女 7.0小时 进阶 2025.08发行,
铃兰女校3手册.pdf,,0,0,0,0,0,0,0,0,0,0,0,0,0,0,0,0,0,0,0,0,0,0,0,,,
塑料温室,塑料温室,7.5,7.2,0,0,0,7.8,0,0,7.6,0,0,0,0,0,0,0,0,0,0,0,1.1,40881,6563,有棱有角工作室,《塑料温室》⭐️⭐️⭐️⭐️ 📖剧本类型：现代/情感/治愈/架空 👦🏻玩家配置：③男③女 ⏰体验时长：7.5小时 🏠体验店铺：橋Free ⭐️DM：可乐➕孤狼➕杉...全文,现代 情感 沉浸 其他
直到触及她的时刻,直到触及她的时刻,7.4,7.0,7.5,0,0,0,0,0,0,0,7.1,0,0,0,0,0,0,0,0,0,4839,17421,2869,木屋发行工作室,3男3女 8.0小时 进阶 2025.09发行,日式 推理 设定 其他
风起雁回,风起·雁回,7.4,7.7,6.8,0,0,0,0,0,0,0,7.2,0,0,0,0,0,0,0,0,0,6194,5597,738,魔术师工作室,3男3女 6.0小时 新手 2025.10发行,中式 推理 其他 新手
盛大登场,盛大登场,6.5,7.0,0,6.8,0,0,0,7.0,0,0,0,0,0,0,0,0,0,0,0,0,5049,5454,1220,极限推理,3男3女 8.0小时 进阶 2025.09发行,
献给雪夜的花火,献给雪夜的花火,8.0,7.7,0,7.4,0,0,0,7.8,0,0,0,0,0,0,0,0,0,0,0,0,5049,16600,2784,浮生梦文创,3男3女 8.0小时 进阶 2025.09发行,
推理作家的谋杀艺术,推理作家的谋杀艺术,8.4,7.9,7.9,7.6,0,0,0,0,0,0,0,0,0,0,0,0,0,0,0,0,4839,59881,7185,灰烬工作室,3男3女 7.5小时 进阶 2024.09发行,日式 推理 悬疑 其他
在河之洲整理,,0,0,0,0,0,0,0,0,0,0,0,0,0,0,0,0,0,0,0,0,0,0,0,,,
下课后无水印,,0,0,0,0,0,0,0,0,0,0,0,0,0,0,0,0,0,0,0,0,0,0,0,,,
西瓜生于血骨之上,西瓜生于血骨之上,6.3,6.5,0,6.5,0,0,0,6.6,0,0,0,0,0,0,0,0,0,0,0,0,5049,3831,526,葫芦世界,3男3女 6.0小时 进阶 2024.06发行,
不良少女与独眼Kitty猫,不良少女与独眼Kitty猫,8.3,7.7,7.5,0,8.3,0,0,0,0,0,0,0,0,0,0,0,0,0,0,0,4839,122325,14870,浮生梦文创,百本选手说剧本:剧本《不良少女与独眼kitty猫》6人本 3男3女（可以反串）剧本类型:城限 八嘎推理 游戏时间:6.5小时左右 👬适合人群：...全文,日式 推理 欢乐 二次元
乌拉乌拉无水印,,0,0,0,0,0,0,0,0,0,0,0,0,0,0,0,0,0,0,0,0,0,0,0,,,
凌州城八棺奇案,凌州城八棺奇案,8.3,8.4,7.5,0,0,0,0,0,0,0,7.8,0,0,0,0,0,0,0,0,0,4839,30907,5675,KEYS工作室; 笨小孩工作室,4男2女 10.0小时 进阶 2025.01发行,古风 推理 设定 仙侠
封狼居胥,,0,0,0,0,0,0,0,0,0,0,0,0,0,0,0,0,0,0,0,0,0,0,0,,,
水豚食人录,水豚食人录,7.4,6.4,7.3,0,0,0,0,0,0,0,6.9,0,0,0,0,0,0,0,0,0,9752,6397,821,解语花剧本工作室,3男3女 6.0小时 进阶 2024.12发行,
牧神午后无水印,,0,0,0,0,0,0,0,0,0,0,0,0,0,0,0,0,0,0,0,0,0,0,0,,,
神匿于五日之下,神匿于五日之下,7.9,7.1,7.8,7.3,0,0,0,0,0,0,0,0,0,0,0,0,0,0,0,0,4844,36094,4638,木屋发行工作室; 云水遥工作室,4男2女 7.5小时 进阶 2024.06发行,日式 推理 悬疑 其他
唐人街捉妖,唐人街捉妖,8.7,8.0,0,0,0,0,0,7.6,0,0,0,0,0,0,9.0,0,0,0,0,0,2984,136018,15083,表里山河创作,百本选手说剧本:剧本《唐人街捉妖》6人本 3男3女（可以反串）剧本类型:盒装本 还原 立意本 游戏时间:6小时左右 👬适合人群：家...全文,
闻风录,闻风录,7.3,6.9,0,0,0,7.2,0,0,7.2,0,0,0,0,0,0,0,0,0,0,0,1.1,16591,2059,戏人间,百本选手说剧本:剧本《闻风录》6人本 3男3女（不可反串）剧本类型:城限本 情感本 古风 架空 游戏时间:8.5小时左右 👬适合人群：情感本 ...全文,古风 情感 沉浸 其他
水仙,水仙,8.4,7.8,0,0,0,7.9,0,0,0,0,0,0,0,0,8.3,0,0,0,0,0,1.1,62539,8181,黎明工作室,3男3女 6.5小时 进阶 2024.06发行,
叙清梦,叙清梦,8.5,7.9,0,0,0,8.0,0,0,7.9,0,0,0,0,0,0,0,0,0,0,0,25788,35430,3795,,3男3女 6.0小时 新手 2024.03发行,古风 情感 沉浸 宫廷
我们被撕裂于夏日,我们被撕裂于夏日,6.4,6.6,0,0,0,0,0,6.6,0,0,0,0,0,0,0,0,0,0,0,0,11.3,30341,2177,剧作时代; 未来剧业,体验角色:芳岛芽衣子 剧本类型:恐怖推理 剧本人数:7️⃣人（0️⃣男7️⃣女）🉑反 剧本时长:4～5小时 听到是东京恐怖故事番外篇，就来打了，怎么说呢！就那样，很一般😳除了封面好看没有其他优...全文,日式 还原 惊悚 新手
天空漫画屋,天空漫画屋,6.6,6.7,0,0,0,6.7,0,0,0,0,0,0,0,0,0,0,0,0,0,0,4292,3094,456,LARP原创工作室,3男3女 4.5小时 新手 2024.05发行,
抢红包,抢红包！,6.8,6.7,0,0,7.1,0,6.8,0,0,0,0,0,0,0,0,0,0,0,0,0,3.8,17419,1435,谜语剧制,百本选手说剧本:剧本《抢红包!》7人本 4男3女 剧本类型:盒装本 游戏时间:4小时 👬适合人群：🈚️ ❤剧情感...全文,现代 机制 欢乐 都市
TGIU-飞蛾鸣唱之地,,0,0,0,0,0,0,0,0,0,0,0,0,0,0,0,0,0,0,0,0,0,0,0,,,
玉藻前终焉之时,玉藻前终焉之时,8.7,8.1,8.2,7.9,0,0,0,0,0,0,0,0,0,0,0,0,0,0,0,0,4844,43800,5022,口袋发行,2男4女 9.0小时 高阶 2023.07发行,日式 推理 悬疑 豪门
诡计甜美的死去,,0,0,0,0,0,0,0,0,0,0,0,0,0,0,0,0,0,0,0,0,0,0,0,,,
风雨杳如年-有涧,,0,0,0,0,0,0,0,0,0,0,0,0,0,0,0,0,0,0,0,0,0,0,0,,,
梦灵祈念时,梦灵祈念时,7.7,7.4,7.2,0,0,0,0,0,0,0,7.1,0,0,0,0,0,0,0,0,0,4844,29267,3639,KEYS工作室,3男3女 6.5小时 进阶 2024.08发行,日式 推理 设定 其他
彼岸有神低语,彼岸有神低语,8.2,7.8,7.5,7.5,0,0,0,0,0,0,0,0,0,0,0,0,0,0,0,0,4844,29549,3268,慢热TUO,百本选手说剧本:剧本《彼岸有神低语》6人本 3男3女 剧本类型:城限本 跑团 还原本 游戏时间:6小时左右 👬适合人群：慢热 粉丝 ❤剧情感...全文,
月光酒馆2大浪,,0,0,0,0,0,0,0,0,0,0,0,0,0,0,0,0,0,0,0,0,0,0,0,,,
整理幻方馆谋杀奇境高清无水印,,0,0,0,0,0,0,0,0,0,0,0,0,0,0,0,0,0,0,0,0,0,0,0,,,
谜案集一叶障目,,0,0,0,0,0,0,0,0,0,0,0,0,0,0,0,0,0,0,0,0,0,0,0,,,
流萤,流萤,8.0,7.4,0,0,0,7.5,0,0,0,0,0,0,0,0,8.0,0,0,0,0,0,1.1,17913,2174,慢热TUO,3男3女 6.0小时 进阶 2024.08发行,古风 情感 立意 历史
黑日2白夜,,0,0,0,0,0,0,0,0,0,0,0,0,0,0,0,0,0,0,0,0,0,0,0,,,
筷子三千死局,,0,0,0,0,0,0,0,0,0,0,0,0,0,0,0,0,0,0,0,0,0,0,0,,,
江湖夜雨十年灯,江湖夜雨十年灯,7.2,6.9,0,0,0,7.3,0,0,0,7.8,0,0,0,0,0,0,0,0,0,0,1.1,9162,1159,戏屿工作室,3男3女 6.0小时 进阶 2024.07发行,古风 情感 演绎 武侠
谎谎而终,谎谎而终,8.1,7.0,7.4,0,0,0,0,0,0,0,8.0,0,0,0,0,0,0,0,0,0,4844,37940,4791,低空飞行,3男3女 6.5小时 进阶 2024.10发行,
梧桐,,0,0,0,0,0,0,0,0,0,0,0,0,0,0,0,0,0,0,0,0,0,0,0,,,
南墙2,,0,0,0,0,0,0,0,0,0,0,0,0,0,0,0,0,0,0,0,0,0,0,0,,,
将昼,将昼,8.0,7.7,0,0,0,0,0,7.5,0,0,0,0,0,0,8.1,0,0,0,0,0,2984,35005,1815,天恩院,6男1女 5.5小时 高阶 2022.07发行,
长岁灯,长岁灯,7.6,7.2,0,0,0,7.6,0,0,0,8.2,0,0,0,0,0,0,0,0,0,0,1.1,10972,1311,慢热TUO,3男3女 6.0小时 新手 2024.04发行,古风 情感 演绎 仙侠
绛夏,绛夏,7.6,7.1,0,0,0,7.4,0,0,0,7.9,0,0,0,0,0,0,0,0,0,0,1.1,15205,2143,枫叶工作室; 泷麟工作室,百本选手说剧本:剧本《绛夏》6人本 3男3女（不可反串）剧本类型:城限本 情感本 古风 换装 演绎 游戏时间:9小时 👬适合人群：情感本 玩家 戏精 e人 读本 ...全文,古风 情感 演绎 武侠
故园,故园,7.6,7.3,0,0,0,7.5,0,0,7.5,0,0,0,0,0,0,0,0,0,0,0,1.1,23557,2811,不俗发行工作室,百本选手说剧本:剧本《故园》6人本 3男3女（不可反串）剧本类型:城限本 情感本 民国 家国 游戏时间:7.5小时 👬适合人群：情感本 玩家 ...全文,民国 情感 沉浸 其他
朝瑶,朝瑶,7.7,7.2,0,0,0,7.6,0,0,0,8.0,0,0,0,0,0,0,0,0,0,0,1.1,16941,1939,造物工作室,3男3女 6.0小时 进阶 2024.10发行,古风 情感 演绎 家国
尘世奇案录·通幽无水印,,0,0,0,0,0,0,0,0,0,0,0,0,0,0,0,0,0,0,0,0,0,0,0,,,
摸鱼,摸鱼,6.5,6.3,0,0,7.0,0,6.3,0,0,0,0,0,0,0,0,0,0,0,0,0,3.8,30097,1927,谜语剧制,3男4女 4.0小时 新手 2024.08发行,现代 机制 欢乐 都市
风起时想你,风起时想你,7.4,7.2,0,0,0,7.5,0,0,0,0,0,0,0,0,7.5,0,0,0,0,0,1.1,22614,1475,月影工作室,百本选手说剧本:剧本《风起时想你》6人本 3男3女（不可反串）剧本类型:盒装本 情感本 游戏时间:4小时左右 👬适合人群：新手玩家 女性玩家 ❤剧情感受：一打一...全文,现代 情感 立意 新手
男宠,男宠,4.9,5.3,0,0,6.0,0,5.2,0,0,0,0,0,0,0,0,0,0,0,0,0,3.8,33344,1690,非凡大陆工作室,百本选手说剧本:剧本《男宠》8人本 5男3女（🉑以反串）剧本类型:盒装本 欢乐本 游戏时间:3.5小时 👬适合人群：第一次打本 熟人车 i人 公司团建 ❤剧情感受...全文,古风 机制 欢乐 宫廷
山月叹无水印,,0,0,0,0,0,0,0,0,0,0,0,0,0,0,0,0,0,0,0,0,0,0,0,,,
九不思议街2雪境奇航,,0,0,0,0,0,0,0,0,0,0,0,0,0,0,0,0,0,0,0,0,0,0,0,,,
琼崖,琼崖,7.1,6.7,0,0,0,7.2,0,0,0,8.2,0,0,0,0,0,0,0,0,0,0,1.1,43316,5115,泷麟工作室; 枫叶工作室,3男3女 5.5小时 新手 2024.03发行,古风 情感 演绎 武侠
悲剧的共犯,悲剧的共犯,8.1,7.5,7.7,7.3,0,0,0,0,0,0,0,0,0,0,0,0,0,0,0,0,4849,32640,3995,天津剧盟发行工作室; 南本出品,百本选手说剧本:剧本《悲剧的共犯》6人本 3男3女（🉑以反串）剧本类型:城限本 ip本 推理 还原本 游戏时间:7.5小时 左右 👬适合人群：金田一 粉丝 天津剧盟 粉丝 王鑫...全文,日式 推理 悬疑 二次元
玄鸟,玄鸟,7.0,6.8,0,0,0,7.2,0,0,7.1,0,0,0,0,0,0,0,0,0,0,0,1.1,18414,2180,热核·NBC,百本选手说剧本:剧本《玄鸟》6人本 3男3女（不可反串）剧本类型:城限本 情感本 游戏时间:6.5小时左右 👬适合人群：喜欢 还原的 玩家 ❤剧情感受：低开中走 A本...全文,古风 情感 沉浸 玄幻
白色乡愁,,0,0,0,0,0,0,0,0,0,0,0,0,0,0,0,0,0,0,0,0,0,0,0,,,
白昼2如果长夜无明,,0,0,0,0,0,0,0,0,0,0,0,0,0,0,0,0,0,0,0,0,0,0,0,,,
蝼蚁,,0,0,0,0,0,0,0,0,0,0,0,0,0,0,0,0,0,0,0,0,0,0,0,,,
兔子井,兔子井,7.4,7.2,7.0,0,0,0,0,0,0,0,6.9,0,0,0,0,0,0,0,0,0,4849,30495,2218,伯乐剧本工作室,4男2女 5.0小时 进阶 2024.01发行,日式 推理 设定 怪谈
中国民俗怪谈鬼陀棺,中国民俗怪谈·鬼陀棺,6.8,6.8,0,0,0,0,0,6.7,0,0,0,0,0,0,0,0,0,0,0,0,11.3,7474,339,九州长歌工作室,3男3女 4.5小时 新手 2024.07发行,
几千春,几千春,6.8,6.6,0,0,0,7.1,0,0,7.0,0,0,0,0,0,0,0,0,0,0,0,1.1,19732,2708,长青工作室,3男3女 6.0小时 进阶 2025.01发行,古风 情感 沉浸 仙侠
明月清风我,明月清风我,8.1,7.5,0,0,0,7.8,0,0,7.5,0,0,0,0,0,0,0,0,0,0,0,1.1,16698,1305,瓦特工作室,3男3女 4.5小时 进阶 2023.11发行,古风 情感 沉浸 玄幻
雨夜感染者,雨夜感染者,8.3,7.4,0,0,0,0,7.4,0,0,0,0,0,0,0,7.7,0,0,0,0,0,2962,4438,287,惊人院,《雨夜感染者》⭐️⭐️⭐️⭐️ 📖剧本类型：中式/都市/机制/立意 👦🏻玩家配置：④人本（不限男女） ⏰体验时长：③小时 你是粉刷匠，一个“零污渍”...全文,
无限调查局6.5h现代推理其他,,0,0,0,0,0,0,0,0,0,0,0,0,0,0,0,0,0,0,0,0,0,0,0,,,
朝露辞,朝露辞,7.7,7.1,0,0,0,7.6,0,0,7.6,0,0,0,0,0,0,0,0,0,0,0,1.1,59732,7360,东方剧制,百本选手说剧本:剧本《朝露辞》6人本 3男3女（不可反串）剧本类型:城限本 情感本 游戏时间:8小时左右 👬适合人群：情感本 玩家 ❤剧情感...全文,古风 情感 沉浸 其他
散场2·遗憾也值得,散场2：遗憾也值得,7.7,7.3,0,0,0,7.7,0,0,7.5,0,0,0,0,0,0,0,0,0,0,0,1.1,18829,1593,怪兽入侵,百本选手说剧本:剧本《散场2:遗憾也值得》6人本 3男3女（不🉑反串）剧本类型:城限本 情感本 游戏时间:7小时 左右 👬适合人群：恋爱中的情侣👩‍❤️‍👨 （...全文,现代 情感 沉浸 都市
灯影里的乌有乡,灯影里的乌有乡,8.5,7.8,0,0,0,8.2,0,0,8.2,0,0,0,0,0,0,0,0,0,0,0,1.1,54963,7186,长青工作室,百本选手说剧本:剧本《灯影里的乌有乡》6人本 3男3女（不可反串）剧本类型:城限本 情感本 游戏时间:7小时左右 👬适合人群：没有玩过《红豆》《春风》以及 纯新手玩家 5...全文,民国 情感 沉浸 其他
穿青,穿青,7.2,7.3,0,6.7,0,0,0,7.1,0,0,0,0,0,0,0,0,0,0,0,0,5049,12851,1338,Siren剧本工作室,3男3女 6.0小时 进阶 2024.05发行,
盒子先生的秘密商店,盒子先生的秘密商店,6.8,6.9,0,0,0,0,0,6.9,6.9,0,0,0,0,0,0,0,0,0,0,0,14006,34307,2367,,4男3女 4.5小时 新手 2024.07发行,
十万八千梦整理,,0,0,0,0,0,0,0,0,0,0,0,0,0,0,0,0,0,0,0,0,0,0,0,,,
巫女2安妮弗斯的奇遇记,,0,0,0,0,0,0,0,0,0,0,0,0,0,0,0,0,0,0,0,0,0,0,0,,,
再见黎明,《再见黎明》,10,0,0,0,0,0,0,0,0,0,0,0,0,0,0,0,0,0,0,0,1.1,0,0,入局文化,3男3女 4.5小时 新手 2021.11发行,民国 情感 演绎 新手
相思引,相思引,6.8,6.6,0,0,0,7.0,0,0,6.9,0,0,0,0,0,0,0,0,0,0,0,1.1,23838,3373,道友留步,3男3女 6.0小时 进阶 2024.08发行,古风 情感 沉浸 家国
双炽岛,,0,0,0,0,0,0,0,0,0,0,0,0,0,0,0,0,0,0,0,0,0,0,0,,,
琼崖2天涯海角无水印,,0,0,0,0,0,0,0,0,0,0,0,0,0,0,0,0,0,0,0,0,0,0,0,,,
时针岛的谋杀谜题,,0,0,0,0,0,0,0,0,0,0,0,0,0,0,0,0,0,0,0,0,0,0,0,,,
抓小三-哈尔滨,,0,0,0,0,0,0,0,0,0,0,0,0,0,0,0,0,0,0,0,0,0,0,0,,,
北宋奇案汴京,北宋奇案·汴京,8.6,7.7,8.5,7.8,0,0,0,0,0,0,0,0,0,0,0,0,0,0,0,0,4850,126750,15711,灰烬工作室,百本选手说剧本:剧本《北宋奇案•汴京》6人本 4男2女（🉑以反串）剧本类型:城限本 硬核本 （密室）8推理:2还原 游戏时间:10小时左右 👬适合人群：硬核 玩家 喜欢 盘 密室 的 玩家 ...全文,古风 推理 悬疑 其他
雀色蝉时雨,雀色蝉时雨,8.0,7.7,0,7.1,0,0,0,7.8,0,0,0,0,0,0,0,0,0,0,0,0,13946,14745,1850,,4男2女 7.0小时 进阶 2024.12发行,
柯罗诺斯夜的绝响,柯罗诺斯夜的绝响,7.6,7.6,0,0,0,0,0,6.9,7.3,0,0,0,0,0,0,0,0,0,0,0,1.4,14642,1694,低空飞行,【7小时/克里斯/有大c大边/体验分：1分】 ❎一句话总结：看见朵拉被锁的一定不要上车！ 『🌙关键词：故事不错，角色边c极其严重，无效信息多，推理逻辑软』 『🌙角色体验：女生角色体验远优于男生；...全文,
那一束月光3,那一束月光3：月亮坠落了一千次,7.7,7.3,0,0,0,7.5,0,0,7.3,0,0,0,0,0,0,0,0,0,0,0,1.1,32061,2541,神域文化,3男3女 5.0小时 新手 2024.04发行,现代 情感 沉浸 都市
侧写师,侧写师,5.8,0,0,0,0,0,0,6.9,6.9,0,0,0,0,0,0,0,0,0,0,0,4850,10035,682,戏人间,4男4女 4.0小时 新手 2024.06发行,
二分之一世界推理法则,二分之一世界推理法则,8.7,7.8,8.1,0,0,0,0,0,0,0,8.2,0,0,0,0,0,0,0,0,0,4850,82134,10315,KEYS工作室; 引力弹弓,4男2女 6.0小时 进阶 2024.04发行,
撕裂神之诡面,撕裂神之诡面,8.2,6.6,8.1,0,0,0,0,0,0,0,7.4,0,0,0,0,0,0,0,0,0,4851,38187,5565,集闲社文创,🌟《撕裂神之诡面》🌟架空｜设定｜推理👏 体验店铺：橋Free沉浸体验馆 体验时长：7-8小时 DM：闪电⚡️⚡️⚡️ 玩家配置：三男三女（最好有一个...全文,
纯白少年的慢性死亡,纯白少年的慢性死亡,6.7,7.0,0,6.4,0,0,0,6.6,0,0,0,0,0,0,0,0,0,0,0,0,5049,57348,4014,鑫梦人生,剧本类型:故事汇 人数配置:3男4女 剧本时长:3h 推荐指数:3/10分 体验角色：紫色 一个时长三小时，评分也3分的新手本，破冰...全文,
枯荣,枯荣,7.1,6.9,0,0,0,7.4,0,0,7.4,0,0,0,0,0,0,0,0,0,0,0,1.1,18587,1955,浮生梦文创; 德雾昂剧制,3男3女 6.0小时 进阶 2024.03发行,古风 情感 沉浸 玄幻
玄都,玄都,7.1,6.9,0,0,0,7.2,0,0,7.1,0,0,0,0,0,0,0,0,0,0,0,1.1,16000,1823,月影工作室,3男3女 5.5小时 进阶 2024.08发行,架空 情感 沉浸 神话
帝辛无水印,,0,0,0,0,0,0,0,0,0,0,0,0,0,0,0,0,0,0,0,0,0,0,0,,,
乌骨2:十方杀,乌骨2：十方杀,7.2,7.1,0,0,0,7.3,0,0,7.3,0,0,0,0,0,0,0,0,0,0,0,1.1,23309,2270,树人工作室,2男4女 5.5小时 进阶 2023.11发行,古风 情感 沉浸 武侠
沧溟吟完整,,0,0,0,0,0,0,0,0,0,0,0,0,0,0,0,0,0,0,0,0,0,0,0,,,
疯人院2无声悲鸣,逃离疯人院2：无声悲鸣,7.8,7.5,0,0,0,7.3,0,0,0,0,0,0,0,0,7.9,0,0,0,0,0,1.1,21854,2063,有仙气工作室,3男3女 5.5小时 新手 2024.01发行,中式 情感 立意 新手
不安岭六畜奇闻无水印,,0,0,0,0,0,0,0,0,0,0,0,0,0,0,0,0,0,0,0,0,0,0,0,,,
深山中的悲鸣夜-li,,0,0,0,0,0,0,0,0,0,0,0,0,0,0,0,0,0,0,0,0,0,0,0,,,
推理要在加班后,推理要在加班后,7.6,7.1,0,0,7.6,0,0,7.3,0,0,0,0,0,0,0,0,0,0,0,0,1.5,26509,2927,进化论工作室,4男2女 6.0小时 进阶 2024.05发行,日式 还原 欢乐 都市
万仞青山听水寒,万仞青山听水寒,8.4,7.9,0,0,0,8.0,0,0,8.0,0,0,0,0,0,0,0,0,0,0,0,1.1,42771,5680,天地之间,3男3女 5.5小时 进阶 2024.06发行,古风 情感 沉浸 仙侠
无尽夏的谎言,无尽夏的谎言,8.0,7.5,7.6,7.2,0,0,0,0,0,0,0,0,0,0,0,0,0,0,0,0,4852,54666,6035,嫌疑猫SUSPECAT; 好困工作室,3男3女 6.5小时 进阶 2024.03发行,日式 推理 悬疑 其他
长梦决2,,0,0,0,0,0,0,0,0,0,0,0,0,0,0,0,0,0,0,0,0,0,0,0,,,
葡萄不是幸福的水果,葡萄不是幸福的水果,7.3,7.3,7.0,7.0,0,0,0,0,0,0,0,0,0,0,0,0,0,0,0,0,4852,40561,4896,T-Game发行工作室,百本选手说剧本:剧本《葡萄不是幸福的水果》6人本 3男3女（可以反串）或者 7人本 4男3女（可以反串）剧本类型:城限本 还原本 游戏时间:6.5小时左右 👬适合人群：...全文,日式 推理 悬疑 都市
烟云南渡剧本杀,,0,0,0,0,0,0,0,0,0,0,0,0,0,0,0,0,0,0,0,0,0,0,0,,,
当杀意渐起之时,当杀意渐起之时,6.8,7.0,0,0,0,0,0,7.2,0,0,6.9,0,0,0,0,0,0,0,0,0,3,24982,2628,李白工作室; 未来剧业,3男3女 5.5小时 进阶 2025.09发行,
三间堂斩妖讲义,三间堂斩妖讲义,8.2,7.3,8.0,0,0,0,0,0,0,0,7.7,0,0,0,0,0,0,0,0,0,4852,27434,4380,东方迷雾; 成都剧星球发行工作室,5男1女 7.5小时 进阶 2025.07发行,日式 推理 设定 其他
蒙太奇诡鉴,蒙太奇诡鉴,7.3,7.1,7.4,0,0,0,0,0,0,0,7.2,0,0,0,0,0,0,0,0,0,31873,18841,3242,灰烬工作室,3男3女 7.5小时 进阶 2025.03发行,
阙落,阙落,8.2,7.8,0,0,0,8.0,0,0,8.0,0,0,0,0,0,0,0,0,0,0,0,1.1,59050,8074,玩物立志发行工作室; 棋飞翔,百本选手说剧本:剧本《阙落》6人本 3男3女 剧本类型:城限本 情感本 游戏时间:8小时左右 👬适合人群：情感本 玩家 ❤剧情感受：混...全文,古风 情感 沉浸 历史
未曾消失的TA,未曾消失的TA,7,0,0,0,0,0,0,0,0,0,0,0,0,0,0,0,0,0,0,0,4852,0,0,宽编事务所,3男3女 5.0小时 进阶 2025.04发行,
我超能,,0,0,0,0,0,0,0,0,0,0,0,0,0,0,0,0,0,0,0,0,0,0,0,,,
归桑梓,归桑梓,8.2,7.7,0,0,0,7.8,0,0,7.8,0,0,0,0,0,0,0,0,0,0,0,15977,11887,1619,,3男3女 6.5小时 进阶 2024.12发行,民国 情感 沉浸 家国
嫌疑人X没有现身2,嫌疑人X没有现身2,8.5,7.6,7.8,7.6,0,0,0,0,0,0,0,0,0,0,0,0,0,0,0,0,4852,1739,247,K的游戏,之前体验过小卢老师的《桐花中路》和《加个V吧》，都很棒。于是这次自己买回来这个本自助（感谢我官总提供房间），不出意外的又被帅到了。 这是一个角色分配为两男一女的三人微剧本，游戏时长约3小时。剧本是标准的还原本，不涉及任...全文,
沉默少女的温柔暴动,沉默少女的温柔暴动,6.6,6.7,0,0,7.1,6.6,0,0,0,0,0,0,0,0,0,0,0,0,0,0,8861,9256,959,鑫梦人生,2男4女 4.5小时 新手 2025.03发行,现代 情感 欢乐 思辨
观山海双生,观山海·双生,7.4,7.2,0,0,0,7.6,0,0,7.5,0,0,0,0,0,0,0,0,0,0,0,1.1,45240,6958,浮生梦文创,《观山海.双生》❤️❤️❤️❤️ 📖剧本类型：古风/玄幻/情感/进阶 🙎🏻玩家配置：③男③女 ⌚️体验时长:7.5小时 👍🏻体验店铺：橋Free⭐️⭐️⭐️⭐️⭐️ ❤️DM:合欢/十...全文,古风 情感 沉浸 玄幻
华灯初上,华灯初上,7.9,7.5,0,0,0,7.7,0,0,7.5,0,0,0,0,0,0,0,0,0,0,0,1.1,7008,980,仲夏清晨; 二次曝光工作室,3男3女 5.5小时 新手 2025.01发行,中式 情感 沉浸 都市
我的冰箱会跳皮筋,我的冰箱会跳皮筋,7.9,7.4,0,0,0,7.8,0,0,0,0,0,0,0,0,0,0,0,0,0,0,4292,15964,1934,棋飞翔,🌟《我的冰箱会跳皮筋》🌟 现代｜都市｜治愈｜情感本 体验店铺:橋Free沉浸式体验馆 DM:白芷 体验时长:6.5小时 玩家配置:三男三女（不...全文,现代 情感 治愈 新手
死不容观,死不容观,7.3,7.3,0,7.2,0,0,0,7.5,0,0,0,0,0,0,0,0,0,0,0,0,5049,29091,4344,奇迹于你工作室,3男3女 6.0小时 进阶 2025.06发行,
杀意循环,杀意循环,7.7,7.0,7.9,7.5,0,0,0,0,0,0,0,0,0,0,0,0,0,0,0,0,4858,16863,2525,极限推理,【九小时脑力鏖战，规则与杀意的终极博弈——硬核狂欢还是推理流水线？】 体验角色：雷 体验时长：9h+ 类型：日式 设定 推理 还原 做题=4:5:1 系列收官 配置：3男3女...全文,
水仙2:回声,水仙2：回声,7.8,7.5,0,0,0,7.6,0,0,0,8.1,0,0,0,0,0,0,0,0,0,0,1.1,13867,2386,黎明工作室; 一闪工作室,3男3女 6.5小时 进阶 2025.09发行,
双羽馆解体妄想,双羽馆解体妄想,7.0,6.8,7.3,6.9,0,0,0,0,0,0,0,0,0,0,0,0,0,0,0,0,4858,21588,3899,进化论工作室,3男3女 7.5小时 高阶 2025.03发行,
逻辑尽头以梦为主,逻辑尽头以梦为主,7.1,6.7,7.2,0,0,0,0,0,0,0,7.0,0,0,0,0,0,0,0,0,0,4858,5890,1098,集闲社文创,3男3女 7.0小时 进阶 2025.03发行,
诸神吹灭篝火,诸神吹灭篝火,7.0,6.9,0,0,0,7.0,0,0,7.0,0,0,0,0,0,0,0,0,0,0,0,1.1,9783,1440,上四休三工作室,3男3女 5.5小时 新手 2025.01发行,架空 情感 沉浸 其他
时间演奏者的终章,时间演奏者的终章,7.9,7.6,7.4,0,0,0,0,0,0,0,7.3,0,0,0,0,0,0,0,0,0,4858,20283,2872,低空飞行; 表里山河创作,3男3女 6.5小时 进阶 2025.01发行,
安美纳斯DE死亡推想,安美纳斯DE死亡推想,8.8,7.6,8.6,0,0,0,0,0,0,0,8.4,0,0,0,0,0,0,0,0,0,4858,62687,10378,KEYS工作室; 引力弹弓,4男2女 8.0小时 进阶 2025.01发行,
坐牢の超能者杀人日常可无需主持人,,0,0,0,0,0,0,0,0,0,0,0,0,0,0,0,0,0,0,0,0,0,0,0,,,
湘西诡事录,湘西诡事录,2,0,0,0,0,0,0,0,0,0,0,0,0,0,0,0,0,0,0,0,11.3,0,0,仙人指鹿,3男2女 4.0小时 新手 2025.06发行,
今天您死循环了吗?,今天您死循环了吗？,5.1,0,0,7.0,7.0,0,0,0,7.0,0,0,0,0,0,0,0,0,0,0,0,17531,6295,797,天津剧盟发行工作室,3男3女 4.5小时 新手 2025.10发行,
老骗子俱乐部4逛窑,老骗子俱乐部4·逛窑,6.4,6.8,0,0,7.0,0,0,0,0,0,0,0,0,0,0,6.9,0,0,0,0,5.8,9915,722,飞鱼探案,3男3女 4.0小时 新手 2025.07发行,日式 阵营 欢乐 都市
牛鬼蛇神,牛鬼蛇神,8.1,7.5,0,0,7.9,0,0,7.5,0,0,0,0,0,0,0,0,0,0,0,0,1.5,20430,2055,谜瓜,3男2女 3.5小时 新手 2025.07发行,民国 还原 欢乐 新手
精生白骨,精生白骨,7.9,7.4,0,0,0,0,0,7.5,0,0,7.3,0,0,0,0,0,0,0,0,0,3,10331,1330,九有出品,3男3女 6.0小时 进阶 2025.01发行,
极乐-极樂,,0,0,0,0,0,0,0,0,0,0,0,0,0,0,0,0,0,0,0,0,0,0,0,,,
牛马崩坏时,牛马崩坏时,8.1,7.8,7.5,0,7.7,0,0,0,0,0,0,0,0,0,0,0,0,0,0,0,39471,44486,6561,,3男3女 7.0小时 进阶 2025.01发行,日式 推理 欢乐 其他
加个V呗:办公室炼情,加个V呗：办公室炼情,6.4,6.6,0,0,7.0,0,0,6.7,0,0,0,0,0,0,0,0,0,0,0,0,1.5,12015,1125,谜瓜,心智不健全的还是不要来打本了 第一次见一对情侣七夕前一天吵着架迟到一个半小时打个恐怖本 女生想坐另一个帅哥旁边 男...全文,现代 还原 欢乐 新手
怪谈:双生篇,怪谈：双生篇,6.6,6.7,0,6.5,0,0,0,7.0,0,0,0,0,0,0,0,0,0,0,0,0,5049,6424,1068,三生石工作室,3男3女 6.5小时 新手 2025.01发行,日式 还原 悬疑 新手
废墟中的侦探少女,废墟中的侦探少女,8.3,8.1,0,0,0,0,0,7.9,8.0,0,0,0,0,0,0,0,0,0,0,0,1.4,38268,6199,浮生梦文创,3男3女 7.5小时 进阶 2025.04发行,日式 还原 沉浸 魔法
大漠谣2封狼居胥,大漠谣2封狼居胥,7.5,7.3,0,0,0,7.7,0,0,7.6,0,0,0,0,0,0,0,0,0,0,0,1.1,22073,3026,海上仙山,3男4女 6.0小时 进阶 2025.05发行,架空 情感 沉浸 历史
因火成烟,因火成烟,8.6,8.2,8.1,0,0,0,0,0,0,0,8.3,0,0,0,0,0,0,0,0,0,4858,106434,18716,低空飞行,4男2女 6.5小时 进阶 2025.03发行,
未闻哥名,未闻哥名,7.9,7.6,0,0,7.9,0,7.5,0,0,0,0,0,0,0,0,0,0,0,0,0,3.8,17246,1479,DA剧本工场,剧本类型:欢乐机制 剧本人数:6️⃣（3男3女）可反串 剧本时长:4-5小时 开场就笑到肚子疼，角色都有完整故事线，每个角色都挺中二的😁适合日漫爱好者或者戏精，硬核推理玩家慎入。机智很有趣！流程简单！没...全文,日式 机制 欢乐 二次元
暗河,暗河,7.4,7.0,0,0,0,7.4,0,0,0,8.3,0,0,0,0,0,0,0,0,0,0,14783,15548,2069,,2男4女 7.0小时 新手 2024.12发行,
富山高校,富山高校,7,0,0,0,0,0,0,0,0,0,0,0,0,0,0,0,0,0,0,0,11.3,0,0,不染尘; 西安七号剧制; 剧库,2男3女 4.5小时 新手 2025.05发行,日式 还原 惊悚 新手
来解决一切的名侦探也死了,来解决一切的名侦探也死了,8.5,8.3,7.9,0,0,0,0,0,0,0,7.7,0,0,0,0,0,0,0,0,0,4868,90709,13863,禾风工作室,3男3女 7.0小时 进阶 2025.01发行,日式 推理 设定 其他
东华,东华,5.9,6.0,0,0,0,6.4,0,0,6.3,0,0,0,0,0,0,0,0,0,0,0,1.1,14581,1700,造物工作室,2男4女 6.0小时 新手 2025.02发行,古风 情感 沉浸 仙侠
谁偷了朕的外卖,谁偷了朕的外卖！,6.7,6.9,0,0,7.3,0,0,0,0,0,0,0,0,0,0,0,0,0,0,0,15503,17085,1127,未来剧业,4男3女 4.5小时 新手 2025.06发行,古风 其他 欢乐 其他
请阅读至100.1%,请阅读至100.1%,6.0,6.4,0,6.2,0,0,0,6.5,0,0,0,0,0,0,0,0,0,0,0,0,5049,4419,812,慢热TUO; 苏墨工作室,4男3女 7.0小时 进阶 2025.02发行,
青铜咒,青铜咒,5.8,6.3,6.1,6.2,0,0,0,0,0,0,0,0,0,0,0,0,0,0,0,0,4868,1374,179,仙人指鹿,3男2女 4.0小时 进阶 2025.03发行,
豪门41歧路梢,,0,0,0,0,0,0,0,0,0,0,0,0,0,0,0,0,0,0,0,0,0,0,0,,,
河堤边的怪死奇谈,河堤边的怪死奇谈,6.6,6.9,0,6.8,0,0,0,7.0,0,0,0,0,0,0,0,0,0,0,0,0,5049,19829,3093,寻初工作室,3男3女 6.5小时 进阶 2025.05发行,
愚木混珠,愚木混珠,7.6,7.3,7.3,0,0,0,0,0,0,0,7.2,0,0,0,0,0,0,0,0,0,19422,21171,2993,,3男3女 6.5小时 进阶 2025.05发行,
花束般的十年,花束般的十年,6.3,6.5,0,0,6.7,6.7,0,0,0,0,0,0,0,0,0,0,0,0,0,0,8861,15279,1383,东方剧制,3男3女 4.0小时 进阶 2025.01发行,现代 情感 欢乐 其他
天骄,天骄,7.6,7.3,0,0,0,7.7,0,0,7.6,0,0,0,0,0,0,0,0,0,0,0,1.1,12149,2883,东方剧制,3男3女 8.0小时 进阶 2025.02发行,古风 情感 沉浸 成长
剧名未定,剧名未定,6.8,6.9,0,6.6,0,0,0,7.2,0,0,0,0,0,0,0,0,0,0,0,0,5049,12563,1904,极限推理,3男3女 6.0小时 进阶 2025.01发行,
星空沉入冰海,星空沉入冰海,6.3,6.5,0,0,0,6.6,0,0,0,0,0,0,0,0,0,0,0,0,0,0,4292,3835,358,德雾昂剧制; 海上仙山; 天地之间,3男3女 4.5小时 新手 2025.05发行,架空 情感 治愈 新手
"一年级强者,竟恐怖如斯!",一年级强者，竟恐怖如斯！,6.2,6.6,0,0,7.0,0,6.6,0,0,0,0,0,0,0,0,0,0,0,0,0,3.8,14746,1248,疯狂剧制,《一年级强者，竟恐怖如斯！》⭐️⭐️⭐️ 📖剧本类型：欢乐/机制/架空/仙侠 👦🏻玩家配置：④男④女 ⏰体验时长：4.5小时 这样的本子真的适合假期，好多学生都放假...全文,架空 机制 欢乐 仙侠
柏林墙下的陌生人,柏林墙下的陌生人,8.2,8.1,7.3,0,7.9,0,0,0,0,0,0,0,0,0,0,0,0,0,0,0,4869,18334,2921,司家侦探,4男2女 7.5小时 进阶 2025.05发行,欧美 推理 欢乐 其他
密室情侣生存指南,密室情侣生存指南,7.3,6.4,7.5,0,0,0,0,0,0,0,7.5,0,0,0,0,0,0,0,0,0,4869,19943,2848,灰烬工作室,3男3女 7.5小时 进阶 2025.06发行,
奉天1928,奉天1928,6.7,6.7,0,0,0,0,0,0,6.7,0,0,0,0,0,0,6.2,0,0,0,0,1.2,37273,641,鑫梦人生,3男2女 4.0小时 新手 2020.04发行,民国 阵营 沉浸 新手
高山上的花环,高山上的花环,8.0,7.7,0,0,0,7.8,0,0,7.6,0,0,0,0,0,0,0,0,0,0,0,1.1,26684,2518,谜语剧制; 天堂屋,【6小时/杜鹃/没有边缘/体验分：8分】 ✅一句话总结：不错的抗美援朝题材盒装～ 『🌟关键词：家国本，阅读量大，真实历史人物原型，情节借鉴电影，勘误较多，破冰游戏一般，机制拉胯』 『🌟角色体验：男女角色没有明...全文,其他 情感 沉浸 战争
归途七万里,归途七万里,9.0,8.5,0,0,0,8.6,0,0,8.5,0,0,0,0,0,0,0,0,0,0,0,1.1,140203,18136,浮生梦文创,3男3女 6.5小时 新手 2024.02发行,民国 情感 沉浸 成长
超奇怪的审讯事件,,0,0,0,0,0,0,0,0,0,0,0,0,0,0,0,0,0,0,0,0,0,0,0,,,
时针岛の谋杀谜题,时针岛の谋杀谜题,8.1,7.2,7.9,7.4,0,0,0,0,0,0,0,0,0,0,0,0,0,0,0,0,4869,30708,4282,剧游方舟,3男3女 7.0小时 进阶 2024.11发行,日式 推理 悬疑 都市
忌念,忌念,8.1,7.7,7.7,0,0,0,0,0,0,0,0,0,0,0,0,0,0,0,0,0,4869,6944,239,奇闻当铺工作室,3男3女 4.5小时 进阶,日式 推理 惊悚 都市
北原2烈烈朝晖,,0,0,0,0,0,0,0,0,0,0,0,0,0,0,0,0,0,0,0,0,0,0,0,,,
观白觉喜,观白觉喜,7.4,7.3,7.2,0,0,0,0,0,0,0,7.0,0,0,0,0,0,0,0,0,0,5049,20020,1916,奇迹于你工作室,4男2女 6.0小时 高阶 2023.08发行,
残秽所在的房间,残秽所在的房间,8.3,7.7,0,0,0,0,0,0,0,0,0,0,0,0,0,0,0,0,0,0,14895,18421,2242,臭猴子工作室,3男3女 5.0小时 新手 2024.11发行,
成为反派干掉所有恋爱脑,成为反派干掉所有恋爱脑,6.4,6.6,0,0,7.0,0,6.4,0,0,0,0,0,0,0,0,0,0,0,0,0,3.8,1,496,花椒喜剧,4男5女 4.0小时 新手 2024.09发行,架空 机制 欢乐 豪门
惊人院:墙头马上,,0,0,0,0,0,0,0,0,0,0,0,0,0,0,0,0,0,0,0,0,0,0,0,,,
怜香,怜香,8.4,8.0,0,0,0,0,0,7.5,0,0,7.6,0,0,0,0,0,0,0,0,0,14021,17078,1920,北溟出品工作室; 天恩院,4男2女 5.5小时 进阶 2024.05发行,
惊人院:怪胎公馆,,0,0,0,0,0,0,0,0,0,0,0,0,0,0,0,0,0,0,0,0,0,0,0,,,
芥子:须陀界河,芥子：须陀界河,8.7,8.2,0,0,0,0,0,8.2,0,0,8.3,0,0,0,0,0,0,0,0,0,56744,26470,3025,涟漪剧本工作室,4男4女 8.0小时 高阶 2023.10发行,
湖底,湖底,7.0,7.0,0,0,0,7.1,0,0,0,7.4,0,0,0,0,0,0,0,0,0,0,1.1,5823,645,大亦文创工作室,百本选手说剧本:剧本《湖底》6人本 3男3女（不可反串）剧本类型:城限本 情感本 古风 演绎 游戏时间:8.5小时左右 👬适合人群：情感本 玩家 🚰 ...全文,古风 情感 演绎 其他
移花接木,移花接木,6.2,6.4,0,6.3,0,0,0,6.8,0,0,0,0,0,0,0,0,0,0,0,0,5049,12556,1362,猫又集; 常杀人工作室,3男3女 6.5小时 进阶 2024.06发行,
河西家万里,河西家万里,8.8,8.3,0,0,0,8.3,0,0,0,0,0,0,0,0,8.7,0,0,0,0,0,1.1,36459,4287,表里山河创作,百本选手说剧本:剧本《河西家万里》6人本 3男3女（不可反串）剧本类型:城限本 立意本 情感本 游戏时间:6.5小时左右 👬适合人群：表里山河 粉丝 立意本 ...全文,现代 情感 立意 新手
"打打打,打劫",打打打，打劫,6.4,6.1,0,0,7.0,0,6.5,0,0,0,0,0,0,0,0,0,0,0,0,0,3.8,15729,881,MT麦田剧本发行社,5男3女 4.0小时 新手 2024.03发行,架空 机制 欢乐 都市
终极本源,终极本源,8.4,8.1,0,0,0,0,0,0,0,0,0,0,0,0,7.9,0,0,0,0,0,40693,29719,4156,乱神企划工作室,3男3女 5.5小时 高阶 2024.04发行,
伟大的一生,伟大的一生,8.4,7.9,0,0,7.7,7.9,0,0,0,0,0,0,0,0,0,0,0,0,0,0,8861,25313,2237,脑力觉醒,百本选手说剧本:剧本《伟大的一生》5人本 3男2女（最好 别 反串 ）（🈶 一个角色 可以反串）剧本类型:盒装本 欢乐 情感 本 游戏时间:4.5小时~5小时 👬适合人群：新...全文,架空 情感 欢乐 成长
驼铃,驼铃,7.4,7.4,7.0,6.8,0,0,0,0,0,0,0,0,0,0,0,0,0,0,0,0,4875,11622,1433,凤凰谷工作室,5男1女 6.5小时 进阶 2024.12发行,
血染钟楼,,0,0,0,0,0,0,0,0,0,0,0,0,0,0,0,0,0,0,0,0,0,0,0,,,
看笑话,看！笑话,7.3,6.9,6.6,0,7.5,0,0,0,0,0,0,0,0,0,0,0,0,0,0,0,4875,5978,878,打火机工作室,《看！笑话》 📖剧本类型：架空/推理/欢乐/进阶 👦玩家配置：四男两女 ⌚️体验时长：6个小时 一部非常的特别的推理本，并不是那种一味...全文,架空 推理 欢乐 其他
红花,红花,8.4,8.0,0,0,0,8.0,0,0,8.0,0,0,0,0,0,0,0,0,0,0,0,1.1,12170,1353,万川一澜,3男3女 6.0小时 新手 2024.07发行,现代 情感 沉浸 其他
小泉先生的点灯会,小泉先生的点灯会,6.5,7.6,6.3,0,0,0,0,0,0,0,6.1,0,0,0,0,0,0,0,0,0,4875,32897,3697,灰烬工作室,3男3女 6.5小时 进阶 2024.04发行,日式 推理 设定 其他
苏格先生的奇妙晚宴,苏格先生的奇妙晚宴,7.7,7.4,6.6,0,0,0,0,0,0,0,0,0,0,0,0,0,0,0,0,0,4875,10691,767,三川文创,3男3女 5.0小时 新手 2022.03发行,架空 推理 惊悚 新手
西湖诗人,西湖诗人,7.8,7.7,0,0,0,0,0,7.4,0,0,0,0,0,0,7.6,0,0,0,0,0,2984,12842,1607,就是玩工作室,4男2女 6.0小时 进阶 2024.01发行,
代马依风,代马依风,10,0,0,0,0,0,0,0,0,0,0,0,0,0,0,0,0,0,0,0,1.1,0,0,二次曝光工作室; 神域文化,3男3女 6.0小时 新手 2024.07发行,古风 情感 沉浸 家国
弃疾,弃疾,7.2,7.1,0,0,0,7.4,0,0,7.3,0,0,0,0,0,0,0,0,0,0,0,1.1,17021,1631,道友留步,3男3女 5.5小时 进阶 2023.09发行,古风 情感 沉浸 武侠
非酋嬛游记,非酋嬛游记,8,0,0,0,0,0,0,0,0,0,0,0,0,0,0,0,0,0,0,0,3.8,0,0,时间裂缝,第229本 时长：2.5小时 配置：2男5女 纯《甄嬛传》IP彩蛋本，除了剧粉外不推荐任何人上车，纯坐牢。如果没看过《甄嬛传》的玩家极大概率本都读不明白，文本全是各种梗的集合。再加...全文,古风 机制 欢乐 宫廷
巧夺天工默剧师,,0,0,0,0,0,0,0,0,0,0,0,0,0,0,0,0,0,0,0,0,0,0,0,,,
五净明王寺疑案,五净明王寺疑案,7.6,7.5,6.9,7.1,0,0,0,0,0,0,0,0,0,0,0,0,0,0,0,0,4875,22241,2824,慢热TUO,3男3女 6.5小时 进阶 2024.10发行,日式 推理 悬疑 其他
大和抚子的推理日常,大和抚子的推理日常,7.5,7.3,0,0,7.5,0,0,7.4,0,0,0,0,0,0,0,0,0,0,0,0,1.5,33298,3307,进化论工作室,0男6女 7.0小时 进阶 2024.01发行,日式 还原 欢乐 都市
悠悠寸草心,悠悠寸草心,8.3,7.8,0,0,0,8.1,0,0,8.0,0,0,0,0,0,0,0,0,0,0,0,1.1,16894,1702,棋飞翔,3男3女 5.0小时 新手 2024.01发行,现代 情感 沉浸 乡土
南风渡,南风渡,7.3,7.1,0,0,0,7.4,0,0,7.3,0,0,0,0,0,0,0,0,0,0,0,1.1,3795,393,时间裂缝,百本选手说剧本:剧本《南风渡》6人本 3男3女（不可反串）剧本类型:城限本 情感本 游戏时间:6.5小时左右 👬适合人群：家国脑 无脑冲 情感本 玩家 水龙头🚰...全文,民国 情感 沉浸 历史
舔狗4h现代机制欢乐动物,,0,0,0,0,0,0,0,0,0,0,0,0,0,0,0,0,0,0,0,0,0,0,0,,,
似蔷薇凋零之夜,似蔷薇凋零之夜,7.5,7.3,0,6.8,0,0,0,7.5,0,0,0,0,0,0,0,0,0,0,0,0,5049,24247,3116,Mr.闹剧工作室; Mr.一番工作室,4男2女 7.0小时 进阶 2024.05发行,
梵尼西亚-无水印,,0,0,0,0,0,0,0,0,0,0,0,0,0,0,0,0,0,0,0,0,0,0,0,,,
不眠之夜的诊断书,,0,0,0,0,0,0,0,0,0,0,0,0,0,0,0,0,0,0,0,0,0,0,0,,,
黎明小镇的怪奇日志,黎明小镇的怪奇日志,7.9,7.5,7.1,0,7.7,0,0,0,0,0,0,0,0,0,0,0,0,0,0,0,4877,18110,2044,司家侦探; 魔术师工作室,百本选手说剧本:剧本《黎明小镇的怪奇日志》6人本 4男2女 剧本类型:城限本 还原本 游戏时间:5小时 👬适合人群：新手玩家 ❤剧情感受：...全文,欧美 推理 欢乐 怪谈
空想之笼2此世终焉,,0,0,0,0,0,0,0,0,0,0,0,0,0,0,0,0,0,0,0,0,0,0,0,,,
杨门烽火斜阳,,0,0,0,0,0,0,0,0,0,0,0,0,0,0,0,0,0,0,0,0,0,0,0,,,
化蝶,化蝶,6.6,6.5,0,0,0,6.8,0,0,0,7.2,0,0,0,0,0,0,0,0,0,0,1.1,4548,431,乐活,3男3女 5.0小时 进阶 2024.09发行,古风 情感 演绎 武侠
满月,满月,7.5,7.1,6.9,0,0,0,0,0,0,0,0,0,0,0,7.3,0,0,0,0,0,1.4,5356,139,永发文创,3男3女 4.5小时 进阶 2021.06发行,
钟鸣岛的幽灵,钟鸣岛的幽灵,7.7,7.2,7.2,0,0,0,0,0,0,0,0,0,0,0,7.5,0,0,0,0,0,1.4,8323,886,表里山河创作,3男3女 6.5小时 进阶 2024.06发行,
以完美密室之名,以完美密室之名,7.6,7.1,7.1,0,7.1,0,0,0,0,0,0,0,0,0,0,0,0,0,0,0,4877,8538,763,极限推理,4男2女 5.5小时 进阶 2023.04发行,日式 推理 欢乐 都市
生人勿近隐门寨,生人勿近隐门寨,7.0,6.9,0,0,0,6.7,0,0,0,6.8,0,0,0,0,0,0,0,0,0,0,1.1,8055,192,DA剧本工场; 雪人剧制,3男2女 4.5小时 进阶 2021.04发行,古风 情感 演绎 神话
云中乱,云中乱,7.3,7.1,0,6.7,0,0,0,7.2,0,0,0,0,0,0,0,0,0,0,0,0,5049,8144,912,久闻,4男2女 6.0小时 进阶 2024.03发行,
花与爱莉丝无水印,,0,0,0,0,0,0,0,0,0,0,0,0,0,0,0,0,0,0,0,0,0,0,0,,,
男人女人,男人女人,8.7,7.9,0,0,0,8.1,0,0,8.2,0,0,0,0,0,0,0,0,0,0,0,1.1,10678,1071,喵嘎工作室,3男3女 4.5小时 新手 2023.04发行,中式 情感 沉浸 都市
饭后惊奇故事·翠花,饭后惊奇故事·翠花,5.9,6.5,6.1,0,0,0,0,0,0,0,6.2,0,0,0,0,0,0,0,0,0,4882,7771,494,三千剧制,打了不到4个小时。 我只能说是非常糟糕的一次体验。首先是剧本，太烂了，真的太烂了，从一塌糊涂的故事再到🐶💩一样的推理，配上毫无作用的小机制和最后无语的立意和情感，简直一无是处 。然后是玩家，我们这一车4女2男，女生还好，另外两位男士，除了毫无意...全文,
诡言胡说,诡言胡说,8.0,7.4,0,7.2,0,0,0,7.5,0,0,0,0,0,0,0,0,0,0,0,0,5049,19365,2110,南昌罗生门推理室,【5小时/灰衣男子/没有明显边缘/体验分：7.5分】 ✅一句话总结：不怎么用动脑的欢乐吃瓜下班本！ 『🌟关键词：时长友好，推理逻辑较软，还原吃瓜为主，一点点黄』 『🌟角色体验：男女角色没有明...全文,
绝笔,绝笔,8.1,7.0,0,0,0,0,7.7,0,0,0,7.6,0,0,0,0,0,0,0,0,0,3160,29179,2242,小火柴工作室,百本选手说剧本:剧本《绝笔》6人本 4男2女（🉑以反串）剧本类型:盒装本 机制本 游戏时间:6小时左右 👬适合人群：新手 玩家 中二病 玩家 机制本 玩家 ❤剧情感受：我喜欢 我这个 角色 的 故事 和...全文,中式 机制 博弈 新手
炒股,炒股,6.3,6.3,0,0,6.6,0,6.4,0,0,0,0,0,0,0,0,0,0,0,0,0,3.8,14151,518,空然新语,4男4女 4.0小时 新手 2024.06发行,港澳 机制 欢乐 豪门
天葵之春,天葵之春,7.3,7.3,7.0,0,0,0,0,0,0,0,7.0,0,0,0,0,0,0,0,0,0,4882,7701,576,奇闻当铺工作室,4男2女 5.5小时 高阶 2023.04发行,日式 推理 演绎法 都市
同归于尽,,0,0,0,0,0,0,0,0,0,0,0,0,0,0,0,0,0,0,0,0,0,0,0,,,
rose《R.O.S.E6人情感本》,,0,0,0,0,0,0,0,0,0,0,0,0,0,0,0,0,0,0,0,0,0,0,0,,,
逃出迷雾镇5.5h,,0,0,0,0,0,0,0,0,0,0,0,0,0,0,0,0,0,0,0,0,0,0,0,,,
芥子:弥望之川,芥子：弥望之川,8.8,8.1,0,0,0,0,0,8.3,0,0,8.5,0,0,0,0,0,0,0,0,0,65748,45492,5440,涟漪剧本工作室,4男4女 8.0小时 高阶 2023.09发行,
惊华,惊华,8.7,8.8,8.0,7.8,0,0,0,0,0,0,0,0,0,0,0,0,0,0,0,0,4889,33312,3095,天津剧盟发行工作室,【天子守国门，君王死社稷】 体验时长：11.5小时 体验角色：月白长衫男子 类型：历史向 大还原 推理 配置：5男1女，紫色襦裙女子不可以反串 定位：4年前的老本，想考古的玩家...全文,
不可往生,不可往生,6.8,6.7,6.7,0,0,0,0,0,0,0,6.8,0,0,0,0,0,0,0,0,0,4889,9036,1050,低空飞行,3男3女 6.5小时 进阶 2024.06发行,
嫌疑人X没有现身,嫌疑人X没有现身2,8.5,7.6,7.8,7.6,0,0,0,0,0,0,0,0,0,0,0,0,0,0,0,0,4889,1739,247,K的游戏,之前体验过小卢老师的《桐花中路》和《加个V吧》，都很棒。于是这次自己买回来这个本自助（感谢我官总提供房间），不出意外的又被帅到了。 这是一个角色分配为两男一女的三人微剧本，游戏时长约3小时。剧本是标准的还原本，不涉及任...全文,
在尼莫点建一座灯塔,在尼莫点建一座灯塔,8.0,7.6,0,0,0,7.6,0,0,7.6,0,0,0,0,0,0,0,0,0,0,0,1.1,8872,1134,月升剧制,百本选手说剧本:剧本《在尼莫点建一座灯塔》6人本 2男4女 剧本类型:城限本 情感本 思辨 游戏时间:7.5小时 👬适合人群：所有的 情感本 玩家 （推荐 整车 熟...全文,架空 情感 沉浸 思辨
乐子人与做题家,乐子人与做题家·Z系列,6.9,6.8,0,0,7.3,0,0,7.0,0,0,0,0,0,0,0,0,0,0,0,0,99,7962,1297,剧游方舟,4男2女 6.5小时 进阶 2025.11发行,
魇月斋谋杀幻境,魇月斋谋杀幻境,7.5,6.9,7.9,0,0,0,0,0,0,0,7.2,0,0,0,0,0,0,0,0,0,4894,13510,2265,禾风工作室,3男3女 8.0小时 高阶 2025.11发行,日式 推理 设定 其他
患者们的临终游戏,,0,0,0,0,0,0,0,0,0,0,0,0,0,0,0,0,0,0,0,0,0,0,0,,,
"头等玩家,围桌谋杀",头等玩家，围桌谋杀,7.2,6.9,0,0,7.4,0,0,6.9,0,0,0,0,0,0,0,0,0,0,0,0,1.5,3893,411,谜瓜,2男2女 4.0小时 新手 2025.11发行,架空 还原 欢乐 新手
非正常人类症候群,非正常人类症候群,7.8,7.6,0,0,0,0,0,0,0,0,0,0,0,0,0,0,0,0,0,0,10001,7817,1280,极道剧制,3男3女 5.5小时 进阶 2025.11发行,
烬火,烬火,6.9,6.7,0,0,0,7.1,0,0,0,7.6,0,0,0,0,0,0,0,0,0,0,1.1,7248,977,图书馆工作室,3男3女 6.5小时 新手 2025.11发行,架空 情感 演绎 新手
流量主播的疯癫对决,,0,0,0,0,0,0,0,0,0,0,0,0,0,0,0,0,0,0,0,0,0,0,0,,,
东京怪谈·福岛原爱海洋馆,东京怪谈：福岛原爱海洋馆,7.3,7.4,0,0,0,0,0,7.3,0,0,0,0,0,0,0,0,0,0,0,0,11.3,4703,464,剧作时代,3男3女 6.0小时 进阶 2025.11发行,
于青山下长眠,于青山下长眠,9,0,0,0,0,0,0,0,0,0,0,0,0,0,0,0,0,0,0,0,1.1,0,0,灵光一闪工作室,3男3女 6.5小时 进阶 2025.10发行,
不负如来不负卿,不负如来不负卿,8,0,0,0,0,0,0,0,0,0,0,0,0,0,0,0,0,0,0,0,1.1,0,0,As谋杀之谜,3男3女 4.5小时 新手 2023.10发行,
U,《U》,2,0,0,0,0,0,0,0,0,0,0,0,0,0,0,0,0,0,0,0,1.4,0,0,,4男2女 4.0小时 进阶 2021.10发行,
崇山乐园2小丑回魂,崇山乐园2小丑回魂,7.3,7.2,0,0,0,0,0,0,0,0,0,0,0,0,0,0,0,0,0,0,20391,17260,1793,剧作时代,3男4女 4.5小时 新手 2025.01发行,日式 其他 惊悚 新手
华夏奇案录龙树菩提,华夏奇案录：龙树菩提,7.1,7.1,0,7.0,0,0,0,7.1,0,0,0,0,0,0,0,0,0,0,0,0,5049,1956,296,星宫夜谈,6男1女 6.0小时 进阶 2025.02发行,
望辰,望辰,7.6,7.5,0,0,0,7.5,0,0,7.3,0,0,0,0,0,0,0,0,0,0,0,1.1,5315,704,百川道合工作室,3男3女 6.0小时 进阶 2025.03发行,古风 情感 沉浸 武侠
还命,还命,7,0,0,0,0,0,0,0,0,0,0,0,0,0,0,0,0,0,0,0,1.1,0,0,本喜工作室,3男3女 6.5小时 进阶 2025.11发行,架空 情感 沉浸 其他
迦楼罗的往生谣,迦楼罗的往生谣,7.0,7.1,7.4,0,0,0,0,0,0,0,7.0,0,0,0,0,0,0,0,0,0,4894,2587,437,进化论工作室; 米可剧制,3男3女 10.0小时 进阶 2025.11发行,
撒谎·虚梦剧艺团,,0,0,0,0,0,0,0,0,0,0,0,0,0,0,0,0,0,0,0,0,0,0,0,,,
来时路,来时路,4,0,0,0,0,0,0,0,0,0,0,0,0,0,0,0,0,0,0,0,1.1,0,0,保持联络工作室,3男3女 6.0小时 进阶 2025.03发行,现代 情感 沉浸 都市
因火成烟2因困成囚,,0,0,0,0,0,0,0,0,0,0,0,0,0,0,0,0,0,0,0,0,0,0,0,,,
愚人对白,愚人对白,7.6,7.5,0,0,0,7.7,0,0,0,8.1,0,0,0,0,0,0,0,0,0,0,1.1,14426,2086,臭猴子工作室,3男3女 6.5小时 进阶 2025.11发行,
斑马还没睡,斑马还没睡,8.3,8.0,0,0,0,8.1,0,0,7.9,0,0,0,0,0,0,0,0,0,0,0,1.1,7125,1227,预谋剧制; 百玄文创工作室,3男3女 7.5小时 进阶 2025.10发行,现代 情感 沉浸 其他
双人本-双生探案2之惊悚直播间,,0,0,0,0,0,0,0,0,0,0,0,0,0,0,0,0,0,0,0,0,0,0,0,,,
双人本-收藏馆怪谈夜,,0,0,0,0,0,0,0,0,0,0,0,0,0,0,0,0,0,0,0,0,0,0,0,,,
双人本-彩虹酒吧,,0,0,0,0,0,0,0,0,0,0,0,0,0,0,0,0,0,0,0,0,0,0,0,,,
双人本-消失的兔尾巴,,0,0,0,0,0,0,0,0,0,0,0,0,0,0,0,0,0,0,0,0,0,0,0,,,
双人本-归途,,0,0,0,0,0,0,0,0,0,0,0,0,0,0,0,0,0,0,0,0,0,0,0,,,
双人本-不能说的秘密,,0,0,0,0,0,0,0,0,0,0,0,0,0,0,0,0,0,0,0,0,0,0,0,,,
双人本-双生探案,,0,0,0,0,0,0,0,0,0,0,0,0,0,0,0,0,0,0,0,0,0,0,0,,,
刑侦现场雪夜追凶,,0,0,0,0,0,0,0,0,0,0,0,0,0,0,0,0,0,0,0,0,0,0,0,,,
双人本-无限逃亡噩梦,,0,0,0,0,0,0,0,0,0,0,0,0,0,0,0,0,0,0,0,0,0,0,0,,,
双人本-宇宙奇点,,0,0,0,0,0,0,0,0,0,0,0,0,0,0,0,0,0,0,0,0,0,0,0,,,
双人本-大明星最后的演出,,0,0,0,0,0,0,0,0,0,0,0,0,0,0,0,0,0,0,0,0,0,0,0,,,
双人本-记忆碎片,,0,0,0,0,0,0,0,0,0,0,0,0,0,0,0,0,0,0,0,0,0,0,0,,,
双人本-无间追凶,,0,0,0,0,0,0,0,0,0,0,0,0,0,0,0,0,0,0,0,0,0,0,0,,,
双人本-陶宅夜话,,0,0,0,0,0,0,0,0,0,0,0,0,0,0,0,0,0,0,0,0,0,0,0,,,
双人本-我亲爱的侦探小姐,,0,0,0,0,0,0,0,0,0,0,0,0,0,0,0,0,0,0,0,0,0,0,0,,,
"樱,再会霜汐子",樱，再会霜汐子,8.3,8.1,0,0,0,0,0,7.9,0,0,0,0,0,0,0,0,0,0,0,0,36,35584,5758,浮生梦文创,3男3女 7.5小时 进阶 2025.07发行,
白鲸溺水而亡,,0,0,0,0,0,0,0,0,0,0,0,0,0,0,0,0,0,0,0,0,0,0,0,,,
三观失控,三观失控,6.1,6.7,0,0,0,0,0,0,0,7.0,0,0,0,0,0,0,0,0,0,0,1788,4260,459,鑫梦人生,3男3女 5.0小时 新手 2025.11发行,
彗星掠过鸢屋时,,0,0,0,0,0,0,0,0,0,0,0,0,0,0,0,0,0,0,0,0,0,0,0,,,
439,,0,0,0,0,0,0,0,0,0,0,0,0,0,0,0,0,0,0,0,0,0,0,0,,,
患者们の临终游戏,患者们の临终游戏,7.5,6.8,7.3,0,0,0,0,0,0,0,7.3,0,0,0,0,0,0,0,0,0,4936,1,1418,KEYS工作室; 司家侦探,3男3女 6.0小时 进阶 2025.10发行,日式 推理 设定 怪谈
单人本-爱呀河谜案录,,0,0,0,0,0,0,0,0,0,0,0,0,0,0,0,0,0,0,0,0,0,0,0,,,
单人本-仁馨精神病院,,0,0,0,0,0,0,0,0,0,0,0,0,0,0,0,0,0,0,0,0,0,0,0,,,
单人本-与恶为邻的她,,0,0,0,0,0,0,0,0,0,0,0,0,0,0,0,0,0,0,0,0,0,0,0,,,
单人本-恋物癖,,0,0,0,0,0,0,0,0,0,0,0,0,0,0,0,0,0,0,0,0,0,0,0,,,
单人本-诡寓实录2-谭山高校怪谈,,0,0,0,0,0,0,0,0,0,0,0,0,0,0,0,0,0,0,0,0,0,0,0,,,
单人本-消失的第五人,,0,0,0,0,0,0,0,0,0,0,0,0,0,0,0,0,0,0,0,0,0,0,0,,,
单人本-雪松郡公立医院,,0,0,0,0,0,0,0,0,0,0,0,0,0,0,0,0,0,0,0,0,0,0,0,,,
单人本-诡寓实录3-慈爱新生医院,,0,0,0,0,0,0,0,0,0,0,0,0,0,0,0,0,0,0,0,0,0,0,0,,,
单人本-诡寓实录1-罗士茜公寓,,0,0,0,0,0,0,0,0,0,0,0,0,0,0,0,0,0,0,0,0,0,0,0,,,
单人本-1988致命记录,,0,0,0,0,0,0,0,0,0,0,0,0,0,0,0,0,0,0,0,0,0,0,0,,,
单人本-火车惊魂,,0,0,0,0,0,0,0,0,0,0,0,0,0,0,0,0,0,0,0,0,0,0,0,,,
单人本-59分钟推理守则,,0,0,0,0,0,0,0,0,0,0,0,0,0,0,0,0,0,0,0,0,0,0,0,,,
三人本-群星落幕时,,0,0,0,0,0,0,0,0,0,0,0,0,0,0,0,0,0,0,0,0,0,0,0,,,
三人本-躲猫猫,,0,0,0,0,0,0,0,0,0,0,0,0,0,0,0,0,0,0,0,0,0,0,0,,,
三人本-石头剪刀布,,0,0,0,0,0,0,0,0,0,0,0,0,0,0,0,0,0,0,0,0,0,0,0,,,
三人本-不要回答,,0,0,0,0,0,0,0,0,0,0,0,0,0,0,0,0,0,0,0,0,0,0,0,,,
三人本-黑色星期五,,0,0,0,0,0,0,0,0,0,0,0,0,0,0,0,0,0,0,0,0,0,0,0,,,
三人本-鬼宅沉冤,,0,0,0,0,0,0,0,0,0,0,0,0,0,0,0,0,0,0,0,0,0,0,0,,,
三人本-梨神,,0,0,0,0,0,0,0,0,0,0,0,0,0,0,0,0,0,0,0,0,0,0,0,,,
本宫要上位,本宫要上位,7.2,7.3,0,0,7.5,0,0,0,0,0,0,0,0,0,0,7.2,0,0,0,0,5.8,1.3,914,花椒喜剧,百本选手说剧本:剧本《本宫要上位》8人本 2男6女 剧本类型:盒装本 欢乐本 游戏时间:3小时 👬适合人群：🈚️ ❤剧情感...全文,古风 阵营 欢乐 宫廷
45贰蕴神,,0,0,0,0,0,0,0,0,0,0,0,0,0,0,0,0,0,0,0,0,0,0,0,,,
赌王之王,赌王之王,6.9,6.7,0,0,7.2,0,7.1,0,0,0,0,0,0,0,0,0,0,0,0,0,3.8,10050,550,MT麦田剧本发行社,4男3女 4.0小时 新手 2025.05发行,现代 机制 欢乐 都市
多蟲天,多蟲天,8.9,8.5,0,0,0,0,0,0,0,0,0,0,0,0,0,0,0,0,0,0,32529,10099,1569,稻草人工作室,5男2女 6.5小时 进阶 2025.03发行,
二手名著,二手名著,7,0,0,0,0,0,0,0,0,0,0,0,0,0,0,0,0,0,0,0,4943,0,0,KEYS工作室,3男3女 6.5小时 新手 2025.06发行,
鬼话连篇,鬼话连篇,0,0,0,0,0,0,0,0,0,0,0,0,0,0,0,0,0,0,0,0,0,0,0,寻初工作室,2男4女 4.5小时 进阶 2025.06发行,
海德尔战记圣战之烬,海德尔战记-圣战之烬,7.6,7.1,0,0,0,0,7.5,0,0,0,7.5,0,0,0,0,0,0,0,0,0,6091,5660,874,迷途羔羊,百本选手说剧本:剧本《海德尔战记－圣战之烬》6人本 4男2女 剧本类型:城限本 机制本 游戏时间:12小时？？？（测车） 👬适合人群：海德尔 系列 粉丝 喜欢 上一部的 机制...全文,
迦罗楼的往生谣,,0,0,0,0,0,0,0,0,0,0,0,0,0,0,0,0,0,0,0,0,0,0,0,,,
叫爸爸3笑里藏刀,叫爸爸3：笑里藏刀,6.9,7.1,0,0,7.2,0,0,0,0,0,0,0,0,0,0,0,0,0,0,0,11620,6566,568,雍九出品,3男3女 3.5小时 新手 2025.07发行,现代 其他 欢乐 新手
来自告死鸟的嘲弄,来自告死鸟的嘲弄,6.7,6.6,7.2,0,0,0,0,0,0,0,6.9,0,0,0,0,0,0,0,0,0,4943,4486,1010,低空飞行,3男3女 7.5小时 进阶 2025.11发行,日式 推理 设定 其他
碌碌无为的我与等待千年的神,,0,0,0,0,0,0,0,0,0,0,0,0,0,0,0,0,0,0,0,0,0,0,0,,,
猫猫大作战,猫猫大作战,6.1,6.6,6.6,0,0,0,0,0,0,0,6.5,0,0,0,0,0,0,0,0,0,4943,3950,827,低空飞行,3男3女 7.0小时 进阶 2025.07发行,
青灯酒肆的百妖夜,青灯酒肆的百妖夜,5.7,6.7,6.2,0,0,0,0,0,0,0,5.9,0,0,0,0,0,0,0,0,0,23473,9508,1284,灰烬工作室,3男3女 8.0小时 进阶 2025.07发行,类型：硬核 设定 推理 还原 沉浸 时长：12h 难度：高阶 这本延续了前作《罗拉西里的巫女》和《安妮弗斯奇遇记》的以“核诡+沉浸”为主的风格，又进行了很多创新，从结果来看，很多创新是失败的，但是...全文
日月藏君,日月藏君,7.4,7.3,0,7.2,0,0,0,7.3,0,0,0,0,0,0,0,0,0,0,0,0,5049,1741,309,凤凰谷工作室,3男3女 6.5小时 进阶 2025.09发行,
上学威龙,上学威龙,10,0,0,0,0,0,0,0,0,0,0,0,0,0,0,0,0,0,0,0,0,0,0,万穗文创; 剧库,5男3女 4.0小时 新手 2025.07发行,
撕裂2愚者千的无冕之作,,0,0,0,0,0,0,0,0,0,0,0,0,0,0,0,0,0,0,0,0,0,0,0,,,
无名,【无名】,1,0,0,0,0,0,0,0,0,0,0,0,0,0,0,0,0,0,0,0,7607,0,0,两级反转发行工作室,✨【无名】城限 👤左剑刚 ⏰游戏时长：4小时 5男1女 可反串 家国｜机制...全文,中式 机制 沉浸 家国
星与囚破茧之时,星与囚破茧之时,7.3,7.3,0,0,0,0,0,7.2,0,0,7.2,0,0,0,0,0,0,0,0,0,3,3285,436,进化论工作室; 天地之间,5男1女 7.5小时 进阶 2025.08发行,
凶手的小酒酒,凶手的小酒酒,7.2,7.1,7.0,0,7.2,0,0,0,0,0,0,0,0,0,0,0,0,0,0,0,4944,3976,275,疯狂剧制,3男3女 4.5小时 新手 2025.09发行,架空 推理 欢乐 都市
烟影长安2雾暗云深,,0,0,0,0,0,0,0,0,0,0,0,0,0,0,0,0,0,0,0,0,0,0,0,,,
阳光普照,阳光普照,7.5,7.4,7.1,0,0,0,0,0,0,0,7.0,0,0,0,0,0,0,0,0,0,4944,6960,989,KEYS工作室,3男3女 6.0小时 进阶 2025.08发行,
妖怪图鉴·香港篇,妖怪图鉴：香港篇,8.6,7.7,0,0,8.0,0,8.4,0,0,0,0,0,0,0,0,0,0,0,0,0,3.8,15295,2168,BLUEBLUE,百本选手说剧本:剧本《妖怪图鉴:香港篇》6人本 4男2女 剧本类型:城限本 机制本 游戏时间:???（测车⌚️12小时） 👬适合人群：喜欢 妖怪图鉴1 的 玩家 （最后的 大机制 相似度1...全文,现代 机制 欢乐 都市
糟糕一不小心成了鬼,糟糕，一不小心成了鬼,8.4,7.9,7.3,0,0,0,0,0,8.0,0,0,0,0,0,0,0,0,0,0,0,2.8,9381,991,天津剧盟发行工作室,3男3女 5.0小时 新手 2025.12发行,现代 推理 沉浸 其他
猪窝,猪窝,6,0,0,0,0,0,0,0,0,0,0,0,0,0,0,0,0,0,0,0,471,0,0,不染尘,3男3女 4.5小时 进阶 2025.07发行,
尘世奇闻录通幽,,0,0,0,0,0,0,0,0,0,0,0,0,0,0,0,0,0,0,0,0,0,0,0,,,
豪门44蛇聘,,0,0,0,0,0,0,0,0,0,0,0,0,0,0,0,0,0,0,0,0,0,0,0,,,
"霸总乖乖,把门开开",霸总乖乖，把门开开,7.1,7.1,0,0,7.5,0,7.2,0,0,0,0,0,0,0,0,0,0,0,0,0,3.8,9353,612,未来剧业,3男3女 4.0小时 新手 2025.12发行,现代 机制 欢乐 其他
尘世奇案录2追魂,,0,0,0,0,0,0,0,0,0,0,0,0,0,0,0,0,0,0,0,0,0,0,0,,,
祠碑,祠碑,7.7,7.5,0,7.1,0,0,0,7.6,0,0,0,0,0,0,0,0,0,0,0,0,5049,10103,1645,猫又集; 玄念文创,3男3女 7.0小时 进阶 2025.12发行,
大宴之上,大宴之上,7.5,7.2,0,0,0,7.5,0,0,0,8.0,0,0,0,0,0,0,0,0,0,0,1.1,29816,4729,东方剧制,2男4女 8.0小时 进阶 2025.12发行,古风 情感 演绎 宫廷
怪谈事务所囚徒,怪谈事务所：囚徒,8.1,7.4,0,0,0,0,7.8,0,0,0,7.6,0,0,0,0,0,0,0,0,0,3160,15479,2064,百川望辰工作室,百本选手说剧本:剧本《怪谈事务所:囚徒》6人本 3男3女 剧本类型:城限本 机制本 游戏时间:14小时 👬适合人群：🈚️ ❤剧情感...全文,日式 机制 博弈 怪谈
怪谈事务所修罗,怪谈事务所：修罗,7.4,6.9,0,0,0,0,7.3,0,0,0,7.3,0,0,0,0,0,0,0,0,0,10146,10390,1587,百川望辰工作室,4男2女 8.0小时 高阶 2025.06发行,
怪谈事务所血宴,怪谈事务所：血宴,8.7,7.9,0,0,0,0,8.4,0,0,0,8.4,0,0,0,0,0,0,0,0,0,3160,48115,4890,百川望辰工作室,3男3女 10.0小时 进阶 2023.04发行,日式 机制 博弈 怪谈
鬼知道我经历了什么,鬼知道我经历了什么,7.4,7.4,0,0,7.5,0,7.2,0,0,0,0,0,0,0,0,0,0,0,0,0,3.8,5608,727,舟楫戏剧工作室,3男3女 5.0小时 新手 2025.12发行,架空 机制 欢乐 其他
十三间死亡失格,十三间死亡失格,7.9,7.2,7.9,7.4,0,0,0,0,0,0,0,0,0,0,0,0,0,0,0,0,4954,7597,1189,赤犬推理工作室,3男3女 7.0小时 进阶 2026.01发行,
天启诡案,天启诡案,8.0,6.7,8.4,0,0,0,0,0,0,0,7.6,0,0,0,0,0,0,0,0,0,4954,32887,6126,空想馆; 杰作家推理工作室,3男3女 10.0小时 高阶 2025.12发行,中式 推理 设定 武侠
乌江叹,乌江叹,6.5,6.6,0,0,0,6.8,0,0,0,7.3,0,0,0,0,0,0,0,0,0,0,1.1,4271,560,长月文创; 莫名工作室,3男3女 7.0小时 进阶 2025.12发行,古风 情感 演绎 权谋
大航海2七海之主,大航海2：七海之主,7.8,7.5,0,0,0,0,7.4,0,0,0,7.4,0,0,0,0,0,0,0,0,0,4487,6062,995,百川望辰工作室,3男3女 8.0小时 进阶 2025.03发行,
妖怪图鉴东京篇,妖怪图鉴：东京篇,8.7,7.3,0,0,0,0,8.3,0,0,0,8.3,0,0,0,0,0,0,0,0,0,16051,19968,2689,BLUEBLUE,4男2女 7.0小时 进阶 2024.08发行,
开封诡事录,开封诡事录,8,0,0,0,0,0,0,0,0,0,0,0,0,0,0,0,0,0,0,0,0,0,0,开封府剧本工作室,4男2女 5.5小时 进阶 2025.04发行,
群英之战复世,群英之战·复世,6.5,6.4,0,0,0,0,6.8,0,0,0,6.8,0,0,0,0,0,0,0,0,0,3160,2390,415,轻轻文创,4男2女 6.5小时 进阶 2025.03发行,古风 机制 博弈 战争
薛定谔的魔王,薛定谔的魔王,8.2,7.7,0,0,0,0,8.0,0,0,0,8.0,0,0,0,0,0,0,0,0,0,7403,10719,1794,可疑的宣发工作室,百本选手说剧本:剧本《薛定谔的魔王》6人本 4男2女 剧本类型:城限本 机制本 游戏时间:8小时左右 👬适合人群：🉑疑 粉丝 机制本 进阶玩家 （剧本 ...全文,
呜呜,呜呜,8.2,7.7,0,0,8.5,7.7,0,0,0,0,0,0,0,0,0,0,0,0,0,0,25646,18552,2940,,3男3女 6.5小时 新手 2025.03发行,中式 情感 欢乐 其他
我滴家在东北,我滴家在东北！,7.2,7.1,0,0,7.7,0,7.2,0,0,0,0,0,0,0,0,0,0,0,0,0,3.8,33638,3557,疯狂剧制,4男4女 4.0小时 新手 2025.12发行,现代 机制 欢乐 乡土
梧桐酒馆,梧桐酒馆,8,0,0,0,0,0,0,0,0,0,0,0,0,0,0,0,0,0,0,0,1.1,0,0,清醒梦剧制,3男3女 4.5小时 进阶 2025.12发行,
46,,0,0,0,0,0,0,0,0,0,0,0,0,0,0,0,0,0,0,0,0,0,0,0,,,
白兔和他的尸体,,0,0,0,0,0,0,0,0,0,0,0,0,0,0,0,0,0,0,0,0,0,0,0,,,
昆仑仙踪,昆仑仙踪,7.7,6.9,0,0,0,0,7.5,0,0,0,7.5,0,0,0,0,0,0,0,0,0,6163,8837,1270,,5男3女 8.0小时 进阶 2025.04发行,古风 机制 跑团 玄幻
奈亚拉的迷宫,奈亚拉的迷宫,7.0,6.8,7.3,0,0,0,0,0,0,0,7.1,0,0,0,0,0,0,0,0,0,4964,6429,948,永恒文艺创作工作室,4男2女 8.0小时 进阶 2025.05发行,
皮,,0,0,0,0,0,0,0,0,0,0,0,0,0,0,0,0,0,0,0,0,0,0,0,,,
人生海,人生海,7.0,6.9,0,0,0,7.2,0,0,7.1,0,0,0,0,0,0,0,0,0,0,0,1.1,12134,1677,大叔文创,⭐️⭐️⭐️⭐️《人生海》 📖剧本类型：现代/情感/立意/蝴蝶效应式多结局 👦🏻玩家配置：③男③女（不要反串） ⌚️体验时长：7.5小时 ❤️体验角色：...全文,现代 情感 沉浸 历史
坐庄,坐庄,7.4,6.8,0,0,7.3,0,7.1,0,0,0,0,0,0,0,0,0,0,0,0,0,3.8,16205,739,十库工作室,百本选手说剧本:剧本《坐庄》7人本 4男3女（🉑以反串）剧本类型:盒装本 机制本 游戏时间:5.5小时 👬适合人群：运气好的 玩家 ❤剧情感受...全文,现代 机制 欢乐 都市
业火封神,业火封神,7.0,6.9,0,0,0,0,7.0,0,0,0,7.0,0,0,0,0,0,0,0,0,0,2962,3918,586,百川望辰工作室,百本选手说剧本:剧本《业火封神》6人本 4男2女 剧本类型:城限本 机制本 moba 游戏时间:11小时左右 👬适合人群：刀塔 爱好者（moba) ❤剧情感...全文,
友情出演血戮剧场的第四面墙,友情出演：血戮剧场的第四面墙,7.2,6.8,7.2,7.1,0,0,0,0,0,0,0,0,0,0,0,0,0,0,0,0,4964,5068,674,纸遇工作室,4男3女 7.0小时 进阶 2025.03发行,
在劫南桃,在劫南桃,7.4,7.1,0,0,0,0,7.2,0,0,0,7.2,0,0,0,0,0,0,0,0,0,10886,7737,952,可疑的宣发工作室,4男4女 4.0小时 新手 2025.01发行,古风 机制 其他 神话
无图区,无图区,8.0,7.6,0,0,0,7.8,0,0,7.8,0,0,0,0,0,0,0,0,0,0,0,1.1,3278,429,长青工作室,3男3女 6.0小时 新手 2025.11发行,中式 情感 沉浸 历史
观月尘影录,观月尘影录,7.0,7.3,7.2,0,0,0,0,0,0,0,6.8,0,0,0,0,0,0,0,0,0,4964,11232,1666,灰烬工作室,3男3女 8.0小时 进阶 2026.01发行,
野菩萨,野菩萨,8.6,8.5,0,0,0,8.6,0,0,0,8.7,0,0,0,0,0,0,0,0,0,0,1.1,15057,2469,一闪工作室,3男3女 6.5小时 进阶 2026.05发行,
破雾,破雾,7.0,7.0,0,0,0,7.3,0,0,7.4,0,0,0,0,0,0,0,0,0,0,0,1.1,10514,1253,造物工作室; 长月文创,3男3女 7.0小时 进阶 2025.09发行,架空 情感 沉浸 都市
青白,青白,8.7,8.4,0,0,0,8.4,0,0,8.4,0,0,0,0,0,0,0,0,0,0,0,1.1,59770,9549,热核·NBC,3男3女 6.0小时 进阶 2026.01发行,古风 情感 沉浸 穿越
同流合屋,同流合屋,8.6,7.8,0,0,8.3,0,0,7.9,0,0,0,0,0,0,0,0,0,0,0,0,1.5,12667,1383,谜瓜,3男2女 3.5小时 新手 2026.01发行,民国 还原 欢乐 新手
旋转谋杀乐园,旋转谋杀乐园,8.1,7.7,7.9,0,0,0,0,0,0,0,7.7,0,0,0,0,0,0,0,0,0,4964,25607,4636,浮生梦文创,4男2女 8.0小时 进阶 2026.01发行,
野狗3所有人都是破烂货,,0,0,0,0,0,0,0,0,0,0,0,0,0,0,0,0,0,0,0,0,0,0,0,,,
赌城2077,赌城2077,6.8,6.9,0,0,7.1,0,7.0,0,0,0,0,0,0,0,0,0,0,0,0,0,3.8,5928,537,浮生梦文创,4男2女 4.5小时 新手 2026.01发行,架空 机制 欢乐 其他
同归,同归,7.9,7.5,0,0,0,7.7,0,0,7.7,0,0,0,0,0,0,0,0,0,0,0,1.1,14092,2171,MF幕坊工作室,愿世间相爱之人，同去同归 剧本时长6个多小时 感觉设定挺新颖的，女尊男卑的设定（但并不代表男性角色没有体验感）个人觉得非常之豪玩,古风 情感 沉浸 宫廷
马赛克,,0,0,0,0,0,0,0,0,0,0,0,0,0,0,0,0,0,0,0,0,0,0,0,,,
马赛克2,,0,0,0,0,0,0,0,0,0,0,0,0,0,0,0,0,0,0,0,0,0,0,0,,,
马赛克3,,0,0,0,0,0,0,0,0,0,0,0,0,0,0,0,0,0,0,0,0,0,0,0,,,
求己,求己,7.0,6.9,0,0,0,7.2,0,0,7.3,0,0,0,0,0,0,0,0,0,0,0,1.1,29653,4280,慢热TUO; 浮生梦文创,2男4女 8.0小时 新手 2026.01发行,古风 情感 沉浸 权谋
鹿川岛的黑发少女,鹿川岛的黑发少女,8,0,0,0,0,0,0,0,0,0,0,0,0,0,0,0,0,0,0,0,4965,0,0,西安七号剧制; 剧库,3男3女 4.5小时 新手 2025.12发行,日式 推理 设定 其他
老子数到三,老子数到三,1,0,0,0,0,0,0,0,0,0,0,0,0,0,0,0,0,0,0,0,0,0,0,岛屿工作室,3男3女 4.5小时 新手 2026.01发行,现代 其他 欢乐 新手
苏九宴鬼图,苏九宴鬼图,7.3,7.2,0,0,0,7.1,0,0,7.3,0,0,0,0,0,0,0,0,0,0,0,1.1,4737,639,魔术师工作室; 星川文创,3男3女 6.5小时 新手 2025.12发行,中式 情感 沉浸 其他
多多,多多,8.8,8.2,7.3,0,0,0,0,0,0,0,0,0,0,0,0,0,0,0,0,0,4965,25440,1904,南昌罗生门推理室,4男2女 4.5小时 新手 2022.07发行,架空 推理 惊悚 新手
分手厨房,分手厨房,7.0,6.9,0,0,7.5,0,7.3,0,0,0,0,0,0,0,0,0,0,0,0,0,3.8,9988,776,谜语剧制; 未来剧业,百本选手说剧本:剧本《分手厨房》8人本～6人本 4男4女—3男3女 （🉑反串）剧本类型:盒装本 欢乐本 🎮游戏⌚️时间:3.5小时 👬适合人群：夹筷子 比较 厉害的人 手 稳 的...全文,现代 机制 欢乐 都市
逆袭吧!继承者,逆袭吧！继承者！,6,0,0,0,0,0,0,0,0,0,0,0,0,0,0,0,0,0,0,0,5.8,0,0,雍九出品,4男4女 4.5小时 新手 2026.01发行,
传奇英雄,传奇英雄,7,0,0,0,0,0,0,0,0,0,0,0,0,0,0,0,0,0,0,0,3.8,0,0,MT麦田剧本发行社,6男3女 3.5小时 新手 2026.01发行,港澳 机制 欢乐 都市
"分手吧,赶紧的",分手吧！赶紧的,8,0,0,0,0,0,0,0,0,0,0,0,0,0,0,0,0,0,0,0,0,0,0,嗷嗷原创,4男4女 5.0小时 新手 2026.01发行,现代 其他 欢乐 新手
她未能歌颂的明日,,0,0,0,0,0,0,0,0,0,0,0,0,0,0,0,0,0,0,0,0,0,0,0,,,
报告道长!有有有有鬼!,报告道长！有有有有鬼！,7.7,7.3,0,0,7.5,0,0,7.4,0,0,0,0,0,0,0,0,0,0,0,0,1.5,5158,529,南昌罗生门推理室; 未来剧业,3男3女 4.5小时 进阶 2026.01发行,
传奇赌徒,传奇赌徒,6.9,6.7,0,0,7.1,0,7.0,0,0,0,0,0,0,0,0,0,0,0,0,0,3.8,13654,805,MT麦田剧本发行社,5男3女 4.0小时 新手 2025.01发行,现代 机制 欢乐 都市
王不见王,王不见王,8.8,8.0,8.7,0,0,0,0,0,0,0,8.6,0,0,0,0,0,0,0,0,0,4964,69825,12700,引力弹弓,3男3女 10.0小时 高阶 2026.01发行,日式 推理 设定 其他
草台班子,草台班子,8.0,7.6,0,0,8.1,0,0,0,0,0,0,0,0,0,0,0,0,0,0,0,27183,15224,1834,北京萝卜头文化,3男3女 3.5小时 新手 2026.02发行,虚构 其他 欢乐 新手
夜里达芬奇先生,黑夜里达芬奇先生把我在眼前的地板上铺满,7,0,0,0,0,0,0,0,0,0,0,0,0,0,0,0,0,0,0,0,2984,0,0,金陵轶事,3男3女 5.0小时 进阶 2023.10发行,
东京恐怖故事:如月车站,东京恐怖故事：如月车站,7.6,7.7,0,0,0,0,0,7.6,0,0,0,0,0,0,0,0,0,0,0,0,11.3,11861,1288,剧作时代,3男4女 6.0小时 进阶 2026.02发行,
魔女论破,魔女论破,6.9,6.7,7.3,0,0,0,0,0,0,0,6.8,0,0,0,0,0,0,0,0,0,11808,4551,796,低空飞行,4男3女 11.0小时 高阶 2026.01发行,
草芥,草芥,8.1,7.8,0,0,0,8.1,0,0,0,8.4,0,0,0,0,0,0,0,0,0,0,1.1,43641,6591,裕芃工作室; 天地之间,3男3女 7.5小时 新手 2026.01发行,古风 情感 演绎 武侠
我唯一忏悔的事,我唯一忏悔的事,6.9,6.8,0,0,0,7.0,0,0,7.0,0,0,0,0,0,0,0,0,0,0,0,1.1,9110,992,长青工作室; T.I文娱,3男3女 6.0小时 新手 2026.02发行,架空 情感 沉浸 其他
1492,,0,0,0,0,0,0,0,0,0,0,0,0,0,0,0,0,0,0,0,0,0,0,0,,,
体温,体温,7.0,6.9,0,0,0,7.2,0,0,0,7.5,0,0,0,0,0,0,0,0,0,0,1.1,16426,2146,臭猴子工作室,3男3女 6.0小时 进阶 2026.02发行,
祭日快乐·许愿岭在逃寿星,祭日快乐——许愿岭在逃寿星,7.5,7.5,0,0,0,0,0,7.6,0,0,0,0,0,0,0,0,0,0,0,0,11.3,9120,972,进化论工作室,第284本 时长：5小时 配置：4男2女 定位很精准的一个本。作为盒装夯，作为城限拉。 个人体验下来，《祭日快乐》作为一个以全类型为宣传噱头的剧本，欢乐和惊悚部分其实都可以去...全文,
贪欢,贪欢,8.0,7.6,0,0,0,7.8,0,0,7.8,0,0,0,0,0,0,0,0,0,0,0,3.4,21013,2888,执笔人间,3男3女 8.0小时 进阶 2026.02发行,古风 情感 沉浸 权谋
不容,不容,6.8,6.9,0,0,0,7.1,0,0,7.1,0,0,0,0,0,0,0,0,0,0,0,1.1,9108,1401,大亦文创工作室; KEYS工作室,3男3女 7.0小时 新手 2026.01发行,古风 情感 沉浸 家国
叫父,叫父,6.5,6.7,0,0,7.1,0,6.8,0,0,0,0,0,0,0,0,0,0,0,0,0,3.8,1.7,1058,FB发行工作室; 未来剧业,6男2女 4.0小时 新手 2025.06发行,港澳 机制 欢乐 都市
女优浮世簿,女优浮世簿,7.3,7.3,0,0,0,0,0,7.3,0,0,7.2,0,0,0,0,0,0,0,0,0,3,10013,1885,番外地; 百岁老人工作室,2男4女 7.0小时 进阶 2026.02发行,
百目原の最后夏天,百目原の最后夏天,8.2,7.4,8.5,7.7,0,0,0,0,0,0,0,0,0,0,0,0,0,0,0,0,30200,10393,1937,,3男3女 10.0小时 进阶 2026.01发行,日式 推理 悬疑 其他
刀鞘2暗鞘,,0,0,0,0,0,0,0,0,0,0,0,0,0,0,0,0,0,0,0,0,0,0,0,,,
我闻神仙亦有死,我闻神仙亦有死,7.8,7.4,7.6,0,0,0,0,0,0,0,0,0,0,0,7.7,0,0,0,0,0,1.4,6252,1156,乱神企划工作室,百本选手说剧本:剧本《我闻神仙亦有死》6人本 3男3女 剧本类型:城限本 设定推理 游戏时间:8.5小时 👬适合人群：进阶 及以上 玩家 ❤剧情感受：说...全文,
双烬塔疑案,双烬塔疑案,7.8,7.2,7.7,7.4,0,0,0,0,0,0,0,0,0,0,0,0,0,0,0,0,5000,6631,1124,极限推理; 六零六,3男3女 8.0小时 进阶 2026.02发行,
动画百日谈,动画百日谈,6.3,6.3,0,0,0,0,0,6.3,0,0,6.6,0,0,0,0,0,0,0,0,0,5787,2136,599,乱神企划工作室,百本选手说剧本:剧本《动画百日谈》6人本 3男3女 剧本类型:城限本 还原本 游戏时间:4.5小时 👬适合人群：🈚️ ❤剧情感受...全文,
怪谈事务所崩坏,怪谈事务所：崩坏,8.1,7.5,0,0,0,0,7.7,0,0,0,7.7,0,0,0,0,0,0,0,0,0,3157,4609,639,,4男2女 10.0小时 高阶 2026.02发行,
空心菜不是快乐的蔬菜,空心菜不是快乐的蔬菜,7.4,7.5,0,7.2,0,0,0,7.4,0,0,0,0,0,0,0,0,0,0,0,0,5049,7102,1114,灵感菇工作室,3男3女 7.0小时 进阶 2026.02发行,
未有来时,未有来时,8.1,7.6,8.0,0,0,0,0,0,0,0,7.4,0,0,0,0,0,0,0,0,0,5001,51912,6434,极限推理,3男3女 8.0小时 高阶 2024.03发行,
佼佼中学冒险,佼佼中学冒险,8.7,8.1,8.0,0,0,0,0,0,0,0,0,0,0,0,8.3,0,0,0,0,0,1.4,8716,1070,谜瓜,1男3女 4.0小时 新手 2026.03发行,架空 推理 立意 新手
众念形成,,0,0,0,0,0,0,0,0,0,0,0,0,0,0,0,0,0,0,0,0,0,0,0,,,
玫瑰锈病,玫瑰锈病,6.7,6.8,0,0,0,0,0,0,0,0,7.0,0,0,0,0,0,0,0,0,0,34873,9612,1426,不俗发行工作室; Siren剧本工作室,2男4女 5.0小时 新手 2026.03发行,类型：架空 情感 演绎 沉浸 配置：3男3女 ✔︎亮点：宣泄本，不是传统意义上的情感本 ❌缺点：时长有点短，一对真骨科，能接受的话问题也不大，吃强心测。 ⭕️总结：虽然是流氓家的本，但是风格跟流...全文
连环杀人犯引发的血案,,0,0,0,0,0,0,0,0,0,0,0,0,0,0,0,0,0,0,0,0,0,0,0,,,
归唐,归唐,6.5,6.5,0,0,0,6.9,0,0,0,7.5,0,0,0,0,0,0,0,0,0,0,1.1,6414,1117,德雾昂剧制,3男3女 6.0小时 新手 2026.01发行,古风 情感 演绎 历史
酒神给的惩罚是第一个看见黎明,酒神给的惩罚是第一个看见黎明,8.0,7.4,0,0,0,7.5,0,0,0,8.1,0,0,0,0,0,0,0,0,0,0,1.1,5944,918,黎明工作室; 凤凰谷工作室,3男3女 6.0小时 进阶 2026.02发行,
腐萤哀鸣之刻,腐萤哀鸣之刻,7.5,7.4,0,0,0,0,0,7.5,0,0,7.2,0,0,0,0,0,0,0,0,0,3,5877,743,Mr.闹剧工作室; Mr.一番工作室,3男3女 7.0小时 新手 2025.06发行,日式 还原 设定 新手
恶作剧的少女正在腐烂中,,0,0,0,0,0,0,0,0,0,0,0,0,0,0,0,0,0,0,0,0,0,0,0,,,
偷吃,偷吃,6.6,6.8,0,0,7.2,0,0,0,0,0,0,0,0,0,0,0,0,0,0,0,18095,10063,879,飞鱼探案,3男3女 4.0小时 新手 2026.03发行,现代 其他 欢乐 新手
梦见你也梦见我,我梦见你也梦见我,6,0,0,0,0,0,0,0,0,0,0,0,0,0,0,0,0,0,0,0,5001,0,0,水镜出品; 集云社剧本工作室,3男3女 6.0小时 进阶 2026.03发行,
皮囊,皮囊,7.8,7.4,0,0,0,7.3,0,0,0,7.7,0,0,0,0,0,0,0,0,0,0,1.1,2405,305,聚幻文创工作室; 枫叶工作室,3男3女 6.5小时 进阶 2026.02发行,
醉凌云,醉凌云,7.5,7.3,0,0,0,7.6,0,0,0,8.1,0,0,0,0,0,0,0,0,0,0,1.1,39028,6528,海上仙山,3男3女 6.5小时 进阶 2026.03发行,中式 情感 演绎 武侠
元気少女元气少女从天而降,,0,0,0,0,0,0,0,0,0,0,0,0,0,0,0,0,0,0,0,0,0,0,0,,,
赤溪,赤溪,7.5,7.2,0,0,0,7.4,0,0,7.3,0,0,0,0,0,0,0,0,0,0,0,1.1,9522,1363,小吃车工作室,剧本：《赤溪》 人数：3男3女 时长：8.5-9小时 类型：欧式 情感 沉浸 城限 他们以蜜糖之舌谄笑，却在暗处磨砺刀锋。...全文,欧美 情感 沉浸 都市
豪门45猫大侠,,0,0,0,0,0,0,0,0,0,0,0,0,0,0,0,0,0,0,0,0,0,0,0,,,
葛韭菜,葛韭菜,10,0,0,0,0,0,0,0,0,0,0,0,0,0,0,0,0,0,0,0,3.8,2556,0,久闻,4男3女 3.5小时 新手 2026.04发行,架空 机制 欢乐 其他
十三太保3江湖再见,十三太保3：江湖再见,7.9,7.7,0,0,0,0,7.7,0,0,0,7.7,0,0,0,0,0,0,0,0,0,906,1609,353,开封府剧本工作室,5男1女 8.0小时 进阶 2026.05发行,架空 机制 其他 武侠
八十七仙图,八十七仙图,8.7,8.8,8.0,0,0,0,0,0,0,0,8.3,0,0,0,0,0,0,0,0,0,5002,24466,4858,KEYS工作室,4男2女 10.0小时 进阶 2026.03发行,
幻想诸因,幻想诸因,8.3,7.7,7.8,0,0,0,0,0,0,0,8.0,0,0,0,0,0,0,0,0,0,35444,31944,5503,灰烬工作室,3男3女 7.5小时 进阶 2026.04发行,日式 推理 其他 其他
坏孩子,坏孩子,8.2,7.7,0,0,0,0,0,7.6,7.8,0,0,0,0,0,0,0,0,0,0,0,1.4,11288,1461,有仙气工作室; 尘中谣工作室,3男3女 6.0小时 新手 2026.03发行,现代 还原 沉浸 新手
金粉,金粉,7.1,7.0,0,0,0,7.1,0,0,0,7.8,0,0,0,0,0,0,0,0,0,0,1.1,21683,3526,浮生梦文创,3男4女 7.0小时 进阶 2026.04发行,古风 情感 演绎 其他
雾逝霞明,雾逝霞明,7.3,7.3,7.6,7.3,0,0,0,0,0,0,0,0,0,0,0,0,0,0,0,0,5002,4657,925,极限推理,百本选手说剧本:剧本《雾逝霞明》6人本 4男2女 剧本类型:城限本 推理本 游戏时间:10小时 左右 👬适合人群：喜欢 穷举法 的 玩家 ❤剧情感...全文,
瀚海玄兵,瀚海玄兵,8.3,7.1,0,0,0,0,8.1,0,0,0,8.1,0,0,0,0,0,0,0,0,0,3407,5447,849,迷途羔羊,百本选手说剧本:剧本《瀚海玄兵》6人本 4男2女 剧本类型:城限本 机制本 （砍刀本）游戏时间:10.5小时 👬适合人群：迷途羔羊 粉丝 以及 喜欢 前几部的 玩家 🈶...全文,
"曾经,我死去的家2",曾经我死去的家2,7.6,7.3,7.0,0,0,0,0,0,0,0,0,0,0,0,0,0,0,0,0,0,5002,16392,705,东方剧制,3男3女 4.5小时 进阶 2022.07发行,
梁间小话,梁间小话,7.9,7.9,0,0,0,0,0,0,0,0,0,0,0,0,8.3,0,0,0,0,0,8896,7868,1578,乱神企划工作室,3男3女 6.5小时 进阶 2026.04发行,
藤蔓生长的冬夜,藤蔓生长的冬夜,7.3,7.0,7.3,0,0,0,0,0,0,0,7.2,0,0,0,0,0,0,0,0,0,5002,3785,758,KEYS工作室,百本选手说剧本:剧本《藤蔓生长的冬夜》6人本 3男3女（不重要）剧本类型:城限本 设定推理 游戏时间:8小时左右 👬适合人群：能 玩进去 的 ...全文,日式 推理 设定 怪谈
华夏山河篇,,0,0,0,0,0,0,0,0,0,0,0,0,0,0,0,0,0,0,0,0,0,0,0,,,
沙丘玫瑰苦月亮,沙丘，玫瑰，苦月亮,7.7,7.5,0,0,0,7.6,0,0,7.4,0,0,0,0,0,0,0,0,0,0,0,1.1,1.1,1356,山人文化,3男3女 5.0小时 新手 2026.04发行,欧美 情感 沉浸 成长
寻归荒野,寻归荒野,8.1,7.2,7.8,0,0,0,0,0,0,0,7.4,0,0,0,0,0,0,0,0,0,5002,3367,508,九有出品,3男3女 7.0小时 进阶 2026.02发行,
敬余晖以哀鸣,敬余晖以哀鸣,7.8,7.4,0,0,0,0,0,7.7,0,0,7.3,0,0,0,0,0,0,0,0,0,3,13066,2316,集闲社文创,剧本《敬余晖以哀鸣》6人本3女3男剧本类型：城限本还原本游戏时间：7小时左右 全部还原案件都是还原轨迹 适合人群：还...全文,
"就是这个禁忌,爽!",就是这个禁忌，爽！,6.7,6.7,0,0,7.0,0,6.7,0,0,0,0,0,0,0,0,0,0,0,0,0,3.8,5710,893,疯狂剧制,4男3女 4.0小时 新手 2026.04发行,现代 机制 欢乐 都市
神于六日后搁浅,神于六日后搁浅,7.4,6.8,7.6,0,0,0,0,0,0,0,7.4,0,0,0,0,0,0,0,0,0,5001,6528,1392,木屋发行工作室; 司家侦探,3男3女 7.0小时 高阶 2026.04发行,日式 推理 设定 其他
继承者,《继承者》,3,0,0,0,0,0,0,0,0,0,0,0,0,0,0,0,0,0,0,0,5001,0,0,今朝出品,3男3女 5.0小时 进阶 2022.12发行,
超无脑鉴赏,,0,0,0,0,0,0,0,0,0,0,0,0,0,0,0,0,0,0,0,0,0,0,0,,,
名侦探2于时之刻的尽头,名侦探2：于时之刻的尽头,7.9,8.0,7.5,0,0,0,0,0,0,0,7.4,0,0,0,0,0,0,0,0,0,5001,14968,2621,禾风工作室,3男3女 7.0小时 进阶 2026.04发行,日式 推理 设定 其他
二流货色2青花,,0,0,0,0,0,0,0,0,0,0,0,0,0,0,0,0,0,0,0,0,0,0,0,,,
世界隙间的雪与蝉,,0,0,0,0,0,0,0,0,0,0,0,0,0,0,0,0,0,0,0,0,0,0,0,,,
大事不喵,大事不喵,7,0,0,0,0,0,0,0,0,0,0,0,0,0,0,0,0,0,0,0,3.8,0,0,嗷嗷原创,4男4女 5.0小时 进阶 2024.06发行,架空 机制 欢乐 其他
再见黎明系列2暗夜将至,,0,0,0,0,0,0,0,0,0,0,0,0,0,0,0,0,0,0,0,0,0,0,0,,,
与谎言相似的前提,与谎言相似的前提,8.2,7.7,0,0,0,0,0,7.9,0,0,7.6,0,0,0,0,0,0,0,0,0,23328,18861,3676,东方迷雾,6男0女 6.0小时 进阶 2026.04发行,
斗魂此界无双,,0,0,0,0,0,0,0,0,0,0,0,0,0,0,0,0,0,0,0,0,0,0,0,,,
画皮,画皮,5,0,0,0,0,0,0,0,0,0,0,0,0,0,0,0,0,0,0,0,11.4,0,0,剧作时代,4男3女 5.5小时 新手 2026.04发行,
天命难违,天命难违,8.4,7.5,8.4,0,0,0,0,0,0,0,7.7,0,0,0,0,0,0,0,0,0,5001,14181,2543,灰烬工作室,3男3女 10.0小时 高阶 2026.05发行,古风 推理 设定 玄幻
三角不太直,三角不太直,8.0,7.6,7.7,0,0,0,0,0,0,0,7.6,0,0,0,0,0,0,0,0,0,14795,13440,2087,,3男3女 7.0小时 进阶 2026.04发行,
SAVE,SAVE,7.8,7.1,7.8,0,0,0,0,0,0,0,7.5,0,0,0,0,0,0,0,0,0,5007,7444,1577,低空飞行,3男3女 7.0小时 进阶 2026.04发行,
鬼河怒放,鬼河怒放,9.0,8.2,8.9,0,0,0,0,0,0,0,8.6,0,0,0,0,0,0,0,0,0,470,32242,7900,杰作家推理工作室,3男3女 8.0小时 进阶 2026.05发行,
疯兔子白又白砍下脑袋跳起来,,0,0,0,0,0,0,0,0,0,0,0,0,0,0,0,0,0,0,0,0,0,0,0,,,
不复出焉,不复出焉,7.6,7.4,0,0,0,7.5,0,0,0,7.8,0,0,0,0,0,0,0,0,0,0,1.1,8137,1772,艺语原创; 岛屿工作室,3男3女 7.0小时 进阶 2026.05发行,古风 情感 演绎 历史
琳琅,琳琅,7.9,7.4,0,0,0,7.7,0,0,0,8.2,0,0,0,0,0,0,0,0,0,0,1.1,10400,1980,疑幕了然,时长8.5小时 角色江遇 阅读量250页左右 价格368（原价打本 真实体验） DM芝芝 首先我重点叠个甲，该本三女体验会远远远远优于三男，三男各吃一百补，甚至江遇应该吃两百补开局才属于平衡局。以此基础上再继续看。这是我本...全文,古风 情感 演绎 其他
黄泉国的阿修罗,,0,0,0,0,0,0,0,0,0,0,0,0,0,0,0,0,0,0,0,0,0,0,0,,,
武林至尊八大派,武林至尊：八大派,7.9,7.1,0,0,0,0,7.4,0,0,0,7.4,0,0,0,0,0,0,0,0,0,3160,2284,363,月升剧制,百本选手说剧本:剧本《武林至尊:八大派》6人/8人 本 🉑6人 🉑8人 4女4男 3女3男 剧本类型:卡牌构筑 城限本 机制本 游戏时间:9小时 👬适合人群：卡牌构筑 卡牌对战...全文,架空 机制 博弈 武侠
犬山前传秋山裹月,,0,0,0,0,0,0,0,0,0,0,0,0,0,0,0,0,0,0,0,0,0,0,0,,,
归昼,,0,0,0,0,0,0,0,0,0,0,0,0,0,0,0,0,0,0,0,0,0,0,0,,,
第七囚日,第七囚日,5,0,0,0,0,0,0,0,0,0,0,0,0,0,0,0,0,0,0,0,3275,0,0,大裤衩子工作室,4男3女 6.5小时 新手 2026.06发行,
绿洲,绿洲,9,0,0,0,0,0,0,0,0,0,0,0,0,0,0,0,0,0,0,0,1.1,0,0,有棱有角工作室,2男4女 7.0小时 新手 2026.06发行,架空 情感 沉浸 其他
小人得志,小人得志,7.8,7.6,0,0,0,0,0,7.4,0,0,0,0,0,0,7.5,0,0,0,0,0,2984,4190,731,西番推理; 舟楫戏剧工作室,3男3女 7.5小时 进阶 2026.05发行,
西子花朝,西子花朝,5.0,0,0,0,0,0,0,0,0,0,0,0,0,0,0,0,0,0,0,0,3.4,0,0,东方剧制,1男4女 6.0小时 新手 2026.06发行,古风 情感 沉浸 仙侠
谁是小辣鸡,谁是小辣鸡,7,0,0,0,0,0,0,0,0,0,0,0,0,0,0,0,0,0,0,0,3.8,0,0,MT麦田剧本发行社,4男3女 3.5小时 新手 2026.04发行,现代 机制 欢乐 都市
牢友记,牢友记,6,0,0,0,0,0,0,0,0,0,0,0,0,0,0,0,0,0,0,0,5.8,1837,0,司家侦探,5男3女 4.0小时 新手 2026.06发行,古风 阵营 欢乐 其他
诡计四界,,0,0,0,0,0,0,0,0,0,0,0,0,0,0,0,0,0,0,0,0,0,0,0,,,
群鸦于落日后加冕,,0,0,0,0,0,0,0,0,0,0,0,0,0,0,0,0,0,0,0,0,0,0,0,,,
她在后宫杀疯了,她在后宫杀疯了,7,0,0,0,0,0,0,0,0,0,0,0,0,0,0,0,0,0,0,0,9890,0,0,十库工作室,4男4女 4.0小时 新手 2026.06发行,古风 其他 欢乐 宫廷
食为天,食为天,6.9,6.5,0,0,7.3,0,7.0,0,0,0,0,0,0,0,0,0,0,0,0,0,9.5,42391,1805,疯狂剧制,5男5女 4.5小时 新手 2023.07发行,古风 机制 欢乐 其他
