query,script_title,overall_rating,剧情,推理,悬疑,欢乐,情感,机制,还原,沉浸,演绎,玩法,故事,难度,互动,立意,阵营,本格,变格,恐怖,硬核,want_count,played_count,review_count,publishers,metadata,tags
绣春刀,绣春刀,7.1,7.1,0,0,0,7.1,6.9,0,0,0,0,0,0,0,0,0,0,0,0,0,7609,3477,62,一闪工作室; 草庐,3男4女 4.5小时 新手,古风 机制 沉浸 武侠
克里塔斯,克里塔斯,6.9,6.7,0,0,0,6.9,0,6.4,0,0,0,0,0,0,0,0,0,0,0,0,1.4,4499,370,呓语剧本创作,3男3女 5.5小时 进阶 2023.01发行,
致曾来过的你,,0,0,0,0,0,0,0,0,0,0,0,0,0,0,0,0,0,0,0,0,0,0,0,,,
百匠奇案,,0,0,0,0,0,0,0,0,0,0,0,0,0,0,0,0,0,0,0,0,0,0,0,,,
寸血山河,,0,0,0,0,0,0,0,0,0,0,0,0,0,0,0,0,0,0,0,0,0,0,0,,,
乱神志耀斑,,0,0,0,0,0,0,0,0,0,0,0,0,0,0,0,0,0,0,0,0,0,0,0,,,
月亮是指路牌,月亮是指路牌,8.5,7.9,0,0,0,8.3,0,0,8.1,0,0,0,0,0,0,0,0,0,0,0,10570,11817,572,,3男3女 4.0小时 进阶 2022.06发行,架空 情感 沉浸 童话
SEVEN,seven,6.3,6.6,6.4,0,0,0,0,0,0,0,0,0,0,0,6.4,0,0,0,0,0,1.4,4872,301,归途工作室,"第59本 时长：4.5小时 配置：4男2女 店家：景德镇三仟世界 近期最踩雷的一个本,能感觉到作者从形式到内容上的用力,但是真的不好玩。好像还把我一个第一次...全文",
小女孩绽放的夜晚,,0,0,0,0,0,0,0,0,0,0,0,0,0,0,0,0,0,0,0,0,0,0,0,,,
YiYi,,0,0,0,0,0,0,0,0,0,0,0,0,0,0,0,0,0,0,0,0,0,0,0,,,
风声之独白,,0,0,0,0,0,0,0,0,0,0,0,0,0,0,0,0,0,0,0,0,0,0,0,,,
理想国,,0,0,0,0,0,0,0,0,0,0,0,0,0,0,0,0,0,0,0,0,0,0,0,,,
推理作家的独白,,0,0,0,0,0,0,0,0,0,0,0,0,0,0,0,0,0,0,0,0,0,0,0,,,
误入杀手镇的0和1,误入杀手镇的0和1,6.1,6.3,0,0,6.9,0,6.6,0,0,0,0,0,0,0,0,0,0,0,0,0,3.8,33680,1104,飞鱼探案,3男3女 4.5小时 进阶 2022.11发行,架空 机制 欢乐 都市
黑白,黑白,6,0,0,0,0,0,0,0,0,0,0,0,0,0,0,0,0,0,0,0,0,0,0,秦探工作室,5男2女 4.0小时 进阶,
如期,如期,7.9,7.3,0,0,0,7.4,0,0,0,7.7,0,0,0,0,0,0,0,0,0,0,6674,7847,371,又川文化; 大桶互娱,3男3女 4.5小时 进阶 2021.12发行,
蝉蜕之谜,,0,0,0,0,0,0,0,0,0,0,0,0,0,0,0,0,0,0,0,0,0,0,0,,,
缠绕列车,,0,0,0,0,0,0,0,0,0,0,0,0,0,0,0,0,0,0,0,0,0,0,0,,,
猎人笔记雪夜,猎人笔记：雪夜,8.2,8,0,0,0,0,0,0,7.7,0,0,0,0,0,8,0,0,0,0,0,22574,19846,1026,雪碧工作室,4男3女 4.0小时 进阶 2022.05发行,
东京恐怖故事铃兰女校,东京恐怖故事：铃兰女校,7.8,7.6,0,0,0,0,0,0,7.2,0,0,0,0,0,0,0,0,0,0,0,36230,150241,9509,剧作时代,新手恐怖必玩儿本！很多人的东恐入坑本。 4个多小时，全程尖叫，没有尿点。 开头找名字，找床铺破冰，紧接着几个不是很核心的本格案件，有双搜，单搜，全程恐怖氛围围绕，总线又有情感抉择，后遗症一周左右。 一男6女玩儿的，带妹恐搜很欢乐。,日式 推理 惊悚 校园
怪谈事务所诡楼,怪谈事务所：诡楼,8.7,7.6,0,0,0,0,8.5,0,0,0,8.2,0,0,0,0,0,0,0,0,0,3161,53888,4944,百川望辰工作室,3男3女 8.0小时 进阶 2023.02发行,日式 机制 博弈 怪谈
长生祭（cs祭）,长生祭,6.8,7,6.9,0,0,0,0,0,0,0,0,0,0,0,0,0,0,0,0,0,304,1848,101,K的游戏,3男1女 3.0小时 新手 2021.02发行,架空 推理 惊悚 武侠
往事thepast,ThePast往事,8.8,8,8.5,0,0,0,0,0,0,0,7.9,0,0,0,0,0,0,0,0,0,43738,29041,2469,KEYS工作室,4男2女 6.0小时 高阶 2020.11发行,
暗黑者惩罚,暗黑者：惩罚,8.2,7.6,0,7.6,0,0,7.3,0,0,0,0,0,0,0,0,0,0,0,0,0,2.6,46762,2048,隐证剧本工作室,4男2女 6.0小时 高阶 2021.04发行,
Hi老妖婆,HI！老妖婆,7.4,7.2,0,0,7.4,0,0,0,0,0,0,0,0,0,0,0,0,0,0,0,16909,18609,808,气球文娱,3男3女 4.0小时 新手 2023.02发行,【剧本杀测评】 📖剧本名称：HI！老妖婆 👫🏼游戏人数：3男3女（可反串） ⏰游戏时长：4h 🧩剧本类型：欢乐 机制 情感 🙀难易程...全文
vr伐木累2冰封的太阳,vr伐木累2：冰封的太阳,7.5,7.2,0,0,7,0,0,0,7.2,0,0,0,0,0,0,0,0,0,0,0,5.8,4101,102,云珂工作室,百本选手说剧本:剧本《VR伐木累2:冰封的太阳》6人本 4男2女 剧本类型:城限本 欢乐 机制 情感本 游戏时间:5小时左右 家国情怀 爱情 亲情 友情 情感本 完全 带入不了 角色 一上来的游戏 玩的还可以 然后就开始 割裂了 有一种 剧本 不是一个人 写的感觉 而且 作者 文笔一般 读不下去 读着读着 睡着了💤 最后的沉浸 是啥...全文,架空 阵营 欢乐 新手
东京恐怖故事自杀森林,东京恐怖故事：自杀森林,6.9,7.1,6.8,0,0,0,0,0,0,0,0,0,0,0,0,0,0,0,0,0,13091,12177,663,剧作时代,2男4女 4.5小时 进阶 2022.05发行,日式 推理 惊悚 怪谈
极乐都市,THUGS！极乐都市,8,7.2,0,0,8,0,7.8,0,0,0,0,0,0,0,0,0,0,0,0,0,3161,23548,1283,绯色剧制,4男3女 5.5小时 进阶 2022.05发行,
冥河2天道,冥河2：天道,10,0,0,0,0,0,0,0,0,0,0,0,0,0,0,0,0,0,0,0,6682,0,0,九月天工作室,3男3女 4.5小时 进阶 2021.03发行,古风 情感 演绎 都市
雪松郡公立医院,K的游戏：雪松郡公立医院,6,0,0,0,0,0,0,0,0,0,0,0,0,0,0,0,0,0,0,0,2125,0,0,K的游戏,1男0女 2.0小时 新手 2020.09发行,中式 机制 惊悚 新手
阎罗帖2杀人者的预判推理,,0,0,0,0,0,0,0,0,0,0,0,0,0,0,0,0,0,0,0,0,0,0,0,,,
吾自齐天2奉君天阙客,吾自齐天2：奉君天阙客,7.7,7.3,0,0,0,7.4,0,0,0,7.7,0,0,0,0,0,0,0,0,0,0,6683,3591,179,翰林院工作室,3男3女 4.5小时 新手 2022.07发行,古风 情感 演绎 神话
吨吨吨2淘金盛宴,吨吨吨2：淘金盛宴,6.5,6.3,0,0,7,0,6.7,0,0,0,0,0,0,0,0,0,0,0,0,0,3.8,11283,283,壹直爽,"第61本 时长：4.5小时 配置：5男2女 店家：景德镇三仟世界 其实前面还好,普普通通的欢乐本,各方面都中规中矩。整体看下来就是弹圆片小游戏外加各种不...全文",架空 机制 欢乐 玄幻
贤者之石2请不要吃我,贤者之石2：请不要吃我,7.7,7.6,7.9,7.3,0,0,0,0,0,0,0,0,0,0,0,0,0,0,0,0,19975,11038,695,第七诫工作室,4男3女 12.0小时 高阶 2021.11发行,
死囚失控伦敦,死囚·失控伦敦,8.3,8.1,7.5,0,0,0,0,0,0,0,0,0,0,0,7.8,0,0,0,0,0,1.4,35083,3324,低空飞行,百本选手说剧本:剧本《死囚•失控伦敦》6人本 3男3女 剧本类型:独家本 还原本 游戏时间:5小时左右 实话实说 今天上午 我 手欠了 把自己 死囚 的测评 给 删除了 完全是 失误的操作 咋办？ 在写一次呗 弥补一下 👬适合人群：苏...全文,
逃离疯人院,逃离疯人院2：无声悲鸣,7.8,7.5,0,0,0,7.3,0,0,0,0,0,0,0,0,7.9,0,0,0,0,0,6683,21832,2058,有仙气工作室,3男3女 5.5小时 新手 2024.01发行,中式 情感 立意 新手
归墟子语,归墟子语,8,7.4,0,7.3,0,0,0,7.7,0,0,0,0,0,0,0,0,0,0,0,0,5043,86314,5738,疯狂剧制; 铭思文化,3男3女 5.5小时 进阶 2023.01发行,
圣杯侦探和倒霉蛋,,0,0,0,0,0,0,0,0,0,0,0,0,0,0,0,0,0,0,0,0,0,0,0,,,
麻衣神探狄公案,麻衣神探·狄公案,6.7,6.3,6.9,6.6,0,0,0,0,0,0,0,0,0,0,0,0,0,0,0,0,3628,4302,323,叁叁零制片厂,4男3女 6.0小时 进阶 2023.02发行,
普罗米修斯的杀人事件2起源,,0,0,0,0,0,0,0,0,0,0,0,0,0,0,0,0,0,0,0,0,0,0,0,,,
不再见,不再见，_,9,0,0,0,0,0,0,0,0,0,0,0,0,0,0,0,0,0,0,0,3.4,0,0,茉蔻文化,3男3女 4.5小时 新手 2023.02发行,中式 情感 沉浸 都市
怪闻2泉隐炽焰卷,,0,0,0,0,0,0,0,0,0,0,0,0,0,0,0,0,0,0,0,0,0,0,0,,,
春花秋月何时了,春花秋月何时了,6.9,6.9,0,0,0,7.1,0,0,7.1,0,0,0,0,0,0,0,0,0,0,0,3.4,13513,1119,指尖探案,3男3女 5.5小时 进阶 2023.01发行,古风 情感 沉浸 其他
灵魂缓刑,灵魂缓刑,6.2,6.5,6.5,6.2,0,0,0,0,0,0,0,0,0,0,0,0,0,0,0,0,7947,7518,454,未经允许工作室,3男3女 6.0小时 高阶 2023.01发行,
春秋,春秋,8,7.4,0,0,7,0,7.8,0,0,0,0,0,0,0,0,0,0,0,0,0,3.8,13141,1151,Mr.一番工作室,5男2女 7.0小时 进阶 2022.10发行,架空 机制 欢乐 权谋
青山,青山,7.3,7.4,7.1,7.2,0,0,0,0,0,0,0,0,0,0,0,0,0,0,0,0,30525,40887,2597,羲和工作室,4男2女 6.0小时 进阶 2022.10发行,
re新纪元,Re：新纪元,8.1,7.8,0,0,0,7.7,0,0,7.8,0,0,0,0,0,0,0,0,0,0,0,7609,31420,2058,草庐,3男3女 4.5小时 进阶 2022.10发行,架空 机制 沉浸 二次元
少女的诡局,少女的诡局,7.6,7.3,7.1,0,0,0,0,0,0,0,0,0,0,0,0,0,0,0,0,0,6513,9537,371,百川望辰工作室,3男3女 4.0小时 进阶,日式 推理 惊悚 其他
金瓯缺,金瓯缺,7,7.1,0,0,0,7.1,0,0,0,7.2,0,0,0,0,0,0,0,0,0,0,6688,3563,206,粉蒸肉文创工作室,4男3女 5.0小时 进阶 2022.07发行,古风 情感 演绎 权谋
天下决,,0,0,0,0,0,0,0,0,0,0,0,0,0,0,0,0,0,0,0,0,0,0,0,,,
成人童话,成人童话,5.8,6.4,6.4,6.3,0,0,0,0,0,0,0,0,0,0,0,0,0,0,0,0,21439,10497,805,北京枫叶工作室,3男3女 8.0小时 高阶 2022.10发行,
Zooooo进化大作战,Zooooo！进化大作战！,7.6,6.9,0,0,7.7,0,7.2,0,0,0,0,0,0,0,0,0,0,0,0,0,3.8,46238,2408,可疑的宣发工作室; 帽子戏法工作室,4男3女 5.0小时 进阶 2023.01发行,架空 机制 欢乐 拟人
两不疑,两不疑,6.6,6.7,0,0,0,7,0,0,0,7.9,0,0,0,0,0,0,0,0,0,0,6688,6129,506,梦墨绘梦馆; 山海间工作室,3男4女 4.5小时 进阶 2023.02发行,古风 情感 演绎 武侠
幻灵侦探,幻灵侦探,7.2,7.1,7,6.9,0,0,0,0,0,0,0,0,0,0,0,0,0,0,0,0,6043,4475,314,折夜文化; 禾风工作室,4男2女 5.5小时 进阶 2023.02发行,
六障目诡丁,六障目诡丁,5.8,6.1,6.3,6.1,0,0,0,0,0,0,0,0,0,0,0,0,0,0,0,0,9842,6547,524,山橘推理,3男3女 6.0小时 高阶 2023.01发行,日式 推理 悬疑 怪谈
139,,0,0,0,0,0,0,0,0,0,0,0,0,0,0,0,0,0,0,0,0,0,0,0,,,
茫茫,茫茫,8.2,7.7,0,0,0,7.9,0,0,7.9,0,0,0,0,0,0,0,0,0,0,0,3.4,2995,147,夜归人工作室,3男3女 4.5小时 新手,中式 情感 沉浸 都市
浮云万里青鸟迟,浮云万里青鸟迟,8,7.7,0,0,0,7.8,0,0,7.7,0,0,0,0,0,0,0,0,0,0,0,3.4,71574,6234,德雾昂剧制; 慢热TUO,3男3女 4.5小时 新手 2023.01发行,民国 情感 沉浸 历史
再见如故,再见如故,6.2,6.6,0,0,0,6.5,0,0,6.6,0,0,0,0,0,0,0,0,0,0,0,3.4,6138,450,LARP原创工作室,3男3女 4.5小时 新手 2023.01发行,中式 情感 沉浸 都市
比莉尔公约,比莉尔公约,7.9,6.7,8,6.9,0,0,0,0,0,0,0,0,0,0,0,0,0,0,0,0,17912,26289,1894,梧桐剧制,【比莉尔公约】推理／还原／悬疑／变格 【角色时长】角色C／7小时 【人数配置】3男2女／可反串 【推荐角色】角色A核心C位 【选店建议】找熟店吧，熟悉你的DM才知道你喜欢的节奏和游戏时长，不然极...全文,
归鸿游,归鸿游,7,7.1,0,0,0,7.3,0,0,7.3,0,0,0,0,0,0,0,0,0,0,0,3.4,4959,395,糖果发行工作室; LARP原创工作室,3男3女 5.0小时 进阶 2023.01发行,古风 情感 沉浸 其他
十里樱花,十里樱花,7,0,0,0,0,0,0,0,0,0,0,0,0,0,0,0,0,0,0,0,3083,0,0,,3男3女 5.0小时 进阶,古风 还原 沉浸 仙侠
九个女人一出戏,九个女人一出戏,7,0,0,0,0,0,0,0,0,0,0,0,0,0,0,0,0,0,0,0,3.8,0,0,不计成本工作室,0男9女 4.0小时 新手,现代 机制 欢乐 其他
庄周梦蝶2锦瑟传,,0,0,0,0,0,0,0,0,0,0,0,0,0,0,0,0,0,0,0,0,0,0,0,,,
寒门,寒门,8.2,7.8,0,0,0,8.2,0,0,8.3,0,0,0,0,0,0,0,0,0,0,0,3.4,154684,14403,月影工作室,3男3女 5.0小时 进阶 2023.01发行,古风 情感 沉浸 仙侠
顶楼极恶之宴,,0,0,0,0,0,0,0,0,0,0,0,0,0,0,0,0,0,0,0,0,0,0,0,,,
如囚鸟挣脱之痛,如囚鸟挣脱之痛,8.5,8.2,7.7,0,0,0,0,0,0,0,7.7,0,0,0,0,0,0,0,0,0,76841,139999,12291,KEYS工作室,3男3女 7.0小时 进阶 2023.01发行,日式 推理 演绎法 其他
幻木吟,,0,0,0,0,0,0,0,0,0,0,0,0,0,0,0,0,0,0,0,0,0,0,0,,,
沙哭,沙哭,8.5,8.2,0,0,0,7.8,7.5,0,0,0,0,0,0,0,0,0,0,0,0,0,3161,24489,2010,表里山河创作,4男3女 4.5小时 进阶 2022.09发行,古风 机制 博弈 历史
有人说于归,,0,0,0,0,0,0,0,0,0,0,0,0,0,0,0,0,0,0,0,0,0,0,0,,,
温度生来平凡,,0,0,0,0,0,0,0,0,0,0,0,0,0,0,0,0,0,0,0,0,0,0,0,,,
说谎者,,0,0,0,0,0,0,0,0,0,0,0,0,0,0,0,0,0,0,0,0,0,0,0,,,
百鬼夜行,HASAKI！百鬼夜行,8,7,0,0,7.7,0,7.8,0,0,0,0,0,0,0,0,0,0,0,0,0,3161,57979,3876,绯色剧制,5男3女 5.5小时 进阶 2022.12发行,日式 机制 博弈 二次元
那一束月光2旅行的意义,,0,0,0,0,0,0,0,0,0,0,0,0,0,0,0,0,0,0,0,0,0,0,0,,,
将雪,将雪,6.7,6.7,0,0,0,6.9,0,0,6.8,0,0,0,0,0,0,0,0,0,0,0,3.4,28907,1693,火车头联合工作室; 不言月剧本研究室,3男3女 4.5小时 新手 2022.12发行,古风 情感 沉浸 仙侠
立方馆谋杀始末,立方馆谋杀始末,8.7,7.7,8.3,0,0,0,0,0,0,0,8,0,0,0,0,0,0,0,0,0,82960,157322,16847,隐匿角色,3男3女 7.0小时 高阶 2023.01发行,日式 推理 设定 都市
巴四五的手札,巴四五的手札,6.4,6.2,7,6.4,0,0,0,0,0,0,0,0,0,0,0,0,0,0,0,0,9487,11444,840,小鱼干工作室,4男3女 6.0小时 高阶 2023.07发行,
先生,先生,4.7,5,0,0,0,5.1,0,0,5.2,0,0,0,0,0,0,0,0,0,0,0,3.4,11072,653,狸猫文创,2男4女 4.5小时 新手 2022.09发行,中式 情感 沉浸 都市
启元克莱因囚笼,启元：克莱因囚笼,8.5,7.5,8.1,0,0,0,0,0,0,0,7.7,0,0,0,0,0,0,0,0,0,19018,17455,1742,二类人生剧制,百本选手说剧本:剧本《启元:克莱因囚笼》6人本 4男2女 剧本类型:城限本 推理本 游戏时间:5.5小时左右 👬适合人群：逻辑流 玩家 ❤剧情感受：🈶 ...全文,
90后才不会变老呢,,0,0,0,0,0,0,0,0,0,0,0,0,0,0,0,0,0,0,0,0,0,0,0,,,
叫爸爸2丧尸RUARUA,,0,0,0,0,0,0,0,0,0,0,0,0,0,0,0,0,0,0,0,0,0,0,0,,,
悲欢,悲欢,7.4,7.2,0,0,0,7.2,0,0,7.1,0,0,0,0,0,0,0,0,0,0,0,3.4,985,104,暮影工作室,类型: 现代/情感/沉浸 人数: 3男3女 不可反串 时长: 5个小时 体验角色:我不能讲会剧透， 开场及沉浸，每个人都有自己在乎的东西，这个本可以完全的让你抒发出自己的感情，卸...全文,现代 情感 沉浸 成长
西游释厄传,西游释厄传ll,6.9,7.2,0,0,0,0,7,0,0,0,7,0,0,0,0,0,0,0,0,0,16381,25005,2177,可疑的宣发工作室; LARP原创工作室,百本选手说剧本:剧本《西游释厄传ll》8人本 5男3女（🉑以反串）剧本类型:城限本 机制本 游戏时间:11小时左右 👬适合人群：机制本玩家 🉑疑的宣发工作室...全文,古风 机制 其他 神话
等,,0,0,0,0,0,0,0,0,0,0,0,0,0,0,0,0,0,0,0,0,0,0,0,,,
叫爸爸2你个死鬼,叫爸爸2：你个死鬼,7.3,7,0,0,7.5,0,6.8,0,0,0,0,0,0,0,0,0,0,0,0,0,3.8,14007,512,联合趣玩UF,3男4女 4.0小时 新手 2023.01发行,中式 机制 欢乐 都市
燃烧,燃烧,8.5,8,0,0,0,8.1,0,0,8.1,0,0,0,0,0,0,0,0,0,0,0,43570,54344,4122,,3男3女 4.5小时 进阶 2022.12发行,中式 情感 沉浸 都市
红豆,红豆,9.1,8.8,0,0,0,8.8,0,0,8.8,0,0,0,0,0,0,0,0,0,0,0,3.4,206040,32422,仲夏清晨; 团剧文创工作室,3男3女 5.5小时 进阶 2023.01发行,民国 情感 沉浸 家国
深圳今夜请将我遗忘,中华龙组2：深圳今夜请将我遗忘,7.5,7.3,0,0,7.6,0,7.1,0,0,0,0,0,0,0,0,0,0,0,0,0,3.8,1752,163,银河制片厂,百本选手说剧本:剧本《中华龙组2:深圳今夜请将我遗忘》6人本 3男3女（不建议反串）剧本类型:独家本 欢乐 机制本 立意 情感本 游戏时间:8.5小时 实话实说 测车 大家 都对 剧本 提出了 自己的 宝贵 建议 我只能说 剧本还有 改动的空间 推荐人群:公司团建 新手玩家 ...全文,现代 机制 欢乐 二次元
无名之町2下篇,,0,0,0,0,0,0,0,0,0,0,0,0,0,0,0,0,0,0,0,0,0,0,0,,,
岁月神偷,岁月神偷,5.8,6,0,0,0,6.2,0,0,6.1,0,0,0,0,0,0,0,0,0,0,0,3.4,3285,158,古余工作室,3男3女 4.5小时 进阶 2023.01发行,中式 情感 沉浸 都市
江山辞,江山辞,6.4,6.4,0,0,0,6.7,0,0,6.7,0,0,0,0,0,0,0,0,0,0,0,3.4,9562,634,海上仙山,3男3女 5.5小时 进阶 2022.10发行,古风 情感 沉浸 家国
厄鸦之轮,厄鸦之轮,7.9,7.5,0,0,0,0,0,7.4,0,0,0,0,0,0,0,0,0,0,0,0,11.3,13720,578,集闲社文创,4男2女 5.0小时 进阶 2022.05发行,
一颗开花的树,,0,0,0,0,0,0,0,0,0,0,0,0,0,0,0,0,0,0,0,0,0,0,0,,,
明天,,0,0,0,0,0,0,0,0,0,0,0,0,0,0,0,0,0,0,0,0,0,0,0,,,
小山重叠金明灭,小山重叠金明灭,7,6.6,0,6.7,0,0,0,6.8,0,0,0,0,0,0,0,0,0,0,0,0,5043,8785,182,鹿鸣工作室,4男4女 4.5小时 进阶 2021.03发行,
云海,,0,0,0,0,0,0,0,0,0,0,0,0,0,0,0,0,0,0,0,0,0,0,0,,,
过期少年,过期少年,7,7.1,0,0,0,7.1,0,6.8,0,0,0,0,0,0,0,0,0,0,0,0,6577,16170,821,脑力觉醒,3男4女 4.0小时 新手 2022.12发行,
三点半,三点半,6.5,6.7,0,0,0,0,0,6.6,0,0,0,0,0,0,0,0,0,0,0,0,11.3,43796,1361,空山工作室,3男3女 4.5小时 进阶 2022.11发行,
晚秋,晚秋,6.9,6.9,0,0,0,7.1,0,0,0,7.8,0,0,0,0,0,0,0,0,0,0,6707,17027,1060,枫叶工作室; 向阳岛工作室,3男3女 5.5小时 进阶 2022.09发行,古风 情感 演绎 武侠
豪门31冥海缒幽,,0,0,0,0,0,0,0,0,0,0,0,0,0,0,0,0,0,0,0,0,0,0,0,,,
WwW创伤废土世界,WwW创伤废土世界,7.4,7.3,0,0,0,0,0,7.4,0,0,0,0,0,0,7.3,0,0,0,0,0,6577,5879,363,武汉未蓝原创,3男3女 5.0小时 进阶 2022.12发行,
大话西游长安乱,,0,0,0,0,0,0,0,0,0,0,0,0,0,0,0,0,0,0,0,0,0,0,0,,,
未名,未名,6.8,6.8,0,0,0,7,0,0,7,0,0,0,0,0,0,0,0,0,0,0,3.4,6834,501,诸葛发行工作室; 逍山文创,百本选手说剧本:剧本《未名》6人本 3男3女（不可反串）剧本类型:城限本 情感本 游戏时间:5小时左右 实话实说 这个本 不行 不好玩 剧情 也不行 🈶边缘角色 主 家国线 亲情 爱情 一共🈶 三个本 前面你🈶多欢乐 后面你就🈶 多难受 这个本 🈚️凶案 🈶演绎 是一个传统意义上的 复古情感本 作者文笔一般 剧情不行 人...全文,古风 情感 沉浸 家国
离家出走,离家出走,8.7,8.5,7.9,0,0,0,0,0,0,0,8.2,0,0,0,0,0,0,0,0,0,64968,49103,4829,子夜推理工作室,5男2女 10.0小时 高阶 2022.06发行,
沈园外,沈园外,6.4,6.5,0,0,0,0,6.2,0,6.4,0,0,0,0,0,0,0,0,0,0,0,7609,3874,167,苍山剧社,3男3女 4.0小时 进阶,中式 机制 沉浸 都市
月色里的塞纳河,月色里的塞纳河,7.4,7.1,6.8,0,0,0,0,0,0,0,0,0,0,0,7.3,0,0,0,0,0,2021,6510,149,风月发行,4男3女 4.0小时 进阶 2021.05发行,
木叶动秋声,木叶动秋声,7,6.9,6.3,0,0,0,0,0,0,0,0,0,0,0,7,0,0,0,0,0,1.4,1625,56,白昼剧制,3男3女 4.0小时 进阶 2021.12发行,
游子三旬一期一会,,0,0,0,0,0,0,0,0,0,0,0,0,0,0,0,0,0,0,0,0,0,0,0,,,
追光者,追光者,5,0,0,0,0,0,0,0,0,0,0,0,0,0,0,0,0,0,0,0,6712,0,0,乌鸦工作室,3男3女 4.0小时 新手,
硬币的第四面,硬币的第四面,8.1,7.6,7.4,0,0,0,0,0,0,0,0,0,0,0,7.9,0,0,0,0,0,1.4,19975,1680,唱唱反调剧本工作室,百本选手说剧本:剧本《硬币的第四面》6人本 3男3女（可以反串）剧本类型:城限本 刑侦 还原本 游戏时间:6小时左右 👬适合人群：喜欢 跟着 DM 的 指引 走的 玩家 喜欢 最后 超级 大还原 的 玩家 喜欢 故事分享大会 ...全文,
除却巫山,除却巫山,6.3,6.5,0,0,0,6.8,0,0,6.7,0,0,0,0,0,0,0,0,0,0,0,3.4,2131,141,天恩院; 山间月工作室,3男3女 4.5小时 进阶 2022.10发行,古风 情感 沉浸 仙侠
野寺坊彷徨之夜,,0,0,0,0,0,0,0,0,0,0,0,0,0,0,0,0,0,0,0,0,0,0,0,,,
电话亭,电话亭,7.3,7.3,0,0,0,0,0,0,7.4,0,0,0,0,0,7.2,0,0,0,0,0,3.4,12316,792,瓦特工作室,3男3女 5.0小时 进阶 2022.10发行,民国 情感 沉浸 都市
一座城2,一座城2,8.7,8.6,8,7.8,0,0,0,0,0,0,0,0,0,0,0,0,0,0,0,0,57410,43663,3995,老姜剧本,2男2女 9.0小时 进阶 2022.09发行,
豪门30曼娜,,0,0,0,0,0,0,0,0,0,0,0,0,0,0,0,0,0,0,0,0,0,0,0,,,
北上南下,北上南下往复东西,6.8,6.6,0,0,0,6.8,6.5,0,0,0,0,0,0,0,0,0,0,0,0,0,7609,7709,410,归途工作室,3男3女 4.0小时 进阶 2022.10发行,中式 机制 沉浸 都市
花园与夜莺,花园与夜莺,8.5,8.1,0,0,0,8.1,7.5,0,0,0,0,0,0,0,0,0,0,0,0,0,49170,46600,4096,,3男4女 5.0小时 进阶 2022.08发行,未来 机制 沉浸 科幻
三国封神,三国封神,8.6,7.7,0,0,8,0,8.4,0,0,0,0,0,0,0,0,0,0,0,0,0,3161,75432,5480,FB发行工作室,5男3女 7.0小时 进阶 2022.10发行,
坏家伙们犯罪事件始末,坏家伙们犯罪事件始末,7.5,7.2,0,6.9,0,0,0,7.8,0,0,0,0,0,0,0,0,0,0,0,0,5043,7435,509,山山而川,3男3女 6.0小时 进阶 2022.07发行,
海底,海底,6.4,6.7,6.4,0,0,6.8,0,0,0,0,0,0,0,0,0,0,0,0,0,0,3.4,1933,60,归一工作室,3男3女 4.5小时 进阶 2022.02发行,架空 情感 沉浸 都市
倒转颠末的推理书,,0,0,0,0,0,0,0,0,0,0,0,0,0,0,0,0,0,0,0,0,0,0,0,,,
Re新世界,Re：新世界,8.2,7.9,0,0,0,7.7,0,0,7.6,0,0,0,0,0,0,0,0,0,0,0,7609,39323,2110,草庐,全程约6小时，比较中二，在这个本里体验情感那就大可不必了，女性角色体验会比男性角色好。基本无感的一个本。 机制部分也比较无聊，比较简单，就算没你也一样，没有参与的动力，只...全文,架空 机制 沉浸 二次元
东方美人,东方美人2：天下大同,10,0,0,0,0,0,0,0,0,0,0,0,0,0,0,0,0,0,0,0,7609,0,0,南燕工作室,4男3女 5.0小时 进阶 2022.07发行,古风 机制 沉浸 历史
天机不可泄露,天机不可泄露,7.3,7,0,0,0,0,0,6.7,0,0,0,0,0,0,6.8,0,0,0,0,0,6577,4198,85,九有出品,剧本名称：《天机不可泄露》 角色配置：4男2女 剧本类型：民国/情感/演绎/城限 剧本时长：6小时 剧本杀店：...全文,
怪谈事务所破界,怪谈事务所：破界,9,8.1,0,7.5,0,0,8.8,0,0,0,0,0,0,0,0,0,0,0,0,0,3161,110545,10071,百川望辰工作室,3男3女 10.0小时 进阶 2022.09发行,日式 机制 博弈 怪谈
内卷,内卷,6.4,0,0,0,6.7,0,0,0,6.8,0,0,0,0,0,7.1,0,0,0,0,0,3.8,8996,230,开封府剧本工作室; 臭猴子工作室,4男3女 4.5小时 进阶 2022.01发行,架空 机制 欢乐 都市
奈亚拉美术馆,奈亚拉美术馆,7.1,7,6.8,0,0,0,0,7,0,0,0,0,0,0,0,0,0,0,0,0,4.5,12307,536,未经允许工作室,4男2女 5.5小时 高阶 2022.02发行,
南屏晚钟,南屏晚钟,7.1,7,0,0,0,7.3,0,0,7.3,0,0,0,0,0,0,0,0,0,0,0,3.4,15487,1009,入界文创,3男4女 4.5小时 进阶 2022.09发行,中式 情感 沉浸 历史
如果回忆记得,如果回忆记得,6.3,6.7,0,0,0,6.6,0,0,6.6,0,0,0,0,0,0,0,0,0,0,0,3.4,1141,66,萧氏剧盟,3男3女 4.5小时 新手 2022.09发行,中式 情感 沉浸 都市
百年谋杀漫谈,,0,0,0,0,0,0,0,0,0,0,0,0,0,0,0,0,0,0,0,0,0,0,0,,,
恋爱洗牌,恋爱洗牌,5.7,5.8,0,0,6.4,0,5.9,0,0,0,0,0,0,0,0,0,0,0,0,0,3.8,8328,296,玩剧自由工作室,4男4女 4.5小时 进阶 2022.07发行,架空 机制 欢乐 都市
晴天,晴天,7,6.7,0,0,0,7.2,0,0,7.3,0,0,0,0,0,0,0,0,0,0,0,3.4,10209,420,狸猫文创,3男3女 4.5小时 进阶 2022.06发行,中式 情感 沉浸 都市
夏日奇想,夏日奇想,7,7.3,6.9,0,0,0,0,0,0,0,0,0,0,0,6.8,0,0,0,0,0,1.4,16626,798,剧格工厂,4男3女 5.0小时 高阶 2022.01发行,日式 推理 立意 二次元
你我他下卷旧巷子的猫,,0,0,0,0,0,0,0,0,0,0,0,0,0,0,0,0,0,0,0,0,0,0,0,,,
大雪侦探和倒霉蛋,,0,0,0,0,0,0,0,0,0,0,0,0,0,0,0,0,0,0,0,0,0,0,0,,,
玻璃屋3漫游白兔屋,,0,0,0,0,0,0,0,0,0,0,0,0,0,0,0,0,0,0,0,0,0,0,0,,,
长安一片月,长安一片月,6.8,7.1,0,0,0,6.3,0,0,6.8,0,0,0,0,0,0,0,0,0,0,0,3.4,914,68,破釜沉舟,剧本：《长安一片月》 类型：古风、情感、沉浸、还原、历史 人物：3男3女 时常：4.5-5小时 总评：①推理⭐️⭐️⭐️⭐️ ②剧情⭐️⭐️⭐️⭐...全文,古风 情感 沉浸 历史
玛丽推理守则,,0,0,0,0,0,0,0,0,0,0,0,0,0,0,0,0,0,0,0,0,0,0,0,,,
九霄2,九霄2,7.3,7,0,0,0,7.4,0,6.9,0,0,0,0,0,0,0,0,0,0,0,0,3083,16815,852,武汉呱剧本工作室; 葫芦巷发行工作室,今晚打完二讲实话是有点生气的，此本70%演绎都是男主&npc和女主&npc的故事，2个主角很嗨，4个陪玩大眼瞪小眼！这个本的c位太明显了，没拿到的人可能就是干坐7小时，我作为一个边边，中间一度都会有点困（全程演绎的情况下犯困也是少见），此外文笔之烂我也不想...全文,古风 还原 沉浸 玄幻
水镜八奇3群雄逐鹿,,0,0,0,0,0,0,0,0,0,0,0,0,0,0,0,0,0,0,0,0,0,0,0,,,
不夜城,不夜城,2,0,0,0,0,0,0,0,0,0,0,0,0,0,0,0,0,0,0,0,3.8,0,0,jio滑的工作室,3男3女 4.5小时 进阶 2024.08发行,现代 机制 欢乐 其他
克塔尼德的安全守则,克塔尼德的安全守则,9,0,0,0,0,0,0,0,0,0,0,0,0,0,0,0,0,0,0,0,1.4,0,0,入局文化,3男3女 4.0小时 进阶 2022.07发行,
家长会2爱丽丝的最后一次漫游,家长会2：爱丽丝的最后一次漫游,6.9,7,0,0,0,0,0,0,6.9,0,0,0,0,0,7.2,0,0,0,0,0,6718,5474,214,核桃剧本工作室,3男3女 4.5小时 进阶,
乌骨,乌骨,7.7,7.6,0,0,0,7.6,0,7.3,0,0,0,0,0,0,0,0,0,0,0,0,3.4,66401,4493,树人工作室,百本选手说剧本:剧本《乌骨》6人本 4女2男 剧本类型:城限本 情感本 游戏时间:6.5小时左右 👬适合人群：情感本玩家 ❤剧情感受：...全文,古风 情感 沉浸 武侠
树洞,《树洞》,0,0,0,0,0,0,0,0,0,0,0,0,0,0,0,0,0,0,0,0,0,0,0,V崽工作室,2男4女 4.5小时 新手 2022.07发行,中式 情感 沉浸 都市
卖快乐的人,卖快乐的人,7.6,7.4,0,0,0,0,0,0,7.3,0,0,0,0,0,0,0,0,0,0,0,5322,21657,975,橘·剧本实验室,2男3女 4.5小时 新手 2022.07发行,日式 情感 治愈 都市
吟梦集,吟梦集,6,6.2,5.8,0,0,6.6,0,0,0,0,0,0,0,0,0,0,0,0,0,0,2.8,7675,163,婳张工作室,3男3女 5.0小时 进阶 2021.06发行,古风 推理 沉浸 家国
八苦捌苦,,0,0,0,0,0,0,0,0,0,0,0,0,0,0,0,0,0,0,0,0,0,0,0,,,
帕拉丁,帕拉丁（PALADIN）,7.3,6.6,0,0,7,0,0,0,0,0,0,0,0,0,0,7.4,0,0,0,0,9517,17790,782,知道剧行,4男3女 6.0小时 进阶 2022.05发行,
六个盒子β帕佐庄园,,0,0,0,0,0,0,0,0,0,0,0,0,0,0,0,0,0,0,0,0,0,0,0,,,
桔梗花消失的秋天,,0,0,0,0,0,0,0,0,0,0,0,0,0,0,0,0,0,0,0,0,0,0,0,,,
丁达尔克的神奇夜,丁达尔克的神奇夜,7.7,7.7,7.2,6.6,0,0,0,0,0,0,0,0,0,0,0,0,0,0,0,0,47598,122322,6922,灰烬工作室,3男3女 6.0小时 进阶 2022.07发行,架空 机制 沉浸 进阶
王府跪谈,,0,0,0,0,0,0,0,0,0,0,0,0,0,0,0,0,0,0,0,0,0,0,0,,,
兔子世界下起胡萝卜雨,,0,0,0,0,0,0,0,0,0,0,0,0,0,0,0,0,0,0,0,0,0,0,0,,,
蜀山传之人间篇,蜀山传之人间篇,7.6,7.4,0,0,0,7,7,0,0,0,0,0,0,0,0,0,0,0,0,0,3161,11691,225,小本买卖工作室; FB发行工作室,3男3女 4.0小时 进阶,古风 机制 博弈 仙侠
地狱收音机,青川怪谈：地狱收音机,6.6,6.8,6.6,0,0,0,0,0,0,0,0,0,0,0,6.5,0,0,0,0,0,1.4,7493,319,白夜追熊工作室,3男3女 4.5小时 进阶 2022.06发行,
回家2远方,回家2远方,7.6,7.2,0,0,0,7.5,0,0,7.5,0,0,0,0,0,0,0,0,0,0,0,3.4,12517,505,枫叶工作室; 北京BIG,3男3女 4.5小时 进阶 2022.04发行,中式 情感 沉浸 都市
w,,0,0,0,0,0,0,0,0,0,0,0,0,0,0,0,0,0,0,0,0,0,0,0,,,
将死未死的thx,将死未死的THX,6.1,6.5,6.4,6.3,0,0,0,0,0,0,0,0,0,0,0,0,0,0,0,0,14084,33466,1143,满分工作室; DA剧本工场,【将死未死的THX】反转／推理／还原／悬疑 【角色时长】眼镜男／7小时 【人数配置】4男2女／可反串 【推荐角色】无边缘位，确实想上车体验的话推荐衬衫男／卫衣女 【选店建议】该本对DM要求极高！不是演...全文,
花与爱丽丝,,0,0,0,0,0,0,0,0,0,0,0,0,0,0,0,0,0,0,0,0,0,0,0,,,
鲸落,鲸落,8.5,8,0,0,0,0,0,0,0,0,7.8,0,0,0,8.4,0,0,0,0,0,6090,107402,5860,表里山河创作; 疯狂剧制,2男3女 4.5小时 进阶 2022.06发行,
归途花开,归途花开,6.8,7,0,0,0,6.7,0,0,7,0,0,0,0,0,0,0,0,0,0,0,3.4,3336,115,扶摇文创工作室,3男3女 4.5小时 进阶,中式 情感 沉浸 都市
小吊梨汤2从前的月亮是个橘子,,0,0,0,0,0,0,0,0,0,0,0,0,0,0,0,0,0,0,0,0,0,0,0,,,
吉田花屋山田洋子2,山田洋子2：吉田花屋,6.9,7,6.7,0,0,0,0,0,0,0,0,0,0,0,0,0,0,0,0,0,9655,21404,513,水镜出品,3男3女 4.5小时 进阶 2022.05发行,日式 推理 惊悚 怪谈
孤舟萤豪门系列,,0,0,0,0,0,0,0,0,0,0,0,0,0,0,0,0,0,0,0,0,0,0,0,,,
哈哈哈哈哈哈,哈哈哈哈哈哈哈,6.1,6,0,0,6.8,0,6.1,0,0,0,0,0,0,0,0,0,0,0,0,0,3.8,17941,446,帽子戏法工作室,3男4女 4.0小时 进阶 2022.05发行,架空 机制 欢乐 都市
玫瑰玫瑰,,0,0,0,0,0,0,0,0,0,0,0,0,0,0,0,0,0,0,0,0,0,0,0,,,
苍岐,,0,0,0,0,0,0,0,0,0,0,0,0,0,0,0,0,0,0,0,0,0,0,0,,,
凤起长安,,0,0,0,0,0,0,0,0,0,0,0,0,0,0,0,0,0,0,0,0,0,0,0,,,
余生,《余生》,2,0,0,0,0,0,0,0,0,0,0,0,0,0,0,0,0,0,0,0,5322,0,0,ActionGame·沉浸式剧场,4男4女 3.5小时 新手 2023.11发行,
死刑犯的独白,死刑犯的独白,7.9,7.4,0,7.1,0,0,0,7.5,0,0,0,0,0,0,0,0,0,0,0,0,5043,31872,1760,小鱼干工作室,【5小时/马小斌/有明显c位/体验分：3分】 ❎一句话总结：非刑侦本玩家真天牢系列 『🌟关键词：味同嚼蜡，猪肉味的鸡肉干，c位明显，叙诡生硬，2024年不用再补课』 『🌟角色体验：男女体验没有明显偏差。...全文,
元德十三年,元德十三年：京师之乱,7.1,7,0,0,0,6.9,0,6.6,0,0,0,0,0,0,0,0,0,0,0,0,3083,6404,308,惊查局文创工作室,3男4女 4.5小时 进阶,古风 还原 沉浸 家国
嘉禾望岗,芳华2：嘉禾望岗,7.7,7.5,0,0,0,7.6,0,0,0,7.5,0,0,0,0,0,0,0,0,0,0,6718,12150,445,燃点工作室,3男3女 4.0小时 进阶 2021.11发行,
恶名昭著3杀手没有假期,恶名昭著3：杀手没有假期,7.7,7.7,6.8,6.6,0,0,0,0,0,0,0,0,0,0,0,0,0,0,0,0,11092,16936,640,东方剧制,4男2女 4.5小时 进阶 2022.04发行,
十分之一,十分之一1/10,7.4,7.3,0,0,0,7.3,6.7,0,0,0,0,0,0,0,0,0,0,0,0,0,7609,16445,592,砝码文创工作室,3男3女 4.0小时 进阶 2022.05发行,架空 机制 沉浸 都市
你还有遗憾吗？,你还有遗憾吗,6.7,6.3,0,0,0,6.4,0,0,0,6.1,0,0,0,0,0,0,0,0,0,0,6718,3110,101,西安如约而至; 天津剧盟发行工作室,2男4女 4.5小时 新手 2021.08发行,
怪闻夜行惊奇卷,怪闻！夜行惊奇卷,7.5,7.2,7.4,0,0,0,0,0,0,0,0,0,0,0,0,0,0,0,0,0,38394,60271,3528,葵花工作室; 咪咕挑灯工作室,3男3女 5.5小时 高阶 2022.06发行,
稚双归,,0,0,0,0,0,0,0,0,0,0,0,0,0,0,0,0,0,0,0,0,0,0,0,,,
金箍,金箍,8.2,7.7,0,0,0,7.8,0,0,0,8.6,0,0,0,0,0,0,0,0,0,0,6718,48154,2639,道友留步; 卡卡工作室,3男3女 5.0小时 进阶 2022.01发行,古风 情感 演绎 神话
达摩克利斯之剑,达摩克利斯之剑,7.4,7.6,6.8,0,0,0,0,0,0,0,0,0,0,0,7,0,0,0,0,0,1.4,19292,996,口袋发行,4男2女 6.0小时 高阶 2022.01发行,
浮生梦余烬,浮生梦·余烬,8,7.8,0,0,0,7.7,0,0,0,8.2,0,0,0,0,0,0,0,0,0,0,6718,43042,2114,浮生梦文创,3男3女 4.5小时 进阶 2022.02发行,
春日怨.半仙瓦舍,,0,0,0,0,0,0,0,0,0,0,0,0,0,0,0,0,0,0,0,0,0,0,0,,,
半盏茶事半盏茶室,,0,0,0,0,0,0,0,0,0,0,0,0,0,0,0,0,0,0,0,0,0,0,0,,,
横行加勒比.无人之海,横行加勒比：无人之海,7,6.8,0,0,0,0,7.3,0,0,0,0,0,0,0,6.9,0,0,0,0,0,748,5099,128,山橘推理,4男2女 4.0小时 新手 2021.11发行,欧美 机制 立意 新手
老骗子俱乐部2,老骗子俱乐部2,7,6.8,0,0,7.3,0,7,0,0,0,0,0,0,0,0,0,0,0,0,0,3.8,34719,789,飞鱼探案,百本选手说剧本:剧本《老骗子俱乐部2》6人本 3男3女 剧本类型:盒装本 欢乐 机制本 游戏时间:5.5小时左右 这个本 还挺不错的 少有的 第二部作品 超越第一部的 适合 戏精玩家 阳光开朗的玩家 （我获得了最后的CEO）特别开心😊 🈶 跑团 🈶凶案 🈶私聊 🈶公聊 🈶投票 🈶技能 总结一句话 就是 开开心心 随便打的 一个本,中式 机制 欢乐 都市
神乐汤,神乐汤,7.9,7.5,7.2,0,7.2,0,0,0,0,0,0,0,0,0,0,0,0,0,0,0,30910,79633,4320,黑马剧制; 元宇宙故事局,3男2女 4.5小时 进阶 2022.03发行,日式 推理 欢乐 玄幻
你不知道的事,你不知道的事,7.3,7.1,6.8,0,0,0,0,0,7,0,0,0,0,0,0,0,0,0,0,0,2.8,4340,89,墨得创意; 山橘推理,3男3女 4.0小时 新手 2021.06发行,中式 推理 沉浸 家国
月亮沉入海底时,月亮沉入海底时,7.3,7.1,0,0,0,7.4,6.2,0,0,0,0,0,0,0,0,0,0,0,0,0,7609,44177,1576,书凝出品,3男3女 4.0小时 进阶 2022.03发行,中式 机制 沉浸 校园
关于北原千夜的一切,关于北原千夜的一切,8.6,8.3,0,0,0,0,0,8.2,0,0,7.7,0,0,0,0,0,0,0,0,0,1.1,170819,16216,禾风工作室,4男2女 4.5小时 进阶 2022.04发行,
再见的三次方,,0,0,0,0,0,0,0,0,0,0,0,0,0,0,0,0,0,0,0,0,0,0,0,,,
风华,风华,6.4,6.6,6.2,0,0,0,0,0,6.7,0,0,0,0,0,0,0,0,0,0,0,2.8,1599,48,DA剧本工场,3男3女 4.0小时 进阶,古风 推理 沉浸 武侠
世纪末最后的萤火侦探,世纪末最后的萤火侦探,7.3,7.5,6.8,0,0,7.4,0,0,0,0,0,0,0,0,0,0,0,0,0,0,19231,26478,1534,江东剧制,4男2女 6.0小时 高阶 2021.11发行,日式 推理 演绎法 都市
三体最终决议,,0,0,0,0,0,0,0,0,0,0,0,0,0,0,0,0,0,0,0,0,0,0,0,,,
青楼2,青楼2,6,6.3,0,0,6.7,0,6.3,0,0,0,0,0,0,0,0,0,0,0,0,0,3.8,85287,2128,西昆仑发行工作室,4男3女 4.0小时 进阶 2022.04发行,架空 机制 欢乐 武侠
盛夏白瓷梅子汤,盛夏白瓷梅子汤,7.5,7.2,5.8,0,0,0,0,0,7.1,0,0,0,0,0,0,0,0,0,0,0,3.4,13390,384,白昼剧制,《盛夏白瓷梅子汤》⭐️⭐️⭐️⭐️ 📖剧本类型：中式/治愈/情感/新手 👦🏻玩家配置：③男④女 ⌚️体验时长：⑤小时 ❤️体验角色：慕长风（这个角色像我...全文,中式 情感 沉浸 都市
神注视着你,神注视着你,8,7.7,7.1,0,0,0,0,0,0,0,0,0,0,0,0,0,0,0,0,0,16230,24319,879,南昌罗生门推理室,3男3女 4.5小时 进阶 2021.05发行,
帕佐庄园,帕佐庄园,8,7.4,7.5,7.2,0,0,0,0,0,0,0,0,0,0,0,0,0,0,0,0,29945,51982,2295,老玉米联合工作室; PUZZLER工作室,4男2女 5.0小时 高阶 2021.08发行,
239二三九,,0,0,0,0,0,0,0,0,0,0,0,0,0,0,0,0,0,0,0,0,0,0,0,,,
冷宫,冷宫,6.1,6.2,0,0,6.6,0,5.9,0,0,0,0,0,0,0,0,0,0,0,0,0,3.8,3901,104,传送门工作室,1男5女 3.0小时 进阶 2021.07发行,架空 机制 欢乐 科幻
桑北花杀2月隐西凌,桑北花杀2：月隐西凌,6.9,6.6,0,6.1,0,0,0,0,0,0,0,0,0,0,0,6.9,0,0,0,0,9517,20935,641,老玉米联合工作室,4男4女 5.0小时 进阶 2021.11发行,
向日葵之家,向日葵之家,7.9,7.4,6.8,0,0,0,0,0,7.3,0,0,0,0,0,0,0,0,0,0,0,2.8,10813,303,预谋剧制,“哪有什么岁月静好，只是有人在替你负重前行” 单纯为了哲男上的车，体验真的特别好，体量不大时长4小时，但是需要两位男dm演绎再搭配一个女演员. 感谢哲男、梓新、冰冰的...全文,中式 推理 沉浸 都市
霜华引2,霜华引2：沉星赋,6.3,6.3,6.1,0,0,0,0,0,6.8,0,0,0,0,0,0,0,0,0,0,0,3161,4802,125,剧满楼创意工作室,4男3女 4.5小时 进阶 2021.10发行,古风 机制 博弈 仙侠
谭山高校怪谈,K的游戏：诡寓实录2谭山高校怪谈,6,0,0,0,0,0,0,0,0,0,0,0,0,0,0,0,0,0,0,0,0,0,0,K的游戏,1男0女 2.0小时 新手 2021.09发行,
杀猪,杀猪,6,6.2,0,0,6.8,0,6.4,0,0,0,0,0,0,0,0,0,0,0,0,0,3.8,78941,2055,十库工作室,5男3女 4.5小时 进阶 2022.03发行,架空 机制 欢乐 都市
虚无的十字架,,0,0,0,0,0,0,0,0,0,0,0,0,0,0,0,0,0,0,0,0,0,0,0,,,
达知县,,0,0,0,0,0,0,0,0,0,0,0,0,0,0,0,0,0,0,0,0,0,0,0,,,
暗黑者2七宗欲,,0,0,0,0,0,0,0,0,0,0,0,0,0,0,0,0,0,0,0,0,0,0,0,,,
三十二年春,三十二年春,7.2,7,0,0,0,6.9,0,0,0,6.6,0,0,0,0,0,0,0,0,0,0,6718,16847,561,树人工作室,4男3女 5.0小时 进阶,古风 情感 演绎 家国
逃脱艺术家,逃脱艺术家2：叙弗涅密契,8.8,7.9,8.6,0,0,0,0,0,0,0,8.3,0,0,0,0,0,0,0,0,0,39113,24149,3867,山橘推理; 为雨发行工作室,3男3女 10.0小时 进阶 2025.03发行,
俞家旅馆,,0,0,0,0,0,0,0,0,0,0,0,0,0,0,0,0,0,0,0,0,0,0,0,,,
大唐秘史神龙劫,大唐秘史·神龙劫,5.7,6.6,0,6.1,0,0,0,0,0,0,0,0,0,0,0,6.4,0,0,0,0,9517,8061,209,老玉米联合工作室; 九根香工作室,【类型】：阵营、机制、情感、还原、古风 【人数】：8人（4男4女） 【时长】：5.5小时 【关键词：盒装价格! 城限质量! 】 玩之前没有了解过这个本，被朋友拉上车的。开始玩了以后发现剧本的故事线完整，人物关系看似...全文,
北纬62度的风,,0,0,0,0,0,0,0,0,0,0,0,0,0,0,0,0,0,0,0,0,0,0,0,,,
遇见寰宇,遇见寰宇,5.6,6.1,6.4,6,0,0,0,0,0,0,0,0,0,0,0,0,0,0,0,0,11953,24686,798,灰烬工作室,3男3女 6.0小时 高阶 2022.01发行,
甜蜜的家,甜蜜的家,7.6,7.2,7.3,0,0,0,0,0,0,0,0,0,0,0,0,0,0,0,0,0,11542,34494,1560,凡几剧制,3男2女 4.0小时 进阶 2022.01发行,
下凡神仙的悲惨生活,下凡神仙的悲惨生活,5.9,6.2,0,0,7,0,6.6,0,0,0,0,0,0,0,0,0,0,0,0,0,3.8,10125,217,铭思文化,4男3女 3.0小时 新手 2021.11发行,架空 机制 欢乐 玄幻
星之子,星之子,7.3,7.1,0,0,0,6.9,0,0,7.3,0,0,0,0,0,0,0,0,0,0,0,6718,3975,144,相骏诗工作室,3男3女 4.0小时 进阶 2021.08发行,
晚安风铃草,晚安风铃草,7.5,7.2,7,0,0,0,0,0,7.4,0,0,0,0,0,0,0,0,0,0,0,7609,6182,215,梦境岭剧本工作室,补测系列《晚安风铃草》⭐️⭐️⭐️ 📖剧本类型：现代/情感/欢乐/新手 👦🏻玩家配置：③男③女 ⌚️体验时长：4.5小时 ❤️体验角色...全文,中式 机制 沉浸 都市
江湖,,0,0,0,0,0,0,0,0,0,0,0,0,0,0,0,0,0,0,0,0,0,0,0,,,
涂川2：三生契,涂川2：三生契,8.2,7.5,0,0,0,7.9,0,0,0,8.7,0,0,0,0,0,0,0,0,0,0,45302,96993,4857,,3男3女 4.5小时 新手 2021.12发行,古风 情感 演绎 玄幻
猎人笔记正午,猎人笔记：正午,8.5,8,0,0,0,0,0,0,7.8,0,0,0,0,0,8,0,0,0,0,0,34591,61149,2919,雪碧工作室,百本选手说剧本:剧本《猎人笔记:正午》7人本 4男3女（最好不反串）剧本类型:城限本 立意本 游戏时间:5小时左右 👬适合人群：考...全文,
聆听者2：密语人,聆听者2：密语人,10,0,0,0,0,0,0,0,0,0,0,0,0,0,0,0,0,0,0,0,0,0,0,伊一工作室,3男4女 4.5小时 新手 2022.03发行,
七日囚徒,七日囚徒,7.8,7.6,0,0,0,0,0,7.5,0,0,0,0,0,0,0,0,0,0,0,0,11.3,47103,2418,武汉Top剧本工作,3男3女 5.5小时 进阶 2022.09发行,
林记凉茶铺1996,林记凉茶铺：1996,8.5,7.9,0,0,0,8.1,0,0,0,8.2,0,0,0,0,0,0,0,0,0,0,6718,35054,2531,国家地理探测室,3男3女 4.5小时 进阶 2022.03发行,
新第二十二条校规七夜,,0,0,0,0,0,0,0,0,0,0,0,0,0,0,0,0,0,0,0,0,0,0,0,,,
虚构推理2狩猎,虚构推理2：狩猎,8,7.6,7.6,7.5,0,0,0,0,0,0,0,0,0,0,0,0,0,0,0,0,33232,43613,2666,曼彻斯特書局,百本选手说剧本:剧本《虚构推理2:狩猎》6人本 4男2女（可以反串）剧本类型:城限本 刑侦本 游戏时间:4.5小时 👬适合人群：火舞猫...全文,
还钱,还钱！,7.1,6.7,0,0,7.4,0,6.9,0,0,0,0,0,0,0,0,0,0,0,0,0,3.8,38902,1101,十库工作室; 咪咕挑灯工作室,4男2女 4.0小时 新手 2022.11发行,中式 机制 欢乐 都市
九州四海入镜来,九州四海入镜来,8.5,8.1,0,0,0,8.1,0,0,0,8.5,0,0,0,0,0,0,0,0,0,0,6718,103243,8181,天地之间,3男3女 5.0小时 新手 2022.07发行,古风 情感 演绎 家国
告白,告白,7,0,0,0,0,0,0,0,0,0,0,0,0,0,0,0,0,0,0,0,6718,0,0,赛博天空剧本杀工作室,2男4女 4.5小时 进阶 2023.03发行,
枯百合,枯百合,6.3,6.8,0,0,0,0,0,6.6,0,0,0,0,0,0,0,0,0,0,0,0,11.3,9006,268,三寸空间,3男3女 4.5小时 进阶 2022.04发行,
斯特拉的法则,斯特拉的法则,7.8,7.2,7.4,7,0,0,0,0,0,0,0,0,0,0,0,0,0,0,0,0,10572,18879,917,起源ORIGIN工作室,5男2女 5.0小时 高阶 2021.10发行,
失聪十二秒,失聪十二秒：2046,7.4,6.9,6.7,0,0,7.4,0,0,0,0,0,0,0,0,0,0,0,0,0,0,2.8,13645,366,国家地理探测室; 桌立方,4男3女 4.5小时 进阶 2021.04发行,港澳 推理 沉浸 家国
无人犯罪,无人犯罪,8,7.5,0,7.2,0,0,7.1,0,0,0,0,0,0,0,0,0,0,0,0,0,2.6,37341,1586,疯狂剧制,3男3女 4.5小时 进阶 2022.04发行,
日落大道,日落大道,6.4,6.9,7,0,0,0,0,0,6.9,0,0,0,0,0,0,0,0,0,0,0,7609,3774,177,呓语剧本创作,3男3女 4.5小时 进阶 2022.03发行,架空 机制 沉浸 都市
大鱼海棠,大鱼海棠·前传,5.8,6.2,0,0,0,6.3,0,0,0,6.5,0,0,0,0,0,0,0,0,0,0,6718,2565,77,月球旅行,2男4女 4.0小时 新手,
消沉的神明,消沉的神明,5.7,6.3,6.4,0,0,0,0,0,0,0,0,0,0,0,6.6,0,0,0,0,0,1.4,6698,96,东方剧制,3男3女 4.5小时 高阶 2021.05发行,
水镜八奇2权倾天下,,0,0,0,0,0,0,0,0,0,0,0,0,0,0,0,0,0,0,0,0,0,0,0,,,
豪门28：枉痴心,,0,0,0,0,0,0,0,0,0,0,0,0,0,0,0,0,0,0,0,0,0,0,0,,,
一探纠镜,一探纠镜,7.7,7,7.4,0,0,0,0,0,0,0,0,0,0,0,0,0,0,0,0,0,25240,60520,2694,武汉未蓝原创,3男3女 4.5小时 进阶 2022.01发行,
悟空,悟空,6.1,6.4,0,0,0,6.6,0,0,0,6.6,0,0,0,0,0,0,0,0,0,0,6718,4532,74,TEEMO谋杀之谜工作室,3男3女 4.5小时 进阶 2020.11发行,古风 情感 演绎 神话
人间记,,0,0,0,0,0,0,0,0,0,0,0,0,0,0,0,0,0,0,0,0,0,0,0,,,
糖,,0,0,0,0,0,0,0,0,0,0,0,0,0,0,0,0,0,0,0,0,0,0,0,,,
三谢世涂,三谢世涂,8,7.6,0,0,0,8,7.4,0,0,0,0,0,0,0,0,0,0,0,0,0,3.4,98503,4844,山海间工作室,3男3女 4.5小时 新手,中式 情感 沉浸 都市
壬辰倭乱,壬辰倭乱,8.4,8,0,0,0,7.6,7.4,0,0,0,0,0,0,0,0,0,0,0,0,0,3161,36194,1535,百川望辰工作室,百本选手说剧本:剧本《壬辰倭乱》7人本 4男3女（不可反串）剧本类型:城限本 情感机制本 游戏时间:5小时左右 👬适合人群：...全文,
红夷海乱,红夷海乱,8.4,8.1,0,0,0,7.8,7.5,0,0,0,0,0,0,0,0,0,0,0,0,0,3161,50072,2366,百川望辰工作室,4男3女 4.0小时 进阶 2021.06发行,
昼尽夜阳时,昼尽夜阳时,4.6,6.1,6.2,0,0,0,0,0,0,0,0,0,0,0,6,0,0,0,0,0,1.4,8726,142,游趣剧本工作室,4男2女 5.5小时 进阶 2021.10发行,
野蔷薇2：落椿（开本整理）,,0,0,0,0,0,0,0,0,0,0,0,0,0,0,0,0,0,0,0,0,0,0,0,,,
罪名成立,罪名成立,6.4,0,0,0,0,0,0,7,0,7.1,0,0,0,0,7,0,0,0,0,0,2.8,54420,1922,西安蛛丝马迹,4男4女 4.5小时 进阶 2021.12发行,中式 推理 沉浸 刑侦
我于海底之城窥视神明,我于海底之城窥视神明,6.4,6.8,7,6.9,0,0,0,0,0,0,0,0,0,0,0,0,0,0,0,0,525,3935,79,预谋剧制,4男2女 5.0小时 进阶 2021.10发行,
印斯茅斯（无码）,印斯茅斯,7.8,7.4,7.2,7.2,0,0,0,0,0,0,0,0,0,0,0,0,0,0,0,0,21061,45276,1739,外星人,百本选手说剧本:剧本《印斯茅斯》7人本 4男3女 剧本类型:盒装本 还原本 微恐+跑团 游戏时间:5小时左右 这个本 是 2年前的剧本 质量还是 挺不错的 剧本中 🈶 凶案 🈶密室 🈶许多可以盘的东西 剧本 阅读量 适中 难度 也还可以 说回剧本 ...全文,
汴京梦,汴京梦,6.8,6.8,6.1,0,0,6.9,0,0,0,0,0,0,0,0,0,0,0,0,0,0,2.8,15255,459,高冷小盒工作室; 团剧文创工作室,3男3女 4.0小时 进阶 2021.08发行,古风 推理 沉浸 都市
神的孩子在跳舞,神的孩子在跳舞,6.9,7,7.1,0,0,0,0,0,0,0,0,0,0,0,0,0,0,0,0,0,6360,19492,581,镜花水月工作室,3男3女 4.5小时 进阶 2022.01发行,
持斧奥夫外传：玩剧本吗,,0,0,0,0,0,0,0,0,0,0,0,0,0,0,0,0,0,0,0,0,0,0,0,,,
亡灵序章,亡灵序章,7,7,0,6.7,0,0,6.9,0,0,0,0,0,0,0,0,0,0,0,0,0,2.6,4358,122,鲜焰文化,第126本，亡灵序章 综合评分:7 剧本类型:机制推理还原 人物角色:3男3女 时长:4小时 角...全文,
暗贱难防,暗贱难防,5.2,5.3,0,0,5.9,0,5.2,0,0,0,0,0,0,0,0,0,0,0,0,0,3.8,10303,242,猛龙有家剧本发行工作室,3男3女 3.5小时 进阶 2022.01发行,中式 机制 欢乐 都市
彼岸2雪花绽放的那天风车转动,彼岸2·雪花绽放的那天风车转动,7.3,7.2,6.5,0,0,0,0,0,7.3,0,0,0,0,0,0,0,0,0,0,0,7609,7248,220,拾柒工作室,4男3女 4.5小时 进阶,中式 机制 沉浸 童话
你好2她说,你好2：她说,6.4,6.6,0,0,0,7,6.6,0,0,0,0,0,0,0,0,0,0,0,0,0,7609,8967,245,梦墨绘梦馆,3男3女 4.0小时 进阶 2022.01发行,中式 机制 沉浸 都市
梨花织梦,谪仙遥·梨花织梦,6.4,6.7,0,0,0,6.6,0,0,0,7,0,0,0,0,0,0,0,0,0,0,6719,2833,60,魔都谜羽工作室,3男3女 4.0小时 新手 2021.07发行,古风 情感 演绎 神话
红昭愿,红昭愿,5.1,5.5,0,0,0,5.4,0,0,0,5.4,0,0,0,0,0,0,0,0,0,0,6719,9310,188,盛世剧制,3男3女 4.0小时 进阶 2022.01发行,古风 情感 演绎 武侠
马力恋梦露,马力恋梦露,7.3,7.1,6.7,0,7.2,0,0,0,0,0,0,0,0,0,0,0,0,0,0,0,1170,6633,197,肆言良语,3男3女 4.0小时 新手 2021.10发行,架空 推理 欢乐 都市
傻子,傻子,7,6.9,0,0,0,0,0,0,7.2,0,0,0,0,0,7.1,0,0,0,0,0,6719,14927,410,枫叶工作室,3男3女 4.5小时 进阶 2021.11发行,
梦巴比妥,梦巴比妥,4.1,5.1,4.7,0,0,0,0,0,0,0,0,0,0,0,5.2,0,0,0,0,0,1.4,12609,364,梦巴文化,4男3女 5.0小时 高阶 2021.12发行,
谍影·瞒天过海,谍影：瞒天过海,8.1,7.6,0,0,0,0,0,0,0,0,7.5,0,0,0,0,7.7,0,0,0,0,9517,41575,1730,西番推理; 嘿咔文创,4男3女 4.5小时 进阶 2021.10发行,
逢山遇鬼2：知命,逢山遇鬼2：知命,7.2,7.1,0,0,0,7.1,0,6.6,0,0,0,0,0,0,0,0,0,0,0,0,3083,24531,657,沧之溟工作室,3男4女 3.5小时 新手 2021.12发行,古风 还原 沉浸 玄幻
雪乡连环杀人事件,雪乡连环杀人事件,7.7,7.6,7,0,0,0,0,0,0,0,0,0,0,0,0,0,0,0,0,0,64326,278113,26771,李白工作室,3男3女 4.0小时 进阶 2022.01发行,大年三十的除夕夜这几个小孩在干什么？ 类型：推理 还原 欢乐 机制 微恐 剧评：时长4h，体量小，阅读量小，推理难度低；前期真的很欢乐，剧情就是一群小孩吃年夜饭玩游戏，有吃有喝；中期氛围会变的惊悚紧张，共两个案...全文
群星,群星,7.8,7.5,0,0,0,0,7,0,0,0,0,0,0,0,7.9,0,0,0,0,0,26248,60520,2625,表里山河创作; 西安蛛丝马迹,百本选手说剧本:剧本《群星》6人本 3男3女 剧本类型:盒装本 科幻 立意本 游戏时间:4.5小时左右 👬适合人群：新手玩家 表里山河 粉丝 ❤剧情感受：星际穿越 流...全文,架空 机制 立意 新手
愿爱无忧,愿爱无忧,7.9,7.5,5.8,0,0,7.8,0,0,0,0,0,0,0,0,0,0,0,0,0,0,2.8,48233,2391,火车头联合工作室,3男3女 4.0小时 新手 2021.09发行,中式 推理 沉浸 都市
挣扎,挣扎,7,6.6,0,0,0,7,0,0,0,7.4,0,0,0,0,0,0,0,0,0,0,6719,37581,1583,啃大瓜,3男3女 4.0小时 进阶 2022.03发行,
九不思议街,九不思议街,8.5,8.2,7.4,0,0,0,0,0,7.7,0,0,0,0,0,0,0,0,0,0,0,1.3,107640,6797,乱神企划工作室,3男3女 5.0小时 进阶 2021.12发行,欧美 推理 沉浸 怪谈
所爱隔山海,所爱隔山海,7.9,7.3,6,0,0,7.3,0,0,0,0,0,0,0,0,0,0,0,0,0,0,3.4,37306,1416,彼岸花; 造梦人文创,3男3女 4.0小时 进阶 2021.09发行,中式 情感 沉浸 都市
三十一年,三十一年,7.6,7.2,0,0,0,0,6.1,0,7.6,0,0,0,0,0,0,0,0,0,0,0,7609,30158,1280,棋飞翔,4男3女 4.0小时 新手 2021.10发行,古风 机制 沉浸 其他
大梦朱颜改,,0,0,0,0,0,0,0,0,0,0,0,0,0,0,0,0,0,0,0,0,0,0,0,,,
踏雪寻梅,踏雪寻梅,6.4,6.8,6.5,0,0,6.9,0,0,0,0,0,0,0,0,0,0,0,0,0,0,2.8,1156,41,BIGGIE剧本工作室,4男3女 4.0小时 进阶 2021.05发行,古风 推理 沉浸 权谋
大话西游,大话西游,7,6.8,0,0,0,7,0,0,0,7.7,0,0,0,0,0,0,0,0,0,0,6719,0,422,臭猴子工作室; 梦墨绘梦馆,4男4女 4.5小时 进阶 2021.10发行,古风 情感 演绎 神话
麻衣神探,麻衣神探,6.8,6.6,7.1,6.6,0,0,0,0,0,0,0,0,0,0,0,0,0,0,0,0,10866,21397,898,叁叁零制片厂,3男3女 7.0小时 高阶 2021.12发行,架空 推理 演绎法 武侠
情书第九页,情书第九页,7,6.8,0,0,0,0,6.3,0,6.7,0,0,0,0,0,0,0,0,0,0,0,7609,16069,444,鑫梦人生,3男2女 4.5小时 进阶 2022.01发行,中式 机制 沉浸 都市
金陵有座东君书院前传,金陵有座东君书院前传,7.8,7.6,0,0,0,7.4,0,0,7.5,0,0,0,0,0,0,0,0,0,0,0,3.4,106197,3542,LARP原创工作室,3男3女 4.5小时 新手 2021.12发行,古风 情感 沉浸 家国
莫思归,莫思归,6.7,6.4,0,0,0,6.7,0,0,0,7.6,0,0,0,0,0,0,0,0,0,0,6719,21811,682,漢滿楼工作室,3男3女 4.0小时 进阶 2021.08发行,古风 情感 演绎 武侠
鸡鸣暮鼓,鸡鸣暮鼓,6.4,6.3,0,6.5,0,0,0,0,0,0,0,0,0,0,0,6.6,0,0,0,0,9517,6497,127,漫灵剧制,6男2女 4.5小时 新手 2021.10发行,
乐坊旧事,乐坊旧事,7.3,7.1,0,0,0,7.2,0,0,0,7.2,0,0,0,0,0,0,0,0,0,0,6719,18903,753,不俗发行工作室,4男3女 5.0小时 进阶 2021.10发行,古风 情感 演绎 其他
二十四桥明月夜,二十四桥明月夜,8.2,7.9,6.5,0,0,8,0,0,0,0,0,0,0,0,0,0,0,0,0,0,3.4,73133,3873,天地之间,3男3女 4.5小时 进阶 2021.11发行,古风 情感 沉浸 权谋
无羁,无羁,6.9,6.7,0,0,0,6.7,0,0,7.1,0,0,0,0,0,0,0,0,0,0,0,7609,10069,252,时间裂缝,3男3女 4.0小时 进阶 2021.06发行,古风 机制 沉浸 都市
国士,国士,7.2,6.9,0,0,0,6.9,0,0,0,0,0,0,0,0,0,6.9,0,0,0,0,2.3,15297,384,老玉米联合工作室,百本选手说剧本:剧本《国士》8人本 4男4女 剧本类型:城限本 阵营 机制本 游戏时间:4.5小时左右 这个本 是 老玉米发行的本 我 真心觉得 这个本 一般 故事 还可以 最后的机制 比较简单 剧本 美工 真不错 2年前的老本了 现在玩 可能觉得 比较一般 同车的玩家 相当的不错 DM 也专业 无奈 剧本一般,古风 阵营 沉浸 家国
卧底模拟训练,卧底模拟训练,6.1,6.3,6.4,0,0,5.6,0,0,0,0,0,0,0,0,0,0,0,0,0,0,2.8,14564,328,老玉米联合工作室; 帽哥工作室,7男0女 4.5小时 进阶 2021.12发行,港澳 推理 沉浸 刑侦
一米光年,一米光年,7.5,7,0,0,0,7,0,0,0,6.8,0,0,0,0,0,0,0,0,0,0,6719,4174,87,口袋发行,2男3女 5.0小时 进阶 2021.06发行,
非正式访谈,非正式访谈,6.7,6.9,6.9,0,0,0,0,0,6.8,0,0,0,0,0,0,0,0,0,0,0,2.8,4355,80,子不肴工作室,3男3女 4.5小时 高阶 2020.06发行,中式 推理 沉浸 都市
回家,回家,8,7.3,5.9,0,0,7.5,0,0,0,0,0,0,0,0,0,0,0,0,0,0,2.8,34836,1208,北京Q&A侦探推理社; 枫叶工作室,可能因为比较老，所以体量特别小，3个小时就能搞定的本，弊端就是剧情内容不太丰满，但文笔很不错，代入感特别强，人性互相的纠缠展现的淋漓尽致，感觉整体女玩家体验要高于男玩家…后期把列车上的6个玩家爱恨情仇全部展开，对很多玩家都可以直击...全文,中式 推理 沉浸 其他
少年游,少年游,6.1,6.2,0,0,0,6.5,0,0,0,6.9,0,0,0,0,0,0,0,0,0,0,6719,7541,151,贰叁工作室,3男3女 4.0小时 新手 2021.09发行,古风 情感 演绎 武侠
今夜无人离岛,今夜无人离岛,7.8,7.3,7.1,0,0,0,0,0,0,0,0,0,0,0,0,0,0,0,0,0,2866,6497,278,K的游戏,第36本 时长：4.5小时 配置：4男2女 剧本体量不大，但是可盘的东西可真不少。推凶基本上靠时间线就可解，注意目击证词中的障眼法即可。其中有一个制造不在场证明的小诡计有点惊艳，...全文,
永夜序章,永夜序章,8,0,0,0,0,0,0,0,0,0,0,0,0,0,0,0,0,0,0,0,2.8,0,0,多米互娱·SSS,3男2女 4.5小时 进阶,架空 推理 沉浸 都市
尔娱我诈,尔娱我诈,5,5.5,0,0,6.4,0,5.5,0,0,0,0,0,0,0,0,0,0,0,0,0,3.8,28358,700,云珂工作室,4男4女 4.0小时 新手 2021.11发行,现代 机制 欢乐 其他
死者档案,死者档案,8.2,7.8,0,0,0,0,7.4,0,0,0,0,0,0,0,0,0,0,0,0,0,1833,7693,289,胖哒剧制,3男3女 4.0小时 新手 2021.11发行,
彩票,彩票,6.2,6.5,0,0,6.7,0,6.5,0,0,0,0,0,0,0,0,0,0,0,0,0,3.8,5005,105,,4男3女 4.0小时 新手 2021.11发行,现代 机制 欢乐 其他
将月,将月,7,0,0,0,0,0,0,0,0,0,0,0,0,0,0,0,0,0,0,0,7609,0,0,时光玩剧,3男3女 4.0小时 进阶 2021.09发行,古风 机制 沉浸 都市
六角笼,六角笼,5.5,6.3,6.5,0,0,0,0,0,0,0,0,0,0,0,6.2,0,0,0,0,0,1.4,10915,198,万物可爱,4男2女 4.0小时 进阶 2021.07发行,
上坟静点,魂系列：上坟静点,6.5,6.7,6.7,0,0,6.7,0,0,0,0,0,0,0,0,0,0,0,0,0,0,2.8,4644,67,音派文化工作室,4男2女 5.0小时 进阶 2020.09发行,架空 推理 沉浸 校园
欢迎来到我的世界,欢迎来到我的世界,8,0,0,0,0,0,0,0,0,0,0,0,0,0,0,0,0,0,0,0,0,0,0,,4男2女 4.0小时 新手 2021.08发行,
拱墅驾校,拱墅驾校,6.4,6.6,0,0,6.9,0,6.8,0,0,0,0,0,0,0,0,0,0,0,0,0,3.8,6374,97,妙妙屋剧制,补测🌟《拱墅驾校》🌟 📖剧本类型:中式｜都市｜机制｜欢乐 🕰体验时长:5小时 👦玩家配置:五男四女 一个题材很有意思的本，都是很多人亲身经...全文,中式 机制 欢乐 都市
枭鸾并栖,枭鸾并栖,6.1,6.6,0,6.7,0,0,0,6.7,0,0,0,0,0,0,0,0,0,0,0,0,5043,1478,49,故事作坊,4男2女 5.0小时 高阶 2021.05发行,
迷雾中的圣保罗,迷雾中的圣保罗,5.6,6.5,6.4,0,6.5,0,0,0,0,0,0,0,0,0,0,0,0,0,0,0,368,4015,77,东方剧制,4男2女 4.5小时 高阶 2021.01发行,欧美 推理 欢乐 其他
万有引力,万有引力,6.7,6.9,0,0,0,7.2,0,0,0,6.8,0,0,0,0,0,0,0,0,0,0,6719,4440,77,剧堆,4男4女 4.0小时 新手 2021.05发行,中式 情感 演绎 新手
噩梦娃娃屋,噩梦娃娃屋,7,0,0,0,0,0,0,0,0,0,0,0,0,0,0,0,0,0,0,0,0,0,0,月球旅行,3男2女 5.0小时 高阶 2021.01发行,
沧笙踏歌,沧笙踏歌,6,0,0,0,0,0,0,0,0,0,0,0,0,0,0,0,0,0,0,0,2.8,0,0,又森文创工作室,3男3女 4.5小时 新手,古风 推理 沉浸 武侠
九门,九门,5,0,0,0,0,0,0,0,0,0,0,0,0,0,0,0,0,0,0,0,0,0,0,安小白剧本工作室,5男2女 4.5小时 高阶,
先秦异闻录,先秦异闻录,6.7,6.8,6.4,6.4,0,0,0,0,0,0,0,0,0,0,0,0,0,0,0,0,4314,18930,547,大象剧制,4男3女 4.5小时 进阶 2021.12发行,架空 推理 悬疑 武侠
野生,野生,7.2,6.8,6.6,0,0,0,0,0,0,0,0,0,0,0,7.1,0,0,0,0,0,1.4,25032,919,葵花工作室,2男3女 4.0小时 进阶 2021.11发行,
至暗时刻,《至暗时刻》,6.3,6.3,0,0,0,0,6.8,0,0,0,0,0,0,0,6.4,0,0,0,0,0,3547,12481,261,千禧发行工作室,5男3女 4.5小时 进阶 2021.11发行,
当海风吹过我的坟墓,当海风吹过我的坟墓,6.5,6.5,0,0,0,6.7,6.5,0,0,0,0,0,0,0,0,0,0,0,0,0,7609,88685,2551,壹直爽,3男4女 4.0小时 新手 2021.11发行,中式 机制 沉浸 都市
余月与你,余月与你,5.5,6.2,6.2,0,0,0,0,0,0,0,0,0,0,0,0,0,0,0,0,0,360,3280,57,笙笙剧制,3男2女 4.0小时 进阶 2021.10发行,
尸落之城,尸落之城,3,0,0,0,0,0,0,0,0,0,0,0,0,0,0,0,0,0,0,0,1833,0,0,王剧工作室,3男3女 4.0小时 进阶 2021.01发行,
异想天开的三刀两毒杀人事件,异想天开的三刀两毒杀人事件,7.4,7.3,7.4,0,6.6,0,0,0,0,0,0,0,0,0,0,0,0,0,0,0,10596,21306,848,铭思文化,4男3女 5.5小时 高阶 2021.09发行,
沙影,,0,0,0,0,0,0,0,0,0,0,0,0,0,0,0,0,0,0,0,0,0,0,0,,,
我却乌云遮目,,0,0,0,0,0,0,0,0,0,0,0,0,0,0,0,0,0,0,0,0,0,0,0,,,
收获日,收获日,7.2,6.5,0,0,6.7,0,6.7,0,0,0,0,0,0,0,0,0,0,0,0,0,3.8,10072,270,出山工作室,4男1女 4.0小时 新手 2021.11发行,欧美 机制 欢乐 都市
72,,0,0,0,0,0,0,0,0,0,0,0,0,0,0,0,0,0,0,0,0,0,0,0,,,
娘娘千千岁,娘娘千千岁,6.7,6.6,6.6,0,7.1,0,0,0,0,0,0,0,0,0,0,0,0,0,0,0,5785,13727,303,K的游戏,配置：四男一女（全男反串换装） 游玩时长：5小时 游玩角色：米奇妙（妙屋） 剧本打分：7分 推理部分：前面的案件都挺无语的，不知道咋捋，甚至感觉可以用烂来说了！但是千千岁的最后...全文,架空 推理 欢乐 宫廷
城南花已开,城南花已开,7.6,7.1,0,0,0,7.2,0,0,0,7.5,0,0,0,0,0,0,0,0,0,0,6719,22794,779,大锤文创,3男3女 4.5小时 进阶 2021.09发行,
吾栖之瞳,吾栖之瞳,8,7.6,7.2,0,0,0,0,0,0,0,0,0,0,0,0,0,0,0,0,0,26171,54561,2161,武汉Top剧本工作; 装蒜剧本工作室,3男3女 4.5小时 进阶 2021.11发行,
你我他,你我他,7.1,6.8,0,0,0,0,6.2,0,7.2,0,0,0,0,0,0,0,0,0,0,0,7609,16906,508,糖果发行工作室,3男3女 4.0小时 进阶 2021.09发行,中式 机制 沉浸 都市
羊,,0,0,0,0,0,0,0,0,0,0,0,0,0,0,0,0,0,0,0,0,0,0,0,,,
逆光而行,逆光而行,6,6.1,0,0,0,6.7,0,0,0,6.9,0,0,0,0,0,0,0,0,0,0,6719,14618,364,羲和工作室,3男3女 4.0小时 新手 2021.11发行,架空 情感 演绎 新手
你想和我在瑞士谈场恋爱吗,,0,0,0,0,0,0,0,0,0,0,0,0,0,0,0,0,0,0,0,0,0,0,0,,,
NARAKA,NARAKA,7.7,7.2,0,0,0,0,7.2,0,0,0,0,0,0,0,7.4,0,0,0,0,0,18142,36515,1127,Two-World剧制; 苍山剧社,6男0女 5.0小时 进阶,
欺诈游戏,欺诈游戏,6.9,7,0,6.6,0,0,6.9,0,0,0,0,0,0,0,0,0,0,0,0,0,2.6,1026,51,昊家剧制,4男3女 4.5小时 进阶 2021.12发行,
初恋,初恋,6,6.3,6.3,0,0,0,0,0,6.7,0,0,0,0,0,0,0,0,0,0,0,3.4,3574,63,一目工作室,4男3女 4.0小时 新手 2021.10发行,现代 情感 沉浸 其他
五个阿道夫,五个阿道夫,7.2,7.1,7.2,0,6.9,0,0,0,0,0,0,0,0,0,0,0,0,0,0,0,563,3779,89,,3男2女 4.5小时 高阶 2021.01发行,未来 推理 欢乐 科幻
山田洋子,山田洋子,7.4,7.1,6.9,0,0,0,0,0,0,0,0,0,0,0,0,0,0,0,0,0,28012,0,3887,水镜出品,2男4女 4.0小时 进阶 2021.12发行,日式 推理 惊悚 怪谈
贵阴贱壁,,0,0,0,0,0,0,0,0,0,0,0,0,0,0,0,0,0,0,0,0,0,0,0,,,
龙宴3,,0,0,0,0,0,0,0,0,0,0,0,0,0,0,0,0,0,0,0,0,0,0,0,,,
仙尽,仙尽,1,0,0,0,0,0,0,0,0,0,0,0,0,0,0,0,0,0,0,0,2.8,0,0,人生几何工作室,3男3女 4.0小时 进阶 2021.09发行,古风 推理 沉浸 武侠
神鹿,神鹿,7.5,7.3,0,0,0,7.2,0,0,0,7.2,0,0,0,0,0,0,0,0,0,0,9356,13305,336,,3男3女 4.0小时 进阶 2021.06发行,
衔尾蛇,衔尾蛇,6.2,5.9,5.9,6.5,0,0,0,0,0,0,0,0,0,0,0,0,0,0,0,0,634,3226,85,妙妙屋剧制,4男2女 6.0小时 高阶 2021.07发行,
深林（森林）,深林,7.7,6.9,0,6.8,0,0,7.6,0,0,0,0,0,0,0,0,0,0,0,0,0,2.6,24380,737,無花果工作室,5男0女 4.5小时 进阶 2021.04发行,
诡海,,0,0,0,0,0,0,0,0,0,0,0,0,0,0,0,0,0,0,0,0,0,0,0,,,
看海,看海,8,7.5,6.9,0,0,0,0,0,7.6,0,0,0,0,0,0,0,0,0,0,0,2.8,6326,207,谜鹿文化,3男3女 4.0小时 新手 2021.06发行,中式 推理 沉浸 都市
雾隐,雾隐,7,0,0,0,0,0,0,0,0,0,0,0,0,0,0,0,0,0,0,0,0,0,0,海棠无香,3男2女 4.5小时 进阶 2021.06发行,日式 推理 惊悚 校园
海龟浓汤,海龟浓汤,6.1,6.3,6.5,0,0,0,0,0,0,0,0,0,0,0,0,0,0,0,0,0,552,6657,136,司家侦探,时间：1.5小时 人数：2-10人（5男5女） 类型：现代，架空，惊悚，推理，新本格，还原，封闭 是，不是组成的推理小游戏，打发时间听故事真是一绝，小体量剧本，形式新颖灵活有创意。海龟汤还可以一直换着来，体验比较好适合和好朋友一起...全文,
退出群聊,退出群聊,6.2,6.4,6.5,6.4,0,0,0,0,0,0,0,0,0,0,0,0,0,0,0,0,807,5925,157,剧游方舟,3男3女 4.5小时 进阶 2021.11发行,
死亡序章-我的尸体,,0,0,0,0,0,0,0,0,0,0,0,0,0,0,0,0,0,0,0,0,0,0,0,,,
五好市民,五好市民,6.2,6.5,0,6.6,0,0,6.6,0,0,0,0,0,0,0,0,0,0,0,0,0,2.6,4556,81,猛萌猛萌,3男3女 4.0小时 新手 2021.10发行,
汇通天下,汇通天下,6,5.9,0,0,6.6,0,6.6,0,0,0,0,0,0,0,0,0,0,0,0,0,3.8,8607,138,探案笔记,13男7女 4.5小时 新手 2021.08发行,架空 机制 欢乐 都市
人形师,人形师,5.9,6.5,0,0,0,0,0,0,0,0,0,0,0,0,0,6.2,0,0,0,0,31,10909,194,镰月剧本发行工作室,3男2女 4.5小时 进阶 2020.05发行,
平行刺杀,平行刺杀·超凡盛会,6.6,6.7,0,6.7,0,0,0,6.9,0,0,0,0,0,0,0,0,0,0,0,0,5043,3283,86,夜幕辰星,4男3女 4.0小时 进阶 2021.07发行,
光与暗,光与暗,6.3,6.7,0,6.9,0,0,7.1,0,0,0,0,0,0,0,0,0,0,0,0,0,2.6,2921,50,黑白猫工作室,5男1女 4.0小时 进阶 2021.06发行,
惊池大覃,,0,0,0,0,0,0,0,0,0,0,0,0,0,0,0,0,0,0,0,0,0,0,0,,,
漪月幽澜,漪月幽澜,6.5,6.7,0,0,0,6.8,0,0,6.8,0,0,0,0,0,0,0,0,0,0,0,9517,2670,45,卡卡工作室,3男3女 4.5小时 进阶,古风 阵营 博弈 武侠
小兔儿乖乖,小兔儿乖乖,7.8,7.4,0,0,0,0,6.4,0,7.5,0,0,0,0,0,0,0,0,0,0,0,7609,49341,1577,神域文化,3男4女 4.0小时 新手 2021.11发行,架空 机制 沉浸 童话
六日书社,六日书社,6.8,6.5,0,0,0,6.5,5.9,0,0,0,0,0,0,0,0,0,0,0,0,0,7609,10835,250,橘·剧本实验室; 水镜出品,3男3女 4.0小时 进阶 2021.02发行,架空 机制 沉浸 都市
风树之碑,风树之碑,6.7,6.4,0,0,0,6.7,0,0,0,6.7,0,0,0,0,0,0,0,0,0,0,6724,5027,95,大连全民侦探,3男3女 4.5小时 进阶 2021.06发行,
月见草,月见草,6.5,6.5,0,0,0,6.7,5.7,0,0,0,0,0,0,0,0,0,0,0,0,0,7609,40093,1124,瓦特工作室,3男3女 4.5小时 进阶 2021.11发行,架空 机制 沉浸 都市
能力有限公司,能力有限公司,5.9,6,0,0,6.7,0,6.4,0,0,0,0,0,0,0,0,0,0,0,0,0,3.8,15986,322,DA剧本工场,3男4女 4.0小时 进阶 2021.11发行,中式 机制 欢乐 都市
备忘录2第六日,备忘录2：第六日,6.7,6.8,6.9,6.7,0,0,0,0,0,0,0,0,0,0,0,0,0,0,0,0,1831,9201,215,司家侦探,3男2女 5.0小时 高阶 2021.11发行,
相思骨,相思骨,6,6.4,0,0,0,6.5,0,0,0,6.5,0,0,0,0,0,0,0,0,0,0,6724,3699,58,灰帆文化,3男3女 4.0小时 进阶 2021.05发行,古风 情感 演绎 都市
78,,0,0,0,0,0,0,0,0,0,0,0,0,0,0,0,0,0,0,0,0,0,0,0,,,
小吊梨汤,小吊梨汤,8.3,7.6,6,0,0,7.8,0,0,0,0,0,0,0,0,0,0,0,0,0,0,2.1,73798,2976,时间裂缝,3男3女 4.5小时 进阶 2021.09发行,
相见欢,相见欢,1,0,0,0,0,0,0,0,0,0,0,0,0,0,0,0,0,0,0,0,2.8,0,0,荷尔蒙,4男2女 4.0小时 进阶 2021.07发行,古风 推理 沉浸 武侠
像个小孩啃西瓜,像个小孩啃西瓜,7.4,7,6.4,0,7,0,0,0,0,0,0,0,0,0,0,0,0,0,0,0,3938,7288,166,末晗文化,3男3女 4.0小时 新手 2021.08发行,中式 推理 欢乐 都市
十年灯,十年灯,7.4,7,0,0,0,7.2,0,0,0,7.1,0,0,0,0,0,0,0,0,0,0,6724,14248,321,LARP原创工作室,【十年灯】我心中排名第一古风情感本 类型：古风 情感 沉浸 城市限定 人数：4男2女 时长：4个多小时 推荐程度：🌟🌟🌟...全文,古风 情感 演绎 都市
二十四夜的祷告,二十四夜的祷告,6.9,6.8,6.8,7,0,0,0,0,0,0,0,0,0,0,0,0,0,0,0,0,14762,24058,694,稻草人工作室,5男2女 4.5小时 进阶 2021.07发行,日式 推理 演绎法 都市
我们都将死于29岁,我们都将死于29岁,6.7,6.6,6.1,0,0,0,0,0,6.9,0,0,0,0,0,0,0,0,0,0,0,2.8,14003,355,W-工作室,4男4女 4.5小时 进阶 2021.08发行,中式 推理 沉浸 都市
梅芙罗尔号,梅芙罗尔号,8,7.7,0,0,0,7.4,0,0,0,0,0,0,0,0,0,7,0,0,0,0,9517,51903,1744,老玉米联合工作室,4男3女 5.0小时 进阶 2021.01发行,
大唠天宫,大唠天宫,5.4,6.2,0,0,6.6,0,6.1,0,0,0,0,0,0,0,0,0,0,0,0,0,3.8,9648,175,木西原创,4男3女 3.5小时 新手 2021.10发行,架空 机制 欢乐 神话
凤泣华翎2归墟,凤泣华翎2：归墟,6.8,6.7,6,0,0,0,0,0,7.1,0,0,0,0,0,0,0,0,0,0,0,2.8,13059,329,拾里文化,3男3女 4.0小时 进阶 2021.06发行,古风 推理 沉浸 武侠
一马当先,,0,0,0,0,0,0,0,0,0,0,0,0,0,0,0,0,0,0,0,0,0,0,0,,,
今夜没有北极星,今夜没有北极星,5.6,6.2,0,0,0,0,5.9,0,6.6,0,0,0,0,0,0,0,0,0,0,0,7609,11224,188,幽林咕咕,4男2女 3.0小时 新手 2021.10发行,现代 机制 沉浸 都市
花木兰,花木兰,6.7,6.9,0,0,0,7.1,0,0,0,0,0,0,0,0,0,6.5,0,0,0,0,9517,6151,95,忆拾玖发行工作室,3男3女 4.5小时 进阶 2021.01发行,古风 阵营 博弈 武侠
第一次送你花,第一次送你花,8,7.5,0,0,0,7.6,0,0,0,7.5,0,0,0,0,0,0,0,0,0,0,6724,66538,2610,二类人生剧制,3男3女 4.0小时 新手 2021.07发行,古风 情感 演绎 都市
王座,王座,7.9,7.2,0,6.4,0,0,0,0,0,0,0,0,0,0,0,7.6,0,0,0,0,9517,83522,2755,KOYI可以工作室,4男3女 4.5小时 进阶,
白衣倾城2青山云海,白衣倾城2：青山云海,8.1,7.9,0,0,0,7.4,7.4,0,0,0,0,0,0,0,0,0,0,0,0,0,3161,31443,1057,树人工作室,4男3女 10.0小时 进阶 2022.04发行,古风 机制 博弈 权谋
甜蜜蜜,甜蜜蜜,7.5,7,6,0,0,7.1,0,0,0,0,0,0,0,0,0,0,0,0,0,0,3.4,84262,2533,九州长歌工作室,3男3女 4.0小时 进阶 2021.11发行,中式 情感 沉浸 都市
有间客栈,有间客栈,5.5,6.1,0,0,6.5,0,0,0,0,0,0,0,0,0,0,6.2,0,0,0,0,5.8,67310,1524,盛世剧制,剧本类型:古风欢乐阵营新手 剧本人数:6️⃣（3男3女） 剧本时长:4～5小时 体验角色:宁月 了无牵挂者，忘生；心有所爱者，忘死。 剧本感受:老玩家建议别玩！新手玩家，可以...全文,架空 阵营 欢乐 武侠
星落五丈原,星落五丈原,8.1,7.5,7.6,7.2,0,0,0,0,0,0,0,0,0,0,0,0,0,0,0,0,36085,74358,3284,隐证剧本工作室,【5小时/冯悠子/没有边缘/体验分：6.5分】 ✅一句话总结：适合新手的老推理本 『🌟关键词：新本格，科幻题材，故事精彩，线索卡很多，机制多余，时长友好』 『🌟角色体验：男女角色体验没有明...全文,
作者不详,作者不详,7.9,7.1,8.1,0,0,0,0,0,0,0,0,0,0,0,0,0,0,0,0,0,68679,158712,9199,灰烬工作室,0男6女 4.5小时 进阶 2022.02发行,日式 推理 惊悚 都市
周公游记2食梦记,周公游记2：食梦记,8.7,7.7,8.3,0,0,0,0,0,0,0,7.7,0,0,0,0,0,0,0,0,0,54712,54681,3258,妄想剧场工作室,4男2女 5.0小时 高阶 2021.07发行,
归去来兮,归去来兮,5.5,6.2,0,0,0,6.6,0,0,0,6.7,0,0,0,0,0,0,0,0,0,0,6724,4469,62,弥安般偌工作室,3男3女 4.0小时 进阶 2020.08发行,古风 情感 演绎 武侠
邪,,0,0,0,0,0,0,0,0,0,0,0,0,0,0,0,0,0,0,0,0,0,0,0,,,
辞君歌,辞君歌,7.2,6.9,0,6.3,0,0,0,0,0,0,0,0,0,0,0,7,0,0,0,0,9517,13297,313,矩阵工作室,4男3女 4.0小时 新手 2021.10发行,
唐人街探案3,唐人街探案3：七星迷踪,5.4,6.5,6.4,0,6.5,0,0,0,0,0,0,0,0,0,0,0,0,0,0,0,340,4637,66,万梦园工作室,4男3女 4.0小时 进阶,中式 推理 欢乐 都市
逍遥赋,逍遥赋,6.5,6.4,0,0,0,6.5,0,0,0,7,0,0,0,0,0,0,0,0,0,0,6724,10124,187,朋来仙境工作室,3男3女 4.0小时 进阶 2020.09发行,古风 情感 演绎 武侠
奔丧,奔丧,7.2,7.1,7.1,0,0,0,0,0,0,0,0,0,0,0,0,0,0,0,0,0,456,4517,138,三喵工作室,3男3女 4.0小时 进阶 2021.08发行,
马丁内斯死在惊奇馆,马丁内斯死在惊奇馆,8.7,8.2,8.4,0,0,0,0,0,0,0,7.9,0,0,0,0,0,0,0,0,0,148924,212870,17623,灰烬工作室,3男3女 6.0小时 高阶 2021.11发行,架空 机制 沉浸 进阶
小丑,小丑,7.1,6.8,0,0,0,6.8,0,0,0,7.8,0,0,0,0,0,0,0,0,0,0,6724,16426,320,造梦人文创,3男3女 4.0小时 高阶 2020.07发行,
兔偶公馆,,0,0,0,0,0,0,0,0,0,0,0,0,0,0,0,0,0,0,0,0,0,0,0,,,
人在天庭朝九晚五,,0,0,0,0,0,0,0,0,0,0,0,0,0,0,0,0,0,0,0,0,0,0,0,,,
亲爱的你听我解释,,0,0,0,0,0,0,0,0,0,0,0,0,0,0,0,0,0,0,0,0,0,0,0,,,
七窍,七窍,7,0,0,0,0,0,0,0,0,0,0,0,0,0,0,0,0,0,0,0,0,0,0,夜幕辰星,3男3女 4.0小时 进阶 2021.07发行,
真香,真香,2,0,0,0,0,0,0,0,0,0,0,0,0,0,0,0,0,0,0,0,3.8,0,0,岁寒工作室,4男2女 4.0小时 进阶 2021.08发行,架空 机制 欢乐 都市
来日纵使千千阙歌,来日纵使千千阙歌,6,0,0,0,0,0,0,0,0,0,0,0,0,0,0,0,0,0,0,0,2.8,0,0,笙悦文化传媒,12男0女 3.0小时 新手,中式 推理 沉浸 其他
怪诞童话镇,怪诞童话镇,6.7,6.8,6.3,0,6.7,0,0,0,0,0,0,0,0,0,0,0,0,0,0,0,7252,17919,463,SKY,3男3女 4.5小时 进阶 2021.09发行,中式 推理 欢乐 童话
老不死,老不死,6.8,7.1,6.7,0,0,0,0,0,7.3,0,0,0,0,0,0,0,0,0,0,0,2.8,13979,276,云深不知处,4男1女 4.0小时 进阶 2021.06发行,中式 推理 沉浸 都市
蜡烛镇,蜡烛镇,6.9,6.9,6.7,0,0,0,0,0,0,0,0,0,0,0,0,0,0,0,0,0,193,1997,52,无相工作室,3男3女 4.5小时 进阶 2021.04发行,
悬崖之下,悬崖之下,6,0,0,0,0,0,0,0,0,0,0,0,0,0,0,0,0,0,0,0,7609,0,0,益本剧制,4男3女 4.5小时 进阶 2021.10发行,民国 机制 沉浸 其他
脱单大会,,0,0,0,0,0,0,0,0,0,0,0,0,0,0,0,0,0,0,0,0,0,0,0,,,
差评,差评,3.7,4.5,0,0,5.2,0,5.1,0,0,0,0,0,0,0,0,0,0,0,0,0,3.8,19515,371,黑马剧制,5男5女 4.5小时 新手 2021.10发行,中式 机制 欢乐 都市
晴天神社,晴天神社,8.2,7.5,0,0,0,7.7,0,0,7.6,0,0,0,0,0,0,0,0,0,0,0,3.4,46685,1720,橘·剧本实验室,4男2女 3.5小时 新手 2021.10发行,日式 情感 沉浸 都市
冰川之下,冰川之下,1,0,0,0,0,0,0,0,0,0,0,0,0,0,0,0,0,0,0,0,9517,0,0,跳！大神工作室,3男4女 6.0小时 高阶 2020.06发行,
拜庙,拜庙,6.2,6.5,6.2,0,0,0,0,0,0,0,0,0,0,0,0,0,0,0,0,0,473,6766,206,天津第一现场,3男3女 4.0小时 进阶 2021.07发行,
锦灰堆,锦灰堆,6.7,7.2,0,0,0,7.1,0,0,0,0,0,0,0,0,0,6.7,0,0,0,0,2.3,3300,57,真富贵工作室,3男3女 4.0小时 进阶 2021.06发行,古风 阵营 沉浸 家国
诸葛七星传,诸葛七星传,1,0,0,0,0,0,0,0,0,0,0,0,0,0,0,0,0,0,0,0,3.8,0,0,镜像剧本工厂,5男2女 4.5小时 进阶 2021.07发行,架空 机制 欢乐 都市
第八宗罪,第八宗罪,7.5,7.1,0,0,0,6.9,0,0,0,6.5,0,0,0,0,0,0,0,0,0,0,6725,12933,368,司家侦探,3男3女 4.0小时 进阶 2021.08发行,
要听神明的话,要听神明的话,6.8,6.8,6.2,0,0,6.8,0,0,0,0,0,0,0,0,0,0,0,0,0,0,2.8,25618,645,初心剧制,3男3女 4.0小时 新手 2021.09发行,未来 推理 沉浸 都市
失控病毒,失控病毒,7.5,7,6.8,0,0,0,0,0,0,0,0,0,0,0,6.9,0,0,0,0,0,1.4,8248,160,跃文工作室,3男3女 4.0小时 进阶 2021.10发行,
烟花,,0,0,0,0,0,0,0,0,0,0,0,0,0,0,0,0,0,0,0,0,0,0,0,,,
点名,点名,7.5,7.3,7,0,0,0,0,0,0,0,0,0,0,0,0,0,0,0,0,0,8833,44203,1544,ATM文创,4男4女 4.0小时 进阶 2021.08发行,日式 推理 惊悚 都市
幽灵船,幽灵船,7,6.8,7,6.9,0,0,0,0,0,0,0,0,0,0,0,0,0,0,0,0,715,7440,129,天津剧盟发行工作室,3男3女 4.0小时 高阶 2021.06发行,
孽子,孽子,8,0,0,0,0,0,0,0,0,0,0,0,0,0,0,0,0,0,0,0,1.4,0,0,西安如约而至,4男2女 5.0小时 高阶 2021.04发行,
别上楼,别上楼,5,0,0,0,0,0,0,0,0,0,0,0,0,0,0,0,0,0,0,0,1833,0,0,烤生蚝剧制,3男3女 4.0小时 进阶 2021.06发行,
豪门27仪式之门,,0,0,0,0,0,0,0,0,0,0,0,0,0,0,0,0,0,0,0,0,0,0,0,,,
天上的星星睡着了,天上的星星睡着了,7.6,6.8,0,0,0,0,0,0,0,6.8,0,0,0,0,0,0,0,0,0,0,5322,40557,1052,黑桃皇后工作室,4男3女 4.0小时 进阶 2021.10发行,
病娇男孩的恋爱日记,病娇男孩的恋爱日记,6.8,6.9,6.3,0,0,0,0,0,0,0,0,0,0,0,0,0,0,0,0,0,63539,155213,3665,鑫梦人生,3男3女 4.5小时 进阶 2021.10发行,
恶龙从未杀死持剑少年,,0,0,0,0,0,0,0,0,0,0,0,0,0,0,0,0,0,0,0,0,0,0,0,,,
归,,0,0,0,0,0,0,0,0,0,0,0,0,0,0,0,0,0,0,0,0,0,0,0,,,
SILENCE白昼,SILENCE：白昼,7.1,6.9,7.1,6.8,0,0,0,0,0,0,0,0,0,0,0,0,0,0,0,0,2595,6629,162,新蜂工作室,5男3女 5.0小时 高阶 2021.10发行,
还不可以死,还不可以死,6.2,6.2,0,0,6.6,0,6.6,0,0,0,0,0,0,0,0,0,0,0,0,0,3.8,16256,370,剧幕工坊,4男3女 4.0小时 进阶 2021.11发行,架空 机制 欢乐 武侠
后来的我们,后来的我们,7.2,6.9,6,0,0,7,0,0,0,0,0,0,0,0,0,0,0,0,0,0,3.4,28972,595,拾柒工作室,3男3女 3.0小时 新手 2021.04发行,中式 情感 沉浸 校园
周公游记,周公游记,8.9,8.2,0,0,0,0,0,8.4,0,0,8.3,0,0,0,0,0,0,0,0,0,3,129763,9065,妄想剧场工作室,3男3女 5.0小时 高阶 2020.11发行,
阔别,阔别,8,7.4,0,0,0,7.4,0,0,7.9,0,0,0,0,0,0,0,0,0,0,0,6725,29427,978,弥新工作室,3男3女 4.5小时 进阶 2021.05发行,
泰坦绿林号,泰坦绿林号,6.6,6.8,6.8,0,0,0,0,0,0,0,0,0,0,0,0,0,0,0,0,0,281,2061,57,奶凶奶凶剧本工作室,4男3女 4.5小时 进阶 2021.06发行,
血玲珑,血玲珑,6.1,6.3,0,0,6.5,0,6.5,0,0,0,0,0,0,0,0,0,0,0,0,0,3.8,23409,543,星环剧制,3男3女 4.5小时 进阶 2021.09发行,架空 机制 欢乐 武侠
瑞轩酒店,瑞轩酒店,4.8,5.8,5.8,0,0,5.8,0,0,0,0,0,0,0,0,0,0,0,0,0,0,2.8,8690,165,禾必工作室,3男3女 5.0小时 高阶 2021.07发行,中式 推理 沉浸 都市
犯罪创意馆-基本演绎,犯罪创意馆：基本演绎,5.7,6.1,6.3,6.2,0,0,0,0,0,0,0,0,0,0,0,0,0,0,0,0,706,5576,126,剧作时代,4男3女 4.5小时 高阶 2021.08发行,
少女的祈祷,少女的祈祷,6.1,6.6,6.4,0,0,0,0,0,6.8,0,0,0,0,0,0,0,0,0,0,0,2.8,6912,135,剧游方舟,3男3女 4.0小时 进阶 2021.09发行,日式 推理 沉浸 都市
三途长夜,三途长夜,7,6.7,6.4,0,0,0,0,6.9,0,0,0,0,0,0,0,0,0,0,0,0,5043,12509,419,烫猩猩工作室,4男2女 5.0小时 进阶 2021.09发行,
贺兰山庄杀人事件,贺兰山庄杀人事件,5.7,6.7,6.7,6.6,0,0,0,0,0,0,0,0,0,0,0,0,0,0,0,0,337,3622,73,上海馨茗园文化发展有限公司,4男2女 4.0小时 进阶 2021.06发行,
放弃北极去生活,,0,0,0,0,0,0,0,0,0,0,0,0,0,0,0,0,0,0,0,0,0,0,0,,,
AB,AB,7.2,7.1,7.1,6.7,0,0,0,0,0,0,0,0,0,0,0,0,0,0,0,0,19520,52110,1691,鱼玄机工作室,百本选手说剧本:剧本《AB》8人本 4男4女 剧本类型:盒装本 刑侦本 游戏时间:6小时左右 这个本 我只能说 不行🙅‍♂️ 海龟汤 太多了 我记得是 2年前 在 丰台 打的这个本 橘猫 带的本 同车的玩家 都觉得这个本 不行 下午17点开始游戏的 晚上 23点多 打完的 这个本 剧本 线索比较 乱 不推...全文,
再也不见,再也不见,7,6.7,0,0,0,0,6.4,0,7,0,0,0,0,0,0,0,0,0,0,0,7609,13407,442,空然新语,百本选手说剧本:剧本《再也不见》6人本 3男3女（不可反串）剧本类型:盒装本 ？？？ 游戏时间:4小时 👬适合人群：🈚️ ❤剧情感...全文,中式 机制 沉浸 都市
消失的学号,消失的学号,6.6,6.7,6.6,0,0,0,0,0,0,0,0,0,0,0,0,0,0,0,0,0,1133,6178,205,大胡子工作室,第37本 时长：3小时 配置：2男3女 小体量微恐变格本。第一幕是自我介绍式的背景还原，没有任何的推凶。 第二幕是对应尸体身份、凶手和手法。细节...全文,现代 推理 惊悚 新手
雾中行舟,雾中行舟,7,7,6.6,0,0,0,0,0,7,0,0,0,0,0,0,0,0,0,0,0,2.8,18917,445,慢热TUO,3男4女 4.5小时 进阶 2021.12发行,中式 推理 沉浸 都市
再少年,再少年,6.7,6.7,0,0,0,6.7,0,0,0,6.6,0,0,0,0,0,0,0,0,0,0,6726,6878,133,禁止薅葱; 世无剧戏工作室,补测系列《再少年》 📖剧本类型:校园｜现代｜情感 👦玩家配置:三男三女 🕰体验时长:4.5小时 ❤️体验角色...全文,
两点半,两点半,6.2,6.4,6.3,0,0,0,0,0,0,0,0,0,0,0,0,0,0,0,0,0,31318,112040,2367,空山工作室,3男3女 4.5小时 进阶 2021.10发行,
大人物,大人物,6,0,0,0,0,0,0,0,0,0,0,0,0,0,0,0,0,0,0,0,3.8,0,0,草庐,大人物 综合评分：3 金剧本类型：欢乐机制还原 一人物角色：5男3女 *时长：3小时 角色...全文,中式 机制 欢乐 都市
记事本,记事本,5,0,0,0,0,0,0,0,0,0,0,0,0,0,0,0,0,0,0,0,3083,0,0,青一涩工作室,3男3女 4.0小时 新手 2021.08发行,
水镜八奇,水镜八奇,8.4,7.5,0,0,7.7,0,0,0,0,0,0,0,0,0,0,8.2,0,0,0,0,9517,144556,5648,FB发行工作室,6男2女 4.5小时 进阶 2021.06发行,
虚构推理,虚构推理,8.8,8.1,8.3,8,0,0,0,0,0,0,0,0,0,0,0,0,0,0,0,0,115379,153717,10040,曼彻斯特書局,百本选手说剧本:剧本《虚构推理》6人本 3男3女 剧本类型:城限本 推理 还原本 游戏时间:5小时左右 👬适合人群：补课+考古 ❤DM:吉祥 ...全文,经典硬核本？推理玩家盛宴？天花板？ 先别急着下定论，建议把期待值先降一降 类型：硬核 推理 还原 本格 机制 剧评：时长5.5h，本的评价两极分化较严重，无聊机制冗长，故事分享大会2h，核诡老套贴脸，内...全文
火化吧赶紧的,,0,0,0,0,0,0,0,0,0,0,0,0,0,0,0,0,0,0,0,0,0,0,0,,,
瘆2,,0,0,0,0,0,0,0,0,0,0,0,0,0,0,0,0,0,0,0,0,0,0,0,,,
信简,信简,5.7,6.6,0,0,0,6.4,0,0,6.5,0,0,0,0,0,0,0,0,0,0,0,3.4,17132,382,3101原创剧本工作室,3男3女 4.0小时 进阶 2021.08发行,中式 情感 沉浸 都市
开始的地方,【......】开始的地方,6.4,6.1,5.3,0,0,0,0,0,6.6,0,0,0,0,0,0,0,0,0,0,0,2.8,10821,195,逻集研究所; 剧鱼,3男3女 3.0小时 进阶 2021.10发行,中式 推理 沉浸 都市
月光下的持刀者,月光下的持刀者,8.2,7.6,7.7,7.3,0,0,0,0,0,0,0,0,0,0,0,0,0,0,0,0,0,194741,13181,七一工作室,《月光下的持刀者》 剧本类型:现代、还原、本格、推理、刑侦玩家人数:6人(3男3女)推荐指数: 剧本时长:4-5小时亲测角色:李克所...全文,
晚婚,,0,0,0,0,0,0,0,0,0,0,0,0,0,0,0,0,0,0,0,0,0,0,0,,,
斗天,斗天,7.9,7.4,0,7,0,0,7.4,0,0,0,0,0,0,0,0,0,0,0,0,0,3161,52155,1646,半子文娱,5男3女 4.5小时 进阶 2021.06发行,
天字卷,天字卷,7.6,7,6.2,0,0,7.2,0,0,0,0,0,0,0,0,0,0,0,0,0,0,6829,19705,644,DA剧本工场,3男3女 4.0小时 进阶 2021.08发行,古风 情感 演绎 仙侠
间谍,间谍,7.2,7.1,0,0,7.2,0,7.1,0,0,0,0,0,0,0,0,0,0,0,0,0,3.8,4876,141,十二月栗,4男4女 4.0小时 进阶 2021.08发行,民国 机制 欢乐 战争
致命合约,致命合约,4,0,0,0,0,0,0,0,0,0,0,0,0,0,0,0,0,0,0,0,1.4,0,0,狂徒娱乐,3男2女 4.5小时 进阶 2021.09发行,
南京1937,南京1937,6.7,7,6.4,0,0,0,0,0,0,0,0,0,0,0,7.3,0,0,0,0,0,1.4,10455,119,黑桃皇后工作室,4男3女 4.0小时 进阶 2020.10发行,
冬夜长,冬夜长,5.9,6.5,6.2,0,0,0,0,0,6.6,0,0,0,0,0,0,0,0,0,0,0,2.8,3405,57,阿斯巴甜,2男4女 4.0小时 进阶 2021.06发行,中式 推理 沉浸 校园
桃花国,桃花国,6.4,6.4,0,0,6.9,0,6.4,0,0,0,0,0,0,0,0,0,0,0,0,0,3.8,6506,137,十库工作室,3男4女 4.5小时 进阶 2021.10发行,架空 机制 欢乐 武侠
vr伐木累,vr伐木累,8.3,7.6,0,0,0,7.5,7.5,0,0,0,0,0,0,0,0,0,0,0,0,0,7609,31140,1022,云珂工作室,3男3女 4.0小时 新手 2021.07发行,中式 机制 沉浸 都市
无羡,无羡,6.3,6.5,0,0,0,6.7,0,0,0,6.6,0,0,0,0,0,0,0,0,0,0,6830,14557,261,桌立方; 归一工作室,3男3女 4.5小时 进阶 2021.01发行,古风 情感 演绎 玄幻
老骗子俱乐部,老骗子俱乐部4·逛窑,6.4,6.8,0,0,7,0,0,0,0,0,0,0,0,0,0,6.9,0,0,0,0,5.8,9903,722,飞鱼探案,3男3女 4.0小时 新手 2025.07发行,日式 阵营 欢乐 都市
中餐馆,中餐馆,6.3,6.3,0,0,6.4,0,6.4,0,0,0,0,0,0,0,0,0,0,0,0,0,3.8,7988,127,FB发行工作室,5男4女 3.0小时 新手 2021.09发行,欧美 机制 欢乐 都市
弥留,弥留,8.8,8.1,8.2,0,0,0,0,0,0,0,0,0,0,0,0,0,0,0,0,0,70082,80393,5126,涟漪剧本工作室,4男3女 6.0小时 高阶 2019.11发行,
大橘为重,大橘为重,6.8,6.8,0,0,6.9,0,6.2,0,0,0,0,0,0,0,0,0,0,0,0,0,3.8,93406,1797,桌立方,4男3女 4.0小时 进阶 2021.09发行,架空 机制 欢乐 拟人
祸起穷奇,祸起穷奇,8.2,7.7,0,7.2,0,0,0,7.6,0,0,0,0,0,0,0,0,0,0,0,0,5043,27919,1020,一席之地,3男3女 4.0小时 进阶 2021.08发行,
狗咬狗,,0,0,0,0,0,0,0,0,0,0,0,0,0,0,0,0,0,0,0,0,0,0,0,,,
请将我深埋,请将我深埋,8.5,8,7.7,0,0,0,0,0,0,0,0,0,0,0,7.8,0,0,0,0,0,1.4,154729,8075,西番推理,3男3女 4.0小时 进阶 2021.08发行,日式 推理 立意 都市
你听,你听,7.4,7.1,6.6,0,0,0,0,0,0,0,0,0,0,0,0,0,0,0,0,0,19186,42103,1102,水镜出品,3男3女 4.5小时 进阶 2020.06发行,
桑北花杀,桑北花杀,7.3,7.2,0,0,0,7,0,0,0,0,0,0,0,0,0,6.8,0,0,0,0,9517,38190,1056,老玉米联合工作室,4男4女 6.0小时 进阶 2021.04发行,
修复师,修复师,7.2,7.2,0,0,0,7.1,0,0,0,7.5,0,0,0,0,0,0,0,0,0,0,6830,32324,648,空然新语,〖补测评〗 类型：历史 情感 推理 还原 演绎 时长：4小时 人数：四男三女（总要有一个倒霉蛋） 体验角色：谷如云（现代名字，...全文,古风 情感 演绎 历史
凤泣华翎,凤泣华翎,6.1,6.8,6.3,0,0,6.9,0,0,0,0,0,0,0,0,0,0,0,0,0,0,3.4,16280,251,拾里文化,3男3女 4.0小时 新手 2020.07发行,古风 情感 沉浸 神话
老手,老手,5.9,5.7,5.5,0,0,0,0,0,0,0,0,0,0,0,5.8,0,0,0,0,0,1.4,18619,327,剧堆,4男3女 4.5小时 进阶 2021.09发行,【剧本基本信息】 📖剧本名称：老手 👫🏼游戏人数：4男3女（可反串） ⏰游戏时长：4.5h 🧩剧本类型：现代 欢乐 机制 🙀难易程...全文
极盗大师,极盗大师,10,0,0,0,0,0,0,0,0,0,0,0,0,0,0,0,0,0,0,0,2.6,0,0,神之剧制,4男3女 4.0小时 新手 2021.09发行,架空 机制 悬疑 新手
梦马之城,梦马之城,7.8,7.3,0,0,0,7.4,7.1,0,0,0,0,0,0,0,0,0,0,0,0,0,7609,17754,501,预谋剧制,3男3女 4.0小时 进阶 2021.05发行,中式 机制 沉浸 其他
桔梗,桔梗,6.1,6.4,0,0,0,6.5,0,0,6.5,0,0,0,0,0,0,0,0,0,0,0,3.4,10746,240,婳张工作室,3男3女 4.0小时 进阶 2021.01发行,中式 情感 沉浸 都市
梅花洲,梅花洲,6.2,6.4,6.4,0,0,6.4,0,0,0,0,0,0,0,0,0,0,0,0,0,0,2.8,3269,54,葵花工作室,3男3女 5.0小时 高阶 2021.05发行,架空 推理 沉浸 都市
彼岸,彼岸,7.3,7.3,6.3,0,0,7.2,0,0,0,0,0,0,0,0,0,0,0,0,0,0,3.4,22453,564,拾柒工作室,4男3女 4.0小时 进阶 2021.01发行,中式 情感 沉浸 都市
裁员滚滚,软饭2：裁员！滚！滚！,5.7,6.5,0,0,6.7,0,6.6,0,0,0,0,0,0,0,0,0,0,0,0,0,3.8,4011,56,沧之溟工作室,3男3女 3.0小时 新手 2021.09发行,中式 机制 欢乐 都市
天才在左我在右,,0,0,0,0,0,0,0,0,0,0,0,0,0,0,0,0,0,0,0,0,0,0,0,,,
骗过死神的影子,骗过死神的影子,5.3,6,0,0,0,5.7,5.7,0,0,0,0,0,0,0,0,0,0,0,0,0,7609,23555,490,灰烬工作室,4男2女 4.5小时 进阶 2021.09发行,架空 机制 沉浸 玄幻
如是,,0,0,0,0,0,0,0,0,0,0,0,0,0,0,0,0,0,0,0,0,0,0,0,,,
椰枣,,0,0,0,0,0,0,0,0,0,0,0,0,0,0,0,0,0,0,0,0,0,0,0,,,
戏精的诞生,戏精的诞生,6.6,6.3,5.8,0,7.4,0,0,0,0,0,0,0,0,0,0,0,0,0,0,0,1122,12304,230,伍陆柒捌推理工作室,4男4女 4.0小时 新手 2020.12发行,中式 推理 欢乐 都市
向阳花,向阳花,7,7.1,6.7,0,0,0,0,0,0,0,0,0,0,0,7.2,0,0,0,0,0,1.4,14762,359,灰烬工作室,4男2女 4.0小时 进阶 2021.08发行,
沙漠里的向日葵,沙漠里的向日葵,5.9,6.1,5.9,0,0,6.5,0,0,0,0,0,0,0,0,0,0,0,0,0,0,2.8,5545,136,万游文创,史上最狗血最垃圾三观的本，大c位是个和有夫之妇上床还要为他们夫妻的女儿割肾相救然后自己去死的小三，死也不让夫妻知道去找自己的舔狗养，男1要在家庭和小三之间选择，和小3在一起还只是为了享受拥有的快乐，男2大舔狗，男3四小时本就半小时有戏份，还不如dm角色有用，通篇被人辱骂气死自己...全文,中式 推理 沉浸 都市
信,《信》,7.7,7.2,6.2,0,0,7.4,0,0,0,0,0,0,0,0,0,0,0,0,0,0,3.4,12804,300,大事件调查馆,3男3女 4.5小时 进阶 2021.06发行,中式 情感 沉浸 家国
好帅的吨吨吨冒险,好帅的吨吨吨冒险,7.3,6.9,0,0,7.6,0,7,0,0,0,0,0,0,0,0,0,0,0,0,0,3.8,40689,769,壹直爽,3男3女 4.0小时 新手 2021.08发行,架空 机制 欢乐 童话
后来待续,,0,0,0,0,0,0,0,0,0,0,0,0,0,0,0,0,0,0,0,0,0,0,0,,,
伴生,伴生,7.9,7.4,6.6,0,0,0,0,0,7.3,0,0,0,0,0,0,0,0,0,0,0,2.8,13639,346,实迷文化,3男3女 4.0小时 进阶 2020.09发行,架空 推理 沉浸 都市
晴天梦到北京城,晴天梦到北京城,7.1,7.1,5.9,0,6.8,0,0,0,0,0,0,0,0,0,0,0,0,0,0,0,12895,19301,443,南昌罗生门推理室,4男3女 4.5小时 进阶 2021.01发行,中式 推理 欢乐 都市
miss致我们的旧时光,MISS致我们的旧时光,6.5,6.4,6.1,0,0,6.7,0,0,0,0,0,0,0,0,0,0,0,0,0,0,3.4,16314,281,天地之间,3男3女 4.5小时 进阶,中式 情感 沉浸 都市
路灯屠夫,路灯屠夫,5.6,6.1,6.2,0,0,0,0,0,0,0,0,0,0,0,0,0,0,0,0,0,1617,22443,369,黑马剧制,百本选手说剧本:剧本《路灯屠夫》6人本 4男2女 剧本类型:盒装本 日式 推理本 游戏时间:5小时左右 这个剧本 给我的感觉就是 作者 没有写好 剧情 特别乱 还有一点惊悚 最后的视频 也是引起了 我的不适 设定 也不清楚 就很 突兀的一个 推理本,日式 推理 惊悚 都市
扫黄,扫黄,5.7,6.1,6.4,0,6.1,0,0,0,0,0,0,0,0,0,0,0,0,0,0,0,996,17486,329,梦境岭剧本工作室,3男3女 4.0小时 新手 2021.08发行,港澳 推理 欢乐 都市
福音,福音,6,0,0,0,0,0,0,0,0,0,0,0,0,0,0,0,0,0,0,0,2.6,0,0,屈指工作室,4男3女 4.0小时 高阶 2021.09发行,
玉龙吟,玉龙吟,6.2,6.7,0,0,0,6.6,0,0,0,0,0,0,0,0,0,6.3,0,0,0,0,9517,17611,303,葵花工作室,4男3女 4.0小时 进阶 2021.08发行,古风 阵营 博弈 武侠
无上,无上,7.8,7.1,0,0,7.3,0,0,0,0,0,0,0,0,0,0,7.3,0,0,0,0,5.8,42447,1288,浮生文宝工作室,5男3女 4.0小时 进阶 2021.01发行,架空 阵营 欢乐 武侠
朝花夕拾,朝花夕拾,7.2,6.9,0,0,0,7.1,6.6,0,0,0,0,0,0,0,0,0,0,0,0,0,7609,18096,321,羲和工作室,3男3女 4.5小时 新手 2020.11发行,架空 机制 沉浸 都市
送你一朵小花花,送你一朵小花花,6.6,6.5,0,0,0,6.7,0,0,6.5,0,0,0,0,0,0,0,0,0,0,0,3.4,30528,577,笙笙剧制,类型：新手 情感 现代 微演绎 随机凶手（一个问题推理） 人数：4两男两女（私以为可以反串） 时长：2小时（画画占一半，半小时看本，...全文,中式 情感 沉浸 都市
让蝉声渐响,让蝉声渐响,6.6,6.8,6.7,0,0,0,0,0,0,0,0,0,0,0,6.7,0,0,0,0,0,1.4,79888,2251,隐匿角色,3男3女 4.5小时 进阶 2021.08发行,
十年,十年,7.2,7,0,0,0,0,6.5,0,6.8,0,0,0,0,0,0,0,0,0,0,0,7609,8352,158,無悟剧制,3男3女 4.0小时 进阶 2021.05发行,中式 机制 沉浸 都市
无耻之徒,恶名昭著2：无耻之徒,8.1,7.8,7.2,0,0,7.5,0,0,0,0,0,0,0,0,0,0,0,0,0,0,29823,58291,2521,东方剧制,4男3女 4.5小时 进阶 2021.07发行,
自杀派对,自杀派对,5,0,0,0,0,0,0,0,0,0,0,0,0,0,0,0,0,0,0,0,0,0,0,,3男3女 4.0小时 进阶,架空 推理 沉浸 校园
豪门26望海祠,,0,0,0,0,0,0,0,0,0,0,0,0,0,0,0,0,0,0,0,0,0,0,0,,,
山百合怒放的冬夜,山百合怒放的冬夜,8.5,7.9,7.7,7.5,0,0,0,0,0,0,0,0,0,0,0,0,0,0,0,0,41785,54217,3385,秘密档案馆,4男2女 4.0小时 高阶 2021.05发行,日式 推理 悬疑 都市
我一个人挺好,我一个人挺好,6.8,6.8,6.5,0,0,0,0,0,7,0,0,0,0,0,0,0,0,0,0,0,7609,6076,97,小宇宙工作室,3男4女 4.5小时 进阶,中式 机制 沉浸 都市
诡书启示录,诡书启示录,6.9,6.8,0,6.7,0,0,6.5,0,0,0,0,0,0,0,0,0,0,0,0,0,2.6,9010,205,阿斯巴甜,2男3女 4.5小时 进阶 2021.07发行,
安娜前传 荼蘼花开,安娜前传：荼蘼花开,2,0,0,0,0,0,0,0,0,0,0,0,0,0,0,0,0,0,0,0,0,0,0,雲深工作室,3男3女 4.5小时 进阶 2021.09发行,
千佛梦,千佛梦,8.7,8.2,0,0,0,0,7.3,0,0,0,0,0,0,0,8.8,0,0,0,0,0,117132,168131,9718,表里山河创作,3男3女 4.5小时 新手 2021.08发行,古风 机制 立意 历史
北京爱情图鉴,北京爱情图鉴,5.7,6.3,6.2,0,0,6.5,0,0,0,0,0,0,0,0,0,0,0,0,0,0,3.4,3235,46,司家侦探,3男3女 4.5小时 进阶 2021.03发行,中式 情感 沉浸 都市
世界上最美的溺水者,世界上最美的溺水者,8,7.6,6.3,0,0,7.6,0,0,0,0,0,0,0,0,0,0,0,0,0,0,6837,28968,839,SSR推理发行工作室,4男2女 4.0小时 进阶 2021.04发行,
燕书,燕书,6.2,6.4,5.9,0,0,0,0,0,6.5,0,0,0,0,0,0,0,0,0,0,0,2.8,8721,178,两级反转发行工作室,4男3女 4.0小时 进阶 2021.06发行,古风 推理 沉浸 都市
子时已到,子时已到,7,7,6.6,0,0,0,0,0,0,0,0,0,0,0,0,0,0,0,0,0,32908,106074,2701,津门探案; 水镜出品,4男2女 4.0小时 新手 2021.08发行,架空 推理 惊悚 新手
案件重演,案件重演,7.8,7.3,0,0,7.5,0,6.9,0,0,0,0,0,0,0,0,0,0,0,0,0,3.8,195005,10197,A+剧本工作室,4男3女 4.0小时 进阶 2021.06发行,未来 机制 欢乐 刑侦
话事人,话事人,5.3,5.9,0,0,6.5,0,5.9,0,0,0,0,0,0,0,0,0,0,0,0,0,3.8,45227,809,两级反转发行工作室,4男2女 4.5小时 进阶 2021.08发行,港澳 机制 欢乐 都市
再见叶美娟,再见叶美娟,7.3,6.9,6.1,0,0,7.2,0,0,0,0,0,0,0,0,0,0,0,0,0,0,3.4,54211,1204,贱贱与杰西卡工作室,2男4女 4.0小时 进阶 2021.06发行,中式 情感 沉浸 都市
神奇的罗斯塔特先生,神奇的罗斯塔特先生,6.4,6.4,0,0,6.9,0,6.6,0,0,0,0,0,0,0,0,0,0,0,0,0,3.8,25166,472,子夜推理工作室,4男3女 4.0小时 进阶 2021.07发行,架空 机制 欢乐 动物
布达佩斯大饭店,布达佩斯大饭店2,8.2,7.8,7.4,7.4,0,0,0,0,0,0,0,0,0,0,0,0,0,0,0,0,17148,26164,1642,SSR推理发行工作室,4男2女 4.5小时 进阶,
阎王不高兴,阎王不高兴,5.5,6,0,0,6.4,0,6.1,0,0,0,0,0,0,0,0,0,0,0,0,0,3.8,10090,172,空然新语,3男4女 4.0小时 进阶 2021.08发行,架空 机制 欢乐 动物
我从云中来,我从云中来,7,7.1,6.6,0,0,6.8,0,0,0,0,0,0,0,0,0,0,0,0,0,0,2.8,6247,114,云深不知处,4男3女 5.0小时 进阶 2021.02发行,古风 推理 沉浸 武侠
曦和失焰,曦和失焰,8.8,8.4,8.1,8.3,0,0,0,0,0,0,0,0,0,0,0,0,0,0,0,0,91999,122136,7845,稻草人工作室,4男3女 5.0小时 高阶 2020.09发行,架空 推理 悬疑 武侠
刺挠1,,0,0,0,0,0,0,0,0,0,0,0,0,0,0,0,0,0,0,0,0,0,0,0,,,
粟米苍生,粟米苍生,8.1,7.7,0,0,0,7.5,7.2,0,0,0,0,0,0,0,0,0,0,0,0,0,6842,32046,882,汽水互娱,补测系列🌟《粟米苍生》🌟 📖剧本类型：民国/沉浸/情感/高阶 👦玩家配置：三男三女 ⌚️体验时长：6-7小时 🧡体验角色：...全文,
搞钱,搞钱！,7.4,6.8,0,0,7.7,0,7.2,0,0,0,0,0,0,0,0,0,0,0,0,0,3.8,199991,7510,知否文化,5男5女 4.0小时 新手 2021.07发行,架空 机制 欢乐 都市
新倩女幽魂,新倩女幽魂,7.1,6.9,6,0,0,6.8,0,0,0,0,0,0,0,0,0,0,0,0,0,0,3.4,15903,318,我是谜剧制,3男3女 4.0小时 进阶 2021.08发行,古风 情感 沉浸 神话
末班车,末班车,8.2,7.6,0,0,0,0,0,0,7.2,0,0,0,0,0,0,7.8,0,0,0,0,6759,112882,4084,剧游方舟,5男2女 4.0小时 进阶 2021.08发行,
高级动物,高级动物,5.8,6.4,6.3,0,0,0,0,0,0,0,0,0,0,0,6.4,0,0,0,0,0,1.4,12675,230,叱鲸文化,4男2女 4.0小时 高阶 2021.08发行,
美丽新世界,美丽新世界,8,0,0,0,0,0,0,0,0,0,0,0,0,0,0,0,0,0,0,0,2.8,0,0,灰烬工作室,4男3女 6.0小时 高阶,中式 推理 沉浸 都市
上仙请就位,上仙请就位,5.7,5.8,0,0,6.3,0,6.1,0,0,0,0,0,0,0,0,0,0,0,0,0,3.8,10556,207,两级反转发行工作室,5男4女 4.0小时 进阶 2021.07发行,架空 机制 欢乐 都市
嫁衣,嫁衣,6.4,6.7,0,0,6.9,0,0,0,0,0,0,0,0,0,0,6.9,0,0,0,0,5.8,10225,173,贵阳久弥工作室,5男3女 4.5小时 进阶 2021.04发行,
鲸鱼马戏团,,0,0,0,0,0,0,0,0,0,0,0,0,0,0,0,0,0,0,0,0,0,0,0,,,
大山,大山,8.1,7.8,7.1,0,0,0,0,0,0,0,0,0,0,0,8,0,0,0,0,0,1.4,111723,4215,云深不知处,6男2女 4.0小时 进阶 2021.05发行,
尼克拉岛派对,尼克拉岛派对,4,4.9,0,0,5.8,0,5.2,0,0,0,0,0,0,0,0,0,0,0,0,0,3.8,10707,175,阿斯巴甜,百本选手说剧本:剧本《尼克拉岛派对》10人本 1男9女本 剧本类型:盒装本 团建欢乐本游戏时间:4小时左右 这个本 说的通俗一点 团建本 新手本 可以说是 剧本杀 最低的门槛了 再差点 就不行了 能玩 不建议玩 就是 公司 团建 或者 新手 第一个本 就挺一般的一个本 没有剧情 就是 胡闹 不推荐 不好玩,中式 机制 欢乐 都市
复泉楼豪门系列25,,0,0,0,0,0,0,0,0,0,0,0,0,0,0,0,0,0,0,0,0,0,0,0,,,
恶魔诞生于午夜,恶魔诞生于午夜,6,6.5,6.7,0,0,0,0,0,0,0,0,0,0,0,6.3,0,0,0,0,0,1.4,10729,219,十库工作室,〖补测评〗 类型：推理 立意 微恐 人数：四男三女可反串 时长：4小时 体验角色...全文,
春昼短2,春昼短2,5.3,5.9,5.7,0,0,6.1,0,0,0,0,0,0,0,0,0,0,0,0,0,0,3.4,18253,255,阿斯巴甜,3男3女 4.0小时 进阶 2021.08发行,中式 情感 沉浸 都市
想要成为Rap Star吗,,0,0,0,0,0,0,0,0,0,0,0,0,0,0,0,0,0,0,0,0,0,0,0,,,
将至,将至,8,7.7,0,0,0,0,0,0,0,0,0,0,0,0,7,7.4,0,0,0,0,31622,53331,1799,老玉米联合工作室,5男4女 4.0小时 进阶 2020.12发行,
极昼之下,极昼之下,8.6,8,8,0,0,0,0,0,0,0,7.7,0,0,0,0,0,0,0,0,0,6,105506,6135,乱神企划工作室,4男3女 5.0小时 高阶 2021.04发行,
光阴,光阴,7.8,7.3,6,0,0,7.3,0,0,0,0,0,0,0,0,0,0,0,0,0,0,2.8,16775,318,长月文创,3男3女 4.0小时 进阶,中式 推理 沉浸 都市
某某,某某,6,5.9,5.2,0,0,6.2,0,0,0,0,0,0,0,0,0,0,0,0,0,0,3.4,23370,565,半个谎言工作室,3男3女 4.0小时 新手 2021.06发行,中式 情感 沉浸 校园
酒转乾坤,酒转乾坤,5.6,6.2,5.8,0,0,0,0,0,6.3,0,0,0,0,0,0,0,0,0,0,0,2.8,11468,167,三岁工作室,3男2女 3.5小时 新手 2021.05发行,中式 推理 沉浸 都市
疑是星河落九天,疑是星河落九天,5.2,6.2,0,0,0,0,6.3,0,6.4,0,0,0,0,0,0,0,0,0,0,0,7609,7016,82,葵花工作室,5男3女 4.0小时 进阶 2021.07发行,古风 机制 沉浸 战争
大朗该喝药了,,0,0,0,0,0,0,0,0,0,0,0,0,0,0,0,0,0,0,0,0,0,0,0,,,
什么是快乐星球,什么是快乐星球,6.3,6.5,6.2,0,6.6,0,0,0,0,0,0,0,0,0,0,0,0,0,0,0,573,9525,151,动物园发行工作室; 星探联盟工作室,3男2女 4.0小时 进阶 2021.06发行,中式 推理 欢乐 都市
我在明朝当海盗,我在明朝当海盗,5.8,5.9,0,0,6.2,0,0,0,0,0,0,0,0,0,0,6,0,0,0,0,5.8,16441,299,羲和工作室,6男2女 4.0小时 进阶 2021.07发行,古风 阵营 欢乐 战争
云上有个供销社,云上有个供销社,5.2,6,5.7,0,0,6.2,0,0,0,0,0,0,0,0,0,0,0,0,0,0,2.8,13908,224,九州长歌工作室,3男4女 4.0小时 进阶 2021.08发行,中式 推理 沉浸 都市
岳飞,岳飞,6,6.6,6,0,0,6.8,0,0,0,0,0,0,0,0,0,0,0,0,0,0,2.8,9781,109,非羽工作室,4男3女 4.0小时 进阶 2021.05发行,古风 推理 沉浸 武侠
奶茶冰淇淋,奶茶冰淇淋,5.7,6.1,5.6,0,0,6.4,0,0,0,0,0,0,0,0,0,0,0,0,0,0,2.8,7071,102,3101原创剧本工作室,3男4女 4.5小时 新手 2021.01发行,中式 推理 沉浸 都市
骑在星河背上,骑在星河背上,6,6.3,0,0,0,6.5,0,0,0,6.5,0,0,0,0,0,0,0,0,0,0,6846,3872,59,剧游方舟,3男3女 4.0小时 新手 2021.06发行,
洛阳东风几时来,洛阳东风几时来,5.3,5.8,5.9,0,0,5.9,0,0,0,0,0,0,0,0,0,0,0,0,0,0,3.4,7857,104,鑫鑫向上工作室,4男4女 4.5小时 新手 2021.04发行,古风 情感 沉浸 武侠
兴·夜宴之乱,兴·夜宴之乱,6,0,0,0,0,0,0,0,0,0,0,0,0,0,0,0,0,0,0,0,7609,0,0,北京侦相大白工作室,3男3女 4.0小时 进阶 2020.08发行,古风 机制 沉浸 武侠
世界的尽头,世界的尽头,6.6,6.6,0,0,6.2,0,6.3,0,0,0,0,0,0,0,0,0,0,0,0,0,3.8,16110,310,剧游方舟,4男3女 4.5小时 进阶 2020.12发行,中式 机制 欢乐 都市
上帝不在的那一天,上帝不在的那一天,5.6,0,0,0,0,0,0,6.9,6.6,0,0,0,0,0,0,7,0,0,0,0,1.4,7828,127,DA剧本工场,4男3女 4.0小时 进阶 2021.07发行,
匹夫,匹夫,6,0,0,0,0,0,0,0,0,0,0,0,0,0,0,0,0,0,0,0,7609,0,0,X剧本工作室,3男2女 4.5小时 新手 2020.11发行,中式 机制 沉浸 都市
庆余年,庆余年,4.3,5.5,0,0,5.5,0,5.5,0,0,0,0,0,0,0,0,0,0,0,0,0,3.8,11158,155,探案笔记,百本选手说剧本:剧本《庆余年》6人本 4男2女 剧本类型:盒装本 欢乐 机制本 游戏时间:4小时左右 第一次 打 剧本杀 坐牢 🈶一种 牢底坐穿的感觉 这个本 应该是 ip本 求求了 太离谱了 什么本呀？ 你敢让 一个玩家 一直原地不动的坐牢 机制本 就别写了 关键是 欢乐本 还 不欢乐 最后一翻页 啥呀？科幻 外星人👽 不想...全文,架空 机制 欢乐 都市
似灵寺2,似灵寺2,7.2,6.6,0,0,0,6.9,6.6,0,0,0,0,0,0,0,0,0,0,0,0,0,2.1,62094,1238,鲸语文创,3男3女 4.0小时 新手 2021.07发行,中式 情感 食玩 新手
千秋赋,千秋赋,7.3,7.1,0,0,0,7.3,0,0,0,7,0,0,0,0,0,0,0,0,0,0,6846,82745,2862,百转千回工作室,3男3女 5.0小时 进阶,古风 情感 演绎 家国
你的礼物,你的礼物,4.9,6.1,5.7,0,0,6.6,0,0,0,0,0,0,0,0,0,0,0,0,0,0,6847,18471,199,梧桐监制工作室,4男3女 5.0小时 进阶 2021.05发行,
阿姐鼓,阿姐鼓,7.3,7.3,7,0,0,0,0,0,0,0,0,0,0,0,0,0,0,0,0,0,30257,110296,3527,老玉米联合工作室,百本选手说剧本:剧本《阿姐鼓》7人本 4女3男（可以反串）剧本类型:盒装本 推理本（微恐）变格本 游戏时间:4小时左右 👬适合人群：新...全文,
咆哮吧恶龙,,0,0,0,0,0,0,0,0,0,0,0,0,0,0,0,0,0,0,0,0,0,0,0,,,
不负,不负,5.2,6.1,5.9,0,0,6.5,0,0,0,0,0,0,0,0,0,0,0,0,0,0,2.8,25136,482,山橘推理,2男3女 4.0小时 新手 2021.07发行,古风 推理 沉浸 武侠
一口鸡腿子,一口鸡腿子,6.2,6.5,0,0,7,0,6.4,0,0,0,0,0,0,0,0,0,0,0,0,0,3.8,18584,338,这是家大发行工作室,4男3女 4.0小时 新手 2021.06发行,架空 机制 欢乐 动物
求签,求签,7,0,0,0,0,0,0,0,0,0,0,0,0,0,0,0,0,0,0,0,0,0,0,乐克乐克工作室,4男2女 5.0小时 高阶,
一夜暴富,一夜暴富,6,0,0,0,0,0,0,0,0,0,0,0,0,0,0,0,0,0,0,0,3.8,0,0,幻境剧本杀,4男3女 4.0小时 新手 2021.04发行,中式 机制 欢乐 都市
盲点,盲点,8,7.5,7.7,7.2,0,0,0,0,0,0,0,0,0,0,0,0,0,0,0,0,40277,74978,2809,天津剧盟发行工作室,3男2女 5.0小时 高阶 2021.07发行,
白衣倾城,白衣倾城,8.6,8.3,0,0,0,7.5,7.6,0,0,0,0,0,0,0,0,0,0,0,0,0,3161,96569,4013,树人工作室,5男3女 7.0小时 进阶 2019.10发行,古风 机制 博弈 武侠
通缉令,,0,0,0,0,0,0,0,0,0,0,0,0,0,0,0,0,0,0,0,0,0,0,0,,,
好名昭著,好名昭著,5.9,6.2,6,0,6.4,0,0,0,0,0,0,0,0,0,0,0,0,0,0,0,14608,31997,586,SSR推理发行工作室,3男3女 4.0小时 新手 2021.07发行,中式 推理 欢乐 都市
途径北海道,,0,0,0,0,0,0,0,0,0,0,0,0,0,0,0,0,0,0,0,0,0,0,0,,,
silence天国,SILENCE：天国,5.5,6.1,6.2,6.1,0,0,0,0,0,0,0,0,0,0,0,0,0,0,0,0,7862,14732,285,新蜂工作室,3男3女 5.0小时 高阶 2020.06发行,
相爱是最小的共产主义,,0,0,0,0,0,0,0,0,0,0,0,0,0,0,0,0,0,0,0,0,0,0,0,,,
那皇军不是白来了吗,那皇军不是白来了吗,4.8,5.5,0,0,6,0,0,0,0,0,0,0,0,0,0,5.9,0,0,0,0,5.8,5017,67,打个鸡蛋文创剧制,5男3女 4.0小时 新手 2021.06发行,
鬼计,鬼计,6.5,6.7,6.5,0,0,0,0,0,0,0,0,0,0,0,0,0,0,0,0,0,1405,15154,295,黑羽毛工作室; LARP原创工作室,2男3女 4.0小时 进阶 2021.06发行,
一言为定,一言为定,7.1,6.8,0,0,0,7,6.9,0,0,0,0,0,0,0,0,0,0,0,0,0,7609,33469,838,山橘推理; 西番推理,3男3女 4.0小时 新手 2021.06发行,日式 机制 沉浸 都市
上元不禁夜,上元不禁夜,6.7,6.6,6.3,0,0,0,0,0,6.8,0,0,0,0,0,0,0,0,0,0,0,2.8,7186,127,灰帆文化,〖考古老本系列〗 剧本类型：古风 情感 演绎 微机制 还原 剧本人数：三男三女 体验时长：3-4小时 体验角...全文,古风 推理 沉浸 武侠
黑色麻花辫,黑色麻花辫,7.5,7.2,6.8,0,0,0,0,0,0,0,0,0,0,0,0,0,0,0,0,0,2673,22515,533,头号文创工作室; 奶凶奶凶剧本工作室,3男3女 4.5小时 新手 2021.06发行,港澳 推理 惊悚 新手
心慌慌,心慌慌,4.5,5.4,0,0,0,0,0,5.6,0,0,0,0,0,0,0,0,0,0,0,0,11.3,41275,814,盛世剧制,3男4女 4.0小时 进阶 2021.07发行,
家长会,家长会,8.2,7.6,0,0,0,7.7,6.7,0,0,0,0,0,0,0,0,0,0,0,0,0,7609,45019,1466,核桃剧本工作室; 谜里文创工作室,4男2女 4.5小时 进阶 2021.01发行,中式 机制 沉浸 都市
地狱的第十九层,,0,0,0,0,0,0,0,0,0,0,0,0,0,0,0,0,0,0,0,0,0,0,0,,,
山之神,山之神,7.8,7.4,6.1,0,0,7.7,0,0,0,0,0,0,0,0,0,0,0,0,0,0,3.4,153345,3768,白鹿书院,3男4女 4.0小时 新手 2021.07发行,中式 情感 沉浸 都市
独木不成林,独木不成林,7.3,7.2,6.4,0,0,7.4,0,0,0,0,0,0,0,0,0,0,0,0,0,0,3.4,15168,271,LARP原创工作室,4男3女 4.0小时 进阶 2021.02发行,民国 情感 沉浸 战争
青灯引,青灯引,5.6,6.1,5.8,0,0,0,0,0,6.6,0,0,0,0,0,0,0,0,0,0,0,2.8,10235,143,草庐,4男2女 4.0小时 进阶,民国 推理 沉浸 都市
星愿,星愿,6.4,6.4,5.5,0,0,6.6,0,0,0,0,0,0,0,0,0,0,0,0,0,0,5322,19619,373,FB发行工作室,3男3女 4.0小时 新手 2020.11发行,中式 情感 治愈 新手
人偶之匣,人偶之匣,7.1,6.8,7.2,6.7,0,0,0,0,0,0,0,0,0,0,0,0,0,0,0,0,35135,78778,2216,灰烬工作室,4男3女 5.0小时 高阶 2021.06发行,日式 推理 悬疑 怪谈
青城山下,青城山下,5.5,6.2,0,0,6.2,0,0,0,0,0,0,0,0,0,0,6.1,0,0,0,0,5.8,34491,523,西昆仑发行工作室,百本选手说剧本:剧本《青城山下》7人本 4男3女 剧本类型:盒装本 欢乐 阵营本 游戏时间4.5小时左右 实话实说 我是冲着 青楼 第二部 来的 不过我 略显失望 我感觉 这个本 根本就 不好玩 一点也不 白蛇 也不欢乐 有点四不像的 感觉 🈶音频 🈶剧情 就是 不好玩 比 青楼 差远了 一个 不好玩的本 不推荐,
海国图志,海国图志,5.8,6.7,0,0,0,0,6.4,0,0,0,0,0,0,0,6.7,0,0,0,0,0,387,3655,64,司家侦探,3男3女 4.5小时 进阶 2021.06发行,
当撒旦在犯罪,当撒旦在犯罪,6.6,6.7,6.8,0,0,0,0,0,0,0,0,0,0,0,6.3,0,0,0,0,0,1.4,32279,743,闲顽工作室; 山橘推理,第163本 时长：5小时 配置：5男1女 我现在打这种老明凶非豪门盒装本的水平简直菜得抠脚。即便所有评价都说是只适合新手的本，在我这里也属于推不出来扣头皮。这回玩下来更是再创...全文,日式 推理 立意 都市
死神，癫狂与逻辑学家,死神癫狂与逻辑学家,4.5,5.3,5.4,0,0,0,0,0,0,0,0,0,0,0,5.2,0,0,0,0,0,1.4,28240,474,松火推理; 东方剧制,3男3女 4.5小时 进阶 2021.07发行,
极夜,极夜,8.6,8.1,0,0,0,0,7.9,0,0,0,0,0,0,0,8.5,0,0,0,0,0,50762,76212,3802,表里山河创作,6男0女 4.0小时 新手 2021.03发行,欧美 机制 立意 新手
点妖薄,,0,0,0,0,0,0,0,0,0,0,0,0,0,0,0,0,0,0,0,0,0,0,0,,,
晓人间落月,,0,0,0,0,0,0,0,0,0,0,0,0,0,0,0,0,0,0,0,0,0,0,0,,,
逢山遇鬼,逢山遇鬼,7.5,7.5,0,0,0,0,0,7.2,0,0,0,0,0,0,0,0,0,0,0,0,11.3,155834,5039,沧之溟工作室,3男4女 4.0小时 新手 2021.05发行,
银子那点事,银子那点事,5.8,6.2,0,0,6.5,0,6.2,0,0,0,0,0,0,0,0,0,0,0,0,0,3.8,3742,72,半子文娱,人数：（4人本）3男1女，可反串！ 类型：古风 欢乐|撕逼 游玩时间：1.5-3小时 角色： 布脱脱，男，烤肉摊摊主。 扈扈，女，...全文,架空 机制 欢乐 都市
绝命赌局2命运摆渡,绝命赌局2：命运摆渡,5.3,5.7,5.7,0,6.8,0,0,0,0,0,0,0,0,0,0,0,0,0,0,0,983,15217,276,谜里文创工作室,4男3女 4.0小时 进阶 2021.06发行,中式 推理 欢乐 都市
月下孟婆汤,月下孟婆汤,6.5,6.3,0,0,0,6.6,0,0,0,6.8,0,0,0,0,0,0,0,0,0,0,6854,27693,538,红剧文化,3男3女 4.0小时 进阶 2020.09发行,古风 情感 演绎 玄幻
有钱能使鬼推磨,有钱能使鬼推磨,6.1,6.4,0,0,7,0,6.5,0,0,0,0,0,0,0,0,0,0,0,0,0,3.8,9262,127,ATM文创; 闲顽工作室,4男3女 4.0小时 进阶 2021.04发行,中式 机制 欢乐 都市
罪城之下,罪城之下,6.6,6.7,0,6.8,0,0,0,0,0,0,0,0,0,0,0,6.7,0,0,0,0,9517,4667,58,狂徒娱乐,5男2女 4.5小时 进阶 2021.06发行,
明天也是小春日和,明天也是小春日和,5.9,6.4,6.3,0,0,0,0,0,0,0,0,0,0,0,6.4,0,0,0,0,0,1.4,10175,166,水镜出品,4男3女 4.5小时 进阶 2021.06发行,日式 推理 立意 神话
兵临城下2你好新天津,兵临城下2：你好，新天津,6.2,6.6,0,0,0,6.6,0,0,0,0,0,0,0,0,0,5.9,0,0,0,0,3.4,85431,1576,老玉米联合工作室,4男4女 4.0小时 进阶 2021.06发行,民国 情感 沉浸 战争
黑子迷局2：无光诡局,黑子迷局2：无光诡局,6.1,6.4,0,6.5,0,0,6.6,0,0,0,0,0,0,0,0,0,0,0,0,0,2.6,7928,109,燃工作室,4男4女 4.0小时 高阶,
打工人不讲武德 耗子尾汁,打工人不讲武德，耗子尾汁,2,0,0,0,0,0,0,0,0,0,0,0,0,0,0,0,0,0,0,0,3.8,0,0,推理大师,1男6女 4.0小时 新手 2020.12发行,中式 机制 欢乐 都市
黑羊公馆,,0,0,0,0,0,0,0,0,0,0,0,0,0,0,0,0,0,0,0,0,0,0,0,,,
如月街7号,如月街7号,7.4,7.3,7.2,0,0,0,0,0,0,0,0,0,0,0,0,0,0,0,0,0,3843,2.3,595,肆言良语; 灯火阑珊,4男2女 4.5小时 进阶 2021.04发行,日式 推理 惊悚 都市
瓶中恶灵,瓶中恶灵,6.4,6.4,6.9,6.3,0,0,0,0,0,0,0,0,0,0,0,0,0,0,0,0,13551,21556,561,灰烬工作室,4男1女 4.5小时 进阶 2021.06发行,
死者在幻夜中醒来,死者在幻夜中醒来,8.9,8.4,8.7,0,0,0,0,0,0,0,0,0,0,0,0,0,0,0,0,0,181913,267256,29273,灰烬工作室,4男3女 5.5小时 高阶 2021.05发行,日式 推理 惊悚 怪谈
风中有朵雨做的云2-好春光,风中有朵雨做的云2：好春光,5.9,6.5,6.1,0,0,6.4,0,0,0,0,0,0,0,0,0,0,0,0,0,0,3.4,31785,449,西安蛛丝马迹,3男3女 4.0小时 进阶 2021.05发行,港澳 情感 沉浸 校园
遗容,遗容,6.6,6.7,6.6,0,0,0,0,0,0,0,0,0,0,0,0,0,0,0,0,0,592,5153,110,卡卡工作室,2男4女 4.0小时 进阶 2021.05发行,
打劫了之比惨大会,打劫了之比惨大会,6.4,6.8,0,0,7,0,6.5,0,0,0,0,0,0,0,0,0,0,0,0,0,3.8,3186,63,惊蛰推理,3男3女 4.5小时 进阶 2021.05发行,架空 机制 欢乐 都市
破晓,破晓,8,7.5,6.6,0,0,7.8,0,0,0,0,0,0,0,0,0,0,0,0,0,0,3.4,165142,9085,KEYS工作室; 青门引工作室,4男2女 4.0小时 新手 2021.01发行,中式 情感 沉浸 都市
结婚大作战,结婚大作战,7,6.9,0,0,7.2,0,6.8,0,0,0,0,0,0,0,0,0,0,0,0,0,3.8,11944,205,3101原创剧本工作室,3男3女 4.0小时 新手 2021.05发行,中式 机制 欢乐 都市
遗产2弱肉强食,遗产2：弱肉强食,3,0,0,0,0,0,0,0,0,0,0,0,0,0,0,0,0,0,0,0,3.8,0,0,壹月剧制,4男3女 4.5小时 进阶 2021.05发行,中式 机制 欢乐 都市
雨落赤城山,雨落赤城山,6.3,6.6,6.5,0,0,0,0,0,0,0,0,0,0,0,0,0,0,0,0,0,2910,35857,897,葵花工作室; 白夜梦发行工作室,3男3女 4.5小时 进阶 2021.06发行,日式 推理 惊悚 神话
纸帆,纸帆,7.2,6.8,6.3,0,0,6.9,0,0,0,0,0,0,0,0,0,0,0,0,0,0,3.4,23421,536,寒鸦工作室,3男3女 4.0小时 进阶 2021.02发行,中式 情感 沉浸 都市
阴缘2陪葬,,0,0,0,0,0,0,0,0,0,0,0,0,0,0,0,0,0,0,0,0,0,0,0,,,
外交官,外交官,7.5,7.1,0,0,0,0,0,0,0,0,0,0,0,0,7.7,6.6,0,0,0,0,17454,31637,701,Diary剧制,6男1女 4.5小时 进阶 2021.06发行,
泉之馆豪门系列24,,0,0,0,0,0,0,0,0,0,0,0,0,0,0,0,0,0,0,0,0,0,0,0,,,
病娇男孩的精分日记,病娇男孩的精分日记,8.9,8.5,8,0,0,0,0,0,0,0,0,0,0,0,0,0,0,0,0,0,199506,344824,33926,鑫梦人生,7男0女 5.0小时 进阶 2021.06发行,
蚊子血,蚊子血,6,6.5,0,0,6.7,0,6.6,0,0,0,0,0,0,0,0,0,0,0,0,0,308,4855,72,,3男3女 4.0小时 进阶 2021.04发行,中式 机制 欢乐 都市
请君入瓮,请君入瓮,7.9,7.6,0,0,0,7.8,0,0,0,8.2,0,0,0,0,0,0,0,0,0,0,6855,59308,8658,东方剧制; 玩物立志发行工作室,3男3女 7.0小时 新手 2025.10发行,古风 情感 演绎 其他
在逃公主,在逃公主,7.2,7,5.9,0,0,6.9,0,0,0,0,0,0,0,0,0,0,0,0,0,0,3.4,36200,738,三宝殿,3男3女 4.0小时 新手 2021.03发行,欧美 情感 沉浸 童话
越狱,越狱,5.5,5.8,0,0,6.6,0,6.2,0,0,0,0,0,0,0,0,0,0,0,0,0,3.8,20554,355,万物可爱,4男3女 4.0小时 新手 2021.04发行,中式 机制 欢乐 都市
梦幻金银岛,梦幻金银岛,5,6.1,0,0,6.6,0,6.4,0,0,0,0,0,0,0,0,0,0,0,0,0,3.8,10925,121,Siren剧本工作室,第70本，梦幻金银岛 综合评分:1 剧本类型:机制阵营欢乐立意 人物角色:5男2女 时长:3.5小时 角色...全文,中式 机制 欢乐 都市
桔梗物语,桔梗物语,6.6,6.9,6.7,6.7,0,0,0,0,0,0,0,0,0,0,0,0,0,0,0,0,2836,22232,571,阿斯巴甜,【类型】：日式/ 情感/还原/ 变格 【人数】：4人2男2女 【时长】：3小时 人物介绍： 【新垣千鹤】 女，29岁，尚发开朗，家庭主妇，与渡边翔...全文,日式 推理 悬疑 都市
童话,,0,0,0,0,0,0,0,0,0,0,0,0,0,0,0,0,0,0,0,0,0,0,0,,,
闺蜜,闺蜜,8,0,0,0,0,0,0,0,0,0,0,0,0,0,0,0,0,0,0,0,2.8,0,0,梦境岭剧本工作室,1男4女 4.0小时 进阶 2021.02发行,中式 推理 沉浸 都市
我亲爱的老同学,Oh！我亲爱的老同学,8,0,0,0,0,0,0,0,0,0,0,0,0,0,0,0,0,0,0,0,0,0,0,沧之溟工作室,4男4女 4.5小时 进阶 2021.04发行,中式 推理 欢乐 都市
船舶与灯塔,船舶与灯塔,1,0,0,0,0,0,0,0,0,0,0,0,0,0,0,0,0,0,0,0,6855,0,0,帽子戏法工作室,3男4女 3.0小时 进阶 2021.04发行,
富婆,富婆,4.7,5.6,0,0,6.3,0,0,0,0,0,0,0,0,0,0,5.8,0,0,0,0,5.8,11585,173,久闻,4男4女 4.0小时 进阶 2021.04发行,
地府办事处,地府办事处,5.2,5.7,0,0,6.2,0,5.6,0,0,0,0,0,0,0,0,0,0,0,0,0,3.8,32195,549,羲和工作室,3男3女 4.0小时 新手 2021.05发行,架空 机制 欢乐 神话
来电,来电,7.6,7.5,0,0,7.7,0,7,0,0,0,0,0,0,0,0,0,0,0,0,0,3.8,287862,17807,剧堆,3男3女 3.5小时 新手 2021.05发行,中式 机制 欢乐 都市
期须乃至豪门23,,0,0,0,0,0,0,0,0,0,0,0,0,0,0,0,0,0,0,0,0,0,0,0,,,
神明酒局,游戏：神明酒局,6.7,6.9,0,0,7.1,0,0,0,0,0,0,0,0,0,0,6.9,0,0,0,0,5.8,3102,50,新物推理,3男3女 4.0小时 进阶 2021.05发行,
一枝红杏,一枝红杏,5.4,5.9,0,0,6.7,0,0,0,0,0,0,0,0,0,0,6,0,0,0,0,5.8,23074,397,盛世剧制,4男4女 4.0小时 新手 2021.04发行,古风 阵营 欢乐 都市
它是龙,它是龙,5.9,6.3,0,0,0,0,6.2,0,0,0,0,0,0,0,6.5,0,0,0,0,0,10779,17837,239,SSR推理发行工作室,3男3女 4.0小时 进阶 2021.05发行,
备忘录死后即阅,备忘录：死后即阅,6.7,6.8,0,6.8,0,0,6.4,0,0,0,0,0,0,0,0,0,0,0,0,0,1.8,52425,1304,司家侦探,3男2女 5.0小时 高阶 2021.04发行,
赴国忧,赴国忧,6.3,6.6,0,0,0,0,0,0,6.2,0,0,0,0,0,0,6.7,0,0,0,0,2.3,25226,514,黑马剧制,3男3女 4.0小时 进阶 2021.05发行,
寅时一刻,寅时一刻之虚耗,4,0,0,0,0,0,0,0,0,0,0,0,0,0,0,0,0,0,0,0,0,0,0,打个鸡蛋文创剧制,3男3女 4.0小时 进阶,
绿皮火车,绿皮火车,6.9,6.5,7,6.5,0,0,0,0,0,0,0,0,0,0,0,0,0,0,0,0,7555,12972,330,某部长工作室,4男2女 4.5小时 进阶 2020.04发行,
惠子2百鬼,惠子2：百鬼,5.8,6.5,0,0,0,0,6.1,0,0,0,0,0,0,0,0,0,0,0,0,0,471,23161,359,东方剧制,3男3女 4.0小时 进阶 2021.05发行,日式 机制 惊悚 校园
虫儿飞,虫儿飞,7.6,7.2,0,0,7.3,0,0,0,0,0,0,0,0,0,0,6.6,0,0,0,0,5.8,15816,237,卡卡工作室,3男3女 4.0小时 新手 2021.04发行,架空 阵营 欢乐 新手
我祝你孤独也祝你幸福,,0,0,0,0,0,0,0,0,0,0,0,0,0,0,0,0,0,0,0,0,0,0,0,,,
沙雕王国,沙雕王国,5.5,6.1,0,0,6.6,0,6.1,0,0,0,0,0,0,0,0,0,0,0,0,0,3.8,13748,170,2077剧本工作室; 千人千面剧本工作室,3男4女 4.0小时 进阶 2020.12发行,架空 机制 欢乐 童话
富士山下,富士山下,6.6,6.6,6,0,0,7.1,0,0,0,0,0,0,0,0,0,0,0,0,0,0,3.4,17058,287,FB发行工作室,4男2女 4.0小时 新手 2020.09发行,日式 情感 沉浸 都市
你妈逼你结婚了吗,,0,0,0,0,0,0,0,0,0,0,0,0,0,0,0,0,0,0,0,0,0,0,0,,,
竹书纪年,竹书纪年,6.8,6.8,0,0,0,6.7,0,0,0,6.7,0,0,0,0,0,0,0,0,0,0,6856,6057,81,白鹿书院,3男3女 4.0小时 进阶 2021.02发行,古风 情感 演绎 都市
七日怪谈,七日怪谈,6.1,6.4,6.5,0,5.9,0,0,0,0,0,0,0,0,0,0,0,0,0,0,0,11113,19932,386,黑眼圈工作室; 剧格工厂,4男3女 4.0小时 进阶 2021.04发行,日式 推理 欢乐 二次元
闹鬼的地下室,闹鬼的地下室,6.2,6.4,6.2,0,0,0,0,0,0,0,0,0,0,0,0,0,0,0,0,0,26798,66200,1304,水镜出品,4男3女 4.5小时 进阶 2020.04发行,
青玉赌坊2怡红怨,,0,0,0,0,0,0,0,0,0,0,0,0,0,0,0,0,0,0,0,0,0,0,0,,,
人间星火,人间星火,7.3,7.3,0,0,0,7.1,0,0,0,7.4,0,0,0,0,0,0,0,0,0,0,6856,31818,652,跳东湖工作室,3男2女 4.5小时 进阶 2021.01发行,
千千晚星,千千晚星,7.5,7.5,7,7.2,0,0,0,0,0,0,0,0,0,0,0,0,0,0,0,0,47034,70673,3608,稻草人工作室,5男3女 4.0小时 进阶 2020.01发行,
热搜,热搜,4.1,5.4,5.5,0,0,0,0,0,0,0,0,0,0,0,5.3,0,0,0,0,0,1.4,41748,787,隐匿角色,5男3女 5.0小时 高阶 2021.05发行,
风,,0,0,0,0,0,0,0,0,0,0,0,0,0,0,0,0,0,0,0,0,0,0,0,,,
校规2,,0,0,0,0,0,0,0,0,0,0,0,0,0,0,0,0,0,0,0,0,0,0,0,,,
别来无恙,别来无恙,5.9,6,5.1,0,0,6.2,0,0,0,0,0,0,0,0,0,0,0,0,0,0,3.4,48996,1166,曼珠沙华; 帽子戏法工作室,3男3女 4.0小时 进阶 2021.04发行,中式 情感 沉浸 都市
虞渊唐,,0,0,0,0,0,0,0,0,0,0,0,0,0,0,0,0,0,0,0,0,0,0,0,,,
篆妖书,篆妖书,9,0,0,0,0,0,0,0,0,0,0,0,0,0,0,0,0,0,0,0,2.8,0,0,朋来仙境工作室,3男3女 4.0小时 进阶 2020.05发行,古风 推理 沉浸 玄幻
绝命派对,,0,0,0,0,0,0,0,0,0,0,0,0,0,0,0,0,0,0,0,0,0,0,0,,,
桃夭,桃夭,5,0,0,0,0,0,0,0,0,0,0,0,0,0,0,0,0,0,0,0,2.8,0,0,逍遥剧制,no.18 桃夭 dm对对对道长 kk推荐说这是个快车dm 均速两小时 确实也就2h搞定了 而且一个恐怖本完成了欢乐本 蛮开心的[坏笑] ​教主（不是原教主）：祭祀（原教主 男扮女装）你这个变态强暴自己的女儿 为了正义 我帮你毁灭证据吧,古风 推理 沉浸 仙侠
焰之扉,,0,0,0,0,0,0,0,0,0,0,0,0,0,0,0,0,0,0,0,0,0,0,0,,,
初雪,初雪,9,0,0,0,0,0,0,0,0,0,0,0,0,0,0,0,0,0,0,0,2.8,0,0,柒墨剧本发行工作室,2男2女 5.0小时 高阶,中式 推理 沉浸 都市
婚礼谋杀案,,0,0,0,0,0,0,0,0,0,0,0,0,0,0,0,0,0,0,0,0,0,0,0,,,
冈比亚之死,冈比亚之死,5,0,0,0,0,0,0,0,0,0,0,0,0,0,0,0,0,0,0,0,0,0,0,,7男3女 4.5小时 进阶,
当你熟睡时,当你熟睡时,9,0,0,0,0,0,0,0,0,0,0,0,0,0,0,0,0,0,0,0,2.8,0,0,A+剧本工作室,3男3女 4.5小时 进阶,中式 推理 沉浸 怪谈
凤求凰,凤求凰,7,0,0,0,0,0,0,0,0,0,0,0,0,0,0,0,0,0,0,0,2.8,0,0,折子戏工作室,5男2女 4.5小时 进阶,古风 推理 沉浸 玄幻
十三先生,十三先生,6.4,6.6,6.6,6.8,0,0,0,0,0,0,0,0,0,0,0,0,0,0,0,0,306,2274,43,迷雾学派,5男4女 4.0小时 进阶 2020.11发行,
夜总会杀人夜,,0,0,0,0,0,0,0,0,0,0,0,0,0,0,0,0,0,0,0,0,0,0,0,,,
小团圆,小团圆,9,0,0,0,0,0,0,0,0,0,0,0,0,0,0,0,0,0,0,0,2.8,0,0,春树工作室,2男3女 4.5小时 进阶,中式 推理 沉浸 都市
你咋是个这,你咋是个这,5,0,0,0,0,0,0,0,0,0,0,0,0,0,0,0,0,0,0,0,3161,0,0,不止发行工作室,3男4女 4.0小时 进阶,
贺兰宴,贺兰宴,5.5,6.7,0,0,0,6.8,0,0,0,0,0,0,0,0,0,6.6,0,0,0,0,2.3,6606,81,侦心不改,4男3女 4.5小时 进阶 2021.04发行,古风 阵营 沉浸 都市
追龙,追龙,6.2,6.7,0,0,6.5,0,6.7,0,0,0,0,0,0,0,0,0,0,0,0,0,3.8,9984,107,本匠; 低空飞行,6男2女 4.0小时 进阶 2021.01发行,港澳 机制 欢乐 都市
御镖行,御镖行,5.8,6.5,0,0,0,6.5,6.6,0,0,0,0,0,0,0,0,0,0,0,0,0,7609,3499,48,北京墨者文化,4男3女 4.0小时 进阶 2020.09发行,古风 机制 沉浸 武侠
金玉良缘,金玉良缘,5.6,5.8,0,0,6.5,0,0,0,0,0,0,0,0,0,0,6.1,0,0,0,0,5.8,39197,578,LARP原创工作室,4男4女 4.0小时 新手 2020.04发行,古风 阵营 欢乐 都市
日日是好日,日日是好日,8.6,8,0,0,0,7.9,0,0,7.8,0,0,0,0,0,0,0,0,0,0,0,3.4,118196,5106,西安蛛丝马迹,《日日是好日》爱意不会消失，思念不会停止📽 （欢乐 情感 治愈·3男3女） ⏳：4.5小时 这是我一直很想打的本，身边朋友极力推荐...全文,日式 情感 沉浸 都市
粉灯,,0,0,0,0,0,0,0,0,0,0,0,0,0,0,0,0,0,0,0,0,0,0,0,,,
那时的我们,那时的我们,6.1,6.2,5.4,0,0,6.3,0,0,0,0,0,0,0,0,0,0,0,0,0,0,3.4,87288,1454,壹直爽,【5小时/林泽/有略c位置/体验分：2分】 ❎一句话总结：免费都不建议玩 『🌟关键词：青春文学，剧情天雷，情感平淡，角色行为降智』 『🌟角色体验：男女角色没有明...全文,中式 情感 沉浸 校园
蜇蜂之死蛰,,0,0,0,0,0,0,0,0,0,0,0,0,0,0,0,0,0,0,0,0,0,0,0,,,
九霄,九霄,7.9,7.3,0,0,0,7.5,0,0,0,8.4,0,0,0,0,0,0,0,0,0,0,42562,81981,2647,,3男3女 4.0小时 进阶 2021.01发行,古风 情感 演绎 神话
刁民2,刁民2,5.6,5.8,0,0,6.6,0,5.5,0,0,0,0,0,0,0,0,0,0,0,0,0,3.8,65731,1127,好琦工作室,4男4女 4.0小时 新手 2021.04发行,现代 机制 欢乐 都市
约本,约本,5.5,6.1,0,0,6.3,0,6.1,0,0,0,0,0,0,0,0,0,0,0,0,0,3.8,13251,190,嘿咔文创,5男3女 4.0小时 进阶 2021.04发行,中式 机制 欢乐 都市
如何杀死500万人,如何杀死500万人,5.9,6.2,6,0,0,0,0,0,0,0,0,0,0,0,6.5,0,0,0,0,0,500,11106,155,东方剧制,3男3女 4.5小时 进阶 2021.04发行,日式 推理 立意 都市
市井狂人,市井狂人,7.1,6.7,0,0,7.7,0,6.4,0,0,0,0,0,0,0,0,0,0,0,0,0,3.8,189686,6001,外星人,补测系列🌟《市井狂人》🌟 📖剧本类型:中式｜机制｜欢乐｜新手 👦玩家配置:五男两女（可以反串） 🕰体验时长:4-5小时 一部中式撕逼欢乐本，人物立绘有点港风漫...全文,中式 机制 欢乐 都市
老狗必须死,老狗必须死,6.3,6.8,0,0,7,0,6.8,0,0,0,0,0,0,0,0,0,0,0,0,0,3.8,4384,47,入戏文化,✨人数:3男3女 ✨类型:酒本 推理 欢乐 ✨时长:3～4小时 ✨剧本难度:⭐️⭐️ ✨剧情:⭐️⭐️ ✨情感:...全文,中式 机制 欢乐 都市
催婚,催婚,4.9,5.6,0,0,6.3,0,0,0,0,0,0,0,0,0,0,5.5,0,0,0,0,5.8,58452,869,空然新语; 非凡大陆工作室,4男4女 4.0小时 进阶 2021.04发行,
喜丧,喜丧,5.5,6.4,6.5,0,0,0,0,0,0,0,0,0,0,0,0,0,0,0,0,0,705,10022,153,卡卡工作室,2男3女 4.0小时 进阶 2021.03发行,
赘婿,赘婿,4.7,5.3,0,0,6.2,0,5.3,0,0,0,0,0,0,0,0,0,0,0,0,0,3.8,58805,1032,三岁工作室,3男3女 4.0小时 新手,架空 机制 欢乐 都市
恶意新版,,0,0,0,0,0,0,0,0,0,0,0,0,0,0,0,0,0,0,0,0,0,0,0,,,
与妻书,与妻书,5.5,6.3,0,0,0,6.4,5.7,0,0,0,0,0,0,0,0,0,0,0,0,0,7609,43055,630,探案笔记,4男3女 4.0小时 新手 2021.01发行,民国 机制 沉浸 家国
宿醉2,宿醉2,5.1,5.7,0,0,6.2,0,5.5,0,0,0,0,0,0,0,0,0,0,0,0,0,33833,53362,779,小本买卖工作室,百本选手说剧本：剧本《宿醉2》6人本 3男3女 剧本类型：盒装本 新手本 欢乐本 游戏时间：2.5小时左右 避雷本 又一个 真的是 活久见 这个本 不如 第一部 最后的推凶 太牵强了 一部 不合格的 盒装本 1本 就5页 几百个字 2本 又是一个 通读本 盘凶🈚️证据 故事 比较简单 这个本 不好玩 且 什么乱七八糟的剧情 大家 注意...全文,中式 推理 欢乐 都市
悬崖边上的银根三3,,0,0,0,0,0,0,0,0,0,0,0,0,0,0,0,0,0,0,0,0,0,0,0,,,
魔女屋,,0,0,0,0,0,0,0,0,0,0,0,0,0,0,0,0,0,0,0,0,0,0,0,,,
分手勿语,分手勿语,5.7,6.1,5.5,0,0,6.3,0,0,0,0,0,0,0,0,0,0,0,0,0,0,3.4,21806,339,跳！大神工作室,3男3女 4.5小时 进阶 2021.01发行,中式 情感 沉浸 都市
余温,余温,6.3,6.6,6.2,0,0,6.8,0,0,0,0,0,0,0,0,0,0,0,0,0,0,3.4,9135,135,XY侦探工作室,3男3女 4.0小时 进阶,中式 情感 沉浸 都市
龙宴2旱城,龙宴2：旱城,6.3,6.5,0,0,6.5,0,0,0,0,0,0,0,0,0,0,6.6,0,0,0,0,5.8,95531,1639,黑马剧制,5男3女 4.0小时 进阶 2021.04发行,古风 阵营 欢乐 宫廷
漓川怪谈簿,漓川怪谈簿,8.9,8.5,0,8,0,0,0,8.4,0,0,0,0,0,0,0,0,0,0,0,0,5043,262727,26008,灰烬工作室,3男4女 4.0小时 进阶 2021.04发行,架空 机制 沉浸 进阶
反对无效,反对无效,4.4,5.5,0,5.5,0,0,5.5,0,0,0,0,0,0,0,0,0,0,0,0,0,2.6,30231,529,梦境岭剧本工作室,10男0女 5.0小时 高阶 2021.03发行,
忘川葬,忘川葬,6.7,6.9,0,0,0,0,6.7,0,0,0,0,0,0,0,0,0,0,0,0,0,1833,3710,72,佛言剧本工作室,5男3女 4.5小时 进阶 2020.09发行,
虚拟游戏,虚拟游戏,8.4,7.8,8,7.6,0,0,0,0,0,0,0,0,0,0,0,0,0,0,0,0,72015,114308,4270,慢热TUO,3男3女 5.0小时 进阶 2021.03发行,恐惧在蔓延，信任在崩塌！ 类型：科幻 硬核 还原 机制 设定 剧评：巧妙的手法，紧密的逻辑，一环扣一环的证据链，互相穿插的角色都能使玩家深陷其中 故事非常精彩，结构完整，实打实的硬核，...全文
诡计博物馆,诡计博物馆,5.7,6.1,6.4,6,0,0,0,0,0,0,0,0,0,0,0,0,0,0,0,0,30246,67239,1167,贵阳·不二,4男3女 5.0小时 进阶 2021.01发行,
时光博物馆,时光博物馆,8.4,7.6,7.5,0,0,7.2,0,0,0,0,0,0,0,0,0,0,0,0,0,0,2289,21846,565,小本买卖工作室,3男3女 4.0小时 进阶,
国立第七中学,国立第七中学,9,0,0,0,0,0,0,0,0,0,0,0,0,0,0,0,0,0,0,0,0,0,0,海狸原创,3男2女 3.0小时 进阶 2020.10发行,日式 推理 惊悚 校园
暖阳,暖阳,10,0,0,0,0,0,0,0,0,0,0,0,0,0,0,0,0,0,0,0,2.8,0,0,荆棘博物馆,2男4女 4.0小时 进阶 2020.11发行,中式 推理 沉浸 都市
雀神,雀神,3,0,0,0,0,0,0,0,0,0,0,0,0,0,0,0,0,0,0,0,5.8,0,0,红中工作室,4男2女 3.0小时 新手 2019.11发行,
请不要忘记我,请不要忘记我,10,0,0,0,0,0,0,0,0,0,0,0,0,0,0,0,0,0,0,0,2.8,0,0,北京侦相大白工作室,4男2女 4.0小时 新手 2020.11发行,中式 推理 沉浸 校园
谁杀了大光头,谁杀了大光头,5,0,0,0,0,0,0,0,0,0,0,0,0,0,0,0,0,0,0,0,3.8,0,0,黑马剧制,5男1女 4.5小时 进阶 2020.12发行,架空 机制 欢乐 都市
涂川,涂川,7.3,0,0,0,0,7.3,0,0,7.3,7.3,0,0,0,0,0,0,0,0,0,0,6865,155660,4140,月影工作室,4男3女 4.5小时 进阶 2021.02发行,古风 情感 演绎 玄幻
死亡邀请函,死亡邀请函,6.6,6.5,6.5,0,0,0,0,0,0,0,0,0,0,0,0,0,0,0,0,0,312,3006,61,剧开心剧本杀工作室,4男3女 4.5小时 进阶,
谍影2南京风沙,,0,0,0,0,0,0,0,0,0,0,0,0,0,0,0,0,0,0,0,0,0,0,0,,,
就像水消失在水中,就像水消失在水中,8.2,7.8,6.6,0,0,7.9,0,0,0,0,0,0,0,0,0,0,0,0,0,0,3.4,152658,5985,麻心汤圆; 杭州七分之三推理馆,3男3女 4.5小时 新手 2021.01发行,现代 情感 沉浸 其他
七月十三,七月十三日,8.9,8.3,8.5,0,0,0,0,0,0,0,0,0,0,0,0,0,0,0,0,0,115994,118786,8005,灰烬工作室,4男2女 6.0小时 高阶 2019.11发行,日式 推理 惊悚 都市
雪之谷,,0,0,0,0,0,0,0,0,0,0,0,0,0,0,0,0,0,0,0,0,0,0,0,,,
答案,答案,7.1,6.9,6.8,0,0,6.7,0,0,0,0,0,0,0,0,0,0,0,0,0,0,2.8,4039,76,山南文创,4男2女 4.0小时 进阶 2020.04发行,架空 推理 沉浸 都市
尘哀,尘哀,6.6,6.7,6.4,0,0,6.6,0,0,0,0,0,0,0,0,0,0,0,0,0,0,2.8,28149,382,草庐,3男3女 4.0小时 进阶 2021.01发行,中式 推理 沉浸 都市
2026,,0,0,0,0,0,0,0,0,0,0,0,0,0,0,0,0,0,0,0,0,0,0,0,,,
大雪满弓刀,大雪满弓刀,7.3,7.2,0,0,0,0,6.6,0,7.1,0,0,0,0,0,0,0,0,0,0,0,7608,7025,113,剧然工作室,5男1女 4.5小时 进阶 2020.09发行,古风 机制 沉浸 武侠
赤狐书生佛狸祠下,,0,0,0,0,0,0,0,0,0,0,0,0,0,0,0,0,0,0,0,0,0,0,0,,,
酒剑山河,酒剑山河,7,0,0,0,0,0,0,0,0,0,0,0,0,0,0,0,0,0,0,0,2.8,0,0,朋来仙境工作室,3男3女 4.0小时 进阶,古风 推理 沉浸 武侠
暗剑,暗剑,6.6,6.4,0,0,6.6,0,0,0,0,0,0,0,0,0,0,6.6,0,0,0,0,5.8,3953,53,猫眼原创剧本,5男2女 4.0小时 进阶 2020.11发行,架空 阵营 欢乐 武侠
问君此去几时还,问君此去几时还,1,0,0,0,0,0,0,0,0,0,0,0,0,0,0,0,0,0,0,0,7608,0,0,西安Mr.M推理社,3男3女 4.0小时 进阶 2020.02发行,民国 机制 沉浸 家国
叫魂,叫魂,9,0,0,0,0,0,0,0,0,0,0,0,0,0,0,0,0,0,0,0,9517,0,0,谜团工作室,3男3女 4.0小时 进阶,
都挺好,都挺好,7,0,0,0,0,0,0,0,0,0,0,0,0,0,0,0,0,0,0,0,6866,0,0,面游时代,2男4女 4.0小时 进阶 2021.01发行,
雕塑里的曼陀罗花,雕塑里的曼陀罗花,6.8,6.8,7,6.8,0,0,0,0,0,0,0,0,0,0,0,0,0,0,0,0,10491,18105,345,不计成本工作室,补测系列🌟《雕塑里的曼陀罗花》🌟 📖剧本类型:｜都市｜悬疑｜推理 🕰体验时长:5-6小时 👦玩家配置:四男三女 很早玩的一个推理本，应该是是我玩的第一...全文,
阿尔忒斯之眸,,0,0,0,0,0,0,0,0,0,0,0,0,0,0,0,0,0,0,0,0,0,0,0,,,
圈里圈外,圈里圈外,2,0,0,0,0,0,0,0,0,0,0,0,0,0,0,0,0,0,0,0,0,0,0,不挑事原创工作室,3男3女 4.0小时 进阶 2020.09发行,
十里荒村,十里荒村,6,6.4,6.3,0,0,0,0,0,0,0,0,0,0,0,0,0,0,0,0,0,1051,17171,299,葵花工作室,5男2女 4.0小时 进阶 2021.01发行,
挟剑惊风,挟剑惊风,7.6,7.3,0,0,0,7.5,0,0,0,7.5,0,0,0,0,0,0,0,0,0,0,6866,121355,5258,正阳工作室; 青门引工作室,4男3女 4.5小时 进阶,古风 情感 演绎 武侠
野火,野火,6.8,7,0,0,6.5,0,0,0,0,0,0,0,0,0,0,6.5,0,0,0,0,5.8,9488,149,阿斯巴甜,3男3女 4.5小时 进阶 2021.01发行,
我要当顶流,我要当顶流,5.7,6.1,0,0,6.7,0,6.3,0,0,0,0,0,0,0,0,0,0,0,0,0,3.8,9990,138,灰帆文化,3男4女 4.0小时 进阶 2021.02发行,中式 机制 欢乐 都市
魂归,魂归,6,0,0,0,0,0,0,0,0,0,0,0,0,0,0,0,0,0,0,0,0,0,0,旖旎文化,4男2女 4.5小时 进阶,
月落岛之影,月落岛之影,6.1,6.5,6.7,6.6,0,0,0,0,0,0,0,0,0,0,0,0,0,0,0,0,530,9612,162,Q糖文创,3男2女 5.0小时 高阶 2021.03发行,
年少不知软饭香,年少不知软饭香,5.3,5.3,0,0,6,0,5.1,0,0,0,0,0,0,0,0,0,0,0,0,0,3.8,44838,709,沧之溟工作室,4男3女 4.0小时 新手 2021.03发行,中式 机制 欢乐 都市
被遗忘的时光,被遗忘的时光,6.6,6.8,6.4,0,0,6.6,0,0,0,0,0,0,0,0,0,0,0,0,0,0,2.8,29568,608,灰烬工作室,3男3女 5.0小时 高阶 2021.01发行,中式 推理 沉浸 都市
狐狸旅馆,狐狸旅馆,7.8,7.4,6.3,0,0,7.5,0,0,0,0,0,0,0,0,0,0,0,0,0,0,5322,38441,1281,折子戏工作室,3男4女 4.5小时 进阶,日式 情感 治愈 二次元
特拉多亚,特拉多亚,6.8,6.8,6.6,0,0,0,0,0,0,0,0,0,0,0,6.6,0,0,0,0,0,1.4,23379,477,森罗万象剧本工作室,4男2女 5.0小时 高阶 2020.12发行,
朝天阙,,0,0,0,0,0,0,0,0,0,0,0,0,0,0,0,0,0,0,0,0,0,0,0,,,
最后的低语,最后的低语,7.2,7.2,0,0,0,0,6.7,0,0,0,0,0,0,0,0,0,0,0,0,0,1833,19454,408,慢热TUO,4男3女 4.5小时 进阶 2021.04发行,
无限剑决,,0,0,0,0,0,0,0,0,0,0,0,0,0,0,0,0,0,0,0,0,0,0,0,,,
成化十四年,成化十四年之暮雨洒江天,6.8,6.9,6.3,0,0,6.8,0,0,0,0,0,0,0,0,0,0,0,0,0,0,6868,28632,576,桌立方,3男3女 4.5小时 进阶 2020.09发行,古风 情感 演绎 武侠
恶名昭著,恶名昭著2：无耻之徒,8.1,7.8,7.2,0,0,7.5,0,0,0,0,0,0,0,0,0,0,0,0,0,0,29823,58291,2521,东方剧制,4男3女 4.5小时 进阶 2021.07发行,
归途,归途,8,7.1,0,0,0,7.1,6.4,0,0,0,0,0,0,0,0,0,0,0,0,0,7608,20708,395,归途工作室,4男3女 4.0小时 进阶 2020.03发行,中式 机制 沉浸 都市
云使,云使,8.8,8.5,7.8,0,0,8.1,0,0,0,0,0,0,0,0,0,0,0,0,0,0,3.4,128616,6014,慢热TUO,3男3女 4.5小时 进阶 2021.02发行,古风 情感 沉浸 历史
一点半,一点半,7.5,7.2,6.8,0,0,0,0,0,0,0,0,0,0,0,0,0,0,0,0,0,93681,240748,12788,空山工作室,3男3女 4.5小时 进阶 2021.02发行,
眠梦不老泉,眠梦不老泉,7.5,7.2,7.3,6.8,0,0,0,0,0,0,0,0,0,0,0,0,0,0,0,0,61407,150559,3438,阿斯巴甜,3男3女 5.0小时 高阶 2021.03发行,
月下沙利叶,月下沙利叶,8.9,8.4,0,8.6,0,0,0,8.3,0,0,0,0,0,0,0,0,0,0,0,0,5043,188310,16460,稻草人工作室,百本选手说剧本:剧本《月下沙利叶》6人本 3男3女（🉑以反串）剧本类型:独家本 变革本 还原本 微恐本（🉑加麻加辣）游戏时间:4小时左右（4小时～5小时） 👬适合人群：考古 ...全文,
雾起云浮,雾起云浮,8.9,8.3,8.5,8.2,0,0,0,0,0,0,0,0,0,0,0,0,0,0,0,0,72969,115857,8258,智乐源文化,2男3女 5.0小时 进阶 2021.02发行,
怪物之家,怪物之家,6.1,6.7,0,0,0,0,0,0,0,0,0,0,0,0,6.5,6.5,0,0,0,0,613,7918,119,鑫梦人生,补测系列🌟《怪物之家》🌟 📖剧本类型:架空｜都市｜阵营｜立意 👦玩家配置:五男四女 🕰体验时长:4-5小时 这个本故事构架还是不错的，架空的背景人...全文,定位：阵营 机制 推理 人数：9人～ 时长：3...全文
演员,演员,5.9,6.6,5.9,0,0,6.7,0,0,0,0,0,0,0,0,0,0,0,0,0,0,3.4,23739,364,低空飞行,3男3女 4.0小时 新手 2020.09发行,中式 情感 沉浸 都市
山猪精的美好生活被打扰之后,,0,0,0,0,0,0,0,0,0,0,0,0,0,0,0,0,0,0,0,0,0,0,0,,,
星火,《星火》,10,0,0,0,0,0,0,0,0,0,0,0,0,0,0,0,0,0,0,0,2.8,0,0,弥安般偌工作室,4男2女 4.5小时 新手 2020.12发行,民国 推理 沉浸 家国
童心未泯,童心未泯,10,0,0,0,0,0,0,0,0,0,0,0,0,0,0,0,0,0,0,0,0,0,0,剧堆,百本选手说剧本:剧本《童心未泯》6人本 3男3女 剧本类型:盒装本 都市 推理本 游戏时间:3小时左右 实话实说 这个本 是我 第一次 接触 全息 投影 剧本杀 用 爱派 打本 大荧幕 投影 我是 大姑娘 上花轿 我头一回 我 记得 特别清楚 那天下午 我正在 电影院 看 魏君子 导演 的电影 《龙虎武师》然后 在某一个 群里说 ...全文,
乱世巨星,乱世巨星,6.2,6.6,6.3,0,6.9,0,0,0,0,0,0,0,0,0,0,0,0,0,0,0,333,5760,89,戏班子发行工作室,3男2女 4.0小时 进阶 2020.12发行,中式 推理 欢乐 都市
八荒,八荒,6.1,6.7,0,6.6,0,0,0,0,0,0,0,0,0,0,0,6.6,0,0,0,0,9517,4454,69,戏精推理发行工作室,4男3女 4.5小时 进阶 2021.01发行,
莲,,0,0,0,0,0,0,0,0,0,0,0,0,0,0,0,0,0,0,0,0,0,0,0,,,
幸好,幸好,8,0,0,0,0,0,0,0,0,0,0,0,0,0,0,0,0,0,0,0,2.8,0,0,老酒旧茶原创剧本工作室,3男2女 4.0小时 进阶,中式 推理 沉浸 都市
许愿,许愿,8.3,7.5,7.7,0,0,0,0,0,0,0,0,0,0,0,0,0,0,0,0,0,2289,33565,1298,麻心汤圆,3男2女 4.5小时 进阶 2020.08发行,
珠光宝气2,珠光宝气2,4.5,5.6,0,0,6.3,0,5.9,0,0,0,0,0,0,0,0,0,0,0,0,0,3.8,12317,125,3101原创剧本工作室,4男3女 4.0小时 进阶 2020.12发行,中式 机制 欢乐 都市
我不是人你是真的狗,我不是人你是真的狗,6,6.6,0,0,7,0,6.4,0,0,0,0,0,0,0,0,0,0,0,0,0,3.8,9980,158,TheOne剧本工作室,第180本，我不是人你是真的狗 综合评分:3 剧本类型:欢乐机制情感 人物角色:5男3女 时长:4小时 角色...全文,架空 机制 欢乐 动物
温莎大厦,温莎大厦,6.7,6.8,6.8,0,0,0,0,0,0,0,0,0,0,0,0,0,0,0,0,0,331,5163,84,小公猫工作室,3男2女 4.0小时 进阶 2020.12发行,
人类灭绝计划,人类灭绝计划,5,0,0,0,0,0,0,0,0,0,0,0,0,0,0,0,0,0,0,0,9517,0,0,惊蛰推理,6男2女 5.0小时 高阶 2020.11发行,
致命协议,致命协议,6.1,6.5,6.5,0,0,0,0,0,0,0,0,0,0,0,0,0,0,0,0,0,2768,39844,740,貔貅文化; 黑马剧制,3男2女 4.5小时 进阶 2021.01发行,
遗产,遗产,5.2,5.8,0,0,6.5,0,0,0,0,0,0,0,0,0,0,5.9,0,0,0,0,5.8,28374,429,盛世剧制,4男4女 4.0小时 新手 2020.12发行,
后宫,后宫,5.6,5.9,0,0,6.7,0,5.8,0,0,0,0,0,0,0,0,0,0,0,0,0,3.8,43975,923,无间剧制工作室,2男4女 4.5小时 进阶 2020.12发行,架空 机制 欢乐 宫廷
完美人生,完美人生,7.8,7.1,7.4,0,0,6.4,0,0,0,0,0,0,0,0,0,0,0,0,0,0,12329,15545,499,天津剧盟发行工作室,3男2女 4.5小时 高阶 2020.11发行,
老房子,老房子,6.6,6.9,0,0,0,7,0,0,0,6.9,0,0,0,0,0,0,0,0,0,0,6872,4660,62,诡迷剧本发行工作室,3男3女 4.5小时 进阶 2020.11发行,
野蔷薇,,0,0,0,0,0,0,0,0,0,0,0,0,0,0,0,0,0,0,0,0,0,0,0,,,
金陵有座东君书院,金陵有座东君书院,8.4,7.9,6.8,0,0,7.9,0,0,0,0,0,0,0,0,0,0,0,0,0,0,3.4,168667,7015,LARP原创工作室,3男3女 5.5小时 新手 2020.11发行,古风 情感 沉浸 校园
家宴2,,0,0,0,0,0,0,0,0,0,0,0,0,0,0,0,0,0,0,0,0,0,0,0,,,
舍离2,,0,0,0,0,0,0,0,0,0,0,0,0,0,0,0,0,0,0,0,0,0,0,0,,,
声声慢,声声慢,6.7,0,0,0,7.2,0,0,0,0,0,0,0,0,0,0,0,0,0,0,0,3.4,181739,5887,瓦特工作室,3男3女 4.0小时 新手 2021.01发行,古风 情感 沉浸 武侠
春运,春运,5.4,0,0,0,0,7,0,0,0,0,7,0,0,0,0,6.9,0,0,0,0,3.8,65867,1026,空然新语; 非凡大陆工作室,5男3女 4.0小时 进阶 2021.01发行,中式 机制 欢乐 都市
渣女成长史,渣女成长史,3.5,4.4,0,0,4.8,0,4.4,0,0,0,0,0,0,0,0,0,0,0,0,0,3.8,42764,603,惊蛰推理,3男4女 4.0小时 新手 2021.01发行,中式 机制 欢乐 都市
绣花鞋,,0,0,0,0,0,0,0,0,0,0,0,0,0,0,0,0,0,0,0,0,0,0,0,,,
女厕2,,0,0,0,0,0,0,0,0,0,0,0,0,0,0,0,0,0,0,0,0,0,0,0,,,
喜剧之王,喜剧之王,3,0,0,0,0,0,0,0,0,0,0,0,0,0,0,0,0,0,0,0,1.4,0,0,恩阿实景游戏,5男4女 3.0小时 新手 2019.12发行,
世界以痛吻我我要抱之以歌,,0,0,0,0,0,0,0,0,0,0,0,0,0,0,0,0,0,0,0,0,0,0,0,,,
剥离,剥离,6.6,6.9,6.9,6.9,0,0,0,0,0,0,0,0,0,0,0,0,0,0,0,0,250,2235,40,八方阁工作室,4男3女 5.0小时 高阶 2020.12发行,
卜卦,卜卦,6.7,6.7,6.8,0,0,0,0,0,0,0,0,0,0,0,0,0,0,0,0,0,5940,11068,157,葵花工作室,4男2女 5.0小时 高阶 2020.12发行,
布偶村,布偶村,8,0,0,0,0,0,0,0,0,0,0,0,0,0,0,0,0,0,0,0,1833,0,0,梦境岭剧本工作室,5男2女 4.0小时 进阶 2020.12发行,
朝暮与卿,朝暮与卿,8,0,0,0,0,0,0,0,0,0,0,0,0,0,0,0,0,0,0,0,2.8,0,0,天津剧盟发行工作室,3男3女 4.5小时 进阶 2020.11发行,古风 推理 沉浸 武侠
刺探,刺探,7.6,7,0,0,6.9,0,0,0,0,0,0,0,0,0,0,7.3,0,0,0,0,5.8,49096,1227,出山工作室,5男2女 4.0小时 进阶 2020.02发行,
合租房的秘密,合租房的秘密,5.4,6,0,0,6.4,0,0,0,0,0,0,0,0,0,0,6,0,0,0,0,5.8,9257,102,黑桃皇后工作室,百本选手说剧本：剧本《合租房的秘密》6人本 4男2女 剧本类型:盒装本 欢乐本 游戏时间:3小时左右 又是一个 避雷本 这个本 是一个 黄 爆 本 女性玩家 尤其 不适 3小时左右 打完 故事 有点 低俗 不建议打 这个本 老本了 以后 就都 别打了 避雷 这个本,
黎丘丈人,黎丘丈人,8,0,0,0,0,0,0,0,0,0,0,0,0,0,0,0,0,0,0,0,1.4,0,0,天津剧盟发行工作室,3男3女 4.5小时 高阶 2020.10发行,
漫长的告白,漫长的告白,6.6,6.5,6.5,0,0,6.3,0,0,0,0,0,0,0,0,0,0,0,0,0,0,3.4,10892,206,惊蛰推理,4男2女 4.5小时 高阶 2020.11发行,中式 情感 沉浸 都市
全程无鬼,全程无鬼,6,0,0,0,0,0,0,0,0,0,0,0,0,0,0,0,0,0,0,0,0,0,0,均泽国风工作室,3男3女 4.5小时 进阶 2020.11发行,
森林王国之选美大赛,森林王国之选美大赛,4.4,5.2,0,0,5.8,0,0,0,0,0,0,0,0,0,0,5.4,0,0,0,0,5.8,14754,181,水镜出品,2男7女 4.0小时 进阶 2020.11发行,
食神,食神,4.9,5.7,0,0,6.4,0,6.3,0,0,0,0,0,0,0,0,0,0,0,0,0,3.8,9563,98,卡卡工作室,3男3女 4.0小时 进阶 2020.12发行,架空 机制 欢乐 都市
寺火明夜志,寺火明夜志,8,0,0,0,0,0,0,0,0,0,0,0,0,0,0,0,0,0,0,0,7608,0,0,两级反转发行工作室,3男2女 4.0小时 进阶 2020.11发行,日式 机制 沉浸 都市
铁锅炖大ne,铁锅炖大ne,5.8,6.5,0,0,6.7,0,6.6,0,0,0,0,0,0,0,0,0,0,0,0,0,3.8,3335,62,不止发行工作室,《铁锅炖大ne》 人数：6人 （2女4男） 时长：3—4小时 评价： 这个本非常欢乐，能够让人捧腹大笑， 每个人不仅要完成主线任务，还要完成每个...全文,中式 机制 欢乐 都市
我在看着你,我在看着你,5,0,0,0,0,0,0,0,0,0,0,0,0,0,0,0,0,0,0,0,0,0,0,青山归工作室,4男2女 4.5小时 进阶 2020.11发行,日式 推理 惊悚 都市
希夏邦马,希夏邦马,6.5,6.8,6.7,6.7,0,0,0,0,0,0,0,0,0,0,0,0,0,0,0,0,343,4219,53,九道街剧本工作室,3男3女 4.5小时 高阶 2020.12发行,
新鲜丧尸,新鲜丧尸已送达请签收,6.4,6.5,0,0,6.9,0,6.6,0,0,0,0,0,0,0,0,0,0,0,0,0,3.8,13187,211,鲜焰文化,5男2女 4.5小时 进阶 2020.11发行,未来 机制 欢乐 怪谈
在劫难逃,在劫难逃,8,0,0,0,0,0,0,0,0,0,0,0,0,0,0,0,0,0,0,0,0,0,0,小羊探案,4男2女 5.0小时 进阶 2022.10发行,
早安，打工人,早安，打工人,5.3,5.9,0,0,6.4,0,6.1,0,0,0,0,0,0,0,0,0,0,0,0,0,3.8,10271,124,天津第一现场,5男5女 4.5小时 新手 2020.12发行,中式 机制 欢乐 都市
肿胀的脚,,0,0,0,0,0,0,0,0,0,0,0,0,0,0,0,0,0,0,0,0,0,0,0,,,
将宴,将宴,8,0,0,0,0,0,0,0,0,0,0,0,0,0,0,0,0,0,0,0,5043,0,0,真有戏工作室,4男3女 4.0小时 高阶 2020.12发行,
宝格丽之夜,宝格丽之夜,5.2,5.5,0,0,0,5.2,5.6,0,0,0,0,0,0,0,0,0,0,0,0,0,7608,126603,1741,月影工作室,4男4女 4.5小时 新手 2020.12发行,中式 机制 沉浸 都市
杀戮之裔,杀戮之裔,6.4,6.9,6.9,0,0,6.7,0,0,0,0,0,0,0,0,0,0,0,0,0,0,2.8,3823,45,沧之溟工作室,3男3女 4.5小时 进阶 2020.12发行,日式 推理 沉浸 校园
赛尔城下7人高清自用,,0,0,0,0,0,0,0,0,0,0,0,0,0,0,0,0,0,0,0,0,0,0,0,,,
晓人间.再见,晓人间·再见,6.2,6.3,6.2,0,0,6.6,0,0,0,0,0,0,0,0,0,0,0,0,0,0,3.4,28754,434,月石工作室,3男3女 4.0小时 新手 2020.12发行,中式 情感 沉浸 都市
刺天,刺天,5.9,6.6,6.6,0,0,0,0,0,0,0,0,0,0,0,0,0,0,0,0,0,539,9862,132,阿斯巴甜,3男2女 4.5小时 高阶 2020.10发行,
孤独推理家,孤独推理家,6.5,6.6,6.1,0,0,6.9,0,0,0,0,0,0,0,0,0,0,0,0,0,0,2.8,9462,120,Siren剧本工作室,4男3女 4.0小时 进阶 2020.12发行,中式 推理 沉浸 其他
兵临城下,兵临城下,8,7.8,0,0,0,7.8,0,0,7.7,0,0,0,0,0,0,0,0,0,0,0,3.4,171595,5225,老玉米联合工作室,4男3女 4.5小时 进阶 2020.12发行,民国 情感 沉浸 战争
刺秦,刺秦,5.5,5.8,0,0,6.2,0,0,0,0,0,0,0,0,0,0,6.1,0,0,0,0,5.8,51695,891,隐证剧本工作室,5男4女 4.0小时 进阶 2021.01发行,
春昼短,春昼短,4.8,5.5,4.9,0,0,5.7,0,0,0,0,0,0,0,0,0,0,0,0,0,0,3.4,92313,1309,阿斯巴甜,“所爱隔山海，山海亦可平。” 类型：情感 现代 沉浸 微推理 时长：3小时（优点：短，不坐牢） 人数：三男三女 体验角色：何西西（没有角色贴我，就...全文,中式 情感 沉浸 都市
雾鸦馆,雾鸦馆,7.8,7.3,7.7,0,0,0,0,0,0,0,0,0,0,0,0,0,0,0,0,0,102434,192770,8665,灰烬工作室,4男2女 5.0小时 高阶 2020.12发行,架空 机制 沉浸 进阶
我于万物之中,,0,0,0,0,0,0,0,0,0,0,0,0,0,0,0,0,0,0,0,0,0,0,0,,,
失格人间,失格人间,6.6,6.6,6.6,6.9,0,0,0,0,0,0,0,0,0,0,0,0,0,0,0,0,6226,11163,130,万游文创,5男2女 4.0小时 进阶 2020.06发行,
黑暗议会,黑暗议会,6.2,6.4,0,0,6.8,0,0,0,0,0,0,0,0,0,0,6.5,0,0,0,0,5.8,55179,1072,浮生文宝工作室,4男2女 4.0小时 新手 2020.10发行,欧美 阵营 欢乐 新手
比武招亲,比武招亲,5.1,5.6,5.1,0,6.4,0,0,0,0,0,0,0,0,0,0,0,0,0,0,0,8891,54082,776,山橘推理; 3101原创剧本工作室,6男0女 4.0小时 新手 2020.12发行,架空 推理 欢乐 武侠
似灵寺,似灵寺,5.7,5.8,0,0,0,6.3,5.7,0,0,0,0,0,0,0,0,0,0,0,0,0,7608,90787,1245,鲸语文创,3男3女 4.5小时 新手 2020.07发行,中式 机制 沉浸 都市
死无对证,死无对证,6.3,6.7,6.5,6.5,0,0,0,0,0,0,0,0,0,0,0,0,0,0,0,0,12067,5240,522,低空飞行,3男3女 6.5小时 新手 2025.07发行,架空 推理 悬疑 新手
人间不值得恐怖版,,0,0,0,0,0,0,0,0,0,0,0,0,0,0,0,0,0,0,0,0,0,0,0,,,
长生叹,长生叹,5.9,6.4,6.2,0,0,6.4,0,0,0,0,0,0,0,0,0,0,0,0,0,0,3.4,24749,316,LARP原创工作室,3男3女 4.0小时 新手 2020.11发行,民国 情感 沉浸 都市
琴瑟合冥,,0,0,0,0,0,0,0,0,0,0,0,0,0,0,0,0,0,0,0,0,0,0,0,,,
楼兰骨,,0,0,0,0,0,0,0,0,0,0,0,0,0,0,0,0,0,0,0,0,0,0,0,,,
剧名你定,剧名你定,5.9,6.2,6.4,0,0,0,0,0,0,0,0,0,0,0,0,0,0,0,0,0,672,11523,127,造梦人文创,3男3女 4.5小时 进阶 2020.11发行,
禁锢之地,禁锢之地,7.2,7.2,0,0,0,0,6.4,0,0,0,0,0,0,0,0,0,0,0,0,0,1833,26657,560,DA剧本工场; 雪人剧制,3男4女 4.0小时 进阶 2020.11发行,微恐剧本杀测评|逃出精神病院《禁锢之地》 题材：精神病院 海龟汤 类型：微恐 情感 还原 沉浸 人数：7人（3...全文
剑舞流炎,剑舞流炎,5.8,6.5,6.4,6.5,0,0,0,0,0,0,0,0,0,0,0,0,0,0,0,0,249,3220,52,嘉诺文化,4男2女 4.0小时 进阶 2020.09发行,
皇帝的荣耀,皇帝的荣耀,5,0,0,0,0,0,0,0,0,0,0,0,0,0,0,0,0,0,0,0,9.5,0,0,无垠工作室,4男2女 4.5小时 进阶 2020.10发行,欧美 机制 欢乐 宫廷
豪门21野狐悠谈,,0,0,0,0,0,0,0,0,0,0,0,0,0,0,0,0,0,0,0,0,0,0,0,,,
扶桑嫂,扶桑嫂,6.5,6.6,6.6,0,0,0,0,0,0,0,0,0,0,0,0,0,0,0,0,0,6990,18178,363,梦境岭剧本工作室,第17本 时长：3小时 配置：2男4女 DM：法老 让店家把恐怖氛围调到最低，其实就是一个带点氛围的三刀两毒本。三幕四个案件全是三刀两毒，...全文,
疯狂美食节3,疯狂美食节3,6,0,0,0,0,0,0,0,0,0,0,0,0,0,0,0,0,0,0,0,9.5,0,0,红泥小火炉工作室,3男4女 4.5小时 进阶 2020.09发行,架空 机制 欢乐 都市
璀璨星河,璀璨星河,5.9,6.4,6.4,0,0,6.3,0,0,0,0,0,0,0,0,0,0,0,0,0,0,3.4,13429,126,灰帆文化,3男3女 4.0小时 进阶 2020.11发行,未来 情感 沉浸 科幻
吃来的爱售】,,0,0,0,0,0,0,0,0,0,0,0,0,0,0,0,0,0,0,0,0,0,0,0,,,
奥尔幼儿园,奥尔幼儿园,7.4,7.2,0,0,7,0,6.7,0,0,0,0,0,0,0,0,0,0,0,0,0,9.5,54815,837,猫头鹰剧能作,补测系列🌟《奥尔幼儿园》🌟 📖剧本类型:新手｜欢乐｜立意｜微情感 👦玩家配置:三男三女 🕰体验时长:4-5小时 这个本是个古早本了，当时刚玩剧本杀不久...全文,欧美 机制 欢乐 校园
雪封南川,雪封南川,4,0,0,0,0,0,0,0,0,0,0,0,0,0,0,0,0,0,0,0,9517,0,0,志异文创,5男2女 4.5小时 进阶 2019.10发行,
笑饮楼记,笑饮楼记,7,6.9,6.7,0,0,0,0,0,0,0,0,0,0,0,7.2,0,0,0,0,0,1.4,11758,173,有糖谋杀之谜工作室,4男2女 5.0小时 高阶 2020.09发行,
师傅大师兄被妖怪抓走了,,0,0,0,0,0,0,0,0,0,0,0,0,0,0,0,0,0,0,0,0,0,0,0,,,
精神小伙,夜露死苦！进击的精神小伙,5.5,5.9,0,0,6.7,0,0,0,0,0,0,0,0,0,0,5.9,0,0,0,0,5.8,10308,157,闲顽工作室,5男3女 4.0小时 进阶 2020.11发行,
红衣男孩,红衣男孩,7,7,0,0,0,0,6.4,0,0,0,0,0,0,0,0,0,0,0,0,0,471,62197,1359,雪人剧制; ATM文创,微恐怖还原本《红衣男孩》这个本打完我几个晚上不敢关灯睡觉（朱小墨）就是儿子失踪要找儿子！剧情扣人心弦，沉浸感很棒！灯光、音效与剧本配合度很高。店好找，在中街附近，还算干净。 剧本人数:5人（2男3女）剧本时长:3-5小时,中式 机制 惊悚 新手
持斧奥夫,持斧奥夫,8.9,8.3,8.7,0,0,0,0,0,0,0,0,0,0,0,0,0,0,0,0,0,136102,170062,13195,,4男2女 4.5小时 高阶 2020.11发行,
一座城,一座城,8.8,8.4,0,0,0,0,7.8,0,0,0,8,0,0,0,0,0,0,0,0,0,6090,168932,13159,老姜剧本,2男2女 4.5小时 进阶 2020.09发行,
七成熟,七成熟,5.9,6.7,6.6,0,6.7,0,0,0,0,0,0,0,0,0,0,0,0,0,0,0,8888,3441,43,井鸟工作室,4男2女 4.5小时 进阶 2020.11发行,中式 推理 欢乐 都市
第八个面具,第八个面具,7.6,7.2,0,0,0,0,0,7.2,0,0,0,0,0,0,7,0,0,0,0,0,6577,38886,849,沧之溟工作室,4男2女 4.5小时 进阶 2020.11发行,
白鲸,白鲸,7,0,0,0,0,0,0,0,0,0,0,0,0,0,0,0,0,0,0,0,3.4,0,0,梦境里发行工作室,4男2女 4.5小时 高阶 2020.11发行,架空 情感 沉浸 都市
剪烛夜行,剪烛夜行,3,0,0,0,0,0,0,0,0,0,0,0,0,0,0,0,0,0,0,0,0,0,0,X探案工作室,3男3女 4.5小时 进阶,
林屋,林屋,7,0,0,0,0,0,0,0,0,0,0,0,0,0,0,0,0,0,0,0,2.8,0,0,奥弗赛文娱乐,4男2女 4.5小时 高阶 2020.04发行,中式 推理 沉浸 都市
逆河,逆河,6.1,6.8,6.5,0,0,6.8,0,0,0,0,0,0,0,0,0,0,0,0,0,0,2.8,4465,86,归一工作室,2男3女 4.0小时 新手 2020.06发行,中式 推理 沉浸 都市
归墟,归墟,5.5,6.3,6.2,0,0,6.3,0,0,0,0,0,0,0,0,0,0,0,0,0,0,2.8,13192,169,灰帆文化,4男2女 4.0小时 进阶 2020.09发行,中式 推理 沉浸 校园
上青天,上青天,6.2,6.6,0,0,0,6.3,0,0,0,0,0,0,0,0,0,6.2,0,0,0,0,9517,28138,438,西昆仑发行工作室,4男3女 4.0小时 进阶 2020.07发行,
7号化工厂,7号化工厂,10,0,0,0,0,0,0,0,0,0,0,0,0,0,0,0,0,0,0,0,0,0,0,阿斯巴甜,3男3女 4.5小时 进阶 2020.10发行,
晚点,晚点,6.6,6.8,6.3,0,0,0,0,0,6.6,0,0,0,0,0,0,0,0,0,0,0,2.8,49578,684,西安蛛丝马迹; 巴旦木工作室,3男3女 4.0小时 进阶 2020.11发行,中式 推理 沉浸 都市
少儿不yi,,0,0,0,0,0,0,0,0,0,0,0,0,0,0,0,0,0,0,0,0,0,0,0,,,
你好,你好,4.1,4.9,4.3,0,0,5.4,0,0,0,0,0,0,0,0,0,0,0,0,0,0,3.4,143406,2605,剧鱼; 梦墨绘梦馆,3男3女 4.5小时 新手 2020.11发行,中式 情感 沉浸 都市
爪洼神国,,0,0,0,0,0,0,0,0,0,0,0,0,0,0,0,0,0,0,0,0,0,0,0,,,
遗作,遗作,6.8,6.8,6.5,0,0,0,0,0,6.6,0,0,0,0,0,0,0,0,0,0,0,2.8,9611,164,推理大师,第204本 时长：3.5小时 配置：3男2女 很简单的一个本，适合新手，如果不纠结细节甚至2小时就能结束。 剧本结构是破冰+5逻辑题竞速+2明凶案+...全文,日式 推理 沉浸 都市
瑶池梦,瑶池梦,8,0,0,0,0,0,0,0,0,0,0,0,0,0,0,0,0,0,0,0,7608,0,0,真相骑士,4男3女 4.5小时 进阶 2020.08发行,古风 机制 沉浸 历史
赎心湖,赎心湖,5,0,0,0,0,0,0,0,0,0,0,0,0,0,0,0,0,0,0,0,1.1,0,0,布偶剧本工作室,3男3女 4.5小时 进阶 2020.04发行,
十间,十间,7,0,0,0,0,0,0,0,0,0,0,0,0,0,0,0,0,0,0,0,7608,0,0,佛系工作室,3男4女 4.5小时 进阶 2020.10发行,中式 机制 沉浸 都市
请回乡1988,请回乡1988,4,0,0,0,0,0,0,0,0,0,0,0,0,0,0,0,0,0,0,0,8889,0,0,葫芦世界,4男2女 4.5小时 进阶 2020.10发行,中式 推理 欢乐 都市
陆家公馆,陆家公馆,7,0,0,0,0,0,0,0,0,0,0,0,0,0,0,0,0,0,0,0,7608,0,0,雪人剧制,4男2女 4.5小时 进阶 2021.10发行,民国 机制 沉浸 战争
灵台路13号,灵台路13号,6,0,0,0,0,0,0,0,0,0,0,0,0,0,0,0,0,0,0,0,1833,0,0,LARP原创工作室,4男2女 4.5小时 进阶 2020.10发行,
光线与雨滴,光线与雨滴,4,0,0,0,0,0,0,0,0,0,0,0,0,0,0,0,0,0,0,0,0,0,0,剧堆,3男3女 4.5小时 高阶 2020.11发行,
宫中二三言,宫中二三言,6,5.9,0,0,6.7,0,0,0,0,0,0,0,0,0,0,6.1,0,0,0,0,5.8,30561,516,嗷嗷原创,5男4女 4.0小时 新手 2020.10发行,架空 阵营 欢乐 新手
返魂香,返魂香,5.4,6.4,6.4,0,0,0,0,0,0,0,0,0,0,0,0,0,0,0,0,0,449,7819,100,灵魂剧院,4男3女 4.5小时 高阶 2020.07发行,
盗门八将,盗门八将,5.2,5.7,0,0,6,0,5.6,0,0,0,0,0,0,0,0,0,0,0,0,0,9.5,24262,321,锋芒剧制; 无所事事事务所,百本选手说剧本:剧本《盗门八将》6人本 3男3女 剧本类型:盒装本 欢乐 机制本 游戏时间:4.5小时左右 不得不说 这个本的立意 是好的 让中国的文物回到祖国 我就是 冲着 这个 立意 玩的 剧情 稀碎 故事 特别乱 欢乐本 不欢乐 机制本 机制 无聊 也就 立意不错 看看电影《十二生肖》不香吗？,中式 机制 欢乐 都市
拆迁,拆迁,6.7,6.4,0,0,7.3,0,6.6,0,0,0,0,0,0,0,0,0,0,0,0,0,9.5,186755,4894,空然新语; 非凡大陆工作室,5男5女 4.0小时 新手 2020.11发行,中式 机制 欢乐 都市
白夜,白夜,6.1,6.2,0,0,0,6.6,0,0,6.9,0,0,0,0,0,0,0,0,0,0,0,3.4,17740,1677,草庐; 大叔文创,3男3女 6.0小时 进阶 2024.01发行,现代 情感 沉浸 其他
白塔,白塔,7.6,7,0,0,0,0,6.8,0,0,0,0,0,0,0,6.8,0,0,0,0,0,1812,9359,164,M.迷城,3男3女 4.5小时 进阶 2020.09发行,
安杜拉斯,安杜拉斯,7,0,0,0,0,0,0,0,0,0,0,0,0,0,0,0,0,0,0,0,0,0,0,山海剧制,4男3女 4.5小时 进阶 2020.05发行,
mojito,Mojito,5.3,5.7,0,0,0,0,5.9,0,6,0,0,0,0,0,0,0,0,0,0,0,7608,13461,168,花间工作室,4男4女 4.5小时 进阶 2020.10发行,中式 机制 沉浸 都市
鹿乌,,0,0,0,0,0,0,0,0,0,0,0,0,0,0,0,0,0,0,0,0,0,0,0,,,
恐山大祭测本,,0,0,0,0,0,0,0,0,0,0,0,0,0,0,0,0,0,0,0,0,0,0,0,,,
阴缘,阴缘,7.6,7.3,6.6,0,0,0,0,0,0,0,0,0,0,0,0,0,0,0,0,0,42925,93416,1738,葵花工作室,3男3女 4.5小时 新手 2020.10发行,古风 推理 惊悚 怪谈
捉鬼,捉鬼,5.9,6.1,5.8,0,6.8,0,0,0,0,0,0,0,0,0,0,0,0,0,0,0,8899,24684,484,东吴侦探,3男3女 4.5小时 进阶 2020.09发行,民国 推理 欢乐 都市
怨尤,怨尤,7.2,6.9,6.9,0,0,0,0,0,0,0,0,0,0,0,0,0,0,0,0,0,327,3383,71,荒诞剧社,第247本 时长：4小时 配置：4男3女 整个剧本结构比较简单，由破冰找身份+不重要的小密室+魂穿找身份+结合线索卡还原故事+微情感沉...全文,
青楼之鸦啼莺弄,青楼之鸦啼莺弄,5.3,6.1,0,0,6.6,0,0,0,0,0,0,0,0,0,0,6.4,0,0,0,0,5.8,7228,77,鑫鑫宇河工作室,瑟瑟本，瑟瑟本，瑟瑟本，特别适合熟人车，大家朋友们一起玩，很搞笑，感觉放在现在都适合大家闲得无聊又不想坐着五六个小时去玩，男生女生全反串欢乐加倍！,
鬼遮眼,鬼遮眼,6.5,6.7,6.9,0,0,0,0,0,0,0,0,0,0,0,0,0,0,0,0,0,265,4713,71,山巫工作室,4男4女 4.5小时 高阶,
你没听过的鬼故事,你没听过的鬼故事,6.8,6.8,6.6,0,6.9,0,0,0,0,0,0,0,0,0,0,0,0,0,0,0,8899,12260,254,SEVEN工作室,3男2女 4.5小时 进阶,现代 推理 欢乐 怪谈
盛世烟花,盛世烟花,6.6,6.5,0,0,6.5,0,6.5,0,0,0,0,0,0,0,0,0,0,0,0,0,9.5,6905,81,鲜焰文化,4男2女 4.5小时 进阶 2020.09发行,架空 机制 欢乐 武侠
上路,上路,8.2,7.7,7.5,0,0,0,0,0,0,0,0,0,0,0,0,0,0,0,0,0,68144,182150,10641,M.迷城,2男3女 4.5小时 进阶 2020.09发行,
危楼,危楼,6.2,6.6,6.6,0,0,0,0,0,0,0,0,0,0,0,6.5,0,0,0,0,0,1.4,7364,130,两级反转发行工作室; LARP原创工作室,4男2女 4.5小时 进阶 2020.10发行,
烟雨华庭,,0,0,0,0,0,0,0,0,0,0,0,0,0,0,0,0,0,0,0,0,0,0,0,,,
余愿,余愿,6.4,6.6,6.4,0,0,6.7,0,0,0,0,0,0,0,0,0,0,0,0,0,0,3.4,17439,251,空然新语,3男2女 4.5小时 进阶 2020.09发行,民国 情感 沉浸 都市
好想爱这个世界,好想爱这个世界,6,6.3,0,0,0,6.5,0,0,6.5,0,0,0,0,0,0,0,0,0,0,0,3.4,9944,144,壹墨,3男2女 4.0小时 进阶 2020.09发行,中式 情感 沉浸 都市
云上昆仑,云上昆仑,6.3,6.8,0,0,0,6.9,0,0,0,0,0,0,0,0,0,6,0,0,0,0,9517,13215,210,老玉米联合工作室,3男3女 4.5小时 进阶,古风 阵营 博弈 武侠
浮生六梦,浮生六梦,3,0,0,0,0,0,0,0,0,0,0,0,0,0,0,0,0,0,0,0,2.8,0,0,剧堆,2男4女 4.5小时 进阶 2020.10发行,古风 推理 沉浸 都市
沧海,沧海,8,0,0,0,0,0,0,0,0,0,0,0,0,0,0,0,0,0,0,0,2.3,0,0,剧堆,3男2女 4.5小时 进阶 2020.10发行,古风 阵营 沉浸 都市
霸道总裁爱上我,霸道总裁爱上我,6,0,0,0,0,0,0,0,0,0,0,0,0,0,0,0,0,0,0,0,7608,0,0,花间工作室,3男3女 4.5小时 进阶 2020.09发行,中式 机制 沉浸 都市
弥撒交响曲,弥撒交响曲,6.8,6.7,0,0,0,6.6,0,0,0,0,0,0,0,0,0,6.7,0,0,0,0,9517,3610,56,TLS剧本工作室,4男3女 4.5小时 进阶 2020.09发行,
前男友的100种si法,,0,0,0,0,0,0,0,0,0,0,0,0,0,0,0,0,0,0,0,0,0,0,0,,,
出轨,,0,0,0,0,0,0,0,0,0,0,0,0,0,0,0,0,0,0,0,0,0,0,0,,,
落魄街,落魄街,10,0,0,0,0,0,0,0,0,0,0,0,0,0,0,0,0,0,0,0,5049,0,0,弥安般偌工作室,4男1女 4.5小时 进阶 2020.09发行,
再相逢,再相逢,6.6,6.7,6.5,0,0,6.9,0,0,0,0,0,0,0,0,0,0,0,0,0,0,3.4,38758,560,醉丝轩工作室,3男3女 4.0小时 进阶 2020.07发行,现代 情感 沉浸 都市
望川旅馆,望川旅馆,5.8,6.4,6.3,0,0,0,0,0,6.4,0,0,0,0,0,0,0,0,0,0,0,2.8,19129,293,禾必工作室,3男2女 4.5小时 进阶 2020.09发行,中式 推理 沉浸 都市
背影,背影,6.6,6.7,6.7,6.6,0,0,0,0,0,0,0,0,0,0,0,0,0,0,0,0,708,4066,113,LARP原创工作室,3男2女 4.5小时 进阶 2020.10发行,
斯莱姆的囚徒,斯莱姆的囚徒,8,0,0,0,0,0,0,0,0,0,0,0,0,0,0,0,0,0,0,0,2.6,0,0,马邦德侦探事务所,4男2女 4.5小时 进阶 2020.09发行,
拾伍,拾伍,6.6,6.7,5.8,0,0,7,0,0,0,0,0,0,0,0,0,0,0,0,0,0,3.4,44318,641,先人后己工作室,3男3女 4.0小时 新手 2020.10发行,日式 情感 沉浸 动物
忍者,忍者,7.4,6.8,0,0,7.4,0,7.1,0,0,0,0,0,0,0,0,0,0,0,0,0,9.5,8415,119,暮光黑红馆,3男2女 4.5小时 进阶 2020.08发行,日式 机制 欢乐 二次元
人间不值得整理,,0,0,0,0,0,0,0,0,0,0,0,0,0,0,0,0,0,0,0,0,0,0,0,,,
昆池岩,昆池岩,5.1,6,0,0,0,0,0,0,0,0,0,0,0,0,0,5.8,0,0,0,0,31,21406,263,橘猫工作室,4男2女 4.5小时 进阶 2020.09发行,
苦面柱,苦面柱,9,0,0,0,0,0,0,0,0,0,0,0,0,0,0,0,0,0,0,0,0,0,0,Siren剧本工作室,3男3女 4.5小时 进阶,日式 推理 惊悚 怪谈
玻璃屋整理,,0,0,0,0,0,0,0,0,0,0,0,0,0,0,0,0,0,0,0,0,0,0,0,,,
幽城复生,幽城复生,2,0,0,0,0,0,0,0,0,0,0,0,0,0,0,0,0,0,0,0,0,0,0,LARP原创工作室,第246本 时长：2.5小时 配置：2男3女 纯故事分享和线索卡分享大会，毫无推理内容。如果去掉恐怖元素可能都不能称得上是一个完整的剧本...全文,
鬼娘密室,004鬼娘密室,7.8,7.4,7.3,0,0,0,0,0,0,0,0,0,0,0,0,0,0,0,0,0,22286,37414,800,肆言良语,百本选手说剧本:剧本《004鬼娘密室》6人本 3男3女（🉑以反串）剧本类型:盒装本 推理本 游戏时间:5小时左右 👬适合人群：新手 入坑 老本...全文,
献祭者,,0,0,0,0,0,0,0,0,0,0,0,0,0,0,0,0,0,0,0,0,0,0,0,,,
失真的旋律,失真的旋律,8.5,7.9,7.6,0,0,0,0,0,7.4,0,0,0,0,0,0,0,0,0,0,0,1.4,25252,1918,智乐源文化,百本选手说剧本:剧本《失真的旋律》6人本 3男3女 剧本类型:盒装本 豪门惊情系列 游戏时间:4小时 👬适合人群：豪门粉丝 ❤剧情感受：...全文,民国 推理 沉浸 豪门
雾月人鱼潭,雾月人鱼潭,6.6,7,6.7,6.7,0,0,0,0,0,0,0,0,0,0,0,0,0,0,0,0,364,5379,136,LARP原创工作室,3男3女 4.5小时 进阶 2020.09发行,
破壁之刃,破壁之刃,5,0,0,0,0,0,0,0,0,0,0,0,0,0,0,0,0,0,0,0,2.6,0,0,乱神企划工作室,4男3女 4.5小时 进阶 2020.08发行,
斗兽场,斗兽场,7,0,0,0,0,0,0,0,0,0,0,0,0,0,0,0,0,0,0,0,0,0,0,南川北鱼工作室,3男4女 4.5小时 进阶,
不归路,不归路,10,0,0,0,0,0,0,0,0,0,0,0,0,0,0,0,0,0,0,0,0,0,0,红中工作室,3男3女 4.5小时 进阶,
锦鸳记,锦鸳记,6.5,6.8,0,0,0,6.7,0,0,0,0,0,0,0,0,0,6.4,0,0,0,0,2.3,11924,158,阿斯巴甜,3男3女 4.5小时 进阶 2020.09发行,
如是我闻整理版,,0,0,0,0,0,0,0,0,0,0,0,0,0,0,0,0,0,0,0,0,0,0,0,,,
宅心人后,宅心人后,6,6.7,6.4,0,0,0,0,0,0,0,0,0,0,0,0,0,0,0,0,0,410,6874,106,跳！大神工作室,4男4女 4.5小时 高阶 2020.07发行,
以父之名,以父之名,6.4,6.6,0,6.3,0,0,6.8,0,0,0,0,0,0,0,0,0,0,0,0,0,2.6,15317,233,拾柒工作室,4男2女 4.5小时 进阶 2020.08发行,
圣骨,圣骨,8,0,0,0,0,0,0,0,0,0,0,0,0,0,0,0,0,0,0,0,0,0,0,诡迹文化,3男3女 4.5小时 进阶 2020.06发行,
阡陌之绊,阡陌之绊,5.8,6.4,6.3,0,0,6.8,0,0,0,0,0,0,0,0,0,0,0,0,0,0,2.8,4581,46,惊蛰推理,4男4女 4.5小时 进阶 2020.09发行,日式 推理 沉浸 神话
禁果2,,0,0,0,0,0,0,0,0,0,0,0,0,0,0,0,0,0,0,0,0,0,0,0,,,
无双,无双,6.9,6.6,0,0,0,0,6.9,0,0,0,6.9,0,0,0,0,0,0,0,0,0,3161,8032,295,拾柒工作室,5男3女 7.0小时 进阶 2023.08发行,古风 机制 博弈 武侠
0.01,,0,0,0,0,0,0,0,0,0,0,0,0,0,0,0,0,0,0,0,0,0,0,0,,,
此去昆仑,此去昆仑,5.7,6.5,0,0,0,6.6,0,0,0,6.6,0,0,0,0,0,0,0,0,0,0,1.1,4563,49,鑫梦人生,4男4女 4.5小时 进阶 2020.08发行,古风 情感 演绎 武侠
盗道倒,盗道倒,6.9,6.7,0,0,0,0,0,0,0,0,0,0,0,0,0,6.8,0,0,0,0,626,6109,90,MT-MyGame剧本工作室,4男2女 4.5小时 高阶 2019.11发行,
第四碗肉,第四碗肉,6.7,6.9,6.6,0,0,0,0,0,0,0,0,0,0,0,0,0,0,0,0,0,7511,15650,222,沧之溟工作室,4男3女 4.5小时 进阶 2020.01发行,
刁民,刁民,6.1,6.1,0,0,6.7,0,5.6,0,0,0,0,0,0,0,0,0,0,0,0,0,9.5,114531,1922,好琦工作室,3男3女 4.5小时 进阶 2020.05发行,现代 机制 欢乐 都市
渡忘川,渡忘川,5.6,6.4,0,0,0,6.7,6.5,0,0,0,0,0,0,0,0,0,0,0,0,0,3161,3787,44,南川北鱼工作室,3男4女 4.5小时 进阶 2020.04发行,古风 机制 博弈 怪谈
弗洛伊德,弗洛伊德之锚,7.1,7,6.9,0,6.3,0,0,0,0,0,0,0,0,0,0,0,0,0,0,0,8918,19888,445,鑫梦人生,3男3女 4.5小时 高阶 2020.07发行,中式 推理 欢乐 都市
鬼判,鬼判,1,0,0,0,0,0,0,0,0,0,0,0,0,0,0,0,0,0,0,0,2.8,0,0,夜行者剧制,3男2女 4.5小时 进阶,古风 推理 沉浸 怪谈
海的牙齿神的骨头,海的牙齿神的骨头,7.4,7.1,0,0,0,0,7.1,0,0,0,0,0,0,0,0,0,0,0,0,0,471,29748,599,惊蛰推理,3男3女 4.5小时 进阶 2020.08发行,
即墨寒兮,即墨寒兮,6,0,0,0,0,0,0,0,0,0,0,0,0,0,0,0,0,0,0,0,9517,0,0,LARP原创工作室,5男5女 4.5小时 进阶 2019.07发行,古风 阵营 博弈 武侠
紧急事件,紧急事件,7.4,7.1,0,7.1,0,0,7.1,0,0,0,0,0,0,0,0,0,0,0,0,0,2.6,11962,193,铭思文化,4男2女 4.5小时 进阶 2020.08发行,
恐怖游轮整理,,0,0,0,0,0,0,0,0,0,0,0,0,0,0,0,0,0,0,0,0,0,0,0,,,
铃儿响叮当,铃儿响叮当,6.1,6.8,6.5,0,0,0,0,0,0,0,0,0,0,0,0,0,0,0,0,0,516,8526,107,贵阳久弥工作室,4男3女 4.5小时 进阶 2020.08发行,
马赛克3,,0,0,0,0,0,0,0,0,0,0,0,0,0,0,0,0,0,0,0,0,0,0,0,,,
魔女的幸福之夜整理版,,0,0,0,0,0,0,0,0,0,0,0,0,0,0,0,0,0,0,0,0,0,0,0,,,
我要当大哥,我要当大哥,4.7,5.2,0,0,5.8,0,5.5,0,0,0,0,0,0,0,0,0,0,0,0,0,9.5,16653,240,佛系工作室,4男4女 4.5小时 新手 2020.08发行,中式 机制 欢乐 都市
永生之谜,永生之谜,6.6,6.8,6.8,0,0,0,0,0,0,0,0,0,0,0,0,0,0,0,0,0,536,6672,95,浮生文宝工作室,4男2女 4.5小时 进阶 2020.08发行,
今夕何夕整理版,,0,0,0,0,0,0,0,0,0,0,0,0,0,0,0,0,0,0,0,0,0,0,0,,,
蜕变俱乐部2 海的女儿,蜕变俱乐部2：海的女儿,7.2,7.1,0,0,0,6.5,6.9,0,0,0,0,0,0,0,0,0,0,0,0,0,7608,14689,198,阿斯巴甜,4男3女 4.0小时 高阶 2020.08发行,欧美 机制 沉浸 童话
在人间,在人间,7.8,7.4,6.4,0,0,7.4,0,0,0,0,0,0,0,0,0,0,0,0,0,0,3.4,77665,1773,楚门原创工作室,总算找到这个被删掉的测评了，确实我就是觉得这个本不行怎么地吧，里面到底是在叙述个什么下头的故事，这些男的都是干嘛的，这个本的宗旨就为女性发声而写的是这意思吗？ 沉浸，要哭吗抱歉真哭不出来。全程就弄了两个多小时，感觉像在看作文毫无代入感可言，优柔...全文,中式 情感 沉浸 都市
瘆,,0,0,0,0,0,0,0,0,0,0,0,0,0,0,0,0,0,0,0,0,0,0,0,,,
第7号嫌疑人,第7号嫌疑人2：最后的嫌疑人,5,0,0,0,0,0,0,0,0,0,0,0,0,0,0,0,0,0,0,0,0,0,0,低空飞行,3男3女 6.5小时 进阶 2024.09发行,
蓝色大丽花,蓝色大丽花,7,7,6.9,0,0,0,0,0,0,0,0,0,0,0,0,0,0,0,0,0,32480,92534,2059,奶凶奶凶剧本工作室,3男2女 3.5小时 新手 2020.08发行,欧美 推理 惊悚 新手
睁开双眼10,,0,0,0,0,0,0,0,0,0,0,0,0,0,0,0,0,0,0,0,0,0,0,0,,,
精神病院4,精神病院4,6.6,6.8,6.6,0,6.9,0,0,0,0,0,0,0,0,0,0,0,0,0,0,0,8918,8070,129,SEVEN工作室,4男1女 4.5小时 进阶 2021.11发行,中式 推理 欢乐 都市
生化校园完整版,,0,0,0,0,0,0,0,0,0,0,0,0,0,0,0,0,0,0,0,0,0,0,0,,,
《》书名号,,0,0,0,0,0,0,0,0,0,0,0,0,0,0,0,0,0,0,0,0,0,0,0,,,
大钟,,0,0,0,0,0,0,0,0,0,0,0,0,0,0,0,0,0,0,0,0,0,0,0,,,
青语,青语,7.6,7.3,7.1,0,0,0,0,0,6.7,0,0,0,0,0,0,0,0,0,0,0,2.8,15845,550,涟漪剧本工作室,2男3女 4.5小时 高阶 2020.08发行,中式 推理 沉浸 都市
珠光宝气,珠光宝气,5.2,5.4,0,0,6.4,0,5.6,0,0,0,0,0,0,0,0,0,0,0,0,0,9.5,42606,556,3101原创剧本工作室,4男3女 4.0小时 进阶 2019.06发行,欧美 机制 欢乐 都市
看花回,看花回,5.9,6.3,5.9,0,0,6.6,0,0,0,0,0,0,0,0,0,0,0,0,0,0,2.8,12593,172,万游文创,3男3女 4.5小时 进阶 2020.07发行,古风 推理 沉浸 神话
★山河永寂,山河永寂,7.2,7.1,6.4,0,0,7,0,0,0,0,0,0,0,0,0,0,0,0,0,0,3.4,47082,1045,威海不二工作室,3男3女 4.5小时 新手 2020.07发行,古风 情感 沉浸 家国
启灵会,启灵会,6.7,6.7,6.7,0,0,0,0,0,0,0,0,0,0,0,0,0,0,0,0,0,213,3591,41,鲜焰文化,6男1女 4.5小时 进阶 2020.06发行,
龙宴,龙宴,7.3,7.1,0,0,7,0,0,0,0,0,0,0,0,0,0,7.2,0,0,0,0,5.8,154228,3669,黑马剧制,5男3女 4.0小时 进阶 2020.06发行,
清平调整理版,,0,0,0,0,0,0,0,0,0,0,0,0,0,0,0,0,0,0,0,0,0,0,0,,,
谁是潘金莲,谁是潘金莲,5.2,5.8,0,0,6.5,0,5.9,0,0,0,0,0,0,0,0,0,0,0,0,0,9.5,13518,189,南昌罗生门推理室,4男4女 4.5小时 进阶 2020.06发行,架空 机制 欢乐 都市
隔世信,隔世信,6.4,6.7,0,0,0,6.8,0,0,0,6.6,0,0,0,0,0,0,0,0,0,0,1.1,5211,60,秘密档案馆,4男2女 4.5小时 进阶,
你有没有见过他,你有没有见过他,6.5,7.1,0,0,0,0,0,0,0,0,6.8,0,0,0,0,6.7,0,0,0,0,9517,4307,51,锦鲤工作室,3男3女 4.5小时 进阶 2020.07发行,
禁止套娃,禁止套娃,9,0,0,0,0,0,0,0,0,0,0,0,0,0,0,0,0,0,0,0,0,0,0,X剧本工作室,3男3女 4.5小时 进阶 2021.07发行,
龙傲天,,0,0,0,0,0,0,0,0,0,0,0,0,0,0,0,0,0,0,0,0,0,0,0,,,
洋葱,洋葱,5.4,5.8,5.3,0,0,6.1,0,0,0,0,0,0,0,0,0,0,0,0,0,0,3.4,30756,453,3101原创剧本工作室,3男4女 4.0小时 新手 2021.01发行,中式 情感 沉浸 都市
尸联航班,尸联航班,5.2,6,0,0,0,0,6,0,0,0,0,0,0,0,0,0,0,0,0,0,471,11803,158,九州长歌工作室,3男3女 4.0小时 进阶 2020.07发行,
漆昼之翁,,0,0,0,0,0,0,0,0,0,0,0,0,0,0,0,0,0,0,0,0,0,0,0,,,
古镜奇谈1浮生沉梦,,0,0,0,0,0,0,0,0,0,0,0,0,0,0,0,0,0,0,0,0,0,0,0,,,
君似明月我似雾,君似明月我似雾,5.1,5.9,5.7,0,0,6.2,0,0,0,0,0,0,0,0,0,0,0,0,0,0,3.4,16865,153,葵花工作室,3男3女 4.5小时 进阶 2020.07发行,古风 情感 沉浸 宫廷
家园,家园,8,0,0,0,0,0,0,0,0,0,0,0,0,0,0,0,0,0,0,0,2.6,0,0,小本买卖工作室,4男4女 4.5小时 高阶 2018.11发行,
锦瑟,锦瑟,4,0,0,0,0,0,0,0,0,0,0,0,0,0,0,0,0,0,0,0,1.1,0,0,密语发行,3男2女 4.5小时 进阶 2020.04发行,古风 情感 演绎 武侠
余香,余香,8,7.5,7.6,0,0,7.2,0,0,0,0,0,0,0,0,0,0,0,0,0,0,68888,143774,4244,天津剧盟发行工作室,3男2女 5.0小时 高阶 2020.07发行,
得分王,得分王,5,5.7,0,0,5.9,0,5.5,0,0,0,0,0,0,0,0,0,0,0,0,0,9.5,39588,640,75先生工作室,3男2女 4.5小时 进阶 2020.07发行,中式 机制 欢乐 都市
女厕,女厕,6,6.5,6.5,0,0,0,0,0,0,0,0,0,0,0,0,0,0,0,0,0,18710,45346,738,梦境岭剧本工作室,剧本类型:日式恐怖校园变格 剧本人数:6️⃣（3男3女） 剧本时长:4小时左右↔️ 日本三饭市趣山中学，流传一些骇人的灵异传说，4楼女厕在很多年前，有一个误入校园的“英子”被吊死在最左边一格。最近接连有女学生吊死在同一个...全文,日式 推理 惊悚 校园
大离宫赋,大离宫赋,5.3,6.4,6.3,0,0,6.4,0,0,0,0,0,0,0,0,0,0,0,0,0,0,3.4,10105,92,DA剧本工场; 雪人剧制,3男3女 4.5小时 进阶 2020.07发行,古风 情感 沉浸 宫廷
杠上开花,杠上开花,5.5,6.3,0,0,6.7,0,6.2,0,0,0,0,0,0,0,0,0,0,0,0,0,9.5,11599,117,花间工作室,1男7女 4.5小时 进阶 2020.06发行,架空 机制 欢乐 其他
艳落神都,艳落神都,10,0,0,0,0,0,0,0,0,0,0,0,0,0,0,0,0,0,0,0,9.5,0,0,南京桃花推理工作室,5男2女 4.5小时 进阶 2020.01发行,架空 机制 欢乐 战争
大车店,大车店,4,0,0,0,0,0,0,0,0,0,0,0,0,0,0,0,0,0,0,0,5.8,0,0,66号剧本工作室,5男3女 4.5小时 进阶,
纸妻,纸妻,7,7.2,0,0,0,0,0,0,0,0,0,0,0,0,0,6.3,0,0,0,0,31,154330,3272,葵花工作室,4男3女 4.5小时 进阶 2020.06发行,
两面佛,两面佛,5,0,0,0,0,0,0,0,0,0,0,0,0,0,0,0,0,0,0,0,0,0,0,,3男3女 4.0小时 进阶,
虚花悟,,0,0,0,0,0,0,0,0,0,0,0,0,0,0,0,0,0,0,0,0,0,0,0,,,
绝崖雕rar,,0,0,0,0,0,0,0,0,0,0,0,0,0,0,0,0,0,0,0,0,0,0,0,,,
弗洛伊德之锚,弗洛伊德之锚,7.1,7,6.9,0,6.3,0,0,0,0,0,0,0,0,0,0,0,0,0,0,0,8933,19888,445,鑫梦人生,3男3女 4.5小时 高阶 2020.07发行,中式 推理 欢乐 都市
阿依达,阿依达,6.1,6.5,0,0,0,0,6.4,0,6.3,0,0,0,0,0,0,0,0,0,0,0,7608,10345,193,北京夕文科技有限公司,2男2女 4.5小时 新手 2019.09发行,架空 机制 沉浸 都市
艋舺,艋舺,6,0,0,0,0,0,0,0,0,0,0,0,0,0,0,0,0,0,0,0,0,0,0,核桃剧本工作室,4男4女 4.5小时 进阶,
云螭乱,云螭乱,7,0,0,0,0,0,0,0,0,0,0,0,0,0,0,0,0,0,0,0,5.8,0,0,枫林轩工作室,5男2女 4.5小时 进阶,
天龙会,天龙会,6,0,0,0,0,0,0,0,0,0,0,0,0,0,0,0,0,0,0,0,0,0,0,不止发行工作室,5男0女 4.5小时 高阶,
湖心岛2,湖心岛2：围局,3,0,0,0,0,0,0,0,0,0,0,0,0,0,0,0,0,0,0,0,2.6,0,0,戏精推理发行工作室,2男3女 4.5小时 进阶,
湖心岛1,湖心岛1,6,0,0,0,0,0,0,0,0,0,0,0,0,0,0,0,0,0,0,0,0,0,0,戏精推理发行工作室,3男3女 5.0小时 高阶,
格林格林,格林格林,9,0,0,0,0,0,0,0,0,0,0,0,0,0,0,0,0,0,0,0,2.8,0,0,梦天游MOTIYO,6男3女 4.5小时 进阶 2019.07发行,欧美 推理 沉浸 童话
云水谣,云水谣,10,0,0,0,0,0,0,0,0,0,0,0,0,0,0,0,0,0,0,0,2.8,0,0,天地之间,3男4女 4.5小时 进阶,民国 推理 沉浸 都市
鉴表师,,0,0,0,0,0,0,0,0,0,0,0,0,0,0,0,0,0,0,0,0,0,0,0,,,
漩涡,漩涡,6.2,6.5,6.7,6.5,0,0,0,0,0,0,0,0,0,0,0,0,0,0,0,0,288,3941,73,南昌罗生门推理室,4男2女 3.5小时 进阶 2020.06发行,
酆都锣鼓,酆都锣鼓,5.9,6.4,5.9,0,0,6.4,0,0,0,0,0,0,0,0,0,0,0,0,0,0,2.8,16273,212,九州长歌工作室,2男3女 4.5小时 进阶 2020.06发行,古风 推理 沉浸 怪谈
上钟儿,上钟儿,6.4,6.2,0,0,7.1,0,0,0,0,0,0,0,0,0,0,6.4,0,0,0,0,8937,122306,2073,星火文化,5男4女 4.5小时 新手 2020.06发行,中式 阵营 欢乐 新手
三寸弥音,三寸弥音,6.6,6.6,6.2,0,0,6.2,0,0,0,0,0,0,0,0,0,0,0,0,0,0,16269,28368,459,桌立方,3男4女 4.0小时 新手 2020.07发行,现代 推理 悬疑 新手
谁动了我的奶酪,谁动了我的奶酪,7,7,0,0,7.1,0,6.5,0,0,0,0,0,0,0,0,0,0,0,0,0,9.5,61005,1276,灰烬工作室,2男4女 4.0小时 新手 2020.06发行,架空 机制 欢乐 童话
再见萤火虫,再见萤火虫,5.4,5.9,5.2,0,0,6.1,0,0,0,0,0,0,0,0,0,0,0,0,0,0,2.8,55135,830,LARP原创工作室,4男3女 4.5小时 新手 2020.08发行,日式 推理 沉浸 二次元
精灵大劫案,精灵大劫案,5,0,0,0,0,0,0,0,0,0,0,0,0,0,0,0,0,0,0,0,8937,0,0,豆芽剧本工作室,5男2女 4.5小时 高阶 2020.01发行,中式 推理 欢乐 都市
夜枭,夜枭,6.2,6.6,6.6,6.8,0,0,0,0,0,0,0,0,0,0,0,0,0,0,0,0,349,5190,62,空山工作室,4男3女 4.5小时 进阶 2021.05发行,
太平剃头馆,太平剃头馆,6.4,6.6,6.4,0,0,0,0,0,0,0,0,0,0,0,0,0,0,0,0,0,330,6022,94,佛系工作室,4男1女 4.5小时 进阶 2020.04发行,
佐渡岛,佐渡岛,6.6,6.6,6.5,0,0,0,0,0,0,0,0,0,0,0,0,0,0,0,0,0,1866,21785,336,珠海凤凰社,3男4女 4.5小时 进阶 2020.01发行,日式 推理 惊悚 都市
假面,假面,5,0,0,0,0,0,0,0,0,0,0,0,0,0,0,0,0,0,0,0,1.4,0,0,麻心汤圆,3男2女 4.5小时 高阶 2020.03发行,
我见,我见,6,6.6,0,0,0,6.5,0,0,0,6.2,0,0,0,0,0,0,0,0,0,0,1.1,10223,145,天津剧盟发行工作室,3男2女 4.5小时 进阶 2020.08发行,
黑色党徒,黑色党徒,7.7,7.4,7.1,0,0,6.7,0,0,0,0,0,0,0,0,0,0,0,0,0,0,31218,60870,1270,西安蛛丝马迹,4男2女 5.0小时 高阶 2020.08发行,
应许之地,应许之地,7.1,7.1,7,6.7,0,0,0,0,0,0,0,0,0,0,0,0,0,0,0,0,20640,28478,600,贵阳·不二,玩的第一个硬核推理还原本，打了4个小时左右，推理不难还原难，后期大型认亲现场。 3男3女可反串，不是情感本反串不影响进度 第一幕双方辩论，我的人物是船长属于组织...全文,
七个密室,七个密室,7.1,6.3,7.5,6.8,0,0,0,0,0,0,0,0,0,0,0,0,0,0,0,0,54224,108007,2276,灰烬工作室,4男2女 6.0小时 高阶 2020.07发行,架空 机制 沉浸 进阶
柯南之死,柯南之死,6,0,0,0,0,0,0,0,0,0,0,0,0,0,0,0,0,0,0,0,0,0,0,唯辰工作室,4男3女 4.5小时 进阶,
朝别梨怨,朝别梨怨,9,0,0,0,0,0,0,0,0,0,0,0,0,0,0,0,0,0,0,0,2.8,0,0,不止发行工作室,4男3女 4.5小时 进阶,中式 推理 沉浸 都市
无故人,无故人,8,0,0,0,0,0,0,0,0,0,0,0,0,0,0,0,0,0,0,0,9517,0,0,天津剧盟发行工作室,6男0女 4.5小时 进阶 2019.06发行,
欺诈者,欺诈者,7.1,6.9,6.8,6.9,0,0,0,0,0,0,0,0,0,0,0,0,0,0,0,0,429,6515,85,锋芒剧制,5男1女 4.5小时 高阶 2019.07发行,
ctm的爱情,,0,0,0,0,0,0,0,0,0,0,0,0,0,0,0,0,0,0,0,0,0,0,0,,,
安娜2,,0,0,0,0,0,0,0,0,0,0,0,0,0,0,0,0,0,0,0,0,0,0,0,,,
来自澡堂的你,来自澡堂的你,3,0,0,0,0,0,0,0,0,0,0,0,0,0,0,0,0,0,0,0,8938,0,0,沧之溟工作室,3男3女 4.5小时 进阶,中式 推理 欢乐 科幻
追凶手记,追凶手记,5.7,6.2,6.2,0,0,0,0,0,6.1,0,0,0,0,0,0,0,0,0,0,0,2.8,8032,105,白八工作室,6男0女 4.5小时 进阶 2020.03发行,中式 推理 沉浸 都市
钟点站,钟点站,7,0,0,0,0,0,0,0,0,0,0,0,0,0,0,0,0,0,0,0,0,0,0,久见文化,4男2女 4.5小时 进阶 2019.12发行,
掌眼,掌眼,6.9,6.8,0,0,6.9,0,6.9,0,0,0,0,0,0,0,0,0,0,0,0,0,9.5,5008,71,多面体工作室,4男2女 4.5小时 进阶 2020.02发行,民国 机制 欢乐 都市
永别了我的独角兽,永别了我的独角兽,6,0,0,0,0,0,0,0,0,0,0,0,0,0,0,0,0,0,0,0,2.8,0,0,跳！大神工作室,4男2女 4.5小时 进阶,中式 推理 沉浸 校园
永安,永安,6.9,6.8,6.4,0,0,0,0,0,7,0,0,0,0,0,0,0,0,0,0,0,2.8,4222,43,XY侦探工作室,3男3女 4.5小时 进阶 2020.06发行,古风 推理 沉浸 武侠
寻人启事,寻人启事,8,7.4,7.6,0,0,0,0,0,0,0,0,0,0,0,0,0,0,0,0,0,20795,34965,1136,肆言良语,1男4女 4.5小时 进阶 2020.06发行,
血俑,血俑,8,0,0,0,0,0,0,0,0,0,0,0,0,0,0,0,0,0,0,0,471,0,0,鲜焰文化,3男3女 4.5小时 进阶 2020.06发行,
五庄神树,五庄神树,8,0,0,0,0,0,0,0,0,0,0,0,0,0,0,0,0,0,0,0,1.1,0,0,巨楠推理社,4男2女 4.5小时 进阶 2020.02发行,
生命线,生命线,10,0,0,0,0,0,0,0,0,0,0,0,0,0,0,0,0,0,0,0,2.8,0,0,,4男2女 4.5小时 高阶,中式 推理 沉浸 都市
脑髓炼狱,脑髓炼狱,6.5,6.6,0,6.7,0,0,6.7,0,0,0,0,0,0,0,0,0,0,0,0,0,2.6,7360,80,惊蛰推理,5男2女 4.5小时 高阶 2020.06发行,
即墨,,0,0,0,0,0,0,0,0,0,0,0,0,0,0,0,0,0,0,0,0,0,0,0,,,
古镜奇谈2月染长安,,0,0,0,0,0,0,0,0,0,0,0,0,0,0,0,0,0,0,0,0,0,0,0,,,
焚莱森林2,焚莱森林2,6.4,6.7,6.5,0,0,0,0,0,0,0,0,0,0,0,0,0,0,0,0,0,540,10267,133,X探案工作室,3男5女 4.5小时 高阶 2019.12发行,
豆大点事物语,豆大点事物语,6.5,6.4,6.5,0,6.4,0,0,0,0,0,0,0,0,0,0,0,0,0,0,0,8938,16086,384,那奇剧本工作室,2男2女 4.5小时 进阶 2021.04发行,日式 推理 欢乐 都市
刀鞘,刀鞘,8.8,8.3,0,0,0,0,0,0,7.9,0,0,0,0,0,0,8.2,0,0,0,0,2.3,180205,10061,老玉米联合工作室,百本选手说剧本:剧本《刀鞘》7人本 4男3女 剧本类型:城限本 阵营 机制本 游戏时间:5小时左右 👬适合人群：老骗子 ❤剧情感受：...全文,
沉睡的证言,沉睡的证言,9,0,0,0,0,0,0,0,0,0,0,0,0,0,0,0,0,0,0,0,8938,0,0,日暮里文化,4男2女 4.5小时 高阶 2020.05发行,架空 推理 欢乐 都市
百里黄泉,,0,0,0,0,0,0,0,0,0,0,0,0,0,0,0,0,0,0,0,0,0,0,0,,,
奥利安娜游乐园,奥利安娜游乐园,5,0,0,0,0,0,0,0,0,0,0,0,0,0,0,0,0,0,0,0,2.8,0,0,阿斯巴甜,3男4女 4.5小时 进阶 2020.04发行,架空 推理 沉浸 童话
阿卡姆,,0,0,0,0,0,0,0,0,0,0,0,0,0,0,0,0,0,0,0,0,0,0,0,,,
离魂津梦,离魂津梦,10,0,0,0,0,0,0,0,0,0,0,0,0,0,0,0,0,0,0,0,2.8,0,0,阿斯巴甜,3男3女 4.5小时 进阶 2020.06发行,古风 推理 沉浸 武侠
来日方长,来日方长,6.7,6.8,0,0,0,0,6.6,0,6.6,0,0,0,0,0,0,0,0,0,0,0,7608,4241,47,阿斯巴甜,4男2女 4.5小时 高阶 2020.01发行,未来 机制 沉浸 科幻
镇宁村,镇宁村,5,0,0,0,0,0,0,0,0,0,0,0,0,0,0,0,0,0,0,0,0,0,0,宿因工作室,3男3女 4.5小时 进阶,
通灵师,通灵师,10,0,0,0,0,0,0,0,0,0,0,0,0,0,0,0,0,0,0,0,0,0,0,旖旎文化,3男2女 4.5小时 高阶 2020.05发行,
狐后,狐后,4,0,0,0,0,0,0,0,0,0,0,0,0,0,0,0,0,0,0,0,9517,0,0,故事王国剧本工作室,3男3女 4.5小时 进阶 2019.12发行,
章东镇迷案,章东镇迷案,7.6,7.3,7,0,0,0,0,0,6.9,0,0,0,0,0,0,0,0,0,0,0,2.8,12676,738,智乐源文化,3男3女 4.5小时 进阶 2020.06发行,民国 推理 沉浸 豪门
原生之罪,原生之罪,4,0,0,0,0,0,0,0,0,0,0,0,0,0,0,0,0,0,0,0,2.8,0,0,清风阁,3男4女 4.5小时 进阶,中式 推理 沉浸 都市
寓盖弥彰,寓盖弥彰,1,0,0,0,0,0,0,0,0,0,0,0,0,0,0,0,0,0,0,0,0,0,0,众乐剧制,3男3女 4.5小时 进阶 2021.01发行,
沉默的莫比乌斯号,沉默的莫比乌斯号,5,0,0,0,0,0,0,0,0,0,0,0,0,0,0,0,0,0,0,0,0,0,0,摩沃德剧本工作室,3男3女 4.5小时 进阶,
漫漫长夜终极版,,0,0,0,0,0,0,0,0,0,0,0,0,0,0,0,0,0,0,0,0,0,0,0,,,
七情古墓,七情古墓,7,0,0,0,0,0,0,0,0,0,0,0,0,0,0,0,0,0,0,0,0,0,0,谜之推理社,4男3女 4.5小时 高阶 2019.06发行,架空 推理 悬疑 武侠
以你为名,以你为名,7,0,0,0,0,0,0,0,0,0,0,0,0,0,0,0,0,0,0,0,8862,0,0,花间工作室,3男3女 4.5小时 进阶 2020.05发行,中式 情感 欢乐 校园
后天魔,,0,0,0,0,0,0,0,0,0,0,0,0,0,0,0,0,0,0,0,0,0,0,0,,,
欢迎来到菲尔斯街区,欢迎来到菲尔斯街区,7.5,7.1,7.1,0,0,0,0,0,0,0,0,0,0,0,0,6.5,0,0,0,0,9517,8830,194,75先生工作室,第242本 时长：4小时 配置：1男5女 这个本无论从难度还是体量上来看，在剧本杀存在以来的任何时期都无法撑得起独家的名头。 《菲尔斯街区》在故事层面存在一定的创新...全文,
今夕是何年,何似番外篇：今夕是何年,2,0,0,0,0,0,0,0,0,0,0,0,0,0,0,0,0,0,0,0,1.1,0,0,微草剧制; 乐玖剧作,3男3女 5.5小时 进阶 2023.01发行,
空灵,空灵,8,0,0,0,0,0,0,0,0,0,0,0,0,0,0,0,0,0,0,0,1.1,0,0,鑫梦人生,2男4女 4.5小时 进阶 2020.04发行,古风 情感 演绎 玄幻
狼啸,狼啸,6.1,6.7,0,6.7,0,0,0,0,0,0,0,0,0,0,0,6.4,0,0,0,0,9517,6135,99,西安佐思工作室; 荒诞剧社,4男5女 4.5小时 进阶 2020.05发行,
猫脸10,,0,0,0,0,0,0,0,0,0,0,0,0,0,0,0,0,0,0,0,0,0,0,0,,,
蘼世天歌,,0,0,0,0,0,0,0,0,0,0,0,0,0,0,0,0,0,0,0,0,0,0,0,,,
逆光,逆光,6,0,0,0,0,0,0,0,0,0,0,0,0,0,0,0,0,0,0,0,2.8,0,0,朋来仙境工作室,4男3女 4.5小时 高阶,中式 推理 沉浸 都市
青楼,青楼,8,7.4,0,0,8.1,0,0,0,0,0,0,0,0,0,0,7.5,0,0,0,0,5.8,269074,16176,西昆仑发行工作室,4男3女 4.0小时 新手 2020.04发行,古风 阵营 欢乐 都市
清水八幡,清水八幡,6.3,6.6,0,0,0,0,6.7,0,0,0,0,0,0,0,0,0,0,0,0,0,471,12678,151,阿斯巴甜,3男3女 4.5小时 进阶 2020.05发行,日式 机制 惊悚 战争
清州会议,,0,0,0,0,0,0,0,0,0,0,0,0,0,0,0,0,0,0,0,0,0,0,0,,,
三千鸦杀,三千鸦杀,6,6.5,6.2,0,0,6.5,0,0,0,0,0,0,0,0,0,0,0,0,0,0,2.8,12397,186,LARP原创工作室,4男3女 4.5小时 高阶 2019.10发行,日式 推理 沉浸 家国
莎翁公馆,莎翁公馆,6.6,6.9,6.8,0,0,0,0,0,0,0,0,0,0,0,0,0,0,0,0,0,182,1294,38,MasterKey剧本推理室,3男3女 4.5小时 进阶 2019.12发行,
神启,神启,6.9,6.8,6.7,6.5,0,0,0,0,0,0,0,0,0,0,0,0,0,0,0,0,13658,22199,313,LARP原创工作室,3男3女 5.0小时 高阶 2020.06发行,
通远县,通远县,6.6,6.7,7,6.7,0,0,0,0,0,0,0,0,0,0,0,0,0,0,0,0,270,2794,49,山海明侦社,2男3女 4.5小时 高阶,
童话镇的挽歌,童话镇的挽歌,4,0,0,0,0,0,0,0,0,0,0,0,0,0,0,0,0,0,0,0,0,0,0,,5男3女 4.5小时 进阶,
蜕变2,,0,0,0,0,0,0,0,0,0,0,0,0,0,0,0,0,0,0,0,0,0,0,0,,,
往生镇1,,0,0,0,0,0,0,0,0,0,0,0,0,0,0,0,0,0,0,0,0,0,0,0,,,
现世,,0,0,0,0,0,0,0,0,0,0,0,0,0,0,0,0,0,0,0,0,0,0,0,,,
王国巨象扫描,,0,0,0,0,0,0,0,0,0,0,0,0,0,0,0,0,0,0,0,0,0,0,0,,,
八神女,八神女,2,0,0,0,0,0,0,0,0,0,0,0,0,0,0,0,0,0,0,0,5049,0,0,九州长歌工作室,4男3女 4.5小时 高阶,
遗作诡堡,遗作诡堡,6,0,0,0,0,0,0,0,0,0,0,0,0,0,0,0,0,0,0,0,0,0,0,葫芦世界,3男2女 4.5小时 进阶 2019.02发行,
阴鬼人,阴鬼人,7.2,7.1,6.8,0,0,0,0,0,0,0,0,0,0,0,0,0,0,0,0,0,15070,35094,840,葵花工作室,3男2女 4.5小时 进阶 2020.04发行,
云复往夕,云复往夕,7,6.8,6.7,0,0,0,0,0,0,0,0,0,0,0,6.4,0,0,0,0,0,1.4,7691,148,LARP原创工作室,第248本 时长：4小时 配置：2男4女 《云复往夕》这个本的故事在老本中算是鹤立鸡群的存在了：有细节、有伏笔、有回扣，在混乱的人物关系中写出了一个有逻辑的故事。还原部分也很有...全文,
云卷千岚,云卷千岚,5,0,0,0,0,0,0,0,0,0,0,0,0,0,0,0,0,0,0,0,0,0,0,吊儿郎当卓游工作室,4男3女 5.0小时 高阶,架空 推理 悬疑 武侠
尸乐园,尸乐园,6.5,6.7,6.6,0,0,0,0,0,0,0,0,0,0,0,0,0,0,0,0,0,481,6085,140,小本买卖工作室,3男3女 4.5小时 进阶 2019.10发行,
套马,,0,0,0,0,0,0,0,0,0,0,0,0,0,0,0,0,0,0,0,0,0,0,0,,,
欢迎来到万事屋,欢迎来到万事屋,7.7,7.4,6.4,0,7.6,0,0,0,0,0,0,0,0,0,0,0,0,0,0,0,8943,23,1150,西安蛛丝马迹,补测系列🌟《欢迎来到万事屋》🌟 日式｜欢乐｜沉浸｜治愈｜推理｜情感 👦玩家配置:四男两女 🕰体验时长:4-5小时 很多人都拿《欢迎来到万事屋》和《日日是...全文,日式 推理 欢乐 都市
我要当班长,我要当班长,5.8,6.5,0,0,6.8,0,0,0,0,0,0,0,0,0,0,6.6,0,0,0,0,5.8,5456,60,真相骑士,3男3女 4.5小时 进阶 2019.12发行,
舍离,舍离,6.3,6.6,5.9,0,0,6.8,0,0,0,0,0,0,0,0,0,0,0,0,0,0,3.4,69966,875,桌立方,3男3女 4.0小时 新手 2019.05发行,古风 情感 沉浸 玄幻
古木吟20,,0,0,0,0,0,0,0,0,0,0,0,0,0,0,0,0,0,0,0,0,0,0,0,,,
江河湖海,江河湖海,7,0,0,0,0,0,0,0,0,0,0,0,0,0,0,0,0,0,0,0,1.4,0,0,皂作文化,3男2女 4.5小时 高阶 2019.12发行,
归宿,【归宿】,6,0,0,0,0,0,0,0,0,0,0,0,0,0,0,0,0,0,0,0,2.8,0,0,有糖谋杀之谜工作室,2男3女 4.5小时 进阶,中式 推理 沉浸 都市
天罚,天罚,1,0,0,0,0,0,0,0,0,0,0,0,0,0,0,0,0,0,0,0,0,0,0,无尘推理工作室,4男2女 4.5小时 进阶 2019.11发行,
草鬼婆,草鬼婆,3,0,0,0,0,0,0,0,0,0,0,0,0,0,0,0,0,0,0,0,0,0,0,飞鱼计划-八号剧本工作室,4男4女 4.5小时 进阶 2018.11发行,
蝴蝶效应,蝴蝶效应之死亡序曲,5,0,0,0,0,0,0,0,0,0,0,0,0,0,0,0,0,0,0,0,0,0,0,麋鹿侦探工作室,4男2女 4.5小时 高阶,
隔墙有眼,隔墙有眼,6.6,6.7,6.7,0,0,0,0,0,0,0,0,0,0,0,0,0,0,0,0,0,1076,6645,138,推理大师,类型：现代恐怖推理 还原 配置：3男1女(可反串） 时长：3.5-4小时 穆洙心：女，27岁，百万粉丝大v美妆博主 张榆柳：男，27岁．小有名气园林艺术家 雷靖宇：男，27岁，循循善诱...全文,
生吞,生吞,5,0,0,0,0,0,0,0,0,0,0,0,0,0,0,0,0,0,0,0,2.8,0,0,橙鲸剧本工作室,4男2女 4.5小时 进阶 2019.12发行,中式 推理 沉浸 都市
汉殇,汉殇,7,6.8,0,6.7,0,0,0,0,0,0,0,0,0,0,0,7.1,0,0,0,0,9517,10477,153,旖旎文化,7男1女 4.5小时 进阶 2019.10发行,
骸,,0,0,0,0,0,0,0,0,0,0,0,0,0,0,0,0,0,0,0,0,0,0,0,,,
大明风华,大明风华,7,0,0,0,0,0,0,0,0,0,0,0,0,0,0,0,0,0,0,0,2.3,0,0,小本买卖工作室,3男3女 5.0小时 高阶 2020.05发行,古风 阵营 沉浸 武侠
沉默,沉默,1,0,0,0,0,0,0,0,0,0,0,0,0,0,0,0,0,0,0,0,0,0,0,,3男3女 6.0小时 高阶,
朝凤村,朝凤村,7,0,0,0,0,0,0,0,0,0,0,0,0,0,0,0,0,0,0,0,0,0,0,月满天台工作室,3男3女 4.5小时 高阶,
波旬,波旬,7.2,7,7,0,0,6.4,0,0,0,0,0,0,0,0,0,0,0,0,0,0,19016,32616,589,天津剧盟发行工作室; 無花果工作室,4男2女 4.0小时 进阶 2020.04发行,
雾夜将尽,雾夜将尽,6.4,6.9,6.9,6.8,0,0,0,0,0,0,0,0,0,0,0,0,0,0,0,0,350,4787,58,阿斯巴甜,4男2女 4.5小时 进阶 2020.04发行,
雨疏风骤海棠依旧,雨疏风骤，海棠依旧,5.9,6.3,6.2,0,6,0,0,0,0,0,0,0,0,0,0,0,0,0,0,0,8948,15343,213,灰帆文化,3男2女 4.5小时 进阶 2020.05发行,架空 推理 欢乐 玄幻
囚徒起源,囚徒起源,10,0,0,0,0,0,0,0,0,0,0,0,0,0,0,0,0,0,0,0,0,0,0,飞鱼计划-八号剧本工作室,4男3女 4.5小时 进阶 2019.10发行,
抓玛提克,抓玛提克,4,0,0,0,0,0,0,0,0,0,0,0,0,0,0,0,0,0,0,0,2.8,0,0,66号剧本工作室,5男2女 4.0小时 进阶 2020.01发行,中式 推理 沉浸 历史
食物链,食物链,9,0,0,0,0,0,0,0,0,0,0,0,0,0,0,0,0,0,0,0,2.8,0,0,春树工作室,人物：邵婷 题材：人性 立意 还原 情感 时长：3~4小时 人数：7人 3男4女（不反...全文,中式 推理 沉浸 都市
巨幕之上,巨幕之上,7,0,0,0,0,0,0,0,0,0,0,0,0,0,0,0,0,0,0,0,2.6,0,0,推理大师,3男2女 4.5小时 高阶 2019.10发行,
阿修罗王,阿修罗王,6.9,6.8,6.8,0,0,0,0,0,0,0,0,0,0,0,0,0,0,0,0,0,201,1199,48,兰州贝克街文化娱乐有限公司,4男3女 4.5小时 进阶 2020.09发行,
多余之人,多余之人,10,0,0,0,0,0,0,0,0,0,0,0,0,0,0,0,0,0,0,0,471,0,0,A+剧本工作室,4男2女 5.0小时 高阶,
奉天,,0,0,0,0,0,0,0,0,0,0,0,0,0,0,0,0,0,0,0,0,0,0,0,,,
平安街,平安街,6.2,0,6.4,7,0,0,0,6.9,0,0,0,0,0,0,0,0,0,0,0,0,8948,21147,397,豆芽剧本工作室,类型：本格，推理，硬核 时间：4小时 人数：7人，四男三女 【人物介绍】 【荣枯】：24岁，男，高大帅气，白净小生，无所事事 【发婆】：？岁，女，底衫褴褛，逢头垢面...全文,中式 推理 欢乐 都市
地狱幽兰,地狱幽兰,10,0,0,0,0,0,0,0,0,0,0,0,0,0,0,0,0,0,0,0,2.8,0,0,A+剧本工作室,0男5女 4.5小时 进阶,中式 推理 沉浸 都市
东不成 西不就,,0,0,0,0,0,0,0,0,0,0,0,0,0,0,0,0,0,0,0,0,0,0,0,,,
久违,久违,7.1,6.9,0,0,0,6.9,0,0,0,6.6,0,0,0,0,0,0,0,0,0,0,1.1,3396,48,瓦特工作室,3男3女 4.5小时 进阶 2019.08发行,
烛,,0,0,0,0,0,0,0,0,0,0,0,0,0,0,0,0,0,0,0,0,0,0,0,,,
子醜卒,子醜卒,4,0,0,0,0,0,0,0,0,0,0,0,0,0,0,0,0,0,0,0,2.6,0,0,巨鱼丹丹工作室,3男3女 4.5小时 进阶,
白银2,白银2,2,0,0,0,0,0,0,0,0,0,0,0,0,0,0,0,0,0,0,0,0,0,0,兰州贝克街文化娱乐有限公司,4男2女 4.5小时 进阶,
屠夫,屠夫,7,0,0,0,0,0,0,0,0,0,0,0,0,0,0,0,0,0,0,0,471,0,0,嘉诺文化,4男3女 4.5小时 进阶 2019.10发行,
致前任,致前任,7,0,0,0,0,0,0,0,0,0,0,0,0,0,0,0,0,0,0,0,2.8,0,0,A+剧本工作室,4男4女 4.5小时 进阶,中式 推理 沉浸 都市
弥勒港,,0,0,0,0,0,0,0,0,0,0,0,0,0,0,0,0,0,0,0,0,0,0,0,,,
黄金时代,宝藏·黄金时代,6,0,0,0,0,0,0,0,0,0,0,0,0,0,0,0,0,0,0,0,3161,0,0,轻舟工作室; 剧猩联盟工作室,6男2女 6.0小时 新手 2023.09发行,
犯罪屋,犯罪屋,6.8,6.5,6.8,6.5,0,0,0,0,0,0,0,0,0,0,0,0,0,0,0,0,1769,8930,129,ALL-IN工作室,2男3女 4.5小时 高阶 2019.06发行,
好久不见,好久不见,6,6.6,0,0,0,6.8,0,0,0,6.7,0,0,0,0,0,0,0,0,0,0,1.1,4591,57,迷若谷,3男2女 4.5小时 高阶 2019.11发行,
何似在人间,何似在人间,6.5,6.7,6.5,0,0,6.7,0,0,0,0,0,0,0,0,0,0,0,0,0,0,3.4,48509,725,跳！大神工作室,4男3女 4.0小时 进阶 2020.01发行,古风 情感 沉浸 都市
浮生一梦,浮生一梦,6.5,6.8,6.7,0,0,0,0,0,0,0,0,0,0,0,0,0,0,0,0,0,264,3751,52,真相骑士,5男3女 4.5小时 进阶 2019.12发行,
花田喜事,花田喜事,5.3,5.9,0,0,6.6,0,6.1,0,0,0,0,0,0,0,0,0,0,0,0,0,9.5,20373,234,元芳出品,5男5女 4.0小时 新手 2019.12发行,民国 机制 欢乐 都市
蛊魂铃3,,0,0,0,0,0,0,0,0,0,0,0,0,0,0,0,0,0,0,0,0,0,0,0,,,
愿我如星君如月音频版,,0,0,0,0,0,0,0,0,0,0,0,0,0,0,0,0,0,0,0,0,0,0,0,,,
断忆恒隐寺,断忆恒隐寺,5.5,6.1,0,0,0,6.3,0,0,0,0,0,0,0,0,0,5.9,0,0,0,0,2.3,21491,209,燃工作室,4男3女 4.0小时 新手 2020.02发行,古风 阵营 沉浸 都市
世界末末日,,0,0,0,0,0,0,0,0,0,0,0,0,0,0,0,0,0,0,0,0,0,0,0,,,
夜华鬼棺,夜华鬼棺,10,0,0,0,0,0,0,0,0,0,0,0,0,0,0,0,0,0,0,0,0,0,0,惊蛰推理,4男2女 5.0小时 高阶,架空 推理 惊悚 武侠
离别钩,离别钩,7,0,0,0,0,0,0,0,0,0,0,0,0,0,0,0,0,0,0,0,2.8,0,0,66号剧本工作室,3男3女 4.5小时 进阶,中式 推理 沉浸 都市
北国之春,北国之春,8.4,7.9,7,0,0,0,0,0,0,0,0,0,0,0,8.5,0,0,0,0,0,1.4,109497,2932,戏子出品,百本选手说剧本:剧本《北国之春》6人本 3男3女 剧本类型:盒装本 立意本 游戏时间:4小时左右 实话实说 这个本是 2019年的剧本 现在玩 都很感动 我们车 小姐姐 😭哭崩溃了 一个 欢乐 推理 立意本 适合新手 我们 今天是 高配车 戴红帽子🎩的小姐姐 超级水龙头🚰 戴眼镜👓的大哥 打过许多 情感本 还有 “您好，...全文,欧美 推理 立意 新手
理智在左 疯狂在右,理智在左疯狂在右,5,0,0,0,0,0,0,0,0,0,0,0,0,0,0,0,0,0,0,0,0,0,0,嗷嗷原创,4男3女 4.5小时 进阶 2019.05发行,
套,,0,0,0,0,0,0,0,0,0,0,0,0,0,0,0,0,0,0,0,0,0,0,0,,,
撕奶杀手,撕奶杀手,5,5.6,0,0,6.4,0,0,0,0,0,0,0,0,0,0,5.5,0,0,0,0,5.8,27394,302,波波; 六分仪原创剧场工作室,0男7女 4.5小时 进阶 2020.01发行,
酒大奇迹,,0,0,0,0,0,0,0,0,0,0,0,0,0,0,0,0,0,0,0,0,0,0,0,,,
谍影重庆迷雾,谍影：重庆迷雾,7.4,7.3,0,6.7,0,0,0,0,0,0,0,0,0,0,0,7.3,0,0,0,0,9517,72491,1558,天津剧盟发行工作室; 西番推理,6男2女 4.0小时 进阶 2020.01发行,
皇帝的新发型,皇帝的新发型,5.9,0,0,0,6.7,0,7,0,0,0,0,0,0,0,0,7,0,0,0,0,5.8,6309,85,东吴侦探,5男3女 4.5小时 进阶 2019.12发行,
麦克风,,0,0,0,0,0,0,0,0,0,0,0,0,0,0,0,0,0,0,0,0,0,0,0,,,
已知死亡,已知死亡,6.3,6.5,6.7,6.6,0,0,0,0,0,0,0,0,0,0,0,0,0,0,0,0,3325,17344,348,剧游方舟,4男2女 4.5小时 进阶 2019.12发行,
歧途,歧途,10,0,0,0,0,0,0,0,0,0,0,0,0,0,0,0,0,0,0,0,2.3,0,0,新奇文创,3男3女 4.5小时 进阶 2021.01发行,
人皮灯笼,人皮灯笼,5.7,6.2,6.1,0,0,0,0,0,0,0,0,0,0,0,0,0,0,0,0,0,1336,22371,344,天津第一现场,2男3女 4.0小时 进阶,
木夕僧之戏,木夕僧之戏,8.9,8.2,8.4,8.2,0,0,0,0,0,0,0,0,0,0,0,0,0,0,0,0,166799,232262,18789,西安蛛丝马迹,4男3女 6.0小时 高阶 2020.05发行,日式 推理 悬疑 怪谈
收容失效,收容失效,7.1,6.9,7,6.9,0,0,0,0,0,0,0,0,0,0,0,0,0,0,0,0,17438,25115,575,灰烬工作室,4男1女 4.5小时 进阶 2020.05发行,
和平婚礼,和平婚礼,7.6,7.2,0,0,0,7,0,0,0,0,0,0,0,0,0,7.3,0,0,0,0,2.3,6194,122,戏纸发行,3男3女 5.0小时 进阶 2019.07发行,
秦淮八艳2 艳落神都,,0,0,0,0,0,0,0,0,0,0,0,0,0,0,0,0,0,0,0,0,0,0,0,,,
雪人,雪人,4,0,0,0,0,0,0,0,0,0,0,0,0,0,0,0,0,0,0,0,8948,0,0,推理大师,3男3女 4.5小时 进阶 2020.01发行,国外 推理 欢乐 玄幻
春日宴,,0,0,0,0,0,0,0,0,0,0,0,0,0,0,0,0,0,0,0,0,0,0,0,,,
红岸,红岸,6.1,6.5,0,0,0,6.5,6.4,0,0,0,0,0,0,0,0,0,0,0,0,0,7607,3183,67,贝壳推理,3男2女 4.5小时 新手,中式 机制 沉浸 校园
沉末,沉末,7.5,7.2,7.1,0,0,0,0,0,7,0,0,0,0,0,0,0,0,0,0,0,2.8,5976,94,久见文化,3男3女 4.5小时 进阶 2019.12发行,欧美 推理 沉浸 都市
待月弑杀,待月弑杀,7.2,7.1,6.8,0,0,0,0,0,0,0,0,0,0,0,0,0,0,0,0,0,5937,11754,597,智乐源文化,3男3女 4.5小时 高阶 2020.04发行,古风 推理 惊悚 豪门
老槐树2,老槐树2,8,0,0,0,0,0,0,0,0,0,0,0,0,0,0,0,0,0,0,0,0,0,0,X剧本工作室,4男2女 4.5小时 进阶 2020.01发行,古风 推理 悬疑 都市
魂牵梦绕,魂牵梦绕,9,0,0,0,0,0,0,0,0,0,0,0,0,0,0,0,0,0,0,0,0,0,0,大连全民侦探,3男3女 4.0小时 新手 2019.12发行,
涅白,涅白,5.9,6.7,6.6,0,0,6.7,0,0,0,0,0,0,0,0,0,0,0,0,0,0,2.8,4887,64,外星人,4男3女 4.5小时 进阶 2020.01发行,中式 推理 沉浸 都市
长夜将烬,长夜将烬,7.3,7,6.9,6.9,0,0,0,0,0,0,0,0,0,0,0,0,0,0,0,0,739,6424,96,無名工作室,4男2女 4.5小时 高阶 2019.08发行,
艺伎回忆录,艺伎回忆录,7.1,7.1,0,0,0,6.6,0,0,0,0,0,0,0,0,0,6.6,0,0,0,0,1.2,81613,1525,瓦特工作室,百本选手说剧本:剧本《艺伎回忆录》8人本 4男4女 剧本类型:盒装本 日式 推理本 游戏时间:3.5小时左右 实话实说 今天下午 我来 考古 这个本 是 3年前的 老本了 不过 放到现在 打 也还 可以 新手 入门本 微情感 微阵营 还不错的 一个剧本 推理 丝滑 说回剧本 第一幕 上来就是一个 小剧场 然后 ...全文,日式 阵营 沉浸 都市
诡奇马戏团,诡奇马戏团,5.7,0,0,0,7,7,0,7,0,0,0,0,0,0,0,0,0,0,0,0,842,16123,259,无相工作室,6男2女 4.0小时 进阶 2019.09发行,
请相信我说的一切都是谎话,请相信，我说的一切都是谎话,1,0,0,0,0,0,0,0,0,0,0,0,0,0,0,0,0,0,0,0,2.3,0,0,TIM文创工作室,3男3女 4.5小时 进阶,
双双,双双,6.5,0,6.7,0,0,0,0,7,6.9,0,0,0,0,0,0,0,0,0,0,0,634,12015,153,旖旎文化,4男2女 4.5小时 进阶 2021.01发行,
汤姆小镇,汤姆小镇,6,0,0,0,0,0,0,0,0,0,0,0,0,0,0,0,0,0,0,0,5.8,0,0,好玩工厂,10男10女 4.5小时 进阶,
101,,0,0,0,0,0,0,0,0,0,0,0,0,0,0,0,0,0,0,0,0,0,0,0,,,
锚点,锚点,6.8,7,7.1,6.9,0,0,0,0,0,0,0,0,0,0,0,0,0,0,0,0,342,5590,62,银川留白推理工作室,4男2女 4.5小时 高阶 2021.09发行,
帝阙谣,帝阙谣,6.7,6.6,0,0,6.6,0,0,0,0,0,0,0,0,0,0,6.7,0,0,0,0,5.8,54597,1012,浮生文宝工作室,6男2女 4.0小时 新手 2019.12发行,古风 阵营 欢乐 权谋
爱幼妇产医院,爱幼妇产医院,6.3,0,0,7,0,0,0,0,0,0,0,0,0,0,0,7,0,0,0,0,61238,160170,4251,夜笙阁,4男4女 5.0小时 进阶 2019.12发行,
纯情太监俏皇帝,纯情太监俏皇帝,6.7,6.7,0,0,7.1,0,0,0,0,6.7,0,0,0,0,0,0,0,0,0,0,383,3115,95,Siren剧本工作室,4男1女 4.5小时 进阶 2019.04发行,
平城事2,,0,0,0,0,0,0,0,0,0,0,0,0,0,0,0,0,0,0,0,0,0,0,0,,,
情书,[情书],8,0,0,0,0,0,0,0,0,0,0,0,0,0,0,0,0,0,0,0,2.3,0,0,成都神说文化传媒有限公司,4男4女 21.0小时 进阶,
作揖,作揖,7,0,0,0,0,0,0,0,0,0,0,0,0,0,0,0,0,0,0,0,0,0,0,染墨工作室,4男3女 4.5小时 进阶 2019.12发行,
人鱼馆,人鱼馆,5.8,6.3,6.1,0,0,0,0,0,0,0,0,0,0,0,0,0,0,0,0,0,1249,18823,388,桌立方,第192本 时长：4小时 配置：2男3女 最近打这种古早推理本必坐牢。好在剧本时间不长，能够在我忍无可忍之前结束掉。 《人鱼馆》美其名曰说是新手本，实则难度...全文,日式 推理 惊悚 校园
在你左右,在你左右,6,0,0,0,0,0,0,0,0,0,0,0,0,0,0,0,0,0,0,0,0,0,0,红圈工作室,4男3女 4.5小时 进阶,
永恒之花,永恒之花,3,0,0,0,0,0,0,0,0,0,0,0,0,0,0,0,0,0,0,0,9517,0,0,,7男2女 4.5小时 进阶,
楚万镇,楚万镇,7.4,7.4,7.3,7,0,0,0,0,0,0,0,0,0,0,0,0,0,0,0,0,17554,30087,587,慢热TUO,3男3女 4.5小时 进阶 2020.01发行,
二更天,二更天,2,0,0,0,0,0,0,0,0,0,0,0,0,0,0,0,0,0,0,0,0,0,0,TS幽灵研究所,4男2女 4.5小时 进阶,
家有儿女1,,0,0,0,0,0,0,0,0,0,0,0,0,0,0,0,0,0,0,0,0,0,0,0,,,
罪与罚,罪与罚,4,0,0,0,0,0,0,0,0,0,0,0,0,0,0,0,0,0,0,0,0,0,0,平民大侦探实景探案馆,4男3女 4.5小时 新手 2020.03发行,
k系列大疫,,0,0,0,0,0,0,0,0,0,0,0,0,0,0,0,0,0,0,0,0,0,0,0,,,
魔界狂想曲,魔界狂想曲,3,0,0,0,0,0,0,0,0,0,0,0,0,0,0,0,0,0,0,0,2.8,0,0,Kira工作室,3男3女 4.5小时 进阶,古风 推理 沉浸 玄幻
红杏枝头,,0,0,0,0,0,0,0,0,0,0,0,0,0,0,0,0,0,0,0,0,0,0,0,,,
马赛克2,,0,0,0,0,0,0,0,0,0,0,0,0,0,0,0,0,0,0,0,0,0,0,0,,,
长生诀,长生诀,8,0,0,0,0,0,0,0,0,0,0,0,0,0,0,0,0,0,0,0,471,0,0,选剧本工作室,5男1女 4.5小时 进阶 2020.01发行,
宅杀,,0,0,0,0,0,0,0,0,0,0,0,0,0,0,0,0,0,0,0,0,0,0,0,,,
刺杀肯尼迪,刺杀肯尼迪,7,0,0,0,0,0,0,0,0,0,0,0,0,0,0,0,0,0,0,0,2.6,0,0,林右衽出品,3男1女 4.5小时 进阶,
帅府诡录,帅府诡录,3,0,0,0,0,0,0,0,0,0,0,0,0,0,0,0,0,0,0,0,2.8,0,0,,4男2女 4.5小时 进阶,民国 推理 沉浸 豪门
音为爱情,音为爱情,5,0,0,0,0,0,0,0,0,0,0,0,0,0,0,0,0,0,0,0,3.4,0,0,谜兔工作室,3男3女 4.5小时 进阶,中式 情感 沉浸 都市
花间《Doctors》,花间Doctors,5,0,0,0,0,0,0,0,0,0,0,0,0,0,0,0,0,0,0,0,2.8,0,0,花间工作室,3男2女 4.5小时 进阶,中式 推理 沉浸 都市
雨夜含海,,0,0,0,0,0,0,0,0,0,0,0,0,0,0,0,0,0,0,0,0,0,0,0,,,
墨上蔷薇,墨上蔷薇,7,0,0,0,0,0,0,0,0,0,0,0,0,0,0,0,0,0,0,0,0,0,0,宝大大工作室,4男3女 4.5小时 进阶,
一念之间,《一念之间》,6,0,0,0,0,0,0,0,0,0,0,0,0,0,0,0,0,0,0,0,1.1,0,0,西安Mr.M推理社,3男2女 4.5小时 进阶 2019.09发行,
《食梦女》,食梦女,7.1,7,6.7,0,0,0,0,0,0,0,0,0,0,0,0,0,0,0,0,0,2486,7747,240,宝大大工作室,2男2女 2.0小时 新手,
1999人类大作战,,0,0,0,0,0,0,0,0,0,0,0,0,0,0,0,0,0,0,0,0,0,0,0,,,
《初雪》,初雪,9,0,0,0,0,0,0,0,0,0,0,0,0,0,0,0,0,0,0,0,2.8,0,0,柒墨剧本发行工作室,2男2女 5.0小时 高阶,中式 推理 沉浸 都市
《小团圆》,小团圆,9,0,0,0,0,0,0,0,0,0,0,0,0,0,0,0,0,0,0,0,2.8,0,0,春树工作室,2男3女 4.5小时 进阶,中式 推理 沉浸 都市
血巫祭杀人魔法,血巫祭杀人魔法,6,0,0,0,0,0,0,0,0,0,0,0,0,0,0,0,0,0,0,0,0,0,0,,4男3女 4.5小时 进阶,
飘萍长安,飘萍长安,6.5,7,0,0,0,0,0,6.8,0,0,0,0,0,0,6.7,0,0,0,0,0,6578,3300,45,企鹅PA推理工作室,3男2女 4.0小时 进阶,
西江月,西江月,7,0,0,0,0,0,0,0,0,0,0,0,0,0,0,0,0,0,0,0,9517,0,0,企鹅PA推理工作室,5男3女 4.5小时 进阶 2019.05发行,
疯狂美食节2,疯狂美食节2,6,6.3,0,0,6.8,0,0,0,0,0,0,0,0,0,0,6.4,0,0,0,0,5.8,6385,63,红泥小火炉工作室,4男4女 4.5小时 进阶 2019.12发行,
羽生夜谈二,,0,0,0,0,0,0,0,0,0,0,0,0,0,0,0,0,0,0,0,0,0,0,0,,,
杀人回忆,杀人回忆,6.2,6.5,0,0,0,0,6.3,0,6,0,0,0,0,0,0,0,0,0,0,0,7607,34246,539,阿斯巴甜,百本选手说剧本:剧本《杀人回忆》5人本 3男2女 剧本类型:盒装本 刑侦本 游戏时间:4小时左右 实话实说 这个本 比较简单 老玩家 基本上 线索一出 就 锁凶了 就是 最后一幕 🈶点…… 游戏的缺点 是 线索太多了 别的没有什么🉑说的 不推荐,欧美 机制 沉浸 刑侦
恶渊百物语,恶渊百物语,7.3,7.2,7.1,0,0,0,0,0,0,0,0,0,0,0,0,0,0,0,0,0,24342,51984,1246,阿斯巴甜,5男1女 4.5小时 进阶 2019.12发行,日式 推理 惊悚 都市
天使中的魔鬼,天使中的魔鬼,2,0,0,0,0,0,0,0,0,0,0,0,0,0,0,0,0,0,0,0,1.1,0,0,佛系工作室,3男2女 4.5小时 新手 2018.09发行,
林深时见鹿,林深时见鹿,2,0,0,0,0,0,0,0,0,0,0,0,0,0,0,0,0,0,0,0,8948,0,0,惊蛰推理,4男4女 4.0小时 新手 2019.12发行,中式 推理 欢乐 都市
一楼的尽头,一楼的尽头,6.7,6.8,6.7,0,0,0,0,0,0,0,0,0,0,0,0,0,0,0,0,0,501,6402,90,沧之溟工作室,3男2女 4.5小时 进阶 2019.10发行,
奉养,奉养,6.1,6.6,6.4,0,0,0,0,0,0,0,0,0,0,0,0,0,0,0,0,0,822,14142,195,梦天游MOTIYO,4男2女 4.5小时 高阶 2019.10发行,
宿醉,宿醉,5.8,6.1,0,0,6.8,0,5.7,0,0,0,0,0,0,0,0,0,0,0,0,0,8948,128128,1992,小本买卖工作室,【宿醉】欢乐／都市／机制／新手 【角色时长】微胖男子／4小时 【人数配置】3男3女／可反串 【推荐角色】说实话已经记不清了，应该没有边缘位…… 【选店建议】经典废话：沙发舒服外卖多...全文,中式 推理 欢乐 都市
安生,安生,5,5.7,5.5,0,0,6,0,0,0,0,0,0,0,0,0,0,0,0,0,0,3.4,32235,441,葵花工作室,2男4女 4.5小时 进阶 2019.11发行,民国 情感 沉浸 都市
乌托邦,乌托邦,7,0,0,0,0,0,0,0,0,0,0,0,0,0,0,0,0,0,0,0,7607,0,0,星迹剧核,5男1女 4.5小时 进阶 2019.10发行,日式 机制 沉浸 都市
普陀裕,,0,0,0,0,0,0,0,0,0,0,0,0,0,0,0,0,0,0,0,0,0,0,0,,,
棋局黑白,棋局黑白,7,0,0,0,0,0,0,0,0,0,0,0,0,0,0,0,0,0,0,0,2.6,0,0,锋芒剧制,5男2女 4.5小时 高阶,
一出好戏,一出好戏,6.2,6.6,6.9,0,6.5,0,0,0,0,0,0,0,0,0,0,0,0,0,0,0,8948,28065,533,阿斯巴甜,2男2女 4.5小时 进阶 2019.11发行,中式 推理 欢乐 都市
全都飞起来,全都飞起来,7,0,0,0,0,0,0,0,0,0,0,0,0,0,0,0,0,0,0,0,8948,0,0,麻心汤圆,3男2女 4.5小时 新手,架空 推理 欢乐 玄幻
绑架,绑架,8,0,0,0,0,0,0,0,0,0,0,0,0,0,0,0,0,0,0,0,0,0,0,雪人剧制,3男2女 4.5小时 进阶,
法老的血刑,法老的血刑,6.4,6.5,0,6.4,0,0,0,0,0,0,0,0,0,0,0,6.3,0,0,0,0,9517,4550,59,九州长歌工作室,4男2女 4.5小时 进阶,
王府疑云,钱朝往事之王府疑云,8,0,0,0,0,0,0,0,0,0,0,0,0,0,0,0,0,0,0,0,0,0,0,鱼丸剧本工作室,4男3女 4.0小时 进阶,架空 推理 悬疑 武侠
拼命,拼命,6,0,0,0,0,0,0,0,0,0,0,0,0,0,0,0,0,0,0,0,0,0,0,优标事务所,4男3女 4.5小时 进阶 2019.10发行,
gui曼童,Gui曼童,6.4,6.7,6.6,0,0,0,0,0,0,0,0,0,0,0,0,0,0,0,0,0,10551,19859,267,天津第一现场,5男2女 5.0小时 进阶 2019.09发行,
枪,,0,0,0,0,0,0,0,0,0,0,0,0,0,0,0,0,0,0,0,0,0,0,0,,,
极乐密室,013极乐密室,8.4,7.8,7.8,0,0,0,0,0,0,0,0,0,0,0,0,0,0,0,0,0,54710,128975,4353,肆言良语,3男2女 4.5小时 高阶 2019.12发行,
面剧,面剧,7.2,7.1,7.1,6.8,0,0,0,0,0,0,0,0,0,0,0,0,0,0,0,0,21147,37411,782,天津剧盟发行工作室,3男2女 6.0小时 高阶 2019.12发行,
月落洼,月落洼,9.1,8.5,8.7,8.3,0,0,0,0,0,0,0,0,0,0,0,0,0,0,0,0,128997,177845,18476,智乐源文化,尔芙受害者联盟又多了一个我。 由于3男2女的本，而我们开的时候是3女2男，所以我们选择全员反串来玩本，结果这个决定竟然让我坐了5个小时牢。 玩的尔芙。一个边到不能在边的角色。 别人在情情爱爱，你侬我侬，我在大上...全文,
着魔,着魔,8,0,0,0,0,0,0,0,0,0,0,0,0,0,0,0,0,0,0,0,0,0,0,玩物立志发行工作室,2男4女 7.0小时 进阶 2026.06发行,
穿越疯人院,穿越疯人院,4,0,0,0,0,0,0,0,0,0,0,0,0,0,0,0,0,0,0,0,8948,0,0,熊本工作室,4男2女 4.5小时 新手,中式 推理 欢乐 都市
青玉案,青玉案,6,0,0,0,0,0,0,0,0,0,0,0,0,0,0,0,0,0,0,0,1.1,0,0,谜里文创工作室,3男4女 4.5小时 进阶 2019.06发行,古风 情感 演绎 宫廷
香蕉公寓,,0,0,0,0,0,0,0,0,0,0,0,0,0,0,0,0,0,0,0,0,0,0,0,,,
风中有朵雨做的云,风中有朵雨做的云,7.1,7.1,0,0,7,0,0,0,0,0,0,0,0,0,0,0,0,0,0,0,52475,121235,2454,西安蛛丝马迹,3男2女 4.0小时 进阶 2019.10发行,你回头看看我，我不信你两眼空空 类型：港风 推理 还原 情感 微恐 变格 剧评：时长4h，体量小，阅读量适中，破冰环节是舞厅唱歌，建议整车更容易放的开些；中期画风突变，跟店家商量了减麻减辣，NPC把恐怖氛围降到了...全文
仙乂,仙乂,6.4,6.5,6.2,0,6.6,0,0,0,0,0,0,0,0,0,0,0,0,0,0,0,8948,14138,220,沧之溟工作室; 谜兔工作室,3男2女 4.0小时 新手 2019.08发行,架空 推理 欢乐 武侠
浮图孽世,浮图孽世,4,0,0,0,0,0,0,0,0,0,0,0,0,0,0,0,0,0,0,0,0,0,0,惊蛰推理,3男3女 4.5小时 进阶 2019.01发行,
南去北落叶,南去北落叶,10,0,0,0,0,0,0,0,0,0,0,0,0,0,0,0,0,0,0,0,0,0,0,五月爱工作室,6男1女 4.5小时 进阶,
家用电器杀人事件,家用电器杀人事件,6.1,6.7,6.6,0,6.7,0,0,0,0,0,0,0,0,0,0,0,0,0,0,0,8948,5367,57,Siren剧本工作室,3男3女 4.5小时 进阶 2020.08发行,架空 推理 欢乐 科幻
雪迹7,,0,0,0,0,0,0,0,0,0,0,0,0,0,0,0,0,0,0,0,0,0,0,0,,,
相墓剧本,,0,0,0,0,0,0,0,0,0,0,0,0,0,0,0,0,0,0,0,0,0,0,0,,,
隔世经年,隔世经年,6.5,6.8,0,0,0,0,0,0,0,0,0,0,0,0,0,6.8,0,0,0,0,626,4294,49,惊蛰推理,4男4女 4.5小时 进阶 2019.02发行,
肆零贰,肆零贰,4.7,5.8,5.7,0,0,0,0,0,0,0,0,0,0,0,0,0,0,0,0,0,894,16831,257,跳！大神工作室,3男2女 4.5小时 进阶 2019.10发行,
狐嫁女,,0,0,0,0,0,0,0,0,0,0,0,0,0,0,0,0,0,0,0,0,0,0,0,,,
捉迷藏,【捉迷藏】,2,0,0,0,0,0,0,0,0,0,0,0,0,0,0,0,0,0,0,0,1.4,0,0,妙本文化,5男4女 4.0小时 进阶,
死亡小组,死亡小组,7,0,0,0,0,0,0,0,0,0,0,0,0,0,0,0,0,0,0,0,0,0,0,雷梁海谋杀之谜工作室,5男1女 4.5小时 高阶,
玲珑筛子,,0,0,0,0,0,0,0,0,0,0,0,0,0,0,0,0,0,0,0,0,0,0,0,,,
凰朝,凰朝,7,0,0,0,0,0,0,0,0,0,0,0,0,0,0,0,0,0,0,0,9517,0,0,有名工作室,5男2女 4.5小时 进阶,
蒹葭,蒹葭,10,0,0,0,0,0,0,0,0,0,0,0,0,0,0,0,0,0,0,0,1.1,0,0,异世剧制,3男3女 8.0小时 新手 2026.07发行,古风 情感 演绎 武侠
雪夜无声,雪夜无声,10,0,0,0,0,0,0,0,0,0,0,0,0,0,0,0,0,0,0,0,2.8,0,0,十月公馆,5男3女 4.5小时 高阶 2019.05发行,民国 推理 沉浸 战争
死岛,死岛,6.6,6.9,6.8,0,0,0,0,0,0,0,0,0,0,0,0,0,0,0,0,0,245,3363,57,MasterKey剧本推理室,🎬《死岛》 👫人数：7人（4男3女 可反串） 📕类型：变格/硬核/微恐/艺术哲学 🕰时长：3～4小时 🤍角色：姜戈 🎞简介：赫赫有名的拍卖行老板奥德曼在一...全文,
我的朋友,我的朋友是一具会说话的尸体,7.1,6.9,0,0,0,0,0,0,0,0,7.2,0,0,0,0,0,0,0,0,0,40478,13817,1288,魔术师工作室,4男2女 5.5小时 进阶 2025.01发行,
老废物俱乐部,,0,0,0,0,0,0,0,0,0,0,0,0,0,0,0,0,0,0,0,0,0,0,0,,,
唐伯虎,,0,0,0,0,0,0,0,0,0,0,0,0,0,0,0,0,0,0,0,0,0,0,0,,,
异魂,异魂,9,0,0,0,0,0,0,0,0,0,0,0,0,0,0,0,0,0,0,0,11.3,0,0,雪人剧制,4男3女 4.0小时 进阶 2023.03发行,
明月几时有,明月几时有,5,0,0,0,0,0,0,0,0,0,0,0,0,0,0,0,0,0,0,0,228,0,0,南京桃花推理工作室,5男1女 4.5小时 进阶 2019.02发行,架空 推理 演绎 武侠
尘埃,《尘埃》,6,0,0,0,0,0,0,0,0,0,0,0,0,0,0,0,0,0,0,0,0,0,0,绅士娱乐工作室,3男3女 4.5小时 进阶,
找到你了,找到你了,7,0,0,0,0,0,0,0,0,0,0,0,0,0,0,0,0,0,0,0,0,0,0,南木出品,3男3女 4.5小时 进阶,日式 推理 惊悚 都市
靳柯再刺秦王,,0,0,0,0,0,0,0,0,0,0,0,0,0,0,0,0,0,0,0,0,0,0,0,,,
顺和古村,,0,0,0,0,0,0,0,0,0,0,0,0,0,0,0,0,0,0,0,0,0,0,0,,,
萌萌二次元,萌萌二次元,10,0,0,0,0,0,0,0,0,0,0,0,0,0,0,0,0,0,0,0,8948,0,0,非凡大陆工作室,3男3女 4.5小时 高阶,中式 推理 欢乐 都市
问米,问米,6.3,6.7,6.6,0,0,0,0,0,0,0,0,0,0,0,0,0,0,0,0,0,636,12196,158,南昌罗生门推理室,4男2女 4.5小时 进阶 2019.10发行,
蚊不知,蚊不知,7.4,6.8,0,0,6.9,0,6.7,0,0,0,0,0,0,0,0,0,0,0,0,0,9.5,4084,75,闲顽工作室,3男3女 4.5小时 高阶 2019.04发行,架空 机制 欢乐 其他
JAY,JAY,6.5,6.5,6.3,0,0,6.6,0,0,0,0,0,0,0,0,0,0,0,0,0,0,2.8,3662,50,探案笔记,3男2女 4.5小时 进阶,中式 推理 沉浸 都市
坠世之心,坠世之心,7,0,0,0,0,0,0,0,0,0,0,0,0,0,0,0,0,0,0,0,2.8,0,0,A+剧本工作室,5男2女 4.5小时 进阶,古风 推理 沉浸 战争
蛹,,0,0,0,0,0,0,0,0,0,0,0,0,0,0,0,0,0,0,0,0,0,0,0,,,
扇中仙,扇中仙,5.6,6.7,6.6,6.8,0,0,0,0,0,0,0,0,0,0,0,0,0,0,0,0,214,4534,58,GODAN谋杀之谜,4男3女 4.5小时 高阶 2019.07发行,架空 推理 悬疑 武侠
所罗门的律法,所罗门的律法,8,7.3,7.3,7.1,0,0,0,0,0,0,0,0,0,0,0,0,0,0,0,0,12193,17465,414,慢热TUO,第209本 时长：4小时 配置：4男1女 作为庭审本类型的鼻祖作品，高分自然有高分的道理。 虽然全程只有一个凶案，但是耐盘度完全不逊色于任何盒...全文,日式 推理 悬疑 刑侦
白教堂的亡灵,白教堂的亡灵,7,6.8,7,0,0,0,0,0,0,0,0,0,0,0,0,0,0,0,0,0,313,4391,55,旖旎文化,4男2女 4.5小时 高阶 2019.05发行,
野樱花事件无人生还,,0,0,0,0,0,0,0,0,0,0,0,0,0,0,0,0,0,0,0,0,0,0,0,,,
七里山塘,,0,0,0,0,0,0,0,0,0,0,0,0,0,0,0,0,0,0,0,0,0,0,0,,,
新恶童,,0,0,0,0,0,0,0,0,0,0,0,0,0,0,0,0,0,0,0,0,0,0,0,,,
、择,,0,0,0,0,0,0,0,0,0,0,0,0,0,0,0,0,0,0,0,0,0,0,0,,,
咒怨,咒怨,6,0,0,0,0,0,0,0,0,0,0,0,0,0,0,0,0,0,0,0,0,0,0,黑桃皇后工作室,3男4女 4.0小时 进阶,
爱者之贻,爱者之贻,9,0,0,0,0,0,0,0,0,0,0,0,0,0,0,0,0,0,0,0,2.8,0,0,X剧本工作室,4男2女 4.5小时 进阶 2018.07发行,民国 推理 沉浸 历史
天使的战争,天使的战争,7.4,7.2,7.2,0,0,0,0,0,7,0,0,0,0,0,0,0,0,0,0,0,2.8,11856,184,小本买卖工作室,3男2女 4.5小时 进阶 2019.03发行,中式 推理 沉浸 都市
畸形屋,,0,0,0,0,0,0,0,0,0,0,0,0,0,0,0,0,0,0,0,0,0,0,0,,,
鄂西山灵,鄂西山灵,8,7.6,7.4,0,0,0,0,0,7,0,0,0,0,0,0,0,0,0,0,0,2.8,22364,1150,智乐源文化,百本选手说剧本:剧本《鄂西山灵》6人本 3男3女 剧本类型:豪门惊情系列 推理本 游戏时间:5.5小时左右 👬适合人群：豪门粉丝 ❤剧情感...全文,民国 推理 沉浸 豪门
密闭,密闭,5,0,0,0,0,0,0,0,0,0,0,0,0,0,0,0,0,0,0,0,0,0,0,末日之火工作室,2男3女 5.0小时 高阶,
贺兰决,贺兰决,4,0,0,0,0,0,0,0,0,0,0,0,0,0,0,0,0,0,0,0,0,0,0,,2男4女 4.5小时 进阶,
同学会,同学会,10,0,0,0,0,0,0,0,0,0,0,0,0,0,0,0,0,0,0,0,8948,0,0,故事王国剧本工作室,3男3女 4.5小时 进阶,中式 推理 欢乐 校园
不止有鬼,不止有鬼,5.9,6.3,6.4,0,0,0,0,0,0,0,0,0,0,0,0,0,0,0,0,0,217,2506,39,不止发行工作室,2男4女 4.5小时 进阶,
葬爱,,0,0,0,0,0,0,0,0,0,0,0,0,0,0,0,0,0,0,0,0,0,0,0,,,
灵媒,灵媒,6.2,6.9,6.8,0,0,0,0,0,0,0,0,0,0,0,0,0,0,0,0,0,525,10665,139,造梦人文创,3男3女 4.5小时 进阶 2019.08发行,
醒来,醒来,6.4,6.7,0,0,0,0,6.6,0,6.7,0,0,0,0,0,0,0,0,0,0,0,7607,9830,132,雪人剧制,2男3女 4.5小时 进阶 2019.08发行,中式 机制 沉浸 都市
鸢飞戾天,鸢飞戾天,7.1,7.3,6.3,0,0,7.1,0,0,0,0,0,0,0,0,0,0,0,0,0,0,3.4,119422,2417,慢热TUO,3男3女 4.5小时 进阶 2019.09发行,古风 情感 沉浸 战争
百年好合,百年好合,5.7,6,0,0,6.4,0,5.5,0,0,0,0,0,0,0,0,0,0,0,0,0,9.5,53927,782,迷宫推理社,4男4女 4.0小时 进阶 2019.09发行,中式 机制 欢乐 都市
中东有声音,中东有声音,6,0,0,0,0,0,0,0,0,0,0,0,0,0,0,0,0,0,0,0,8953,0,0,葫芦世界,3男2女 4.5小时 进阶 2019.07发行,国外 推理 欢乐 都市
静止的玛利亚,静止的玛利亚,7.6,7.2,7.1,0,0,0,6.9,0,0,0,0,0,0,0,0,0,0,0,0,0,6,24590,416,惊蛰推理,第259本 时长：5.5小时 配置：2男4女 作为一个主还原的剧本，虽然它需要分享的内容很多，但是一点也不会让玩家感到细碎和疲惫。文笔流畅，行文结合扎实，人物之间互动交集很多，故...全文,
醉三关,醉三关,7,0,0,0,0,0,0,0,0,0,0,0,0,0,0,0,0,0,0,0,5.8,0,0,旖旎文化,5男2女 4.5小时 进阶 2019.09发行,架空 阵营 欢乐 武侠
莲花观,莲花观,7.6,7.4,7.2,0,0,0,0,0,0,0,0,0,0,0,0,0,0,0,0,0,662,5699,115,,4男2女 4.5小时 进阶,
朝夕村,朝夕村,6.3,6.7,6.7,6.5,0,0,0,0,0,0,0,0,0,0,0,0,0,0,0,0,641,10577,137,慢热TUO,4男3女 4.5小时 高阶 2019.09发行,
溺亡,溺亡,6,0,0,0,0,0,0,0,0,0,0,0,0,0,0,0,0,0,0,0,2.8,0,0,不止发行工作室,3男2女 5.0小时 高阶,中式 推理 沉浸 都市
白日孤灯,白日孤灯,7.5,7,0,6.9,0,0,7,0,0,0,0,0,0,0,0,0,0,0,0,0,2.6,40548,837,北京小树林剧本工作室,补测系列🌟《白日孤灯》🌟 📖剧本类型:中式｜机制｜悬疑｜刑侦 👦玩家配置:四男三女（可以反串） 🕰体验时长:5个小时 一个古早刑侦推理本，其实我挺喜欢这种类...全文,
荒村,荒村,7,0,0,0,0,0,0,0,0,0,0,0,0,0,0,0,0,0,0,0,0,0,0,推理大师,4男3女 4.5小时 进阶 2019.05发行,
夜半无人时,夜半无人时,4,0,0,0,0,0,0,0,0,0,0,0,0,0,0,0,0,0,0,0,0,0,0,云深不知处,4男2女 4.5小时 进阶,
无相山,无相山,5.9,6.4,6.4,0,0,0,0,0,0,0,0,0,0,0,0,0,0,0,0,0,393,7037,82,外星人,5男2女 4.5小时 进阶 2019.08发行,
崩塌,崩塌,6.7,6.8,6.7,0,0,0,0,0,0,0,0,0,0,0,0,6.6,0,0,0,0,9517,5890,89,咔米侦探馆,3男3女 4.5小时 进阶 2019.04发行,
过阴,过阴,6.6,6.6,6.3,0,0,0,0,0,0,0,0,0,0,0,0,0,0,0,0,0,9132,18022,223,空山工作室,3男3女 4.0小时 进阶 2019.09发行,
南毛北马,子不语南毛北马,6.7,6.9,6.7,0,0,6.9,0,0,0,0,0,0,0,0,0,0,0,0,0,0,2.8,3307,42,企鹅PA推理工作室,5男3女 4.5小时 进阶 2019.03发行,古风 推理 沉浸 玄幻
失格21克,失格21克,6.5,6.7,6.6,0,0,6.3,0,0,0,0,0,0,0,0,0,0,0,0,0,0,36541,70214,1396,惊蛰推理,3男2女 4.0小时 新手 2019.06发行,中式 推理 悬疑 新手
洪衙埕巷,洪衙埕巷,6,0,0,0,0,0,0,0,0,0,0,0,0,0,0,0,0,0,0,0,9517,0,0,谜之推理社,5男2女 4.5小时 进阶 2019.02发行,
喵的名字,喵的名字,7.1,7.2,0,0,0,7.2,6.8,0,0,0,0,0,0,0,0,0,0,0,0,0,7607,4106,58,鑫梦人生,4男4女 4.5小时 进阶 2019.05发行,架空 机制 沉浸 动物
花子音视频完整版,,0,0,0,0,0,0,0,0,0,0,0,0,0,0,0,0,0,0,0,0,0,0,0,,,
孤城,孤城,8.2,7.5,0,0,0,0,0,0,7.2,0,0,0,0,0,0,7.9,0,0,0,0,1.2,205012,9349,铭思文化,4男3女 5.0小时 进阶 2019.07发行,
seven精神病院3,,0,0,0,0,0,0,0,0,0,0,0,0,0,0,0,0,0,0,0,0,0,0,0,,,
壁垒,壁垒,5,0,0,0,0,0,0,0,0,0,0,0,0,0,0,0,0,0,0,0,0,0,0,,4男3女 5.0小时 高阶,
宫殇,宫殇,7,0,0,0,0,0,0,0,0,0,0,0,0,0,0,0,0,0,0,0,2.8,0,0,真相骑士,5男3女 4.5小时 进阶 2019.09发行,古风 推理 沉浸 宫廷
神健山庄,神健山庄,4.9,5.8,0,0,6.5,0,5.8,0,0,0,0,0,0,0,0,0,0,0,0,0,9.5,23636,246,LARP原创工作室,4男3女 4.5小时 进阶 2019.06发行,架空 机制 欢乐 科幻
末路超市,末路超市,7.2,7,6.7,6.9,0,0,0,0,0,0,0,0,0,0,0,0,0,0,0,0,617,7916,136,不止发行工作室,3男3女 4.5小时 进阶,
养尸 整理版,,0,0,0,0,0,0,0,0,0,0,0,0,0,0,0,0,0,0,0,0,0,0,0,,,
黑红梅方,黑红梅方,7.3,7.1,7,0,0,0,0,0,0,0,0,0,0,0,0,0,0,0,0,0,896,4573,79,Siren剧本工作室,2男4女 6.0小时 进阶 2018.06发行,
贝多芬病毒,贝多芬病毒,6.1,6.6,6.6,0,0,6.5,0,0,0,0,0,0,0,0,0,0,0,0,0,0,2.8,12761,174,企鹅PA推理工作室,3男3女 4.0小时 进阶 2019.06发行,欧美 推理 沉浸 战争
洛希极限,洛希极限,7.2,7,6.6,0,0,0,0,0,6.9,0,0,0,0,0,0,0,0,0,0,0,2.8,6221,164,惊蛰推理,2男2女 4.5小时 进阶,中式 推理 沉浸 都市
费马的审判,,0,0,0,0,0,0,0,0,0,0,0,0,0,0,0,0,0,0,0,0,0,0,0,,,
未知旅程,未知旅程,7.1,6.8,6.8,0,0,0,0,0,0,0,0,0,0,0,0,0,0,0,0,0,1174,11100,178,真相骑士,5男1女 4.0小时 进阶 2019.01发行,
黄河口学校,黄河口学校,6.3,7.1,7,0,0,0,0,0,0,0,0,0,0,0,0,0,0,0,0,0,271,3774,53,六扇门工作室,4男3女 4.5小时 进阶,
诡楼异事,诡楼异事之生人回避,6.6,6.9,6.9,0,0,0,0,0,0,0,0,0,0,0,0,0,0,0,0,0,538,3856,128,开山怪,4男2女 4.5小时 进阶 2021.12发行,
腐生,腐生,10,0,0,0,0,0,0,0,0,0,0,0,0,0,0,0,0,0,0,0,0,0,0,贝壳推理,3男3女 4.5小时 进阶 2019.05发行,
芙蓉庄,芙蓉庄,8,0,0,0,0,0,0,0,0,0,0,0,0,0,0,0,0,0,0,0,0,0,0,妄想剧场工作室,4男3女 4.5小时 进阶 2018.12发行,
鬼语茗香,鬼语茗香,4,0,0,0,0,0,0,0,0,0,0,0,0,0,0,0,0,0,0,0,0,0,0,三人行工作室,3男3女 4.5小时 进阶,
麋鹿,,0,0,0,0,0,0,0,0,0,0,0,0,0,0,0,0,0,0,0,0,0,0,0,,,
血缘,血缘,9,0,0,0,0,0,0,0,0,0,0,0,0,0,0,0,0,0,0,0,2.8,0,0,上海米可斯推理工作室,4男2女 4.5小时 进阶,古风 推理 沉浸 武侠
沉塘,沉塘,8,0,0,0,0,0,0,0,0,0,0,0,0,0,0,0,0,0,0,0,2.6,0,0,jio娱工作室,6男2女 4.5小时 进阶,架空 机制 悬疑 武侠
恶童,恶童,1,0,0,0,0,0,0,0,0,0,0,0,0,0,0,0,0,0,0,0,0,0,0,奥弗赛文娱乐,3男3女 4.5小时 进阶,
润娘,润娘,6,0,0,0,0,0,0,0,0,0,0,0,0,0,0,0,0,0,0,0,2.8,0,0,旋风文化传媒,3男3女 4.5小时 进阶,日式 推理 沉浸 都市
次元三角,次元三角,8,0,0,0,0,0,0,0,0,0,0,0,0,0,0,0,0,0,0,0,0,0,0,末日之火工作室,第251本 时长：2.5小时 配置：1男5女 很难想象这是一个17年的本，现在玩起来依旧很好玩。虽然整本只有一个凶案并且核诡在今天来看已经算是稀松平常了，但是它的可盘性丝毫没有随着时...全文,
春天高校,春天高校,6.1,6.6,6.7,0,0,0,0,0,0,0,0,0,0,0,0,0,0,0,0,0,289,6408,70,南京红心五剧本工作室,4男3女 4.5小时 进阶 2019.05发行,
玉中仙,玉中仙,9,0,0,0,0,0,0,0,0,0,0,0,0,0,0,0,0,0,0,0,1.4,0,0,折子戏工作室,5男2女 4.5小时 进阶 2019.02发行,
烬,,0,0,0,0,0,0,0,0,0,0,0,0,0,0,0,0,0,0,0,0,0,0,0,,,
远方少年,远方少年,6.7,6.7,6.4,0,0,6.8,0,0,0,0,0,0,0,0,0,0,0,0,0,0,2.8,5063,78,企鹅PA推理工作室,2男3女 4.5小时 进阶,中式 推理 沉浸 都市
秘密,秘密,6.8,7,0,0,0,0,0,0,6.8,0,0,0,0,0,0,6.9,0,0,0,0,2.3,3167,54,瓦特工作室,3男2女 4.0小时 进阶 2019.02发行,
、无咎,无咎,6.6,6.8,6.6,0,0,6.6,0,0,0,0,0,0,0,0,0,0,0,0,0,0,2.8,12847,217,荒诞剧社,3男3女 4.5小时 进阶 2019.06发行,中式 推理 沉浸 都市
禁果,,0,0,0,0,0,0,0,0,0,0,0,0,0,0,0,0,0,0,0,0,0,0,0,,,
新屋,新屋,7.6,7.2,6.9,0,0,0,0,0,0,0,0,0,0,0,0,0,0,0,0,0,3346,17543,350,妄想剧场工作室,2男4女 4.5小时 进阶 2019.05发行,
平成事,,0,0,0,0,0,0,0,0,0,0,0,0,0,0,0,0,0,0,0,0,0,0,0,,,
城南旧影,城南旧影,6,6.7,6.6,0,0,6.5,0,0,0,0,0,0,0,0,0,0,0,0,0,0,2.8,1823,52,探案笔记,3男3女 4.5小时 进阶,民国 推理 沉浸 家国
焚莱森林,焚莱森林,6.4,6.7,6.7,0,0,0,0,0,0,0,0,0,0,0,0,0,0,0,0,0,838,15859,238,X探案工作室,4男3女 4.5小时 进阶 2019.02发行,
鬼冢,鬼冢,6,0,0,0,0,0,0,0,0,0,0,0,0,0,0,0,0,0,0,0,0,0,0,,4男2女 4.5小时 高阶,
IDO,,0,0,0,0,0,0,0,0,0,0,0,0,0,0,0,0,0,0,0,0,0,0,0,,,
良人归,良人归,6.7,6.9,6.5,0,0,6.8,0,0,0,0,0,0,0,0,0,0,0,0,0,0,3.4,11180,121,魄本工作室,百本选手说剧本:剧本《良人归》7人本 4男3女 剧本类型:盒装本 古风 情感本 游戏时间:4.5小时左右 实话实说 又是 全息投影剧本杀 这个本 我感觉一般 不过 我在 一分析 给了一个 不行 因为🈶 边缘角色 而且 故事 后面 突然就不对劲了 人物角色 其实还好 综合一下 我给个 不行 🙅‍♂️ 其实 就是 武侠门派里 那些事 你爱他...全文,古风 情感 沉浸 战争
讲台上的乌鸦,讲台上的乌鸦,6.5,6.7,6.7,0,0,0,0,0,0,0,0,0,0,0,0,0,0,0,0,0,402,7089,93,梦天游MOTIYO,3男3女 4.5小时 进阶 2019.06发行,
东陵心怨,东陵心怨,4,0,0,0,0,0,0,0,0,0,0,0,0,0,0,0,0,0,0,0,7607,0,0,夜笙阁,4男3女 4.5小时 进阶,古风 机制 沉浸 宫廷
赌技奇谈修正版,,0,0,0,0,0,0,0,0,0,0,0,0,0,0,0,0,0,0,0,0,0,0,0,,,
梅花青冢,梅花青冢,7.3,7.2,7,0,0,7,0,0,0,0,0,0,0,0,0,0,0,0,0,0,3.4,17853,229,旖旎文化,3男3女 4.5小时 进阶 2019.06发行,古风 情感 沉浸 都市
第二十二条校规,第二十二条校规,6.7,6.7,6.5,0,0,0,0,0,0,0,0,0,0,0,0,0,0,0,0,0,90975,210758,7713,真相骑士,【第二十二条校规】新手／恐怖／现代／变格 【角色时长】叶冷星／4小时 【人数配置】4男3女／可反串 【推荐角色】无边缘位 【选店建议】开本无难度，经典废话：沙发舒服外卖多，厕所干净...全文,日式 推理 惊悚 校园
不止一日,,0,0,0,0,0,0,0,0,0,0,0,0,0,0,0,0,0,0,0,0,0,0,0,,,
双生,双生,10,0,0,0,0,0,0,0,0,0,0,0,0,0,0,0,0,0,0,0,0,0,0,惊蛰推理,3男3女 4.5小时 进阶 2019.03发行,
无妄,无妄,10,0,0,0,0,0,0,0,0,0,0,0,0,0,0,0,0,0,0,0,0,0,0,惊蛰推理,4男2女 4.5小时 高阶,
赶尸人,赶尸人,6.2,6.5,6.1,0,0,0,0,0,0,0,0,0,0,0,0,0,0,0,0,0,24159,4.7,830,葵花工作室,4男2女 4.5小时 进阶 2019.04发行,
来自乡下的你,来自乡下的你,6.1,6.4,6.3,0,6.8,0,0,0,0,0,0,0,0,0,0,0,0,0,0,0,8955,7500,90,葫芦世界,4男2女 4.5小时 进阶 2019.04发行,中式 推理 欢乐 都市
岳麓山下,岳麓山下,7.6,7.3,7.2,7,0,0,0,0,0,0,0,0,0,0,0,0,0,0,0,0,7033,17770,825,智乐源文化,3男3女 4.5小时 高阶 2019.07发行,
疯狂美食节,疯狂美食节3,6,0,0,0,0,0,0,0,0,0,0,0,0,0,0,0,0,0,0,0,9.5,0,0,红泥小火炉工作室,3男4女 4.5小时 进阶 2020.09发行,架空 机制 欢乐 都市
寒江愁,寒江愁,9,0,0,0,0,0,0,0,0,0,0,0,0,0,0,0,0,0,0,0,0,0,0,阿斯巴甜,4男2女 4.5小时 进阶,架空 推理 悬疑 武侠
我的同学才不可能是妖怪,我的同学才不可能是妖怪,10,0,0,0,0,0,0,0,0,0,0,0,0,0,0,0,0,0,0,0,8955,0,0,企鹅PA推理工作室,4男3女 4.5小时 进阶 2018.12发行,中式 推理 欢乐 校园
豪门之裂镜重圆,,0,0,0,0,0,0,0,0,0,0,0,0,0,0,0,0,0,0,0,0,0,0,0,,,
人魈传说,人魈传说,3,0,0,0,0,0,0,0,0,0,0,0,0,0,0,0,0,0,0,0,2.8,0,0,,2男3女 4.5小时 进阶,中式 推理 沉浸 都市
聆听阁里叹伶仃,,0,0,0,0,0,0,0,0,0,0,0,0,0,0,0,0,0,0,0,0,0,0,0,,,
再见卡门,,0,0,0,0,0,0,0,0,0,0,0,0,0,0,0,0,0,0,0,0,0,0,0,,,
碧玉坠整理,,0,0,0,0,0,0,0,0,0,0,0,0,0,0,0,0,0,0,0,0,0,0,0,,,
肉身坐佛像,,0,0,0,0,0,0,0,0,0,0,0,0,0,0,0,0,0,0,0,0,0,0,0,,,
隐罪,隐罪,6.2,6.6,6.7,0,0,0,0,0,0,0,0,0,0,0,0,0,0,0,0,0,322,4735,73,鹿鸣工作室,5男3女 4.5小时 新手 2019.03发行,
捞尸人,捞尸人,5.3,6.4,6.2,0,0,0,0,0,0,0,0,0,0,0,0,0,0,0,0,0,744,15144,205,葵花工作室,3男3女 4.5小时 进阶 2019.04发行,
一一一整理版,,0,0,0,0,0,0,0,0,0,0,0,0,0,0,0,0,0,0,0,0,0,0,0,,,
消失的客人,消失的客人,2,0,0,0,0,0,0,0,0,0,0,0,0,0,0,0,0,0,0,0,0,0,0,,1男4女 4.5小时 进阶,
上海滩风云,《上海滩风云》,4,0,0,0,0,0,0,0,0,0,0,0,0,0,0,0,0,0,0,0,0,0,0,,3男2女 4.5小时 进阶,
死祭完整,,0,0,0,0,0,0,0,0,0,0,0,0,0,0,0,0,0,0,0,0,0,0,0,,,
无常整理版,,0,0,0,0,0,0,0,0,0,0,0,0,0,0,0,0,0,0,0,0,0,0,0,,,
吉普赛女郎,吉普赛女郎之死（再见卡门）,8.1,7.5,7.3,7.2,0,0,0,0,0,0,0,0,0,0,0,0,0,0,0,0,516,1224,92,,4男0女 4.5小时 进阶,
格林的花园,,0,0,0,0,0,0,0,0,0,0,0,0,0,0,0,0,0,0,0,0,0,0,0,,,
温柔梦乡,温柔梦乡,6,0,0,0,0,0,0,0,0,0,0,0,0,0,0,0,0,0,0,0,0,0,0,企鹅PA推理工作室,4男3女 4.5小时 进阶 2019.04发行,
惊魂游乐园,,0,0,0,0,0,0,0,0,0,0,0,0,0,0,0,0,0,0,0,0,0,0,0,,,
嗜血黄昏 7人开放,,0,0,0,0,0,0,0,0,0,0,0,0,0,0,0,0,0,0,0,0,0,0,0,,,
异世录,,0,0,0,0,0,0,0,0,0,0,0,0,0,0,0,0,0,0,0,0,0,0,0,,,
高家大院,高家大院,5.8,6.4,6.2,0,0,0,0,0,0,0,0,0,0,0,0,0,0,0,0,0,625,11453,192,西安蛛丝马迹,4男4女 4.5小时 进阶,古风 推理 惊悚 都市
蒙轻纱的处女,蒙轻纱的处女,6.9,7,6.9,0,0,0,0,0,6.6,0,0,0,0,0,0,0,0,0,0,0,2.8,11879,169,万游文创,5男1女 4.0小时 进阶 2018.11发行,中式 推理 沉浸 都市
雪夜怪谈,雪夜怪谈,6.4,6.8,6.8,0,0,0,0,0,0,0,0,0,0,0,6.6,0,0,0,0,0,1.4,3838,50,靠脸吃饭推理社,4男2女 4.5小时 进阶 2019.01发行,
救救孩子,救救孩子,7,0,0,0,0,0,0,0,0,0,0,0,0,0,0,0,0,0,0,0,2.8,0,0,XY侦探工作室,4男2女 4.5小时 高阶,中式 推理 沉浸 校园
人事,,0,0,0,0,0,0,0,0,0,0,0,0,0,0,0,0,0,0,0,0,0,0,0,,,
年轮,年轮,9,8.6,8.6,0,0,0,0,8.2,0,0,0,0,0,0,0,0,0,0,0,0,189696,276044,27715,天津剧盟发行工作室,3男2女 4.5小时 高阶 2019.03发行,中式 情感 沉浸 新手
万箭穿心,万箭穿心,10,0,0,0,0,0,0,0,0,0,0,0,0,0,0,0,0,0,0,0,2.6,0,0,真相骑士,4男3女 4.0小时 进阶 2019.04发行,
心妖录之柳鬼,心妖录之柳鬼,3,0,0,0,0,0,0,0,0,0,0,0,0,0,0,0,0,0,0,0,0,0,0,志异文创,2男3女 4.5小时 进阶,
云破月来花弄影,云破月来花弄影,6.4,6.7,6.3,0,0,6.8,0,0,0,0,0,0,0,0,0,0,0,0,0,0,3.4,16021,180,旖旎文化,4男3女 4.5小时 进阶 2019.02发行,古风 情感 沉浸 宫廷
恶贯满营,恶贯满营：风波篇,6.5,7,6.8,6.7,0,0,0,0,0,0,0,0,0,0,0,0,0,0,0,0,206,3118,46,荒诞剧社,5男1女 4.5小时 进阶,古风 推理 悬疑 武侠
渊,,0,0,0,0,0,0,0,0,0,0,0,0,0,0,0,0,0,0,0,0,0,0,0,,,
幕后玩家2,幕后玩家2,4,0,0,0,0,0,0,0,0,0,0,0,0,0,0,0,0,0,0,0,2.8,0,0,三更工作室,6男1女 4.5小时 进阶,港澳 推理 沉浸 都市
安娜,,0,0,0,0,0,0,0,0,0,0,0,0,0,0,0,0,0,0,0,0,0,0,0,,,
惠子,惠子,6.4,6.6,6.4,0,0,0,0,0,0,0,0,0,0,0,0,0,0,0,0,0,44413,100162,1909,葵花工作室,3男2女 4.5小时 进阶 2019.03发行,日式 推理 惊悚 校园
嗜睡蔷薇,嗜睡蔷薇,8.1,7.6,7.3,0,0,0,0,0,0,0,0,0,0,0,0,0,0,0,0,0,11238,21994,1358,智乐源文化,我的豪门本系列第十部🌟《嗜睡蔷薇》🌟 📖剧本类型：民国/推理/惊悚/进阶 🙎完结配置：3⃣男3⃣女（反串随意） ⌚️体验时长：4⃣.5⃣小时 ❤️体验角色：王怀武 🌟DM：⚡️...全文,
猎狼,,0,0,0,0,0,0,0,0,0,0,0,0,0,0,0,0,0,0,0,0,0,0,0,,,
知更鸟,知更鸟,2,0,0,0,0,0,0,0,0,0,0,0,0,0,0,0,0,0,0,0,9517,0,0,贤世器剧本工作室,5男2女 4.5小时 进阶 2018.12发行,
天启,天启,6.9,7.1,0,0,0,0,6.9,0,7,0,0,0,0,0,0,0,0,0,0,0,7607,3491,57,雪人剧制,5男2女 4.0小时 进阶 2019.01发行,架空 机制 沉浸 科幻
十洲志,,0,0,0,0,0,0,0,0,0,0,0,0,0,0,0,0,0,0,0,0,0,0,0,,,
盛宴,盛宴,5,0,0,0,0,0,0,0,0,0,0,0,0,0,0,0,0,0,0,0,0,0,0,有间档案馆,4男3女 4.0小时 高阶,
凉凉,凉凉,5,0,0,0,0,0,0,0,0,0,0,0,0,0,0,0,0,0,0,0,2.8,0,0,,3男3女 5.0小时 高阶,古风 推理 沉浸 武侠
绝命赌局,绝命赌局：事发当晚,6.4,6.5,0,0,6.9,0,6.9,0,0,0,0,0,0,0,0,0,0,0,0,0,9.5,5611,71,谜里文创工作室,4男3女 4.5小时 进阶 2019.02发行,中式 机制 欢乐 都市
袖珍骑士之死,袖珍骑士之死,6.6,6.8,6.5,0,6.6,0,0,0,0,0,0,0,0,0,0,0,0,0,0,0,8961,16573,401,东吴侦探,4男2女 4.5小时 进阶 2018.11发行,欧美 推理 欢乐 校园
冥婚,冥婚,6,0,0,0,0,0,0,0,0,0,0,0,0,0,0,0,0,0,0,0,2.8,0,0,石狮晴宇,4男2女 4.5小时 进阶,民国 推理 沉浸 怪谈
奠,,0,0,0,0,0,0,0,0,0,0,0,0,0,0,0,0,0,0,0,0,0,0,0,,,
蛊魂铃2临安城下,,0,0,0,0,0,0,0,0,0,0,0,0,0,0,0,0,0,0,0,0,0,0,0,,,
蜀界仙梦,蜀界仙梦,8,0,0,0,0,0,0,0,0,0,0,0,0,0,0,0,0,0,0,0,5.8,0,0,阿斯巴甜,6男2女 4.0小时 进阶 2018.10发行,架空 阵营 欢乐 武侠
狩猎之夜,狩猎之夜,6,0,0,0,0,0,0,0,0,0,0,0,0,0,0,0,0,0,0,0,0,0,0,谜之推理社,4男4女 4.5小时 进阶 2019.02发行,
暗至微光,暗至微光,7,0,0,0,0,0,0,0,0,0,0,0,0,0,0,0,0,0,0,0,0,0,0,绅士娱乐工作室,6男2女 4.5小时 进阶 2018.12发行,
吾皇在上,吾皇在上,5.4,5.8,0,0,6.7,0,0,0,0,0,0,0,0,0,0,6.1,0,0,0,0,5.8,16063,269,葵花工作室,5男4女 4.5小时 进阶 2018.09发行,古风 阵营 欢乐 都市
白塔至黑,白塔至黑,7,0,0,0,0,0,0,0,0,0,0,0,0,0,0,0,0,0,0,0,2.6,0,0,企鹅PA推理工作室,7男2女 4.5小时 高阶,
浮世绘,浮世绘,10,0,0,0,0,0,0,0,0,0,0,0,0,0,0,0,0,0,0,0,9517,0,0,万游文创,5男3女 4.5小时 进阶,
苏荷,苏荷,4.5,5.3,0,0,0,5.5,5.4,0,0,0,0,0,0,0,0,0,0,0,0,0,1.1,33501,469,佛系工作室,3男2女 4.0小时 新手 2020.08发行,
空A1774完整修订版,,0,0,0,0,0,0,0,0,0,0,0,0,0,0,0,0,0,0,0,0,0,0,0,,,
秦淮八艳,秦淮八艳,5.5,5.9,0,0,6.7,0,0,0,0,0,0,0,0,0,0,5.9,0,0,0,0,5.8,59727,887,穗上日禾工作室,0男8女 4.5小时 新手 2018.10发行,古风 阵营 欢乐 仙侠
迷途的羔羊,迷途的羔羊,6.2,6.6,0,6.5,0,0,6.5,0,0,0,0,0,0,0,0,0,0,0,0,0,2.6,5773,89,阿斯巴甜,4男2女 4.0小时 进阶 2018.12发行,
sevnjsb院2,,0,0,0,0,0,0,0,0,0,0,0,0,0,0,0,0,0,0,0,0,0,0,0,,,
金陵宫阙,金陵宫阙,7,0,0,0,0,0,0,0,0,0,0,0,0,0,0,0,0,0,0,0,5.8,0,0,,4男3女 4.5小时 进阶,
家宴,家宴,6.7,6.6,0,0,7.3,0,6.6,0,0,0,0,0,0,0,0,0,0,0,0,0,9.5,25470,342,雪人剧制,3男3女 4.0小时 进阶 2018.10发行,中式 机制 欢乐 都市
山姥传,山姥传,7,0,0,0,0,0,0,0,0,0,0,0,0,0,0,0,0,0,0,0,0,0,0,福尔摩四推理工作室,4男2女 4.5小时 进阶,日式 推理 惊悚 怪谈
局,,0,0,0,0,0,0,0,0,0,0,0,0,0,0,0,0,0,0,0,0,0,0,0,,,
姑娘,姑娘,4,0,0,0,0,0,0,0,0,0,0,0,0,0,0,0,0,0,0,0,0,0,0,,2男3女 4.0小时 进阶,
千万悬赏,千万悬赏,8,0,0,0,0,0,0,0,0,0,0,0,0,0,0,0,0,0,0,0,0,0,0,阿斯巴甜,4男2女 4.5小时 进阶,
盲人监狱,盲人监狱,10,0,0,0,0,0,0,0,0,0,0,0,0,0,0,0,0,0,0,0,0,0,0,麻心汤圆,5男5女 4.5小时 高阶,
魂断太武阁,魂断太武阁,5,0,0,0,0,0,0,0,0,0,0,0,0,0,0,0,0,0,0,0,8966,0,0,佛系工作室,4男3女 4.5小时 进阶,日式 推理 欢乐 玄幻
天香楼,天香楼,8,0,0,0,0,0,0,0,0,0,0,0,0,0,0,0,0,0,0,0,2.8,0,0,叁千世界,3男4女 4.5小时 进阶,古风 推理 沉浸 武侠
暮云春树,暮云春树,7,0,0,0,0,0,0,0,0,0,0,0,0,0,0,0,0,0,0,0,2.8,0,0,旖旎文化,5男3女 4.5小时 新手,中式 推理 沉浸 都市
喋血黄昏,,0,0,0,0,0,0,0,0,0,0,0,0,0,0,0,0,0,0,0,0,0,0,0,,,
吉野家杀人事件,吉野家杀人事件,5,0,0,0,0,0,0,0,0,0,0,0,0,0,0,0,0,0,0,0,0,0,0,,3男3女 4.5小时 进阶,日式 推理 悬疑 都市
血戮歌谣,血戮歌谣,3,0,0,0,0,0,0,0,0,0,0,0,0,0,0,0,0,0,0,0,9.5,0,0,同盟救济会,7男3女 4.5小时 进阶,欧美 机制 欢乐 怪谈
母系氏族,母系氏族,8,0,0,0,0,0,0,0,0,0,0,0,0,0,0,0,0,0,0,0,2.8,0,0,,6男2女 4.5小时 进阶,古风 推理 沉浸 战争
水袖情,水袖情,8.4,8,7.5,7.5,0,0,0,0,0,0,0,0,0,0,0,0,0,0,0,0,16026,25895,1772,智乐源文化,百本选手说剧本:剧本《水袖情》6人本 3男3女（可以反串）剧本类型:盒装本 豪门 惊情系列 游戏时间:4小时左右 👬适合人群：豪...全文,民国 推理 悬疑 新手
白guan,,0,0,0,0,0,0,0,0,0,0,0,0,0,0,0,0,0,0,0,0,0,0,0,,,
恶魔拷问屋,恶魔拷问屋,10,0,0,0,0,0,0,0,0,0,0,0,0,0,0,0,0,0,0,0,9517,0,0,秘密档案馆,5男3女 4.5小时 进阶 2018.08发行,
凤舞九天,凤舞九天,3,0,0,0,0,0,0,0,0,0,0,0,0,0,0,0,0,0,0,0,7607,0,0,南京桃花推理工作室,5男3女 4.0小时 进阶 2018.12发行,古风 机制 沉浸 宫廷
头7,,0,0,0,0,0,0,0,0,0,0,0,0,0,0,0,0,0,0,0,0,0,0,0,,,
令花移,,0,0,0,0,0,0,0,0,0,0,0,0,0,0,0,0,0,0,0,0,0,0,0,,,
幽凝,幽凝(血目后续),5,0,0,0,0,0,0,0,0,0,0,0,0,0,0,0,0,0,0,0,0,0,0,,3男3女 4.5小时 进阶,
雪目,,0,0,0,0,0,0,0,0,0,0,0,0,0,0,0,0,0,0,0,0,0,0,0,,,
心理咨询师,心理咨询师,6.1,6.5,6.7,0,0,0,0,0,0,0,0,0,0,0,0,0,0,0,0,0,422,6925,77,子不肴工作室,3男2女 4.5小时 高阶 2018.11发行,
幕houwan家,,0,0,0,0,0,0,0,0,0,0,0,0,0,0,0,0,0,0,0,0,0,0,0,,,
三国新演义,三国新演义,6.2,6.1,0,0,6.7,0,0,0,0,0,0,0,0,0,0,6.6,0,0,0,0,5.8,7446,115,萝纪星球,7男0女 4.0小时 进阶 2019.11发行,
青衣怪谈2,青衣怪谈2,7,0,0,0,0,0,0,0,0,0,0,0,0,0,0,0,0,0,0,0,2.8,0,0,真相骑士,4男3女 4.5小时 进阶 2018.12发行,日式 推理 沉浸 怪谈
红楼越梦,红楼越梦,3,0,0,0,0,0,0,0,0,0,0,0,0,0,0,0,0,0,0,0,1.1,0,0,谜之推理社,3男3女 4.5小时 进阶 2019.02发行,古风 情感 演绎 武侠
丹心海棠,丹心海棠,6,0,0,0,0,0,0,0,0,0,0,0,0,0,0,0,0,0,0,0,8966,0,0,萝纪星球,3男3女 4.5小时 进阶,中式 推理 欢乐 都市
朱颜雪泪,,0,0,0,0,0,0,0,0,0,0,0,0,0,0,0,0,0,0,0,0,0,0,0,,,
沉yuan雪,,0,0,0,0,0,0,0,0,0,0,0,0,0,0,0,0,0,0,0,0,0,0,0,,,
假面舞会,假面舞会,6,0,0,0,0,0,0,0,0,0,0,0,0,0,0,0,0,0,0,0,0,0,0,成都辉耀超级探案馆,3男3女 4.5小时 高阶,
咒乐园,咒乐园,5,0,0,0,0,0,0,0,0,0,0,0,0,0,0,0,0,0,0,0,0,0,0,,3男3女 4.5小时 进阶,
驯狗人,驯狗人,6.1,6.2,0,0,6.6,0,6.1,0,0,0,0,0,0,0,0,0,0,0,0,0,9.5,9953,118,奥弗赛文娱乐,6男2女 4.5小时 进阶,中式 机制 欢乐 都市
步步莲华,步步莲华,6.3,6.8,0,0,0,6.5,0,0,0,0,0,0,0,0,0,6.7,0,0,0,0,9517,11677,141,惊蛰推理,3男4女 4.5小时 进阶 2018.11发行,
艺世迷离,艺世迷离,5,0,0,0,0,0,0,0,0,0,0,0,0,0,0,0,0,0,0,0,0,0,0,旖旎文化,4男2女 4.5小时 进阶 2018.05发行,
黑夜之下,,0,0,0,0,0,0,0,0,0,0,0,0,0,0,0,0,0,0,0,0,0,0,0,,,
曙光之末,曙光之末,7,0,0,0,0,0,0,0,0,0,0,0,0,0,0,0,0,0,0,0,0,0,0,鑫梦人生,3男2女 4.5小时 进阶 2018.11发行,
沙缁迷藏,,0,0,0,0,0,0,0,0,0,0,0,0,0,0,0,0,0,0,0,0,0,0,0,,,
十字路口,罪恶之子：混沌的十字路口,10,0,0,0,0,0,0,0,0,0,0,0,0,0,0,0,0,0,0,0,3161,0,0,万向聚合,3男3女 6.0小时 进阶 2023.10发行,
恶意,恶意,5.5,6,6,0,0,0,0,0,0,0,0,0,0,0,5.9,0,0,0,0,0,1.4,54286,995,桌立方,4男2女 5.0小时 高阶 2021.04发行,
大唐画师案,大唐画师案,4,0,0,0,0,0,0,0,0,0,0,0,0,0,0,0,0,0,0,0,0,0,0,推理联盟,4男2女 4.5小时 进阶,架空 推理 悬疑 武侠
狸猫换太子,狸猫换太子,4,0,0,0,0,0,0,0,0,0,0,0,0,0,0,0,0,0,0,0,2.8,0,0,,4男2女 4.5小时 进阶,古风 推理 沉浸 都市
三界之下,三界之下,3,0,0,0,0,0,0,0,0,0,0,0,0,0,0,0,0,0,0,0,3.4,0,0,,3男3女 4.5小时 进阶,古风 情感 沉浸 都市
儿童劫,儿童劫,10,0,0,0,0,0,0,0,0,0,0,0,0,0,0,0,0,0,0,0,5.8,0,0,武汉悠趣剧本原创工作室,4男2女 4.5小时 进阶 2019.02发行,
礼佛,礼佛,4,0,0,0,0,0,0,0,0,0,0,0,0,0,0,0,0,0,0,0,0,0,0,,2男4女 4.5小时 高阶,
貔貅镇,貔貅镇,8,0,0,0,0,0,0,0,0,0,0,0,0,0,0,0,0,0,0,0,0,0,0,一乐馆,5男1女 4.5小时 进阶,架空 推理 悬疑 武侠
未知客人,未知客人,6.6,6.8,6.7,0,0,0,0,0,0,0,0,0,0,0,0,0,0,0,0,0,1095,14941,199,真相骑士,3男3女 4.5小时 进阶 2018.07发行,
安娜的橱窗,安娜的橱窗,5,0,0,0,0,0,0,0,0,0,0,0,0,0,0,0,0,0,0,0,0,0,0,吴三疯子,4男3女 4.5小时 进阶,
泡芙庄园,泡芙庄园,6.7,6.7,6.6,0,0,6.7,0,0,0,0,0,0,0,0,0,0,0,0,0,0,2.8,3351,49,真相骑士,4男3女 4.5小时 新手 2018.09发行,欧美 推理 沉浸 都市
梦山,梦山,8,0,0,0,0,0,0,0,0,0,0,0,0,0,0,0,0,0,0,0,2.8,0,0,荒诞剧社,4男2女 5.0小时 高阶 2019.03发行,日式 推理 沉浸 玄幻
反光,反光,7,7,7,7.1,0,0,0,0,0,0,0,0,0,0,0,0,0,0,0,0,266,...,49,,3男3女 4.5小时 进阶,
桃园古宅,桃园古宅,6.3,6.6,6.6,0,0,0,0,0,0,0,0,0,0,0,0,0,0,0,0,0,352,5825,69,A+剧本工作室,4男3女 5.0小时 进阶,
坠入深渊,坠入深渊,6.2,6.6,6.4,0,0,0,0,0,0,0,0,0,0,0,0,0,0,0,0,0,979,15295,247,75先生工作室,6男1女 4.5小时 进阶 2018.06发行,
窥镜完整版,,0,0,0,0,0,0,0,0,0,0,0,0,0,0,0,0,0,0,0,0,0,0,0,,,
窗边的女人,窗边的女人,8.5,8,7.7,0,0,0,0,0,0,0,0,0,0,0,0,0,0,0,0,0,179653,240661,15546,75先生工作室,4男2女 4.0小时 新手 2018.10发行,中式 情感 沉浸 新手
紫藤夫人,紫藤夫人,8.4,7.9,7.9,7.6,0,0,0,0,0,0,0,0,0,0,0,0,0,0,0,0,42206,85113,4695,智乐源文化,百本选手说剧本:剧本《紫藤夫人》6人本 3男3女（🉑以反串）剧本类型:盒装本 豪门惊情 系列作品 游戏时间:4.5小时左右 👬适合人群：豪门 ...全文,
青衣怪谈,青衣怪谈3：狐嫁女,6.6,7,6.8,0,0,0,0,0,0,0,0,0,0,0,0,0,0,0,0,0,224,3642,53,真相骑士,4男3女 4.5小时 进阶 2020.09发行,日式 推理 惊悚 怪谈
推理馆奇妙夜,推理馆奇妙夜,5,0,0,0,0,0,0,0,0,0,0,0,0,0,0,0,0,0,0,0,8968,0,0,企鹅PA推理工作室,4男2女 4.5小时 进阶,中式 推理 欢乐 都市
派克戴维斯号,派克戴维斯号,6.6,6.8,6.8,0,0,0,0,0,0,0,0,0,0,0,0,0,0,0,0,0,475,10033,117,旖旎文化,4男3女 4.5小时 进阶 2018.08发行,
皇宫鬼戏,皇宫鬼戏,4,0,0,0,0,0,0,0,0,0,0,0,0,0,0,0,0,0,0,0,0,0,0,L&F谋杀之谜俱乐部,6男1女 4.5小时 进阶,
殊途,殊途,3,0,0,0,0,0,0,0,0,0,0,0,0,0,0,0,0,0,0,0,2.8,0,0,月泷纱原创剧库工作室,4男2女 4.5小时 进阶,古风 推理 沉浸 玄幻
sevenjsb院,,0,0,0,0,0,0,0,0,0,0,0,0,0,0,0,0,0,0,0,0,0,0,0,,,
欲海弥撒,欲海弥撒,3,0,0,0,0,0,0,0,0,0,0,0,0,0,0,0,0,0,0,0,0,0,0,谜之推理社,5男3女 4.5小时 新手 2018.07发行,
星座怪谈,星座怪谈,6.1,6.5,6.6,6.6,0,0,0,0,0,0,0,0,0,0,0,0,0,0,0,0,277,4036,70,靠脸吃饭推理社,5男1女 4.5小时 进阶 2018.07发行,
藏山雪,藏山雪,7.6,7.2,7.1,7,0,0,0,0,0,0,0,0,0,0,0,0,0,0,0,0,816,4772,74,企鹅PA推理工作室,4男3女 4.5小时 进阶 2018.04发行,
幽林群岛,幽林群岛,7.6,7.2,7,0,0,7.3,0,0,0,0,0,0,0,0,0,0,0,0,0,0,2.8,5409,127,Siren剧本工作室,4男2女 4.5小时 进阶 2018.06发行,架空 推理 沉浸 校园
瑾园孤花,,0,0,0,0,0,0,0,0,0,0,0,0,0,0,0,0,0,0,0,0,0,0,0,,,
馒头山论剑,馒头山论剑,5.6,6.4,0,0,6.8,0,6.3,0,0,0,0,0,0,0,0,0,0,0,0,0,9.5,4380,60,,6男1女 4.5小时 进阶 2020.09发行,古风 机制 欢乐 武侠
桃花扇,桃花扇,6.1,6.6,0,0,0,6.6,0,0,0,6.5,0,0,0,0,0,0,0,0,0,0,1.1,3850,56,真相骑士,4男2女 4.5小时 新手 2019.06发行,古风 情感 演绎 家国
孽岛疑云,孽岛疑云,9.1,8.4,8.4,8.2,0,0,0,0,0,0,0,0,0,0,0,0,0,0,0,0,101645,154527,10979,智乐源文化,【4.5小时/玉馨/有略c位/体验分：8分】 ✅一句话总结：强烈推荐作为推理入坑的第一本！ 『☁️关键词：时长短，明凶本，阅读量小，名字少，人物关系简单』 『☁️角色体验：男女角色体验没有明显差异...全文,
羽生夜谈,羽生夜谈,6.6,6.6,6.6,0,0,0,0,0,0,0,0,0,0,0,0,0,0,0,0,0,19611,30158,472,惊蛰推理,3男3女 4.5小时 进阶 2018.05发行,日式 推理 惊悚 怪谈
林湾宅,林湾宅,6.6,6.9,6.9,0,0,0,0,0,0,0,0,0,0,0,0,0,0,0,0,0,256,5338,56,,4男2女 4.5小时 进阶 2018.06发行,
地狱变,地狱变,2,0,0,0,0,0,0,0,0,0,0,0,0,0,0,0,0,0,0,0,0,0,0,,3男3女 4.0小时 进阶,
盖弥书院,盖弥书院,6.7,6.7,6.6,0,0,0,0,0,0,0,0,0,0,0,0,0,0,0,0,0,270,5385,59,子不肴工作室,4男3女 4.5小时 进阶 2018.05发行,
瀛海笙歌,瀛海笙歌,3,0,0,0,0,0,0,0,0,0,0,0,0,0,0,0,0,0,0,0,5.8,0,0,沧海集,4男3女 4.5小时 进阶,
业火馆事件,业火馆事件,6.2,6.5,6.7,6.6,0,0,0,0,0,0,0,0,0,0,0,0,0,0,0,0,546,10069,131,梦天游MOTIYO,4男2女 4.5小时 进阶 2018.05发行,
恶果高清,,0,0,0,0,0,0,0,0,0,0,0,0,0,0,0,0,0,0,0,0,0,0,0,,,
217,,0,0,0,0,0,0,0,0,0,0,0,0,0,0,0,0,0,0,0,0,0,0,0,,,
暗影计划2,暗影计划2,8,0,0,0,0,0,0,0,0,0,0,0,0,0,0,0,0,0,0,0,0,0,0,长安工作室,4男2女 4.5小时 进阶 2018.09发行,架空 推理 悬疑 武侠
消失的尸体,消失的尸体,5.2,6.1,6.1,0,0,6,0,0,0,0,0,0,0,0,0,0,0,0,0,0,308,5796,99,万游文创,4男1女 4.0小时 新手 2018.09发行,日式 推理 悬疑 其他
堂下何人,堂下何人,8,0,0,0,0,0,0,0,0,0,0,0,0,0,0,0,0,0,0,0,9517,0,0,真相观测所,5男3女 4.5小时 进阶,古风 阵营 博弈 武侠
赤红之瞳,,0,0,0,0,0,0,0,0,0,0,0,0,0,0,0,0,0,0,0,0,0,0,0,,,
雪与腥,雪与腥,7,0,0,0,0,0,0,0,0,0,0,0,0,0,0,0,0,0,0,0,0,0,0,,5男4女 4.5小时 进阶,日式 推理 惊悚 都市
蛊魂铃,蛊魂铃,8.5,7.8,7.7,0,0,0,0,0,0,0,0,0,0,0,0,0,0,0,0,0,48321,92712,2726,Siren剧本工作室,百本选手说剧本:剧本《蛊魂铃》6人本 4男2女 剧本类型:盒装本 还原本 微惊悚 游戏时间:3.5小时左右 实话实说 这个本 我觉得挺惊艳的 推荐人群:新手玩家 （毕竟是5年前的剧本） 说回剧本 一个5～6 页纸的通读本 需要玩家 完成自己的任务 还有18张线索卡 帮助玩家 盘出真相 ...全文,架空 推理 惊悚 武侠
王府百年,王府百年,7,0,0,0,0,0,0,0,0,0,0,0,0,0,0,0,0,0,0,0,2.8,0,0,谜之推理社,5男4女 4.5小时 新手,架空 推理 沉浸 都市
恒河部落,恒河部落,7.4,7,6.9,6.7,0,0,0,0,0,0,0,0,0,0,0,0,0,0,0,0,731,6185,131,西安蛛丝马迹,5男2女 4.5小时 进阶,
魔狐魅影,魔狐魅影,7,0,0,0,0,0,0,0,0,0,0,0,0,0,0,0,0,0,0,0,2.8,0,0,As谋杀之谜,4男2女 4.5小时 进阶,古风 推理 沉浸 玄幻
春雪琵琶行,,0,0,0,0,0,0,0,0,0,0,0,0,0,0,0,0,0,0,0,0,0,0,0,,,
长藤凶宅,长藤凶宅,5.8,6.7,6.7,0,0,0,0,0,0,0,0,0,0,0,0,0,0,0,0,0,314,4392,64,嗷嗷原创,5男2女 4.5小时 进阶 2019.05发行,
珠帘异梦,珠帘异梦,7.6,7.3,6.9,6.9,0,0,0,0,0,0,0,0,0,0,0,0,0,0,0,0,5811,13701,683,智乐源文化,百本选手说剧本:剧本《珠帘异梦》6人本 3男3女（可以反串）剧本类型:豪门 惊情 系列 推理本 游戏时间:4小时左右 👬适合人群：豪门粉丝...全文,
曲终大唐安,曲终大唐安,6,0,0,0,0,0,0,0,0,0,0,0,0,0,0,0,0,0,0,0,2.8,0,0,鱼丸剧本工作室,6男2女 4.5小时 进阶,古风 推理 沉浸 武侠
打狗棒,打狗棒,6,0,0,0,0,0,0,0,0,0,0,0,0,0,0,0,0,0,0,0,0,0,0,嘿！侦探！桌游工作室,4男2女 4.5小时 进阶,架空 推理 悬疑 武侠
老楼,老楼,4,0,0,0,0,0,0,0,0,0,0,0,0,0,0,0,0,0,0,0,0,0,0,,5男1女 4.5小时 进阶,
桃源归梦完美版,,0,0,0,0,0,0,0,0,0,0,0,0,0,0,0,0,0,0,0,0,0,0,0,,,
凤求凰完整版,,0,0,0,0,0,0,0,0,0,0,0,0,0,0,0,0,0,0,0,0,0,0,0,,,
记忆碎片 完整版,,0,0,0,0,0,0,0,0,0,0,0,0,0,0,0,0,0,0,0,0,0,0,0,,,
困兽,困兽,7,6.7,0,0,7.1,0,7.5,0,0,0,0,0,0,0,0,0,0,0,0,0,9.5,5236,85,梦天游MOTIYO,6男1女 4.5小时 进阶 2018.03发行,架空 机制 欢乐 动物
泥潭完整版,,0,0,0,0,0,0,0,0,0,0,0,0,0,0,0,0,0,0,0,0,0,0,0,,,
凌汛,凌汛,6,0,0,0,0,0,0,0,0,0,0,0,0,0,0,0,0,0,0,0,2.8,0,0,梦天游MOTIYO,4男3女 4.5小时 进阶,中式 推理 沉浸 校园
沧海遗珠,沧海遗珠,5.3,6.2,6.1,0,0,0,0,0,6.5,0,0,0,0,0,0,0,0,0,0,0,2.8,9516,127,旖旎文化,5男3女 4.5小时 进阶 2017.11发行,中式 推理 沉浸 都市
梨花旅店,梨花旅店,6.4,6.7,6.5,0,0,0,0,0,0,0,0,0,0,0,0,0,0,0,0,0,441,9126,173,,3男3女 4.5小时 进阶,日式 推理 惊悚 都市
意大利手枪面,,0,0,0,0,0,0,0,0,0,0,0,0,0,0,0,0,0,0,0,0,0,0,0,,,
校园不思议事件,,0,0,0,0,0,0,0,0,0,0,0,0,0,0,0,0,0,0,0,0,0,0,0,,,
无间旅途,,0,0,0,0,0,0,0,0,0,0,0,0,0,0,0,0,0,0,0,0,0,0,0,,,
万灵血,,0,0,0,0,0,0,0,0,0,0,0,0,0,0,0,0,0,0,0,0,0,0,0,,,
天命,,0,0,0,0,0,0,0,0,0,0,0,0,0,0,0,0,0,0,0,0,0,0,0,,,
兽心,,0,0,0,0,0,0,0,0,0,0,0,0,0,0,0,0,0,0,0,0,0,0,0,,,
人生考场,,0,0,0,0,0,0,0,0,0,0,0,0,0,0,0,0,0,0,0,0,0,0,0,,,
开膛手杰克,开膛手杰克,0,0,0,0,0,0,0,0,0,0,0,0,0,0,0,0,0,0,0,0,9517,0,0,千语剧本杀,3男2女 4.0小时 新手 2021.10发行,
金陵风云,,0,0,0,0,0,0,0,0,0,0,0,0,0,0,0,0,0,0,0,0,0,0,0,,,
江湖客栈,江湖客栈,8,0,0,0,0,0,0,0,0,0,0,0,0,0,0,0,0,0,0,0,0,0,0,,2男2女 4.5小时 进阶,
红楼梦中人,红楼梦中人,10,0,0,0,0,0,0,0,0,0,0,0,0,0,0,0,0,0,0,0,2.8,0,0,叁仟世界,3男2女 4.5小时 进阶,古风 推理 沉浸 宫廷
高中同学聚会,高中同学聚会,1,0,0,0,0,0,0,0,0,0,0,0,0,0,0,0,0,0,0,0,0,0,0,,4男4女 2.0小时 新手,
元帝之殇,,0,0,0,0,0,0,0,0,0,0,0,0,0,0,0,0,0,0,0,0,0,0,0,,,
董事长之死,,0,0,0,0,0,0,0,0,0,0,0,0,0,0,0,0,0,0,0,0,0,0,0,,,
电梯惊魂,,0,0,0,0,0,0,0,0,0,0,0,0,0,0,0,0,0,0,0,0,0,0,0,,,
滴血之瞳,,0,0,0,0,0,0,0,0,0,0,0,0,0,0,0,0,0,0,0,0,0,0,0,,,
导演之死,,0,0,0,0,0,0,0,0,0,0,0,0,0,0,0,0,0,0,0,0,0,0,0,,,
诛心太平间,,0,0,0,0,0,0,0,0,0,0,0,0,0,0,0,0,0,0,0,0,0,0,0,,,
和平饭店,和平饭店,6,0,0,0,0,0,0,0,0,0,0,0,0,0,0,0,0,0,0,0,0,0,0,叁千世界,4男1女 4.5小时 进阶 2020.01发行,
血海无涯,,0,0,0,0,0,0,0,0,0,0,0,0,0,0,0,0,0,0,0,0,0,0,0,,,
死亡数字,死亡数字,4,0,0,0,0,0,0,0,0,0,0,0,0,0,0,0,0,0,0,0,0,0,0,,3男3女 4.5小时 进阶,
情堕教坊司,情堕教坊司,4,0,0,0,0,0,0,0,0,0,0,0,0,0,0,0,0,0,0,0,2.8,0,0,六扇门工作室,3男4女 4.5小时 进阶,古风 推理 沉浸 武侠
宝阁惊奇,宝阁惊奇,3,0,0,0,0,0,0,0,0,0,0,0,0,0,0,0,0,0,0,0,2.8,0,0,六扇门工作室,5男2女 4.5小时 进阶,古风 推理 沉浸 武侠
鸿运非运,鸿运非运,3,0,0,0,0,0,0,0,0,0,0,0,0,0,0,0,0,0,0,0,0,0,0,悉尼六扇门工作室,5男1女 4.5小时 进阶,架空 推理 悬疑 武侠
率土之滨,,0,0,0,0,0,0,0,0,0,0,0,0,0,0,0,0,0,0,0,0,0,0,0,,,
杜鹃血,杜鹃血,6.5,6.7,6.6,0,0,6.6,0,0,0,0,0,0,0,0,0,0,0,0,0,0,1162,14083,221,就是个写本的原创剧本工作室,4男3女 4.5小时 进阶 2020.10发行,古风 推理 悬疑 宫廷
老槐树,老槐树,7.5,7.2,7.3,0,6.7,0,0,0,0,0,0,0,0,0,0,0,0,0,0,0,29114,46623,874,X剧本工作室,4男2女 4.5小时 进阶 2018.01发行,
参商,参商,7,0,0,0,0,0,0,0,0,0,0,0,0,0,0,0,0,0,0,0,2.8,0,0,,4男3女 4.5小时 进阶,古风 推理 沉浸 武侠
南越王陵版,,0,0,0,0,0,0,0,0,0,0,0,0,0,0,0,0,0,0,0,0,0,0,0,,,
跌落的玫瑰版,,0,0,0,0,0,0,0,0,0,0,0,0,0,0,0,0,0,0,0,0,0,0,0,,,
纯白的恶意,纯白的恶意,7,0,0,0,0,0,0,0,0,0,0,0,0,0,0,0,0,0,0,0,2.8,0,0,As谋杀之谜,5男3女 4.5小时 进阶,日式 推理 沉浸 都市
暗巷,暗巷,7,0,0,0,0,0,0,0,0,0,0,0,0,0,0,0,0,0,0,0,0,0,0,百变大侦探,5男2女 4.5小时 进阶,
逐梦演艺圈,逐梦演艺圈,4.9,5.8,5.6,0,0,6,0,0,0,0,0,0,0,0,0,0,0,0,0,0,2.8,7212,107,谜之推理社,6男3女 4.5小时 进阶 2018.12发行,中式 推理 沉浸 都市
月光下的诅咒,月光下的诅咒,9,0,0,0,0,0,0,0,0,0,0,0,0,0,0,0,0,0,0,0,2.8,0,0,百草味出品,4男3女 4.5小时 进阶,中式 推理 沉浸 玄幻
死亡面具,死亡面具,8,0,0,0,0,0,0,0,0,0,0,0,0,0,0,0,0,0,0,0,0,0,0,X剧本工作室,4男2女 4.5小时 新手 2017.12发行,
网红校花的坠落,网红校花的坠落,1,0,0,0,0,0,0,0,0,0,0,0,0,0,0,0,0,0,0,0,0,0,0,,4男2女 4.5小时 进阶,
请回答1998,请回答1998,9,0,0,0,0,0,0,0,0,0,0,0,0,0,0,0,0,0,0,0,0,0,0,,4男2女 4.5小时 进阶,
博物馆奇妙夜,博物馆奇妙夜,7,0,0,0,0,0,0,0,0,0,0,0,0,0,0,0,0,0,0,0,0,0,0,,6男0女 4.5小时 进阶,
冲不上的云霄,冲不上的云霄,5,0,0,0,0,0,0,0,0,0,0,0,0,0,0,0,0,0,0,0,0,0,0,,5男1女 4.5小时 进阶,
午夜列车,午夜列车,8,0,0,0,0,0,0,0,0,0,0,0,0,0,0,0,0,0,0,0,0,0,0,,3男3女 4.5小时 进阶,
病毒,,0,0,0,0,0,0,0,0,0,0,0,0,0,0,0,0,0,0,0,0,0,0,0,,,
渡厄,渡厄,2,0,0,0,0,0,0,0,0,0,0,0,0,0,0,0,0,0,0,0,0,0,0,,3男2女 4.5小时 进阶,
古堡迷踪,,0,0,0,0,0,0,0,0,0,0,0,0,0,0,0,0,0,0,0,0,0,0,0,,,
红影,,0,0,0,0,0,0,0,0,0,0,0,0,0,0,0,0,0,0,0,0,0,0,0,,,
江夏劫,,0,0,0,0,0,0,0,0,0,0,0,0,0,0,0,0,0,0,0,0,0,0,0,,,
惊魂首映,,0,0,0,0,0,0,0,0,0,0,0,0,0,0,0,0,0,0,0,0,0,0,0,,,
绝命阳光号,,0,0,0,0,0,0,0,0,0,0,0,0,0,0,0,0,0,0,0,0,0,0,0,,,
乐声,,0,0,0,0,0,0,0,0,0,0,0,0,0,0,0,0,0,0,0,0,0,0,0,,,
凝视深渊,,0,0,0,0,0,0,0,0,0,0,0,0,0,0,0,0,0,0,0,0,0,0,0,,,
人吃人,,0,0,0,0,0,0,0,0,0,0,0,0,0,0,0,0,0,0,0,0,0,0,0,,,
人间,,0,0,0,0,0,0,0,0,0,0,0,0,0,0,0,0,0,0,0,0,0,0,0,,,
生死道,,0,0,0,0,0,0,0,0,0,0,0,0,0,0,0,0,0,0,0,0,0,0,0,,,
盛典前夜,,0,0,0,0,0,0,0,0,0,0,0,0,0,0,0,0,0,0,0,0,0,0,0,,,
西门变,,0,0,0,0,0,0,0,0,0,0,0,0,0,0,0,0,0,0,0,0,0,0,0,,,
校园不可思议事件,,0,0,0,0,0,0,0,0,0,0,0,0,0,0,0,0,0,0,0,0,0,0,0,,,
雪玉山,,0,0,0,0,0,0,0,0,0,0,0,0,0,0,0,0,0,0,0,0,0,0,0,,,
夜袭,,0,0,0,0,0,0,0,0,0,0,0,0,0,0,0,0,0,0,0,0,0,0,0,,,
颍汝流风,,0,0,0,0,0,0,0,0,0,0,0,0,0,0,0,0,0,0,0,0,0,0,0,,,
雨中的钟楼,雨中的钟楼,2,0,0,0,0,0,0,0,0,0,0,0,0,0,0,0,0,0,0,0,0,0,0,推理大师,3男3女 2.0小时 新手,
长生门,,0,0,0,0,0,0,0,0,0,0,0,0,0,0,0,0,0,0,0,0,0,0,0,,,
致命喷泉,,0,0,0,0,0,0,0,0,0,0,0,0,0,0,0,0,0,0,0,0,0,0,0,,,
致命圣诞夜,,0,0,0,0,0,0,0,0,0,0,0,0,0,0,0,0,0,0,0,0,0,0,0,,,
罪恶,罪恶,10,0,0,0,0,0,0,0,0,0,0,0,0,0,0,0,0,0,0,0,0,0,0,一本到工作室,4男2女 5.0小时 高阶,
霍格沃兹的阴影,,0,0,0,0,0,0,0,0,0,0,0,0,0,0,0,0,0,0,0,0,0,0,0,,,
雨中别墅,,0,0,0,0,0,0,0,0,0,0,0,0,0,0,0,0,0,0,0,0,0,0,0,,,
光棍节血案,,0,0,0,0,0,0,0,0,0,0,0,0,0,0,0,0,0,0,0,0,0,0,0,,,
穿越时空的爱,穿越时空的爱恋,6,0,0,0,0,0,0,0,0,0,0,0,0,0,0,0,0,0,0,0,0,0,0,剧情推理游戏工作室,3男3女 3.0小时 新手,
致命巧克力修正版,,0,0,0,0,0,0,0,0,0,0,0,0,0,0,0,0,0,0,0,0,0,0,0,,,
归来,【归来】,2,0,0,0,0,0,0,0,0,0,0,0,0,0,0,0,0,0,0,0,2.8,0,0,戏子出品,5男3女 4.5小时 高阶,中式 推理 沉浸 都市
山鬼,山鬼,8,0,0,0,0,0,0,0,0,0,0,0,0,0,0,0,0,0,0,0,9517,0,0,,5男3女 4.5小时 进阶,
龙城拍卖会,龙城拍卖会,8,0,0,0,0,0,0,0,0,0,0,0,0,0,0,0,0,0,0,0,9.5,0,0,叁仟世界,4男2女 4.5小时 进阶,架空 机制 欢乐 武侠
阳关客栈,阳关客栈,6,0,0,0,0,0,0,0,0,0,0,0,0,0,0,0,0,0,0,0,7607,0,0,,5男3女 4.5小时 进阶,古风 机制 沉浸 都市
救赎之城泰坦黑金,,0,0,0,0,0,0,0,0,0,0,0,0,0,0,0,0,0,0,0,0,0,0,0,,,
盘山寺,,0,0,0,0,0,0,0,0,0,0,0,0,0,0,0,0,0,0,0,0,0,0,0,,,
军师1 望明路,,0,0,0,0,0,0,0,0,0,0,0,0,0,0,0,0,0,0,0,0,0,0,0,,,
最后的晚餐,最后的晚餐,3,0,0,0,0,0,0,0,0,0,0,0,0,0,0,0,0,0,0,0,9517,0,0,小宇宙工作室,5男3女 4.5小时 高阶 2021.02发行,
吸血鬼系列鲜血盛宴,,0,0,0,0,0,0,0,0,0,0,0,0,0,0,0,0,0,0,0,0,0,0,0,,,
皂罗袍,皂罗袍,6,0,0,0,0,0,0,0,0,0,0,0,0,0,0,0,0,0,0,0,2.8,0,0,,4男3女 4.5小时 进阶,古风 推理 沉浸 宫廷
血色南宫,血色南宫,1,0,0,0,0,0,0,0,0,0,0,0,0,0,0,0,0,0,0,0,0,0,0,,4男4女 4.5小时 进阶,
腥火燎园,腥火燎园,10,0,0,0,0,0,0,0,0,0,0,0,0,0,0,0,0,0,0,0,8981,0,0,某部长工作室,6男2女 3.0小时 进阶 2017.08发行,架空 推理 欢乐 都市
太空谋杀案,太空谋杀案,6,0,0,0,0,0,0,0,0,0,0,0,0,0,0,0,0,0,0,0,9.5,0,0,梦天游MOTIYO,4男3女 4.5小时 高阶,欧美 机制 欢乐 科幻
山河故人,山河故人,6.5,6.8,6.8,6.8,0,0,0,0,0,0,0,0,0,0,0,0,0,0,0,0,711,10276,164,某部长工作室,4男4女 4.5小时 高阶 2016.07发行,
良辰吉日,良辰吉日,7.1,7.1,6.9,0,0,0,0,0,0,0,0,0,0,0,0,0,0,0,0,0,20963,31687,615,沧海集,5男3女 4.5小时 新手 2017.11发行,架空 推理 惊悚 武侠
狼人之血,狼人之血,7,6.9,6.8,0,0,0,0,0,0,0,0,0,0,0,0,0,0,0,0,0,263,4179,65,沸文桌游,5男3女 4.5小时 高阶,
救赎之城之皇城内乱,救赎之城之皇城内乱,7,0,0,0,0,0,0,0,0,0,0,0,0,0,0,0,0,0,0,0,0,0,0,LARP原创工作室,3男2女 4.5小时 进阶,
宫心计,宫心计,5.3,5.9,0,0,6.5,0,0,0,0,0,0,0,0,0,0,6,0,0,0,0,5.8,10145,189,万游文创,0男9女 4.5小时 进阶 2018.04发行,
东海梦魇,东海梦魇,6,0,0,0,0,0,0,0,0,0,0,0,0,0,0,0,0,0,0,0,2.6,0,0,萝纪星球,4男4女 4.0小时 进阶,
大胥秘史,大胥秘史,7.3,7.1,0,7,0,0,0,0,0,0,0,0,0,0,0,7.1,0,0,0,0,9517,5094,90,十二楼原创剧本工作室,5男2女 4.0小时 进阶 2021.07发行,
暗影计划,暗影计划2,8,0,0,0,0,0,0,0,0,0,0,0,0,0,0,0,0,0,0,0,0,0,0,长安工作室,4男2女 4.5小时 进阶 2018.09发行,架空 推理 悬疑 武侠
西部惊魂,,0,0,0,0,0,0,0,0,0,0,0,0,0,0,0,0,0,0,0,0,0,0,0,,,
血色残阳,,0,0,0,0,0,0,0,0,0,0,0,0,0,0,0,0,0,0,0,0,0,0,0,,,
暴风雪山庄,暴风雪山庄,5,0,0,0,0,0,0,0,0,0,0,0,0,0,0,0,0,0,0,0,0,0,0,萝纪星球,5男3女 4.5小时 高阶,
福威镖局,福威镖局,7,0,0,0,0,0,0,0,0,0,0,0,0,0,0,0,0,0,0,0,0,0,0,,4男4女 4.5小时 进阶,架空 推理 悬疑 武侠
捉妖相府鱼美人2之妖有妖道,,0,0,0,0,0,0,0,0,0,0,0,0,0,0,0,0,0,0,0,0,0,0,0,,,
捉妖相府鱼美人1之爱的信仰,,0,0,0,0,0,0,0,0,0,0,0,0,0,0,0,0,0,0,0,0,0,0,0,,,
捉妖记西游莲花精,捉妖记西游莲花精,10,0,0,0,0,0,0,0,0,0,0,0,0,0,0,0,0,0,0,0,8987,0,0,我是谜剧制,4男0女 4.5小时 进阶,架空 推理 欢乐 玄幻
四大名捕番外龙血珠被盗案,,0,0,0,0,0,0,0,0,0,0,0,0,0,0,0,0,0,0,0,0,0,0,0,,,
四大名捕4之皇宫秘史,,0,0,0,0,0,0,0,0,0,0,0,0,0,0,0,0,0,0,0,0,0,0,0,,,
四大名捕3之龙门客栈,,0,0,0,0,0,0,0,0,0,0,0,0,0,0,0,0,0,0,0,0,0,0,0,,,
孤泣之魂,,0,0,0,0,0,0,0,0,0,0,0,0,0,0,0,0,0,0,0,0,0,0,0,,,
四大名捕1之铁鸡帮,,0,0,0,0,0,0,0,0,0,0,0,0,0,0,0,0,0,0,0,0,0,0,0,,,
死去的女儿连续一周每晚都回家,,0,0,0,0,0,0,0,0,0,0,0,0,0,0,0,0,0,0,0,0,0,0,0,,,
咪咕夜总会,,0,0,0,0,0,0,0,0,0,0,0,0,0,0,0,0,0,0,0,0,0,0,0,,,
反派盛宴,,0,0,0,0,0,0,0,0,0,0,0,0,0,0,0,0,0,0,0,0,0,0,0,,,
东方之星游轮续集,,0,0,0,0,0,0,0,0,0,0,0,0,0,0,0,0,0,0,0,0,0,0,0,,,
电梯恶魔,,0,0,0,0,0,0,0,0,0,0,0,0,0,0,0,0,0,0,0,0,0,0,0,,,
帝落轩辕,,0,0,0,0,0,0,0,0,0,0,0,0,0,0,0,0,0,0,0,0,0,0,0,,,
沉没的眼睛,沉没的眼睛,3,0,0,0,0,0,0,0,0,0,0,0,0,0,0,0,0,0,0,0,0,0,0,,3男2女 4.5小时 高阶,
摇滚俱乐部英文,,0,0,0,0,0,0,0,0,0,0,0,0,0,0,0,0,0,0,0,0,0,0,0,,,
西部惊魂英文,,0,0,0,0,0,0,0,0,0,0,0,0,0,0,0,0,0,0,0,0,0,0,0,,,
富豪之死,,0,0,0,0,0,0,0,0,0,0,0,0,0,0,0,0,0,0,0,0,0,0,0,,,
好莱坞案件英文,,0,0,0,0,0,0,0,0,0,0,0,0,0,0,0,0,0,0,0,0,0,0,0,,,
帝国旅馆谋杀案英文,,0,0,0,0,0,0,0,0,0,0,0,0,0,0,0,0,0,0,0,0,0,0,0,,,
最后的救赎,,0,0,0,0,0,0,0,0,0,0,0,0,0,0,0,0,0,0,0,0,0,0,0,,,
中贸经理之死,,0,0,0,0,0,0,0,0,0,0,0,0,0,0,0,0,0,0,0,0,0,0,0,,,
幽灵特快,,0,0,0,0,0,0,0,0,0,0,0,0,0,0,0,0,0,0,0,0,0,0,0,,,
院,,0,0,0,0,0,0,0,0,0,0,0,0,0,0,0,0,0,0,0,0,0,0,0,,,
孝衣新娘,孝衣新娘,6.5,6.8,6.5,6.5,0,0,0,0,0,0,0,0,0,0,0,0,0,0,0,0,4592,17090,496,智乐源文化,5男5女 4.5小时 进阶 2017.06发行,
无间道,,0,0,0,0,0,0,0,0,0,0,0,0,0,0,0,0,0,0,0,0,0,0,0,,,
传说中的故事,传说中的故事,5,0,0,0,0,0,0,0,0,0,0,0,0,0,0,0,0,0,0,0,2.8,0,0,叁仟世界,3男2女 5.0小时 高阶,中式 推理 沉浸 都市
图纹窃案,,0,0,0,0,0,0,0,0,0,0,0,0,0,0,0,0,0,0,0,0,0,0,0,,,
盛世蓝星号,,0,0,0,0,0,0,0,0,0,0,0,0,0,0,0,0,0,0,0,0,0,0,0,,,
生化危机,,0,0,0,0,0,0,0,0,0,0,0,0,0,0,0,0,0,0,0,0,0,0,0,,,
神秘研究所,,0,0,0,0,0,0,0,0,0,0,0,0,0,0,0,0,0,0,0,0,0,0,0,,,
深蓝阵雨,,0,0,0,0,0,0,0,0,0,0,0,0,0,0,0,0,0,0,0,0,0,0,0,,,
不可思议之谜,,0,0,0,0,0,0,0,0,0,0,0,0,0,0,0,0,0,0,0,0,0,0,0,,,
七宗罪,,0,0,0,0,0,0,0,0,0,0,0,0,0,0,0,0,0,0,0,0,0,0,0,,,
怪病侵袭,,0,0,0,0,0,0,0,0,0,0,0,0,0,0,0,0,0,0,0,0,0,0,0,,,
派对,,0,0,0,0,0,0,0,0,0,0,0,0,0,0,0,0,0,0,0,0,0,0,0,,,
绝命楼兰,,0,0,0,0,0,0,0,0,0,0,0,0,0,0,0,0,0,0,0,0,0,0,0,,,
救生艇,,0,0,0,0,0,0,0,0,0,0,0,0,0,0,0,0,0,0,0,0,0,0,0,,,
禁锢之塔,禁锢之塔,5,0,0,0,0,0,0,0,0,0,0,0,0,0,0,0,0,0,0,0,9.5,0,0,次元枢纽,4男2女 4.5小时 进阶,欧美 机制 欢乐 都市
华丽的背后,,0,0,0,0,0,0,0,0,0,0,0,0,0,0,0,0,0,0,0,0,0,0,0,,,
魔盗之殇,,0,0,0,0,0,0,0,0,0,0,0,0,0,0,0,0,0,0,0,0,0,0,0,,,
孤泣之魂2,,0,0,0,0,0,0,0,0,0,0,0,0,0,0,0,0,0,0,0,0,0,0,0,,,
四大名捕2之千门宫,,0,0,0,0,0,0,0,0,0,0,0,0,0,0,0,0,0,0,0,0,0,0,0,,,
死穿白英文,,0,0,0,0,0,0,0,0,0,0,0,0,0,0,0,0,0,0,0,0,0,0,0,,,
大明青龙劫,,0,0,0,0,0,0,0,0,0,0,0,0,0,0,0,0,0,0,0,0,0,0,0,,,
飞弹机关宅邸杀人事件,,0,0,0,0,0,0,0,0,0,0,0,0,0,0,0,0,0,0,0,0,0,0,0,,,
东方之星号游轮事件,,0,0,0,0,0,0,0,0,0,0,0,0,0,0,0,0,0,0,0,0,0,0,0,,,
未完结的爱,未完结的爱,2,0,0,0,0,0,0,0,0,0,0,0,0,0,0,0,0,0,0,0,2.8,0,0,叁仟世界,4男3女 4.5小时 进阶,中式 推理 沉浸 都市
修玛疑案,,0,0,0,0,0,0,0,0,0,0,0,0,0,0,0,0,0,0,0,0,0,0,0,,,
青龙山精神病院,,0,0,0,0,0,0,0,0,0,0,0,0,0,0,0,0,0,0,0,0,0,0,0,,,
致命遗嘱,致命遗嘱,5,0,0,0,0,0,0,0,0,0,0,0,0,0,0,0,0,0,0,0,0,0,0,叁仟世界,5男1女 4.5小时 进阶,
致命巧克力,致命巧克力,6.1,6.7,0,0,6.8,0,0,0,0,0,0,0,0,0,0,6.6,0,0,0,0,5.8,2805,44,,9男5女 5.0小时 高阶,
致命倒计时,,0,0,0,0,0,0,0,0,0,0,0,0,0,0,0,0,0,0,0,0,0,0,0,,,
大明星的最后演出,,0,0,0,0,0,0,0,0,0,0,0,0,0,0,0,0,0,0,0,0,0,0,0,,,
奥伯利庄园,,0,0,0,0,0,0,0,0,0,0,0,0,0,0,0,0,0,0,0,0,0,0,0,,,
夜总夜,,0,0,0,0,0,0,0,0,0,0,0,0,0,0,0,0,0,0,0,0,0,0,0,,,
牌局,,0,0,0,0,0,0,0,0,0,0,0,0,0,0,0,0,0,0,0,0,0,0,0,,,
香槟迷情,,0,0,0,0,0,0,0,0,0,0,0,0,0,0,0,0,0,0,0,0,0,0,0,,,
沃特顿庄园,,0,0,0,0,0,0,0,0,0,0,0,0,0,0,0,0,0,0,0,0,0,0,0,,,
隋唐大运河修正版,,0,0,0,0,0,0,0,0,0,0,0,0,0,0,0,0,0,0,0,0,0,0,0,,,
隋唐大运河原版,,0,0,0,0,0,0,0,0,0,0,0,0,0,0,0,0,0,0,0,0,0,0,0,,,
愤怒的葡萄,,0,0,0,0,0,0,0,0,0,0,0,0,0,0,0,0,0,0,0,0,0,0,0,,,
巴顿将军的信,,0,0,0,0,0,0,0,0,0,0,0,0,0,0,0,0,0,0,0,0,0,0,0,,,
神秘岛,,0,0,0,0,0,0,0,0,0,0,0,0,0,0,0,0,0,0,0,0,0,0,0,,,
上海滩事件,上海滩事件,5,0,0,0,0,0,0,0,0,0,0,0,0,0,0,0,0,0,0,0,0,0,0,推理大师,3男2女 2.0小时 新手,
Opal的闪耀,Opal的闪耀,3,0,0,0,0,0,0,0,0,0,0,0,0,0,0,0,0,0,0,0,0,0,0,,6男3女 4.5小时 进阶,
女演员之死,,0,0,0,0,0,0,0,0,0,0,0,0,0,0,0,0,0,0,0,0,0,0,0,,,
丹水山庄,丹水山庄,7.8,7.5,7,7.1,0,0,0,0,0,0,0,0,0,0,0,0,0,0,0,0,17513,28966,1382,智乐源文化,5男2女 4.5小时 进阶 2016.08发行,
童谣下,,0,0,0,0,0,0,0,0,0,0,0,0,0,0,0,0,0,0,0,0,0,0,0,,,
童谣上,,0,0,0,0,0,0,0,0,0,0,0,0,0,0,0,0,0,0,0,0,0,0,0,,,
美术室事件,,0,0,0,0,0,0,0,0,0,0,0,0,0,0,0,0,0,0,0,0,0,0,0,,,
风声,风声,7.4,7.1,7,0,0,0,0,0,7.1,0,0,0,0,0,0,0,0,0,0,0,2.8,1811,44,,4男4女 3.0小时 进阶 2021.01发行,民国 推理 沉浸 家国
马戏团事件,不可思议的马戏团事件,4,0,0,0,0,0,0,0,0,0,0,0,0,0,0,0,0,0,0,0,8999,0,0,剧有料工作室,4男3女 2.0小时 新手 2022.05发行,
临终,,0,0,0,0,0,0,0,0,0,0,0,0,0,0,0,0,0,0,0,0,0,0,0,,,
老烟,,0,0,0,0,0,0,0,0,0,0,0,0,0,0,0,0,0,0,0,0,0,0,0,,,
廊桥咖啡馆,廊桥咖啡馆,6,0,0,0,0,0,0,0,0,0,0,0,0,0,0,0,0,0,0,0,9517,0,0,叁千世界,5男3女 3.0小时 进阶,
傀儡的记忆,傀儡的记忆,8.2,7.6,7.4,7.4,0,0,0,0,0,0,0,0,0,0,0,0,0,0,0,0,21923,27983,1618,智乐源文化,我的豪门本系列第七本🌟《傀儡的记忆》🌟 📖剧本类型：民国/推理/豪门/悬疑/ 👦玩家配置：4⃣男2⃣女（性别随意） ⌚️体验时长：5⃣小时 ❤️体验角色：郭大（郭...全文,
狂欢节的,,0,0,0,0,0,0,0,0,0,0,0,0,0,0,0,0,0,0,0,0,0,0,0,,,
南瓜者,,0,0,0,0,0,0,0,0,0,0,0,0,0,0,0,0,0,0,0,0,0,0,0,,,
米兰凶杀案,,0,0,0,0,0,0,0,0,0,0,0,0,0,0,0,0,0,0,0,0,0,0,0,,,
酒红色的,,0,0,0,0,0,0,0,0,0,0,0,0,0,0,0,0,0,0,0,0,0,0,0,,,
酒馆剧本,,0,0,0,0,0,0,0,0,0,0,0,0,0,0,0,0,0,0,0,0,0,0,0,,,
惊魂醉阳楼,惊魂醉阳楼,7.9,7.5,7,6.9,0,0,0,0,0,0,0,0,0,0,0,0,0,0,0,0,8307,21153,984,智乐源文化,【惊魂醉阳楼】豪门系列／推理／还原／本格 【角色时长】秦芳君／3.5小时 【人数配置】5男3女／可反串 【推荐角色】封面芳君，人见人爱。推理很简单，故事很精彩。没有特别边缘的局外人。 【豪门彩蛋】与嗜睡蔷薇、章东镇迷案、槿...全文,
禁止入内,没有圣器禁止入内,8,0,0,0,0,0,0,0,0,0,0,0,0,0,0,0,0,0,0,0,0,0,0,可疑的宣发工作室,3男3女 5.5小时 新手 2026.02发行,
津门遗云,,0,0,0,0,0,0,0,0,0,0,0,0,0,0,0,0,0,0,0,0,0,0,0,,,
加勒比海,加勒比海,6,0,0,0,0,0,0,0,0,0,0,0,0,0,0,0,0,0,0,0,9.5,0,0,圆圆圈圈剧本工作室,5男2女 4.5小时 进阶 2021.08发行,欧美 机制 欢乐 都市
办公室,,0,0,0,0,0,0,0,0,0,0,0,0,0,0,0,0,0,0,0,0,0,0,0,,,
红色,,0,0,0,0,0,0,0,0,0,0,0,0,0,0,0,0,0,0,0,0,0,0,0,,,
古堡,古堡,8,0,0,0,0,0,0,0,0,0,0,0,0,0,0,0,0,0,0,0,0,0,0,不凡剧制,3男3女 5.0小时 新手 2024.01发行,
冈比亚,,0,0,0,0,0,0,0,0,0,0,0,0,0,0,0,0,0,0,0,0,0,0,0,,,
风声改良版,,0,0,0,0,0,0,0,0,0,0,0,0,0,0,0,0,0,0,0,0,0,0,0,,,
漫画家之死,漫画家之死,10,0,0,0,0,0,0,0,0,0,0,0,0,0,0,0,0,0,0,0,0,0,0,,4男2女 4.5小时 进阶,
死亡致意,,0,0,0,0,0,0,0,0,0,0,0,0,0,0,0,0,0,0,0,0,0,0,0,,,
雪地惊情,,0,0,0,0,0,0,0,0,0,0,0,0,0,0,0,0,0,0,0,0,0,0,0,,,
怒海余生,怒海余生,6.2,6.8,0,0,0,6.6,0,6.8,0,0,0,0,0,0,0,0,0,0,0,0,3083,3594,81,As谋杀之谜,4男2女 4.5小时 进阶,
幽灵复仇,幽灵复仇,6.7,6.9,6.5,6.4,0,0,0,0,0,0,0,0,0,0,0,0,0,0,0,0,4827,14120,717,智乐源文化,5男2女 4.0小时 进阶 2016.12发行,
婚礼,婚礼,6.6,6.5,0,0,0,6.5,0,0,6.5,0,0,0,0,0,0,0,0,0,0,0,3.4,372,45,问题不大工作室,2男4女 4.0小时 新手 2022.07发行,中式 情感 沉浸 校园
死穿白,死穿白,8.2,7.6,7.5,7.3,0,0,0,0,0,0,0,0,0,0,0,0,0,0,0,0,16023,16433,424,米宝海豚桌游工作室,5男3女 4.0小时 高阶 2019.12发行,
奕剑决,,0,0,0,0,0,0,0,0,0,0,0,0,0,0,0,0,0,0,0,0,0,0,0,,,
塞西尔迷雾,,0,0,0,0,0,0,0,0,0,0,0,0,0,0,0,0,0,0,0,0,0,0,0,,,
7号教学楼,,0,0,0,0,0,0,0,0,0,0,0,0,0,0,0,0,0,0,0,0,0,0,0,,,
